
0020H: 00 28 01 31 01 11 E6 DA 06 5C 01 01 11 EA 00 01
0030H: 00 01 12 E2 00 05 B5 00 00 00 00 00 00 01 11 E1
0040H: 01 11 DE 11 FA 02 49 A6 00 00 00 00 00 00 00 01
0050H: 11 E3 03 FA 01 02 47 C6 00 03 00 00 00 00 00 FA
0060H: 00 42 04 02 4E 7A 00 00 00 03 2D 00 01 00 7D 00
0070H: 00 02 00 00 00 00 9E 00 00 7F 0C 00 00 01 02 00
0080H: 00 00 00 9F 00 00 01 1E B8 02 4E 49 00 F0 02 57
0090H: 43 06 7F 02 57 43 06 7F 02 56 93 06 07 00 2A 01
00A0H: 1D FC 04 02 6C 82 C0 00 F0 01 00 00 00 00 00 00
00B0H: 3E 00 00 01 02 00 0D 01 11 DE 08 01 11 DE 01 00
00C0H: 01 11 E5 00 00 00 00 00 00 00 00 00 00 00 00 00
00D0H: 00 00 00 00 00 00 00 00 00 00 00 00 00 00 00 00
00E0H: 00 00 00 00 00 00 00 00 00 00 00 00 00 01 00 FC
00F0H: 0A FF FF 01 0D 60 00 00 00 30 2E 30 00 37 3D 32
0100H: 34 33 35 34 00 2E 30 38 00 00 35 00 00 00 00 00
0110H: 00 00 00 00 00 00 00 00 00 00 00 00 00 00 00 00
0120H: 00 00 00 00 00 00 00 00 00 00 00 00 00 00 00 00
0130H: 00 00 00 00 00 00 00 00 00 00 00 00 00 00 00 00
0140H: 00 00 00 00 00 00 00 00 00 00 00 00 00 00 00 00
0150H: 00 00 00 00 00 00 00 00 00 00 00 00 00 00 00 00
0160H: 00 00 00 00 00 00 00 00 00 00 00 00 00 00 00 00
0170H: 00 00 00 00 00 00 00 00 00 00 00 00 00 00 00 00
0180H: 00 00 00 00 00 00 00 00 00 00 00 00 00 00 00 00
0190H: 00 00 00 00 00 00 00 00 00 00 00 00 00 00 00 00
01A0H: 00 00 00 00 00 00 00 00 00 00 00 00 00 00 00 00
01B0H: 00 00 00 00 00 00 00 00 00 00 00 00 00 00 00 00
01C0H: 00 00 00 00 00 00 00 00 00 00 00 00 00 00 00 00
01D0H: 00 00 00 00 00 00 00 00 00 00 00 00 00 00 00 00
01E0H: 00 00 00 00 00 00 00 00 00 00 00 00 00 00 00 00
01F0H: 00 00 00 00 00 00 00 00 00 00 01 0D 60 00 00 00
0200H: 0D 00 04 01 11 E1 0D 00 01 11 DE 01 00 01 15 44
0210H: 07 01 0B EA 0B EA 02 4D 85 01 0B EA 00 00 00 00
0220H: 00 00 00 00 00 00 00 00 00 00 00 07 DF 08 04 00
0230H: 00 00 25 7E 97 07 DF 08 04 07 12 01 07 14 01 07
0240H: 15 00 02 00 64 00 00 01 00 00 00 3A 01 11 EB 00
0250H: 00 00 00 00 00 00 00 00 00 00 01 02 68 01 02 6B
0260H: 01 02 63 01 02 74 00 02 01 11 F0 02 4E 6A 01 02
0270H: 82 01 02 86 00 00 00 00 00 00 00 00 00 00 00 00
0280H: 03 FA 00 00 00 10 00 00 00 3A 01 11 EB 01 02 94
0290H: 07 EA 01 0B 03 FA 00 01 11 E4 00 00 00 00 72 00
02A0H: 72 72 00 00 00 00 01 03 7E 00 02 E7 01 02 F0 00
02B0H: 00 00 07 00 00 00 00 8B A9 8A C6 00 06 01 02 E8
02C0H: 00 00 00 00 FF FF FF FF 00 00 00 03 00 00 00 00
02D0H: 00 00 00 00 00 00 00 00 0A 00 00 00 00 01 03 6C
02E0H: 01 03 6C 02 4E AA 00 47 30 2E 30 30 30 30 30 30
02F0H: 35 39 00 00 00 00 00 00 00 00 00 00 00 00 00 00
0300H: 00 00 00 00 00 00 00 00 00 00 00 00 00 00 00 00
0310H: 00 00 00 00 00 00 00 00 00 00 00 00 00 00 00 00
0320H: 00 00 00 00 00 00 00 00 00 00 00 00 00 00 00 00
0330H: 00 00 00 00 00 00 00 00 00 00 00 00 00 00 00 00
0340H: 00 00 00 00 00 00 00 00 00 00 00 00 00 00 00 00
0350H: 00 00 00 00 00 00 00 00 00 00 00 00 00 00 00 00
0360H: 00 00 00 00 00 00 30 32 34 33 35 30 00 02 48 9C
0370H: 05 50 E3 01 03 7E 01 03 79 01 03 86 00 03 01 0D
0380H: 63 02 48 97 00 00 00 7F 00 00 9B DD BB B9 CC 10
0390H: 00 00 00 00 00 00 00 00 00 00 00 00 00 00 00 00
03A0H: 00 00 00 00 00 02 00 01 11 E4 01 04 05 01 04 15
03B0H: 01 05 0F EC 00 00 01 03 D7 3E CC 4C 00 47 80 00
03C0H: 00 00 76 00 00 00 00 66 26 00 76 66 26 04 50 DB
03D0H: 06 7F 01 11 E5 04 50 DB EC 00 00 47 1B DD BC 00
03E0H: 00 00 00 76 00 00 9B DD 00 76 66 26 09 01 05 05
03F0H: 31 30 00 76 66 26 02 A5 01 15 75 01 05 05 A5 04
0400H: 0F 00 01 12 FD 41 2C 31 36 35 3D 31 31 38 2E 33
0410H: 39 39 30 31 00 20 20 00 00 00 00 00 00 00 00 00
0420H: 00 00 00 00 00 00 00 00 00 00 00 00 00 00 00 00
0430H: 00 00 00 00 00 00 00 00 00 00 00 00 00 00 00 00
0440H: 00 00 00 00 00 00 00 00 00 00 00 00 00 00 00 00
0450H: 00 00 00 00 00 00 00 00 00 00 00 00 00 00 00 00
0460H: 00 00 00 00 00 00 00 00 00 00 00 00 00 00 00 00
0470H: 00 00 00 00 00 00 00 00 00 00 00 00 00 00 00 00
0480H: 00 00 00 00 00 00 00 00 00 00 00 00 00 00 00 00
0490H: 00 00 00 00 00 00 00 00 00 00 00 00 00 00 00 00
04A0H: 00 00 00 00 00 00 00 00 00 00 00 00 00 00 00 00
04B0H: 00 00 00 00 00 00 00 00 00 00 00 00 00 00 00 00
04C0H: 00 00 00 00 00 00 00 00 00 00 00 00 00 00 00 00
04D0H: 00 00 00 00 00 00 00 00 00 00 00 00 00 00 00 00
04E0H: 00 00 00 00 00 00 00 00 00 00 00 00 00 00 00 00
04F0H: 00 00 00 00 00 00 00 00 00 00 00 00 00 00 00 00
0500H: 00 00 00 00 00 31 31 38 2E 33 39 39 30 31 00 00
0510H: 00 00 00 00 00 00 07 02 48 04 00 76 64 61 56 04
0520H: 00 67 7A 2A 00 00 00 00 02 01 12 F4 03 00 00 00
0530H: 00 00 00 00 00 00 00 00 00 00 00 00 00 00 00 00
0540H: 00 00 00 00 01 12 E2 00 00 00 00 00 00 02 57 43
0550H: 04 50 DB 06 7F 01 12 E4 43 69 82 DE 00 01 12 E2
0560H: 00 03 00 01 11 E5 00 32 00 52 01 12 E2 52 01 12
0570H: E4 00 00 00 00 00 00 00 00 00 00 00 00 00 01 12
0580H: E4 04 50 DB 02 57 43 06 7F 01 11 E5 00 00 00 00
0590H: 00 00 34 06 00 03 00 00 00 00 00 00 00 00 00 11
05A0H: 00 00 00 00 00 00 00 00 00 00 00 00 00 00 00 00
05B0H: 00 00 00 00 00 00 00 00 00 00 00 00 00 00 00 00
05C0H: 00 00 00 00 00 00 00 00 00 00 00 00 00 00 00 00
05D0H: 00 00 00 00 00 00 00 00 00 00 00 00 00 00 00 00
05E0H: 00 00 00 00 00 00 00 00 00 00 00 00 00 00 00 00
05F0H: 00 00 00 00 00 00 00 00 00 00 00 00 00 00 00 00
0600H: 00 00 00 00 00 00 00 00 00 00 00 00 00 00 00 00
0610H: 00 00 00 00 00 00 00 00 00 00 00 00 00 00 00 00
0620H: 00 00 00 00 00 00 00 00 00 00 00 00 00 00 00 00
0630H: 00 00 00 00 00 00 00 00 00 00 00 00 00 00 00 00
0640H: 00 00 00 00 00 00 00 00 00 00 00 00 00 00 00 00
0650H: 00 00 00 00 00 00 00 00 00 00 00 00 00 00 00 00
0660H: 00 00 00 00 00 00 00 00 00 00 00 00 00 00 00 00
0670H: 00 00 00 00 00 00 00 00 00 00 00 00 00 00 00 00
0680H: 00 00 00 00 00 00 00 00 00 00 00 00 00 00 00 00
0690H: 00 00 00 00 00 00 00 00 00 00 00 00 00 00 00 00
06A0H: 00 00 00 00 00 00 00 00 00 01 11 E5 00 00 00 00
06B0H: 00 00 00 01 11 E4 00 00 00 00 00 00 00 01 12 E1
06C0H: 00 81 00 01 12 E4 00 84 00 01 11 E5 00 65 00 01
06D0H: 11 E5 00 00 01 12 E1 00 01 12 E2 00 00 00 00 00
06E0H: 01 12 E1 00 00 00 00 00 00 00 00 00 00 00 00 00
06F0H: 00 00 00 00 00 00 00 00 00 00 00 00 00 00 00 00
0700H: 00 00 00 00 01 4F B3 00 00 00 00 00 2E 38 00 01
0710H: 08 5C 07 DF 08 04 00 25 7E 97 00 25 00 00 00 01
0720H: 38 C2 01 02 41 2C 32 32 3D 31 39 34 0A 00 00 00
0730H: 00 00 00 00 00 41 2C 31 30 32 3D 32 33 33 2E 35
0740H: 31 31 31 39 0A 44 2C 38 3D 30 0A 44 2C 33 30 3D
0750H: 2D 32 34 2E 33 39 39 39 39 0A 56 2C 31 33 3D 32
0760H: 0A 56 2C 32 31 3D 30 2E 30 30 30 30 30 0A 56 2C
0770H: 32 30 3D 30 2E 30 30 30 30 0A 56 2C 36 30 3D 37
0780H: 36 30 2E 37 33 31 35 0A 56 2C 36 31 3D 2D 33 2E
0790H: 38 38 38 39 0A 56 2C 36 32 3D 36 30 2E 30 30 30
07A0H: 30 0A 56 2C 36 33 3D 31 35 2E 32 30 30 30 0A 56
07B0H: 2C 39 39 3D 32 0A 56 2C 31 30 30 3D 36 31 32 0A
07C0H: 56 2C 31 31 30 3D 30 34 30 36 31 31 20 30 39 3A
07D0H: 34 35 0A 56 2C 31 31 31 3D 33 30 35 34 32 0A 56
07E0H: 2C 31 31 33 3D 36 39 36 2D 30 33 2E 30 38 0A 56
07F0H: 2C 31 31 34 3D 36 33 0A 56 2C 31 31 35 3D 36 33
0800H: 0A 56 2C 31 31 36 3D 33 31 0A 56 2C 31 38 37 3D
0810H: 30 2E 30 30 30 30 0A 56 2C 35 32 3D 30 0A 56 2C
0820H: 36 35 3D 39 34 2E 35 39 32 35 0A 56 2C 36 36 3D
0830H: 39 34 2E 35 39 32 37 0A 56 2C 36 37 3D 32 34 36
0840H: 2E 31 34 31 33 0A 56 2C 36 38 3D 32 34 38 2E 31
0850H: 34 31 33 0A 58 2C 36 38 3D 31 35 0A 41 2C 32 32
0860H: 3D 31 39 34 0A 00 2E 34 38 31 33 0A 56 2C 35 33
0870H: 3D 32 30 31 38 2E 31 31 30 39 0A 56 2C 35 34 3D
0880H: 31 34 2E 32 36 35 36 0A 56 2C 35 35 3D 31 2E 30
0890H: 30 30 30 30 0A 56 2C 34 34 3D 35 0A 56 2C 34 35
08A0H: 3D 31 32 36 38 36 38 2E 36 35 35 36 32 0A 56 2C
08B0H: 34 36 3D 34 30 35 32 30 39 38 2E 38 33 35 37 35
08C0H: 0A 56 2C 34 37 3D 32 38 39 2E 35 35 34 36 33 0A
08D0H: 56 2C 34 38 3D 30 2E 30 30 30 30 30 0A 56 2C 35
08E0H: 31 3D 34 32 2E 30 31 31 35 0A 56 2C 35 32 3D 33
08F0H: 0A 56 2C 36 35 3D 30 2E 30 30 30 30 0A 56 2C 36
0900H: 36 3D 30 2E 30 30 30 30 0A 56 2C 36 37 3D 30 2E
0910H: 30 30 30 30 0A 56 2C 36 38 3D 30 2E 30 30 30 30
0920H: 0A 58 2C 36 38 3D 31 35 0A 41 2C 32 32 3D 33 34
0930H: 0A 00 32 3D 33 34 0A 00 2C 36 38 3D 30 0A 41 2C
0940H: 32 32 3D 31 39 34 0A 00 00 00 00 00 00 00 00 00
0950H: 00 00 00 00 00 00 00 00 00 00 00 00 00 00 00 00
0960H: 00 00 00 00 00 00 00 00 00 00 00 00 00 00 00 00
0970H: 00 00 00 00 00 00 00 00 00 00 00 00 00 00 00 00
0980H: 00 00 00 00 00 00 00 00 00 00 00 00 00 00 00 00
0990H: 00 00 00 00 00 00 00 00 00 00 00 00 00 00 00 00
09A0H: 00 00 00 00 00 00 00 00 00 00 00 00 00 00 00 00
09B0H: 00 00 00 00 00 00 00 00 00 00 00 00 00 00 00 00
09C0H: 00 00 00 00 00 00 00 00 00 00 00 00 00 00 00 00
09D0H: 00 00 00 00 00 00 00 00 00 00 00 00 00 00 00 00
09E0H: 00 00 00 00 00 00 00 00 00 00 00 00 00 00 00 00
09F0H: 00 00 00 00 00 00 00 00 00 00 00 00 00 00 00 00
0A00H: 00 00 00 00 00 00 00 00 00 00 00 00 00 00 00 00
0A10H: 00 00 00 00 00 00 00 00 00 00 00 00 00 00 00 00
0A20H: 00 00 00 00 00 00 00 00 00 00 00 00 00 00 00 00
0A30H: 00 00 00 00 00 00 00 00 20 00 00 01 00 00 00 00
0A40H: 00 00 00 00 00 00 00 00 00 00 00 00 00 00 00 00
0A50H: 00 00 00 30 01 11 E4 31 00 00 00 00 00 00 00 00
0A60H: 00 00 00 00 00 00 00 00 00 00 00 00 00 00 00 00
0A70H: 00 00 00 00 00 00 01 11 E4 00 00 02 01 11 F8 50
0A80H: 48 30 30 56 30 30 00 30 00 56 30 30 00 00 76 64
0A90H: 61 00 67 7A 2A 00 00 00 00 01 11 EF 4F 00 00 01
0AA0H: 11 E3 00 00 01 00 00 00 00 00 00 00 00 00 00 00
0AB0H: 00 00 00 00 01 11 E3 42 CE F7 3D 00 00 00 00 00
0AC0H: 00 00 00 00 00 00 00 00 00 00 00 00 00 00 00 00
0AD0H: 00 00 00 00 00 00 00 00 00 00 00 00 00 00 00 00
0AE0H: 00 00 00 00 00 00 00 00 00 00 00 00 00 00 00 00
0AF0H: 00 BB B9 CC 10 00 00 00 00 00 00 00 00 00 00 00
0B00H: 00 00 00 00 00 00 00 00 00 00 02 00 00 00 00 00
0B10H: 00 00 00 00 00 00 00 00 00 00 00 00 00 00 00 00
0B20H: 00 00 00 9E 00 00 43 97 9E 21 43 96 AD B0 00 00
0B30H: 00 00 00 00 00 00 3F 77 5A D6 3F 7B A3 EA 3F 7B
0B40H: A3 EA 00 00 4B 0A 02 C0 4B 0A 0F 65 00 00 00 00
0B50H: 00 00 3F C5 A3 49 00 00 00 00 00 00 00 00 00 00
0B60H: 00 00 00 00 00 00 00 00 00 00 00 00 00 00 00 00
0B70H: 00 00 00 00 00 00 00 00 00 00 00 00 00 00 00 00
0B80H: 00 00 00 00 00 00 00 00 00 00 00 00 00 00 00 00
0B90H: 00 00 00 00 00 00 00 00 00 00 00 00 00 00 00 00
0BA0H: 00 00 00 00 00 00 00 00 00 00 00 00 00 FF 7F FF
0BB0H: FF FF BB 9A 71 DA BB B9 CC 10 42 CE 76 1A 42 C4
0BC0H: 94 6E BA B8 CF C0 BA B8 CF C0 03 00 01 11 E4 00
0BD0H: 00 00 00 00 00 00 00 00 00 00 00 00 00 00 00 00
0BE0H: 00 00 00 01 11 E4 07 02 4D 8B 01 15 43 41 54 24
0BF0H: 24 43 33 00 00 00 00 00 00 00 00 00 00 00 00 00
0C00H: 00 00 00 00 01 11 E5 00 00 00 00 00 00 00 00 00
0C10H: 00 00 00 00 00 00 C2 00 7F 01 FF 01 0D 55 01 ED
0C20H: 02 4C 0D 09 43 9F 33 9A 01 12 E4 01 12 F4 00 00
0C30H: 00 00 00 00 00 00 00 00 00 00 00 00 00 00 00 00
0C40H: 00 00 00 00 00 00 00 00 00 00 00 00 00 00 00 00
0C50H: 00 00 00 00 00 00 00 00 00 00 00 00 00 00 00 00
0C60H: 00 00 00 00 00 00 00 00 00 00 00 00 00 00 00 00
0C70H: 00 00 00 00 00 00 00 00 00 00 00 00 00 00 00 00
0C80H: 00 00 00 00 00 00 00 00 00 00 00 00 00 00 00 00
0C90H: 00 00 00 00 00 00 00 00 00 00 00 00 00 00 00 00
0CA0H: 00 00 00 00 00 01 15 43 00 00 00 00 00 01 12 E2
0CB0H: 00 01 00 09 57 01 11 E4 00 01 00 06 57 01 11 E4
0CC0H: 00 03 57 01 11 E4 00 01 08 59 00 00 00 00 00 01
0CD0H: 00 01 11 E5 00 00 00 00 00 01 12 E4 00 01 00 00
0CE0H: 00 00 00 00 00 0A 0C FC 34 01 0C FC 01 0C F3 01
0CF0H: 11 E5 34 00 00 00 00 64 00 00 01 DC 01 11 E8 00
0D00H: 00 00 00 0A 00 01 11 E5 00 01 11 E5 00 01 12 E4
0D10H: 00 01 12 E4 52 01 12 E2 41 82 35 55 00 01 11 E5
0D20H: 00 00 00 00 00 00 00 00 00 00 00 00 00 00 00 00
0D30H: 44 4B 73 55 00 01 11 E5 00 00 00 00 00 00 00 00
0D40H: 00 00 00 00 00 00 00 01 11 E5 00 00 00 00 00 00
0D50H: 00 01 11 E5 00 02 57 43 01 11 DE 00 00 0D 00 00
0D60H: 30 2E 30 00 05 02 04 0C 04 02 06 01 11 DE 01 0D
0D70H: 76 01 0D 74 00 7F 01 11 E5 01 11 DE 11 DE DE 01
0D80H: 11 DE 00 00 00 00 00 00 00 00 00 00 00 00 00 00
0D90H: 00 00 00 00 00 00 00 00 00 00 00 00 00 0D 01 11
0DA0H: DE 00 00 00 00 00 00 00 00 00 00 00 00 00 00 00
0DB0H: 00 00 00 00 00 00 00 00 00 00 00 00 00 00 00 00
0DC0H: 00 00 00 00 00 00 00 00 00 00 00 00 00 00 00 00
0DD0H: 00 00 00 00 00 00 00 00 00 00 00 00 00 00 00 00
0DE0H: 00 00 00 00 00 00 00 00 00 00 00 00 00 00 00 00
0DF0H: 00 00 00 00 00 00 00 00 00 00 00 00 00 00 00 00
0E00H: 00 00 00 00 00 00 00 00 00 00 00 00 00 00 00 00
0E10H: 00 00 00 00 00 00 00 00 00 00 00 00 00 00 00 00
0E20H: 00 00 00 00 00 00 00 00 00 00 00 00 00 00 00 00
0E30H: 00 00 00 00 00 00 00 00 00 00 00 00 00 00 00 00
0E40H: 00 00 00 00 00 00 00 00 00 00 00 00 00 00 00 00
0E50H: 00 00 00 00 00 00 00 00 00 00 00 00 00 00 00 00
0E60H: 01 0D 64 00 00 00 00 00 00 00 00 00 00 00 00 00
0E70H: 00 00 00 00 00 00 00 00 00 00 00 00 00 00 00 01
0E80H: 11 DE 01 11 DE 01 0E 9E 00 00 00 00 00 00 00 00
0E90H: 00 00 00 00 00 00 00 00 00 00 00 00 00 00 00 03
0EA0H: 00 00 00 00 00 00 00 00 00 00 00 00 00 00 00 00
0EB0H: 00 00 00 00 00 00 00 00 00 00 00 00 00 00 00 00
0EC0H: 00 00 00 00 00 00 00 00 00 00 00 00 00 00 00 00
0ED0H: 00 00 00 00 00 00 00 00 00 00 00 00 00 00 00 00
0EE0H: 00 00 00 00 00 00 00 00 00 00 00 00 00 00 00 00
0EF0H: 00 00 00 00 00 00 00 00 00 00 00 00 00 00 00 00
0F00H: 00 00 00 00 00 00 00 00 00 00 00 00 00 00 00 00
0F10H: 00 00 00 00 00 00 00 00 00 00 00 00 00 00 00 00
0F20H: 00 00 00 00 00 00 00 00 00 00 00 00 00 00 00 00
0F30H: 00 00 00 00 00 00 00 00 00 00 00 00 00 00 00 00
0F40H: 00 00 00 00 00 00 00 00 00 00 00 00 00 00 00 00
0F50H: 00 00 00 00 00 00 00 00 00 00 00 00 00 00 00 00
0F60H: 00 00 00 00 00 00 00 00 00 00 00 00 00 00 00 00
0F70H: 00 00 00 00 00 00 00 00 00 00 00 00 00 00 00 00
0F80H: 00 00 00 00 00 00 00 00 00 00 00 00 00 00 00 00
0F90H: 00 00 00 00 00 00 00 00 00 00 00 00 00 00 00 00
0FA0H: 00 00 00 00 00 00 00 00 00 00 00 00 00 00 00 00
0FB0H: 00 00 00 00 00 00 00 00 00 00 00 00 00 00 00 00
0FC0H: 00 00 00 00 00 00 00 00 00 00 00 00 00 00 00 00
0FD0H: 00 00 00 00 00 00 00 00 00 00 00 00 00 00 00 00
0FE0H: 00 00 00 00 00 00 00 00 00 00 00 00 00 00 00 00
0FF0H: 00 00 00 00 00 00 00 00 00 00 00 00 00 00 00 00
1000H: 00 00 00 00 00 00 00 00 00 00 00 00 00 00 00 00
1010H: 00 00 00 00 00 00 00 00 00 00 00 00 00 00 00 00
1020H: 00 00 00 00 00 00 00 00 00 00 00 00 00 00 00 00
1030H: 00 00 00 00 00 00 00 00 00 00 00 00 00 00 00 00
1040H: 00 00 00 00 00 00 00 00 00 00 00 00 00 00 00 00
1050H: 00 00 00 00 00 00 00 00 00 00 00 00 00 00 00 00
1060H: 00 00 00 00 00 00 00 00 00 00 00 00 00 00 00 00
1070H: 00 00 00 00 00 00 00 00 00 00 00 00 00 00 00 00
1080H: 00 00 00 00 00 00 00 00 00 00 00 00 00 00 00 00
1090H: 00 00 00 00 00 00 00 00 00 00 00 00 00 00 00 00
10A0H: 00 00 00 00 00 00 00 00 00 00 00 00 00 00 00 00
10B0H: 00 00 00 00 00 00 00 00 00 00 00 00 00 00 00 00
10C0H: 00 00 00 00 00 00 00 00 00 00 00 00 00 00 00 00
10D0H: 00 00 00 00 00 00 00 00 00 00 00 00 00 00 00 00
10E0H: 00 00 00 00 00 00 00 00 00 00 00 00 00 00 00 00
10F0H: 00 00 00 00 00 00 00 00 00 00 00 00 00 00 00 00
1100H: 00 00 00 00 64 87 ED 51 00 02 8F 5C 29 01 00 00
1110H: 00 00 00 00 00 00 00 00 00 00 00 00 00 00 00 00
1120H: 00 00 00 00 00 00 00 00 00 00 00 00 00 00 00 00
1130H: 01 08 02 00 00 00 00 12 3A 00 00 00 00 00 00 00
1140H: 00 00 00 84 00 00 00 00 00 00 00 00 00 00 00 00
1150H: 00 00 00 00 00 00 00 00 00 00 00 00 00 00 00 00
1160H: 00 00 00 00 00 00 00 00 00 00 00 00 00 00 00 00
1170H: 00 00 00 00 00 00 00 00 00 00 00 00 00 00 00 00
1180H: 00 00 00 00 00 00 00 00 00 00 00 00 00 00 00 00
1190H: 00 00 00 00 00 00 00 00 00 00 00 00 00 00 00 00
11A0H: 00 00 00 00 00 00 00 00 00 00 00 00 00 00 00 00
11B0H: 00 00 00 00 00 00 00 00 00 00 00 00 00 00 00 00
11C0H: 00 00 00 00 00 00 00 00 00 00 00 00 00 00 00 28
11D0H: 01 00 17 01 00 00 00 00 00 00 00 00 00 00 4F 56
11E0H: 2A 00 32 37 3D 35 35 39 30 31 00 00 00 00 00 00
11F0H: 00 00 00 00 00 00 00 00 00 00 00 00 00 00 00 00
1200H: 00 00 00 00 00 00 00 00 00 00 00 00 00 00 00 00
1210H: 00 00 00 00 00 00 00 00 00 00 00 00 00 00 00 00
1220H: 00 00 00 00 00 00 00 00 00 00 00 00 00 00 00 00
1230H: 00 00 00 00 00 00 00 00 00 00 00 00 00 00 00 00
1240H: 00 00 00 00 00 00 00 00 00 00 00 00 00 00 00 00
1250H: 00 00 00 00 00 00 00 00 00 00 00 00 00 00 00 00
1260H: 00 00 00 00 00 00 00 00 00 00 00 00 00 00 00 00
1270H: 00 00 00 00 00 00 00 00 00 00 00 00 00 00 00 00
1280H: 00 00 00 00 00 00 00 00 00 00 00 00 00 00 00 00
1290H: 00 00 00 00 00 00 00 00 00 00 00 00 00 00 00 00
12A0H: 00 00 00 00 00 00 00 00 00 00 00 00 00 00 00 00
12B0H: 00 00 00 00 00 00 00 00 00 00 00 00 00 00 00 00
12C0H: 00 00 00 00 00 00 00 00 00 00 00 00 00 00 00 00
12D0H: 00 00 00 00 00 00 00 00 00 00 00 00 00 00 00 2C
12E0H: 31 32 37 3D 32 34 33 35 34 00 33 30 37 0A 41 2C
12F0H: 31 36 35 3D 31 31 38 2E 33 39 39 30 31 00 00 00
1300H: 00 00 00 00 00 00 00 00 00 00 00 00 00 00 00 00
1310H: 00 00 00 00 00 00 00 00 00 00 00 00 00 00 00 00
1320H: 00 00 00 00 00 00 00 00 00 00 00 00 00 00 00 00
1330H: 00 00 00 00 00 00 00 00 00 00 00 00 00 00 00 00
1340H: 00 00 00 00 00 00 00 00 00 00 00 00 00 00 00 00
1350H: 00 00 00 00 00 00 00 00 00 00 00 00 00 00 00 00
1360H: 00 00 00 00 00 00 00 00 00 00 00 00 00 00 00 00
1370H: 00 00 00 00 00 00 00 00 00 00 00 00 00 00 00 00
1380H: 00 00 00 00 00 00 00 00 00 00 00 00 00 00 00 00
1390H: 00 00 00 00 00 00 00 00 00 00 00 00 00 00 00 00
13A0H: 00 00 00 00 00 00 00 00 00 00 00 00 00 00 00 00
13B0H: 00 00 00 00 00 00 00 00 00 00 00 00 00 00 00 00
13C0H: 00 00 00 00 00 00 00 00 00 00 00 00 00 00 00 00
13D0H: 00 00 00 00 00 00 00 00 00 00 00 00 00 00 00 01
13E0H: 00 00 03 02 00 01 DC 1C 55 01 A0 21 4C 00 00 00
13F0H: 00 00 00 00 00 00 00 00 00 00 03 00 00 00 00 00
1400H: 00 00 00 00 00 00 00 00 00 00 00 00 00 00 00 00
1410H: 00 00 00 00 00 00 00 00 00 00 00 00 00 00 00 00
1420H: 00 00 00 00 00 00 00 00 00 00 00 00 00 00 00 00
1430H: 00 00 00 00 00 00 00 00 00 00 00 00 00 00 00 00
1440H: 00 00 00 00 00 00 00 00 00 00 00 00 00 00 00 00
1450H: 00 00 00 00 00 00 00 00 00 00 00 00 00 00 00 00
1460H: 00 00 00 00 00 00 00 00 00 00 00 00 00 00 00 00
1470H: 00 00 00 00 00 00 00 00 00 00 00 00 00 00 00 00
1480H: 00 00 00 00 00 00 00 00 00 00 00 00 00 00 00 00
1490H: 00 00 00 00 00 00 00 00 00 00 00 00 00 00 00 00
14A0H: 00 00 00 00 00 00 00 00 00 00 00 00 00 00 00 00
14B0H: 00 00 00 00 00 00 00 00 00 00 00 00 00 00 00 00
14C0H: 00 00 00 00 00 00 00 00 00 00 00 00 00 00 00 00
14D0H: 00 00 00 00 00 00 00 00 00 00 00 00 00 00 00 00
14E0H: 00 00 00 00 00 00 00 00 00 00 00 00 00 00 00 00
14F0H: 00 00 00 00 00 00 00 00 00 00 00 00 00 00 00 00
1500H: 00 00 00 00 00 00 00 00 00 00 00 00 00 00 00 00
1510H: 00 00 00 00 00 00 00 00 00 00 00 00 00 00 00 00
1520H: 00 00 00 00 00 00 00 00 00 00 00 00 00 00 00 00
1530H: 00 00 00 00 00 00 00 00 00 00 00 00 00 00 00 00
1540H: 00 00 01 00 2E 36 00 2E 36 00 30 32 00 31 35 2E
1550H: 36 00 2E 36 00 00 00 00 00 00 00 00 00 00 00 00
1560H: 00 00 00 00 01 01 00 01 00 00 FA 01 42 17 04 01
1570H: A0 21 52 A5 04 01 DC 1C 58 1F 05 7B 04 F0 2E 2E
1580H: 00 27 00 21 00 1A 00 66 06 C3 05 1F 05 7B 04 F0
1590H: D3 41 00 3B 00 34 00 2E 00 66 06 C3 05 1F 05 7B
15A0H: 04 F0 D3 41 00 3B 00 34 00 2E 00 66 06 C3 05 1F
15B0H: 05 7B 04 F0 A5 82 00 76 00 69 00 5C 00 66 06 C3
15C0H: 05 1F 05 7B 04 F0 A5 82 00 76 00 69 00 5C 00 66
15D0H: 06 C3 05 1F 05 7B 04 F0 B4 00 00 00 00 00 00 0C
15E0H: 0A 00 00 00 02 00 00 00 00 00 00 14 E9 FF FF FF
15F0H: D7 FF FF FF 00 00 00 28 00 00 00 00 01 00 00 00
1600H: 00 00 00 40 02 00 00 00 FB FF FF FF 00 00 00 00
1610H: 00 00 00 00 00 00 00 00 00 00 00 00 00 00 00 00
1620H: 00 00 00 00 00 00 00 00 00 00 00 00 00 00 00 00
1630H: 00 00 00 00 00 00 00 00 00 00 00 00 00 00 00 00
1640H: 00 00 00 00 00 00 00 00 00 00 00 00 00 00 00 00
1650H: 00 00 00 00 00 00 00 00 00 00 00 00 00 00 00 00
1660H: 00 00 00 00 00 00 00 00 00 00 00 00 00 00 00 25
1670H: 8D 7C 04 05 00 00 00 00 00 00 00 52 47 2C 37 0D
1680H: 50 56 2C 30 0D 57 47 2C 31 32 37 3D 30 0D 52 47
1690H: 2C 31 32 37 0D 50 56 2C 30 0D 57 47 2C 31 32 37
16A0H: 3D 30 0D 52 47 2C 31 32 37 0D 57 47 2C 31 32 37
16B0H: 3D 35 35 34 34 39 0D 42 53 35 0D 4D 52 38 30 30
16C0H: 30 4C 31 36 0D 52 47 2C 37 0D 52 47 2C 37 0D 52
16D0H: 47 2C 31 32 37 0D 52 47 2C 31 32 37 0D 50 56 2C
16E0H: 30 0D 57 47 2C 31 32 37 3D 30 0D 52 47 2C 31 32
16F0H: 37 0D 52 47 2C 37 0D 52 47 2C 31 32 37 0D 52 47
1700H: 2C 31 32 37 0D 50 56 2C 30 0D 57 47 2C 31 32 37
1710H: 3D 30 0D 52 47 2C 31 32 37 0D 50 56 2C 30 0D 57
1720H: 47 2C 31 32 37 3D 30 0D 52 47 2C 31 32 37 0D 57
1730H: 47 2C 31 32 37 3D 35 35 39 30 31 0D 4F 56 2A 0D
1740H: 00 00 00 00 00 00 00 00 00 00 00 00 00 00 00 00
1750H: 00 00 00 00 00 00 00 00 00 00 00 00 00 00 00 00
1760H: 00 00 00 00 00 00 00 00 00 00 00 00 00 00 00 00
1770H: 00 00 00 00 00 00 00 00 00 00 00 31 31 3E 37 3D
1780H: 30 2E 30 30 30 30 30 0D 0A 3E 32 34 30 0D 0A 3E
1790H: 34 30 0D 0A 3E 31 32 37 3D 32 32 33 39 36 0D 0A
17A0H: 3E 32 34 30 0D 0A 3E 34 30 0D 0A 3E 31 32 37 3D
17B0H: 31 39 32 37 38 0D 0A 3E 30 2E 30 3E 33 30 2E 31
17C0H: 32 3E 32 32 2E 38 3E 33 2E 30 3E 33 2E 30 3E 47
17D0H: 2C 31 32 37 3D 38 33 34 30 3E 34 30 2E 38 3E 32
17E0H: 34 30 2E 38 3E 34 30 2E 38 3E 47 2C 31 32 37 3D
17F0H: 32 38 37 38 33 3E 33 2E 30 3E 34 30 2E 38 3E 34
1800H: 30 2E 38 3E 32 34 30 2E 38 3E 34 30 2E 38 3E 47
1810H: 2C 31 32 37 3D 32 37 37 33 38 3E 32 34 30 2E 38
1820H: 3E 34 30 2E 38 3E 47 2C 31 32 37 3D 32 34 33 35
1830H: 34 3E 30 2E 30 3E 00 00 00 00 00 00 00 00 00 00
1840H: 00 00 00 00 00 00 00 00 00 00 00 00 00 00 00 00
1850H: 00 00 00 00 00 00 00 00 00 00 00 00 00 00 00 00
1860H: 00 00 00 00 00 00 00 00 00 00 00 00 00 00 00 00
1870H: 00 00 00 00 00 00 00 00 00 00 00 36 32 36 2D 30
1880H: 36 2E 30 32 2C 31 35 2E 36 0D 30 2C 30 2E 36 0D
1890H: 31 35 2C 30 2E 36 0D 39 39 30 39 31 35 20 30 39
18A0H: 3A 33 35 2C 31 35 2E 36 0D 31 35 2C 30 2E 36 0D
18B0H: 30 2C 30 2E 36 0D 31 35 2C 30 2E 36 0D 36 32 36
18C0H: 2D 30 36 2E 30 32 2C 31 35 2E 36 0D 30 2C 30 2E
18D0H: 36 0D 31 35 2C 30 2E 36 0D 30 2E 36 0D 30 2E 36
18E0H: 0D 30 2E 36 0D 30 2E 36 0D 30 2E 36 04 00 00 00
18F0H: 00 00 00 00 00 00 00 00 00 00 00 00 00 00 00 00
1900H: 00 00 00 00 00 00 00 00 00 00 00 00 00 00 00 00
1910H: 00 00 00 00 00 00 00 00 00 00 00 00 00 00 00 00
1920H: 00 00 00 00 00 00 00 00 00 00 00 00 00 00 00 00
1930H: 00 00 00 00 00 00 00 00 00 00 00 00 00 00 00 00
1940H: 00 00 00 00 00 00 00 00 00 00 00 00 00 00 00 00
1950H: 00 00 00 00 00 00 00 00 00 00 00 00 00 00 00 00
1960H: 00 00 00 00 00 00 00 00 00 00 00 00 00 00 00 00
1970H: 00 00 00 00 00 00 00 00 00 00 00 41 54 4B 34 04
1980H: 41 54 49 30 0D 41 54 53 31 30 30 3F 0D 41 54 53
1990H: 31 30 31 3F 0D 41 54 49 32 0D 41 54 53 36 30 3F
19A0H: 0D 41 54 53 31 30 30 3F 0D 41 54 53 31 30 31 3F
19B0H: 0D 41 54 49 30 0D 41 54 53 31 30 30 3F 0D 41 54
19C0H: 53 31 30 31 3F 0D 41 54 53 35 31 3D 39 0D 41 54
19D0H: 53 35 32 3D 36 0D 41 54 24 24 43 33 0D 41 54 4B
19E0H: 31 30 0D 41 54 53 33 3D 34 0D 00 00 00 00 00 00
19F0H: 00 00 00 00 00 00 00 00 00 00 00 00 00 00 00 00
1A00H: 00 00 00 00 00 00 00 00 00 00 00 00 00 00 00 00
1A10H: 00 00 00 00 00 00 00 00 00 00 00 00 00 00 00 00
1A20H: 00 00 00 00 00 00 00 00 00 00 00 00 00 00 00 00
1A30H: 00 00 00 00 00 00 00 00 00 00 00 00 00 00 00 00
1A40H: 00 00 00 00 00 00 00 00 00 00 00 00 00 00 00 00
1A50H: 00 00 00 00 00 00 00 00 00 00 00 00 00 00 00 00
1A60H: 00 00 00 00 00 00 00 00 00 00 00 00 00 00 00 00
1A70H: 00 00 00 00 00 00 00 00 00 00 00 00 00 5F 22 78
1A80H: 00 00 00 00 25 80 00 00 00 13 13 00 01 02 63 F6
1A90H: 01 13 13 00 01 02 64 05 02 13 13 FF FF 02 64 0E
1AA0H: 03 13 13 00 01 02 64 17 04 13 13 00 01 02 64 20
1AB0H: 06 4C 4B 00 01 02 64 7D 07 13 13 00 01 02 64 2F
1AC0H: 08 13 13 00 01 02 64 38 09 13 13 00 01 02 64 41
1AD0H: 0C 26 26 FF FF 02 64 50 0D BE BC 00 01 02 64 7D
1AE0H: 0E 4C 4B 00 01 02 64 A4 0F 4C 4B 00 01 02 64 B3
1AF0H: 10 13 13 00 01 02 64 BC 11 13 13 00 01 02 64 C5
1B00H: 14 4C 4B 00 01 02 64 E0 15 13 13 00 01 02 64 E9
1B10H: 16 BE BC 00 00 02 64 F8 17 26 26 00 00 02 65 07
1B20H: 18 26 26 00 00 02 65 16 19 26 26 00 00 02 65 25
1B30H: 1A 26 26 00 00 02 65 25 1B 26 26 00 00 02 65 25
1B40H: 1C 26 26 00 00 02 65 25 1D 26 26 00 01 02 65 34
1B50H: 1E 13 13 00 02 02 65 3D 1F 13 13 00 01 02 65 46
1B60H: 20 00 00 00 01 02 65 55 21 26 26 FF FF 02 65 64
1B70H: 22 13 13 00 02 02 65 6D 00 00 00 00 07 00 FF FF
1B80H: FF FF FF FF 01 FF FF 02 65 D9 02 65 DC 02 65 E3
1B90H: 02 65 E6 02 65 EB 02 65 F0 02 65 F5 02 65 F8 03
1BA0H: 01 06 01 06 04 03 00 00 00 00 00 00 00 00 00 00
1BB0H: 00 00 00 64 50 56 2C 32 38 3D 31 DF 21 82 7B 00
1BC0H: 00 00 00 00 00 00 00 00 00 00 00 00 00 00 00 00
1BD0H: 00 00 00 00 00 00 00 00 00 00 00 00 00 03 AB 01
1BE0H: 16 00 00 00 00 00 00 00 00 00 00 00 00 00 00 00
1BF0H: 00 00 FF FF FF F7 00 00 03 69 00 00 00 00 00 00
1C00H: 00 00 FF FF FB 2A FF FF FA 2C 01 00 00 D0 00 10
1C10H: 32 00 00 00 00 00 00 FF FF FA 2C 00 00 00 00 00
1C20H: 00 00 00 00 00 00 00 00 00 00 00 00 C0 01 07 36
1C30H: 00 00 00 40 00 00 00 43 48 00 00 3B 44 9B A6 01
1C40H: 00 00 00 00 00 00 00 00 00 00 00 00 00 00 00 00
1C50H: 00 32 33 34 35 00 00 00 00 00 00 00 00 00 00 00
1C60H: 00 00 00 00 00 00 00 00 00 00 00 00 00 00 00 00
1C70H: 00 00 00 00 00 00 00 00 00 00 00 00 00 00 00 00
1C80H: 00 00 00 00 00 00 00 00 00 00 00 00 00 00 00 00
1C90H: 00 00 00 00 00 00 00 00 00 00 00 00 00 00 00 00
1CA0H: 00 00 00 00 00 00 00 00 00 00 00 00 00 00 00 00
1CB0H: 00 00 00 00 00 00 00 00 00 00 00 00 00 00 00 00
1CC0H: 00 00 00 00 00 00 00 00 00 00 00 00 00 00 00 00
1CD0H: 00 00 00 00 00 00 00 00 00 00 00 00 00 00 00 00
1CE0H: 00 00 00 00 00 00 00 00 00 00 00 00 00 00 00 00
1CF0H: 00 00 00 00 00 00 00 00 00 00 35 00 32 00 30 00
1D00H: 00 00 00 00 00 00 00 00 00 00 00 31 32 36 38 36
1D10H: 38 2E 36 35 35 36 32 00 00 00 00 00 34 30 35 32
1D20H: 30 39 38 2E 38 33 35 37 35 00 00 00 00 32 38 39
1D30H: 2E 35 35 34 36 33 00 00 00 00 00 00 00 00 36 00
1D40H: 30 30 31 00 00 00 00 00 00 00 00 00 00 00 00 31
1D50H: 32 36 37 34 31 2E 32 38 34 36 33 00 00 00 00 00
1D60H: 34 30 35 32 31 31 31 2E 32 33 34 32 38 00 00 00
1D70H: 00 32 39 30 2E 36 39 30 33 38 00 00 00 00 00 00
1D80H: 00 00 30 2E 30 30 30 30 30 00 31 00 00 00 00 00
1D90H: 00 00 00 31 39 33 2E 38 32 32 34 39 00 00 00 00
1DA0H: 00 00 00 00 3F E4 9F E8 42 FF F2 30 00 32 30 31
1DB0H: 38 2E 31 31 30 39 00 00 00 00 00 00 00 00 31 34
1DC0H: 2E 35 36 30 35 00 00 00 00 00 00 00 00 00 00 31
1DD0H: 2E 30 30 30 30 30 00 00 00 00 00 00 00 00 00 00
1DE0H: 44 3E 2E D1 C0 78 E3 BD 42 70 00 00 41 73 33 33
1DF0H: 00 1F 00 1F 00 1F 00 08 FF D2 82 0E FF F6 98 13
1E00H: A5 00 00 00 B9 00 00 00 00 FF E7 99 9A FF E7 99
1E10H: 9A 00 00 00 00 00 00 00 00 00 00 23 00 00 01 68
1E20H: 00 00 00 00 00 00 00 00 00 00 00 00 00 00 00 00
1E30H: 00 00 00 00 00 00 00 00 00 00 00 00 00 00 00 00
1E40H: 00 00 00 00 00 00 00 00 00 00 00 00 00 00 00 00
1E50H: 00 00 00 00 00 00 00 00 00 00 00 00 00 00 00 00
1E60H: 00 00 00 00 00 00 00 00 00 00 00 00 00 00 00 00
1E70H: 00 00 00 00 00 42 BD 2F 5C 42 BD 2F 76 43 76 24
1E80H: 2C 43 78 24 2C 00 00 00 00 40 00 00 00 BB 9A 71
1E90H: DA BB B9 CC 10 03 03 03 00 00 00 00 00 00 00 00
1EA0H: 00 00 00 00 00 00 00 00 00 00 00 02 09 06 00 36
1EB0H: 32 36 2D 30 36 2E 30 32 00 00 00 00 00 00 00 00
1EC0H: 39 39 30 39 31 35 20 30 39 3A 33 35 00 00 00 00
1ED0H: 00 03 00 0F 02 03 04 04 3E 01 00 1E 00 00 00 01
1EE0H: E3 DD 00 10 E3 DD 00 10 63 FD 00 10 00 00 00 0D
1EF0H: 00 25 8D 7C 03 FA 00 29 06 5C 26 26 03 2D 04 00
1F00H: 20 1B 7F FF 00 00 FF 03 7C 2E 7F F8 FF FF FF 08
1F10H: 00 1F 12 00 00 FF 00 FF 08 00 00 00 00 00 00 00
1F20H: 00 00 00 00 00 00 00 00 00 00 00 00 00 00 00 00
1F30H: 00 00 00 00 00 00 00 00 00 00 00 00 00 00 00 00
1F40H: 00 00 00 00 00 00 00 00 00 00 00 00 00 00 00 00
1F50H: 00 00 00 00 00 00 00 00 00 00 00 00 00 00 00 00
1F60H: 00 00 00 00 00 00 00 00 00 00 00 00 00 00 00 00
1F70H: 00 00 00 00 00 00 00 00 00 00 00 00 00 00 00 00
1F80H: 00 00 00 00 00 00 00 00 00 00 00 00 00 00 00 00
1F90H: 00 00 00 00 00 00 00 00 00 00 00 00 00 00 00 00
1FA0H: 00 00 00 00 00 00 00 00 00 00 00 00 00 00 00 00
1FB0H: 00 00 00 00 00 00 00 00 00 00 00 00 00 00 00 00
1FC0H: 00 00 00 00 00 00 00 00 00 00 00 00 00 00 00 00
1FD0H: 00 00 00 00 00 00 00 00 00 00 00 00 00 00 00 00
1FE0H: 00 00 00 00 00 00 00 00 00 00 00 00 00 00 00 00
1FF0H: 00 00 00 00 00 00 00 00 00 00 00 00 00 00 00 55
2000H: 7C 2E 02 2A 6C 02 33 5E 02 2B A3 02 2B A4 02 2B
2010H: A5 02 2B B4 02 2B B3 02 2C 50 00 00 00 00 2C 86
2020H: 00 00 00 00 00 00 00 00 00 00 00 00 00 00 00 00
2030H: 00 00 00 00 00 00 00 00 00 00 00 00 00 00 00 00
2040H: 00 00 00 00 00 00 00 00 00 00 00 00 00 00 00 00
2050H: 00 00 00 00 00 00 00 00 00 00 00 00 00 00 00 00
2060H: 00 00 00 00 00 00 00 00 00 00 00 00 00 00 00 00
2070H: 00 00 00 00 00 00 00 00 00 00 00 00 00 00 00 00
2080H: 00 00 00 00 00 00 00 00 00 00 00 00 00 00 00 00
2090H: 00 00 00 00 00 00 00 00 00 00 00 00 00 00 00 00
20A0H: 00 00 00 00 00 00 00 00 00 00 00 00 00 00 00 00
20B0H: 00 00 00 00 00 00 00 00 00 00 00 00 00 00 00 00
20C0H: 00 00 00 00 00 00 00 00 00 00 00 00 00 00 00 00
20D0H: 00 00 00 00 00 00 00 00 00 00 00 00 00 00 00 00
20E0H: 00 00 00 00 00 00 00 00 00 00 00 00 00 00 00 00
20F0H: 00 00 00 00 00 00 00 00 00 00 00 00 00 00 00 00
2100H: 02 00 00 00 00 0E 00 2B 00 10 00 2B 00 1E 00 00
2110H: 00 00 00 25 06 06 5C 01 26 26 0A 02 21 02 A8 02
2120H: F8 03 6B 04 42 4B 42 30 31 39 39 00 00 00 00 00
2130H: 00 00 00 00 00 00 05 00 00 00 00 00 00 00 00 00
2140H: 00 00 00 00 00 00 7D DF 7D 0A 00 00 01 00 00 00
2150H: 00 00 00 00 00 00 00 00 00 00 00 00 00 00 84 65
2160H: 00 00 00 00 00 00 00 00 00 FF FF F1 AB 05 00 00
2170H: 00 00 00 00 00 00 00 00 00 00 00 00 00 00 00 00
2180H: 00 00 00 00 00 00 00 00 00 00 00 00 00 00 00 00
2190H: 00 00 00 00 00 00 00 00 00 36 33 38 2D 30 31 2E
21A0H: 30 32 00 00 00 00 00 00 00 00 80 36 30 36 2D 30
21B0H: 34 20 20 20 00 00 00 00 00 00 00 00 36 30 32 2D
21C0H: 30 35 2E 30 32 00 00 00 00 00 00 00 00 36 30 34
21D0H: 2D 30 32 2E 30 31 20 20 20 00 00 00 00 00 31 35
21E0H: 30 38 30 34 00 00 00 00 00 00 00 00 00 00 00 02
21F0H: 02 64 36 30 37 33 30 31 31 00 00 00 00 00 00 00
2200H: 00 00 00 00 00 00 00 00 00 00 00 00 00 00 00 00
2210H: 00 00 00 00 00 00 00 00 00 00 00 00 00 00 00 00
2220H: 00 00 00 00 00 36 30 30 00 00 00 00 00 00 00 00
2230H: 00 00 00 00 00 00 33 30 35 34 32 00 00 00 00 00
2240H: 00 00 00 00 00 00 00 53 33 32 36 30 31 00 00 00
2250H: 00 00 00 00 00 00 00 00 53 33 32 39 32 38 00 00
2260H: 00 00 00 00 00 00 00 00 00 34 32 38 32 35 34 00
2270H: 00 00 00 00 00 00 00 00 00 00 30 00 00 00 00 00
2280H: 00 00 00 00 00 00 00 00 00 00 00 47 55 35 30 37
2290H: 36 00 00 00 00 00 00 00 00 00 00 00 52 43 37 32
22A0H: 34 32 00 00 00 00 00 00 00 00 00 00 00 30 00 00
22B0H: 00 00 00 00 00 00 00 00 00 00 00 00 00 00 00 00
22C0H: FE 58 C8 F3 FF D0 F2 8C FF CD 3C 36 FF FF 3B 64
22D0H: FF FF B7 E9 00 00 41 68 A0 E6 02 00 00 57 F3 FF
22E0H: 00 C6 21 00 00 55 05 00 00 54 00 00 00 9C 2B 00
22F0H: 00 E1 DF FF FF D0 02 00 00 50 FD FF FF 17 38 00
2300H: 00 4A FE FF FF 5A FD FF FF 72 A1 FF FF 78 0C 00
2310H: 01 89 FA FF FF F3 FF FF FF D1 1C 00 00 6B BB FF
2320H: FF 70 02 00 00 92 02 00 00 5A 01 00 00 16 38 00
2330H: 00 00 00 00 01 59 00 00 00 06 00 00 00 00 00 00
2340H: 04 EC FF FF FF 11 00 00 00 00 00 00 0C 1D 00 00
2350H: 00 10 00 00 00 00 00 00 14 1F 00 00 00 D0 FF FF
2360H: FF 00 00 00 28 04 00 00 00 FC FF FF FF 00 00 00
2370H: 40 FA FF FF FF FB FF FF FF 00 00 00 00 00 00 00
2380H: 00 00 00 00 00 00 00 00 00 00 00 00 00 00 00 00
2390H: 00 00 00 00 00 00 00 00 00 00 00 00 00 00 00 00
23A0H: 00 00 00 00 00 00 00 00 00 00 00 00 00 00 00 00
23B0H: 00 00 00 00 00 00 00 00 00 00 00 00 00 00 00 00
23C0H: 00 00 00 00 00 00 00 00 00 00 00 00 00 00 00 00
23D0H: 00 00 00 00 00 00 00 00 06 A0 C9 02 00 00 CA F2
23E0H: FF 00 23 18 00 00 63 05 00 00 22 00 00 00 9B 2C
23F0H: 00 00 06 E7 FF FF 78 02 00 00 5E FD FF FF B1 39
2400H: 00 00 11 FE FF FF 14 FD FF FF D6 B9 FF FF 0E 0D
2410H: 00 01 90 FA FF FF 71 00 00 00 2C 15 00 00 3D B9
2420H: FF FF A9 02 00 00 7A 02 00 00 B0 01 00 00 AC 39
2430H: 00 00 00 00 00 01 F7 FF FF FF 0D 00 00 00 00 00
2440H: 00 04 F6 FF FF FF 12 00 00 00 00 00 00 0C 0A 00
2450H: 00 00 02 00 00 00 00 00 00 14 E9 FF FF FF D7 FF
2460H: FF FF 00 00 00 28 00 00 00 00 01 00 00 00 00 00
2470H: 00 40 02 00 00 00 FB FF FF FF 00 00 00 00 00 00
2480H: 00 00 00 00 00 00 00 00 00 00 00 00 00 00 00 00
2490H: 00 00 00 00 00 00 00 00 00 00 00 00 00 00 00 00
24A0H: 00 00 00 00 00 00 00 00 00 00 00 00 00 00 00 00
24B0H: 00 00 00 00 00 00 00 00 00 00 00 00 00 00 00 00
24C0H: 00 00 00 00 00 00 00 00 00 00 00 00 00 00 00 00
24D0H: 00 00 00 00 00 00 00 00 00 06 28 00 00 00 00 00
24E0H: 00 00 00 00 00 00 00 00 00 00 00 00 00 00 00 00
24F0H: 00 00 00 00 00 00 00 00 00 00 00 00 00 00 00 00
2500H: 00 00 00 00 00 00 00 00 00 00 00 00 00 00 00 00
2510H: 00 00 00 00 00 00 00 00 00 00 00 00 00 00 00 00
2520H: 00 00 00 00 00 00 00 00 00 00 00 00 00 00 00 00
2530H: 00 00 00 00 00 00 00 00 00 00 00 00 00 00 00 00
2540H: 00 00 8C BE 4D 05 A7 A5 5A 00 19 99 9A 00 1E B8
2550H: 52 00 1E B8 52 00 00 83 12 00 03 D7 0A 00 B3 33
2560H: 33 2D FF 52 78 58 FF 52 78 58 11 3D B7 D5 E9 3D
2570H: 75 02 14 08 08 55 00 45 2E 00 62 00 4C 02 C8 0D
2580H: B0 52 00 02 00 06 00 24 00 02 B4 00 01 28 C9 1E
2590H: 6D 32 47 01 EE 02 1C 02 75 00 B5 91 D9 65 69 15
25A0H: 45 01 5A 32 47 01 EE 02 1C 02 75 00 B5 91 D9 65
25B0H: 69 15 45 01 5A EF 5A 0F 6B 1A 6A 0D 05 02 0D 14
25C0H: 13 1E 6E 0C 72 01 FA EF 5A 0F 6B 1A 6A 0D 05 02
25D0H: 0D 14 13 1E 6E 0C 72 01 FA 97 B8 1E 25 35 AC 1B
25E0H: 40 04 04 13 79 1D C9 0D BA 01 FA 97 B8 1E 25 35
25F0H: AC 1B 40 04 04 13 79 1D C9 0D BA 01 FA 86 6D 09
2600H: 4F 00 48 00 3B 00 27 00 00 00 00 00 00 00 00 00
2610H: 00 09 4F 00 48 00 3B 00 27 00 00 00 00 00 00 00
2620H: 00 00 00 09 4F 00 48 00 3B 00 27 00 00 00 00 00
2630H: 00 00 00 00 00 09 4F 00 48 00 3B 00 27 00 00 00
2640H: 00 00 00 00 00 00 00 12 6B 0A B7 11 37 09 68 01
2650H: 04 13 79 1D 3B 0B 00 00 7A 12 6B 0A B7 11 37 09
2660H: 68 01 04 13 79 1D 3B 0B 00 00 7A 2E 6D 32 47 01
2670H: EE 02 1C 02 75 00 B5 91 D9 65 69 15 45 01 5A 32
2680H: 47 01 EE 02 1C 02 75 00 B5 91 D9 65 69 15 45 01
2690H: 5A EF 5A 0F 6B 1A 6A 0D 05 02 0D 14 13 1E 6E 0C
26A0H: 72 01 FA EF 5A 0F 6B 1A 6A 0D 05 02 0D 14 13 1E
26B0H: 6E 0C 72 01 FA 97 B8 1E 25 35 AC 1B 40 04 04 13
26C0H: 79 1D C9 0D BA 01 FA 97 B8 1E 25 35 AC 1B 40 04
26D0H: 04 13 79 1D C9 0D BA 01 FA 86 6D 3C 88 01 84 03
26E0H: 88 02 8C 00 9A 8A E8 5B 56 12 08 01 5A 3C 88 01
26F0H: 84 03 88 02 8C 00 9A 8A E8 5B 56 12 08 01 5A EF
2700H: 5A 0F 6B 1A 6A 0D 05 02 0D 14 13 1E 6E 0C 72 01
2710H: FA EF 5A 0F 6B 1A 6A 0D 05 02 0D 14 13 1E 6E 0C
2720H: 72 01 FA 97 B8 1E 25 35 AC 1B 40 04 04 13 79 1D
2730H: C9 0D BA 01 FA 97 B8 1E 25 35 AC 1B 40 04 04 13
2740H: 79 1D C9 0D BA 01 FA 9C 6D 2E 2E 00 27 00 21 00
2750H: 1A 00 66 06 C3 05 1F 05 7B 04 F0 2E 2E 00 27 00
2760H: 21 00 1A 00 66 06 C3 05 1F 05 7B 04 F0 D3 41 00
2770H: 3B 00 34 00 2E 00 66 06 C3 05 1F 05 7B 04 F0 D3
2780H: 41 00 3B 00 34 00 2E 00 66 06 C3 05 1F 05 7B 04
2790H: F0 A5 82 00 76 00 69 00 5C 00 66 06 C3 05 1F 05
27A0H: 7B 04 F0 A5 82 00 76 00 69 00 5C 00 66 06 C3 05
27B0H: 1F 05 7B 04 F0 B4 00 02 80 00 42 AA 00 00 42 E6
27C0H: 00 00 3D 6F 9D B2 0F 01 00 00 00 00 00 00 00 00
27D0H: 00 00 00 00 00 00 00 00 00 00 00 00 00 00 00 00
27E0H: 00 00 00 00 00 00 00 00 00 00 00 00 00 00 00 00
27F0H: 00 00 00 00 00 00 00 00 00 00 00 00 00 00 00 00
2800H: 00 64 87 ED 51 00 02 8F 5C 29 19 00 00 00 00 00
2810H: A2 F9 83 6E 7E 05 D3 E7 F4 34 00 F7 09 DE F8 22
2820H: 33 40 04 C2 09 80 04 D2 09 B2 08 22 7E 05 E7 F6
2830H: 08 09 DE FA 22 7E 05 E7 33 F7 09 DE FA 22 C3 7E
2840H: 05 E7 13 F7 19 DE FA 22 7E 05 E7 70 03 09 DE FA
2850H: 22 7A 05 E0 F6 18 A3 DA FA 22 7A 04 E0 F6 18 A3
2860H: DA FA 22 7A 05 E4 93 F2 A3 08 B8 00 02 05 A0 DA
2870H: F4 22 74 00 7A 05 F6 08 DA FC 22 7A 04 E6 F0 A3
2880H: 18 DA FA 22 78 11 C3 7E 05 E6 36 F6 08 DE FA 12
2890H: 28 A4 33 50 02 80 0C D3 78 16 7E 05 74 00 36 F6
28A0H: 08 DE F9 22 78 11 79 0C 7C 1B 7E 05 C3 E6 97 C0
28B0H: 01 A9 04 F7 D0 01 08 09 0C DE F2 22 78 0C 79 11
28C0H: 12 28 FD EF 24 19 FF 70 08 80 21 C3 79 11 12 28
28D0H: 35 12 28 A4 33 40 0A 78 11 79 1B 12 28 2C D3 80
28E0H: 01 C3 79 16 12 28 35 DF E2 12 28 84 22 12 28 BC
28F0H: 79 1A E7 33 50 02 80 03 D3 80 01 C3 22 74 04 28
2900H: F9 7F 00 E7 70 07 19 EF 24 08 FF 80 F6 33 0F 50
2910H: FC 79 15 7E 00 E7 70 07 19 EE 24 08 FE 80 F6 33
2920H: 0E 50 FC EF C3 9E FF FD 40 17 BF 00 02 80 26 74
2930H: 0F C3 9F 50 02 80 21 79 0C C3 12 28 35 DD F8 80
2940H: 14 EF C3 94 E0 50 02 80 0C ED F4 04 FD C3 79 11
2950H: 12 28 35 DD F8 D3 80 01 C3 22 78 16 12 28 72 79
2960H: 11 12 28 48 60 50 7A 05 C3 79 11 12 28 35 DA F9
2970H: 90 11 03 78 10 12 28 51 78 1B 12 28 72 7A 16 7B
2980H: 1B 12 28 ED 85 16 11 85 17 12 85 18 13 85 19 14
2990H: 85 1A 15 7A 09 C3 79 11 12 28 35 DA F9 90 11 08
29A0H: 78 10 12 28 51 78 16 12 28 72 78 1B 12 28 72 7A
29B0H: 16 7B 1B 12 28 ED 22 8E 83 8F 82 78 14 12 28 51
29C0H: C2 08 79 14 E7 12 28 20 30 09 05 79 11 12 28 14
29D0H: 78 15 76 00 90 28 00 75 A0 11 78 03 12 28 63 90
29E0H: 28 05 75 A0 11 78 08 12 28 63 90 03 AE E0 C0 E0
29F0H: A3 E0 C0 E0 12 29 5A E5 16 30 E7 0C 78 17 7A 04
2A00H: E6 04 F6 70 03 08 DA F8 30 08 05 79 16 12 28 14
2A10H: 78 1A D0 82 D0 83 12 28 7B 22 8E 83 8F 82 78 15
2A20H: 12 28 5A C2 08 79 15 E7 12 28 20 30 09 05 79 11
2A30H: 12 28 14 78 11 76 00 90 28 0A 75 A0 11 78 03 12
2A40H: 28 63 90 28 0F 75 A0 11 78 08 12 28 63 90 03 AE
2A50H: E0 C0 E0 A3 E0 C0 E0 12 29 5A 30 08 05 79 16 12
2A60H: 28 14 78 19 D0 82 D0 83 12 28 7B 22 75 81 86 78
2A70H: FF 76 00 D8 FC 90 1A 7F AE 83 AF 82 90 11 00 12
2A80H: 2A E4 60 05 E4 F0 A3 80 F6 90 2B 42 12 2A ED 90
2A90H: 2B 46 12 2A ED 90 2B 4A 12 2B 0B 90 2B 50 12 2B
2AA0H: 0B 75 D0 00 90 20 1C E0 60 1A 90 00 0E 74 80 F0
2AB0H: 90 20 1C 74 22 F0 A3 74 25 F0 90 20 1A 74 22 F0
2AC0H: A3 74 36 F0 90 00 0F 74 80 F0 90 00 0D E0 20 E6
2AD0H: 05 75 51 00 80 03 75 51 01 74 02 90 EB 1F 12 2B
2AE0H: 58 02 2B 56 EF 65 82 70 03 EE 65 83 22 E4 93 F8
2AF0H: 74 01 93 F9 74 02 93 FE 74 03 93 F5 82 8E 83 E8
2B00H: 69 70 01 22 E4 93 F6 A3 08 80 F4 E4 93 FC 74 01
2B10H: 93 FD 74 02 93 FE 74 03 93 FF 74 04 93 F8 74 05
2B20H: 93 F5 82 88 83 12 2A E4 70 01 22 E4 93 A3 A8 83
2B30H: A9 82 8C 83 8D 82 F0 A3 AC 83 AD 82 88 83 89 82
2B40H: 80 E3 30 31 50 E7 87 87 50 E8 1A 7F 52 28 50 E8
2B50H: 1B BF 50 E7 50 E7 80 FE C0 7A F5 7A 92 D5 A2 E0
2B60H: 92 94 A2 E1 E5 51 70 0A 92 B0 E5 7A A2 E2 92 B1
2B70H: 80 08 92 B4 E5 7A A2 E2 92 B5 A2 D5 E4 73 D0 E0
2B80H: F5 7A 92 D5 A2 E0 92 94 A2 E1 E5 51 70 0A 92 B0
2B90H: E5 7A A2 E2 92 B1 80 08 92 B4 E5 7A A2 E2 92 B5
2BA0H: A2 D5 22 32 32 C0 E0 C0 D0 E5 74 04 F5 74 D0 D0
2BB0H: D0 E0 32 32 C0 E0 C0 D0 C0 83 C0 82 20 99 1B 30
2BC0H: 98 34 75 83 10 85 57 82 E5 99 F0 05 57 20 45 05
2BD0H: B5 52 02 05 53 C2 98 02 2B F6 E5 55 B5 54 05 C2
2BE0H: 44 02 2B F1 D2 44 75 83 0F 85 54 82 E0 F5 99 05
2BF0H: 54 C2 99 02 2B F6 D0 82 D0 83 D0 D0 D0 E0 32 C0
2C00H: E0 C0 D0 C0 83 C0 82 C2 1F 75 70 00 75 71 A3 D2
2C10H: 1F 05 5B E5 5B B4 01 2F 75 5B 00 05 5C E5 5C B4
2C20H: 3C 25 75 5C 00 90 1E EF E0 05 E0 F0 70 19 90 1E
2C30H: EE E0 05 E0 F0 70 10 90 1E ED E0 05 E0 F0 70 07
2C40H: 90 1E EC E0 05 E0 F0 D0 82 D0 83 D0 D0 D0 E0 22
2C50H: C0 E0 C0 D0 C0 F0 C0 82 C0 83 30 D8 17 C2 D8 C2
2C60H: DE E5 E9 25 5E F5 EB E5 F9 35 5D F5 FB D2 DE C2
2C70H: D9 75 DB 49 30 D9 23 C2 D9 A2 93 B3 40 06 20 4F
2C80H: 09 02 2C 9A 30 4F 03 02 2C 9A 92 4F D2 4E 75 DB
2C90H: 00 90 13 E0 E4 A2 4F 92 E0 F0 30 DA 0C C2 DA E5
2CA0H: DC 30 E0 14 D2 0F 75 DC 00 30 DB 0C C2 DB E5 DD
2CB0H: 30 E0 05 D2 10 75 DD 00 20 DC 03 02 2D 72 C2 DC
2CC0H: C2 DE E5 E9 24 01 F5 EE E5 F9 34 00 F5 FE D2 DE
2CD0H: 30 1A 16 15 67 E5 67 B4 FF 02 15 66 E5 66 45 67
2CE0H: 60 03 02 2C E9 D2 11 C2 1A 30 1B 16 15 69 E5 69
2CF0H: B4 FF 02 15 68 E5 68 45 69 60 03 02 2D 02 D2 12
2D00H: C2 1B 30 1C 16 15 6B E5 6B B4 FF 02 15 6A E5 6A
2D10H: 45 6B 60 03 02 2D 1B D2 13 C2 1C 30 1D 13 15 6D
2D20H: E5 6D B4 FF 02 15 6C E5 6C 45 6D 70 04 D2 14 C2
2D30H: 1D 30 1E 13 15 6F E5 6F B4 FF 02 15 6E E5 6E 45
2D40H: 6F 70 04 D2 15 C2 1E 30 1F 12 15 71 E5 71 B4 FF
2D50H: 02 15 70 E5 70 45 71 70 03 12 2B FF 30 20 13 15
2D60H: 73 E5 73 B4 FF 02 15 72 E5 72 45 73 70 04 D2 17
2D70H: C2 20 D0 83 D0 82 D0 F0 D0 D0 D0 E0 32 C2 AF C0
2D80H: 22 12 00 42 D0 22 D2 AF 22 C2 AF C0 22 12 00 45
2D90H: D0 22 D2 AF 22 C2 AF C0 22 12 00 48 D0 22 D2 AF
2DA0H: 22 C2 AF C0 22 12 00 4B D0 22 D2 AF 22 C2 AF C0
2DB0H: 22 12 00 4E D0 22 D2 AF 22 C2 A8 12 00 36 22 90
2DC0H: 00 28 E5 63 F0 A3 E5 64 F0 A3 7F 01 12 31 E4 22
2DD0H: C2 B4 20 0F 0D 20 B3 FA A2 B5 D2 B4 20 0F 03 30
2DE0H: B3 FA D2 B4 22 C2 B1 20 0F 0D 20 B0 FA A2 B3 D2
2DF0H: B1 20 0F 03 30 B0 FA D2 B1 22 C2 96 20 0F 0D 20
2E00H: 95 FA A2 97 D2 96 20 0F 03 30 95 FA D2 96 22 C2
2E10H: 91 20 0F 0D 20 90 FA A2 92 D2 91 20 0F 03 30 90
2E20H: FA D2 91 22 E5 58 B4 04 05 12 2E 0F 80 1F B4 05
2E30H: 05 12 2E 0F 80 17 B4 03 0E E5 51 70 05 12 2D D0
2E40H: 80 0B 12 2D E5 80 06 B4 02 03 12 2D FA 22 92 92
2E50H: C2 90 20 0F 0D 20 91 FA D2 92 D2 90 20 0F 03 30
2E60H: 91 FA D2 92 D2 90 22 92 B5 C2 B3 20 0F 0D 20 B4
2E70H: FA D2 B5 D2 B3 20 0F 03 30 B4 FA D2 B5 D2 B3 22
2E80H: 92 B3 C2 B0 20 0F 0D 20 B1 FA D2 B3 D2 B0 20 0F
2E90H: 03 30 B1 FA D2 B3 D2 B0 22 92 97 C2 95 20 0F 0D
2EA0H: 20 96 FA D2 97 D2 95 20 0F 03 30 96 FA D2 97 D2
2EB0H: 95 22 92 D5 E5 58 B4 04 07 A2 D5 12 2E 4E 80 25
2EC0H: B4 05 07 A2 D5 12 2E 4E 80 1B B4 03 10 A2 D5 E5
2ED0H: 51 70 05 12 2E 67 80 0D 12 2E 80 80 08 B4 02 05
2EE0H: A2 D5 12 2E 99 22 F5 F0 7A 08 E5 F0 13 F5 F0 50
2EF0H: 02 B2 0D 12 2E B2 20 0F 02 DA EF 22 7A 08 12 2E
2F00H: 24 20 0F 0B 50 02 B2 0D E5 F0 13 F5 F0 DA EF 22
2F10H: 7C 00 D2 0A AE 82 AF 83 C2 0D E0 12 2E E6 20 0F
2F20H: 6A A3 E0 FB 12 2E E6 20 0F 61 E5 82 2B 50 02 05
2F30H: 83 F5 82 E0 12 2E E6 20 0F 51 15 82 E5 82 B4 FF
2F40H: 02 15 83 A2 0D 12 2E B2 20 0F 40 C2 0D 12 2E 24
2F50H: 20 0F 38 92 0B 30 0A 04 C2 0A 92 0C 20 0F 2C 12
2F60H: 2E 24 20 0F 26 40 0C 8E 82 8F 83 0C BC 05 02 80
2F70H: 2C 80 9F DB BE 30 0C 19 30 0B 1C 8F 83 8E 82 A3
2F80H: E0 25 82 50 02 05 83 A3 D3 80 19 7F 17 7E 00 80
2F90H: 12 7F 14 7E 00 80 0C 7F 23 7E 00 80 06 7F 23 7E
2FA0H: 00 80 00 C3 22 AE 83 AD 82 7C 05 C2 0D 12 2E FC
2FB0H: 20 0F 58 F0 A3 12 2E FC 20 0F 50 F0 FB F5 5A E5
2FC0H: 82 2B 50 02 05 83 F5 82 12 2E FC 20 0F 3D F0 15
2FD0H: 82 E5 82 B4 FF 02 15 83 12 2E 24 20 0F 2D 40 02
2FE0H: B2 0D D3 12 2E B2 20 0F 22 A2 0D 12 2E B2 20 0D
2FF0H: 08 8E 83 8D 82 DC B4 80 04 C2 0D DB CB E5 5A 25
3000H: 82 50 02 05 83 F5 82 A3 D3 80 05 7F 17 7E 00 C3
3010H: 22 D3 20 0F 15 20 B5 FA C2 B4 20 0F 0D 20 B3 FA
3020H: D2 B4 20 0F 05 30 B3 FA 80 01 C3 D2 B4 22 D3 20
3030H: 0F 15 20 B3 FA C2 B1 20 0F 0D 20 B0 FA D2 B1 20
3040H: 0F 05 30 B0 FA 80 01 C3 D2 B1 22 D3 20 0F 15 20
3050H: 97 FA C2 96 20 0F 0D 20 95 FA D2 96 20 0F 05 30
3060H: 95 FA 80 01 C3 D2 96 22 D3 20 0F 15 20 92 FA C2
3070H: 91 20 0F 0D 20 90 FA D2 91 20 0F 05 30 90 FA 80
3080H: 01 C3 D2 91 22 BF 08 00 40 06 7F 16 7E 00 80 22
3090H: 8F 58 C2 0D 12 2E FC 20 0F 12 FF D3 90 00 54 E0
30A0H: FE A3 E0 F5 82 8E 83 EF F0 D3 80 15 7F 17 7E 00
30B0H: 80 00 90 00 22 E5 58 F0 74 04 90 93 32 12 2B 58
30C0H: C3 22 8F 58 12 2D BF E5 58 B4 04 05 12 30 68 80
30D0H: 21 B4 05 05 12 30 68 80 19 B4 03 0E E5 51 70 05
30E0H: 12 30 11 80 0D 12 30 2E 80 08 B4 02 11 12 30 4B
30F0H: 80 00 20 0F 03 D3 80 1D 7F 17 7E 00 80 06 7F 16
3100H: 7E 00 80 00 90 00 22 E5 58 F0 74 04 90 93 32 12
3110H: 2B 58 C3 80 00 22 8F 58 BF 08 00 40 06 7F 16 7E
3120H: 00 80 44 12 2D BF 90 15 6A 12 2F A5 20 0F 34 90
3130H: 15 6A 75 59 00 E0 A3 B4 FF 18 E0 FB A3 60 13 E0
3140H: A3 B4 20 00 40 0A B4 40 00 50 05 C3 94 20 F5 59
3150H: DB ED E5 59 60 0A 12 2F A5 20 0F 07 15 59 80 F2
3160H: D3 80 13 7F 17 7E 00 90 00 22 E5 58 F0 74 04 90
3170H: 93 32 12 2B 58 C3 22 8F 58 C2 0E BF 08 00 40 06
3180H: 7F 16 7E 00 80 4C 12 2D BF 75 59 01 90 15 6A E0
3190H: B4 FF 19 A3 E0 FB A3 60 13 E0 A3 B4 20 00 40 0A
31A0H: B4 40 00 50 05 C3 94 20 F5 59 DB ED E5 59 60 1C
31B0H: 12 2F 10 40 13 20 0F 1A D2 0E 90 00 22 E5 58 F0
31C0H: 74 04 90 93 32 12 2B 58 15 59 80 E0 20 0E 11 D3
31D0H: 80 11 90 00 22 E5 58 F0 74 04 90 93 32 12 2B 58
31E0H: C3 80 00 22 EF 70 03 02 32 DC B4 0A 00 40 03 02
31F0H: 32 DC 90 00 28 E0 FE A3 E0 FD BF 01 1D C2 0F ED
3200H: 4E 70 03 02 32 D9 C2 DE E5 E9 2D F5 EC E5 F9 3E
3210H: F5 FC D2 DE 75 DC 49 02 32 D9 BF 02 1C C2 10 ED
3220H: 4E 70 03 02 32 D9 C2 DE E5 E9 2D F5 ED E5 F9 3E
3230H: F5 FD D2 DE 75 DD 49 80 1B BF 03 18 C2 1A C2 11
3240H: ED 4E 70 03 02 32 D9 C2 DE 8E 66 8D 67 D2 1A D2
3250H: DE 02 32 D9 BF 04 14 C2 1B C2 12 ED 4E 70 03 02
3260H: 32 D9 8E 68 8D 69 D2 1B 02 32 D9 BF 05 13 C2 1C
3270H: C2 13 ED 4E 70 03 02 32 D9 8E 6A 8D 6B D2 1C 80
3280H: 58 BF 06 13 C2 1D C2 14 ED 4E 70 03 02 32 D9 8E
3290H: 6C 8D 6D D2 1D 80 42 BF 07 13 C2 1E C2 15 ED 4E
32A0H: 70 03 02 32 D9 8E 6E 8D 6F D2 1E 80 2C BF 08 13
32B0H: C2 1F C2 16 ED 4E 70 03 02 32 D9 8E 70 8D 71 D2
32C0H: 1F 80 16 BF 09 16 C2 17 ED 4E 70 03 02 32 D9 C2
32D0H: 20 8E 72 8D 73 D2 20 80 00 D3 80 01 C3 22 EF 70
32E0H: 03 02 33 3A BF 01 07 C2 0F 75 DC 00 80 4D BF 02
32F0H: 07 C2 10 75 DD 00 80 3F BF 03 06 C2 11 C2 1A 80
3300H: 36 BF 04 06 C2 12 C2 1B 80 2D BF 05 06 C2 13 C2
3310H: 1C 80 24 BF 06 06 C2 14 C2 1D 80 1B BF 07 06 C2
3320H: 15 C2 1E 80 12 BF 08 06 C2 16 C2 1F 80 09 BF 09
3330H: 09 C2 17 C2 20 80 00 D3 80 01 C3 22 53 88 BF 75
3340H: 8D 00 75 8B 00 75 74 00 75 75 00 D3 43 88 40 D2
3350H: AB 22 C2 AB 53 88 BF D3 22 85 8D 75 D3 22 C0 D0
3360H: C0 E0 C0 83 C0 82 C0 F0 C0 00 C0 01 C0 02 C0 03
3370H: C0 04 C0 05 C0 06 C0 07 90 00 05 E0 F5 0A E5 0A
3380H: 78 20 56 F5 0A 54 04 60 3B 90 00 02 74 0A F0 74
3390H: 20 F0 74 50 F0 74 40 F0 74 05 F0 90 15 64 E0 70
33A0H: 08 90 15 65 E0 70 02 D2 67 D0 07 D0 06 D0 05 D0
33B0H: 04 D0 03 D0 02 D0 01 D0 00 D0 F0 D0 82 D0 83 D0
33C0H: E0 D0 D0 32 E5 0A 54 40 60 2D 90 00 0A 74 0A F0
33D0H: 74 20 F0 74 50 F0 74 40 F0 74 05 F0 D0 07 D0 06
33E0H: D0 05 D0 04 D0 03 D0 02 D0 01 D0 00 D0 F0 D0 82
33F0H: D0 83 D0 E0 D0 D0 32 E5 0A 54 02 70 09 E5 0A 54
3400H: 20 70 03 02 39 7C E5 0A 54 02 60 37 75 09 00 90
3410H: 00 03 E0 F5 08 FF 64 19 70 27 20 45 24 D2 65 78
3420H: 20 E6 90 00 05 F0 D0 07 D0 06 D0 05 D0 04 D0 03
3430H: D0 02 D0 01 D0 00 D0 F0 D0 82 D0 83 D0 E0 D0 D0
3440H: 32 80 35 75 09 01 90 00 0B E0 F5 08 FF 64 19 70
3450H: 27 20 45 24 D2 65 78 20 E6 90 00 05 F0 D0 07 D0
3460H: 06 D0 05 D0 04 D0 03 D0 02 D0 01 D0 00 D0 F0 D0
3470H: 82 D0 83 D0 E0 D0 D0 32 E5 09 70 03 20 70 0E E5
3480H: 09 14 60 03 02 35 7E 20 75 03 02 35 7E 30 45 03
3490H: 02 35 7E E5 08 64 13 60 03 02 35 0A E5 09 70 31
34A0H: 20 6F 2E D2 6F E5 09 70 04 C2 00 80 02 C2 04 78
34B0H: 20 E6 90 00 05 F0 D0 07 D0 06 D0 05 D0 04 D0 03
34C0H: D0 02 D0 01 D0 00 D0 F0 D0 82 D0 83 D0 E0 D0 D0
34D0H: 32 E5 09 14 70 31 20 74 2E D2 74 E5 09 70 04 C2
34E0H: 00 80 02 C2 04 78 20 E6 90 00 05 F0 D0 07 D0 06
34F0H: D0 05 D0 04 D0 03 D0 02 D0 01 D0 00 D0 F0 D0 82
3500H: D0 83 D0 E0 D0 D0 32 02 35 7E E5 08 64 11 60 03
3510H: 02 35 7E E5 09 70 31 30 6F 2E C2 6F E5 09 70 04
3520H: D2 00 80 02 D2 04 78 20 E6 90 00 05 F0 D0 07 D0
3530H: 06 D0 05 D0 04 D0 03 D0 02 D0 01 D0 00 D0 F0 D0
3540H: 82 D0 83 D0 E0 D0 D0 32 E5 09 14 70 31 30 74 2E
3550H: C2 74 E5 09 70 04 D2 00 80 02 D2 04 78 20 E6 90
3560H: 00 05 F0 D0 07 D0 06 D0 05 D0 04 D0 03 D0 02 D0
3570H: 01 D0 00 D0 F0 D0 82 D0 83 D0 E0 D0 D0 32 E5 09
3580H: 70 07 A2 01 E4 33 FF 80 05 A2 05 E4 33 FF EF 60
3590H: 0C E5 08 64 13 60 06 E5 08 64 11 70 25 20 45 22
35A0H: 78 20 E6 90 00 05 F0 D0 07 D0 06 D0 05 D0 04 D0
35B0H: 03 D0 02 D0 01 D0 00 D0 F0 D0 82 D0 83 D0 E0 D0
35C0H: D0 32 90 00 01 E0 54 70 60 72 90 00 01 E0 F5 0B
35D0H: FF 54 10 60 0E 90 11 CC 74 15 F0 90 1B 7B E0 90
35E0H: 11 CD F0 E5 0B 54 20 60 0E 90 11 CC 74 15 F0 90
35F0H: 1B 7B E0 90 11 CD F0 E5 0B 54 40 60 0E 90 11 CC
3600H: 74 15 F0 90 1B 7B E0 90 11 CD F0 90 00 02 74 0A
3610H: F0 74 20 F0 74 40 F0 74 05 F0 78 20 E6 90 00 05
3620H: F0 D0 07 D0 06 D0 05 D0 04 D0 03 D0 02 D0 01 D0
3630H: 00 D0 F0 D0 82 D0 83 D0 E0 D0 D0 32 90 00 09 E0
3640H: 54 70 60 72 90 00 09 E0 F5 0B FF 54 10 60 0E 90
3650H: 11 CC 74 15 F0 90 1B 7C E0 90 11 CD F0 E5 0B 54
3660H: 20 60 0E 90 11 CC 74 15 F0 90 1B 7C E0 90 11 CD
3670H: F0 E5 0B 54 40 60 0E 90 11 CC 74 15 F0 90 1B 7C
3680H: E0 90 11 CD F0 90 00 0A 74 0A F0 74 20 F0 74 40
3690H: F0 74 05 F0 78 20 E6 90 00 05 F0 D0 07 D0 06 D0
36A0H: 05 D0 04 D0 03 D0 02 D0 01 D0 00 D0 F0 D0 82 D0
36B0H: 83 D0 E0 D0 D0 32 90 15 65 E0 64 02 60 03 02 37
36C0H: 45 90 15 42 E0 64 02 60 03 02 37 45 AF 30 12 41
36D0H: AB 36 E1 00 36 EC 01 37 15 02 37 30 03 00 00 37
36E0H: 45 E5 08 64 04 70 03 75 30 01 80 59 E5 08 64 2E
36F0H: 70 05 75 30 02 80 1C E5 08 C3 94 30 40 07 E5 08
3700H: C3 94 3A 40 0E E5 08 64 04 70 05 75 30 01 80 03
3710H: 75 30 00 80 30 E5 08 64 36 70 05 75 30 03 80 0E
3720H: E5 08 64 04 70 05 75 30 01 80 03 75 30 00 80 15
3730H: E5 08 64 04 60 06 E5 08 64 0D 70 04 D2 77 80 03
3740H: 75 30 00 80 00 90 15 69 E0 64 0B 60 08 E0 64 0C
3750H: 60 03 02 37 D9 30 71 03 02 37 D9 E5 08 64 50 70
3760H: 08 75 76 00 75 77 01 80 1A E5 77 24 B4 F5 82 E4
3770H: 34 1B F5 83 E0 65 08 70 0A 05 77 E5 77 70 02 05
3780H: 76 80 00 E5 77 64 07 45 76 70 4B D2 71 E4 F5 78
3790H: F5 79 C3 E5 79 94 07 E5 78 64 80 94 80 50 37 E5
37A0H: 79 24 B4 F5 82 E4 34 1B F5 83 E0 FF 78 7B E6 24
37B0H: 7B F5 82 E4 34 16 F5 83 EF F0 78 7D 06 78 7B E6
37C0H: 04 70 06 78 7B 76 00 80 03 78 7B 06 05 79 E5 79
37D0H: 70 02 05 78 80 BC 02 39 79 E5 09 70 06 78 7D E6
37E0H: 04 60 0B E5 09 14 70 32 78 83 E6 04 70 2C 90 11
37F0H: CC 74 15 F0 E5 09 24 7B F5 82 E4 34 1B F5 83 E0
3800H: 90 11 CD F0 E5 09 70 06 A2 6E E4 33 80 09 E5 09
3810H: 14 70 04 A2 73 E4 33 02 39 3A E5 09 70 23 78 7B
3820H: E6 24 7B F5 82 E4 34 16 F5 83 E5 08 F0 78 7D 06
3830H: 78 7B E6 04 70 06 78 7B 76 00 80 03 78 7B 06 80
3840H: 21 78 81 E6 24 7B F5 82 E4 34 18 F5 83 E5 08 F0
3850H: 78 83 06 78 81 E6 04 70 06 78 81 76 00 80 03 78
3860H: 81 06 30 76 03 02 39 3A 30 45 03 02 39 3A E5 09
3870H: 14 70 1D 90 15 69 E0 64 0A 70 15 E5 08 64 0D 60
3880H: 06 E5 08 64 04 70 06 90 11 3D E0 04 F0 02 39 34
3890H: 90 15 67 E0 65 09 70 2A 90 15 42 E0 14 70 23 90
38A0H: 1E D7 E0 65 08 60 06 E5 08 64 04 70 12 E5 08 64
38B0H: 04 70 06 90 1E D7 74 04 F0 90 15 40 E0 04 F0 02
38C0H: 39 34 30 77 18 90 15 65 E0 64 02 70 10 90 15 40
38D0H: E0 04 F0 90 15 42 74 01 F0 C2 77 80 57 30 66 18
38E0H: 90 1E D8 E0 65 08 60 06 E5 08 64 04 70 08 90 11
38F0H: 3D E0 04 F0 C2 71 80 3C 20 48 07 90 15 64 E0 14
3900H: 70 16 E5 08 64 0D 60 06 E5 08 64 04 70 0A 90 11
3910H: 3D E0 04 F0 C2 71 80 1C 90 1E D6 E0 65 08 60 0C
3920H: E5 08 64 04 60 06 E5 08 64 0D 70 08 90 11 3D E0
3930H: 04 F0 C2 71 E5 09 90 1E FF F0 E5 09 70 1C 78 7D
3940H: E6 64 EF 70 13 30 70 10 90 00 01 E0 54 04 70 08
3950H: 90 00 03 74 13 F0 80 F0 80 1F E5 09 14 70 1A 78
3960H: 83 E6 64 EF 70 13 30 75 10 90 00 09 E0 54 04 70
3970H: 08 90 00 0B 74 13 F0 80 F0 02 3A 8A E5 0A 54 01
3980H: 70 09 E5 0A 54 10 70 03 02 3A 0C E5 0A 54 01 60
3990H: 05 75 09 00 80 03 75 09 01 E5 09 70 31 20 6F 2C
39A0H: 78 80 E6 60 25 78 7F E6 24 7B F5 82 E4 34 17 F5
39B0H: 83 E0 90 00 03 F0 78 7F E6 04 70 06 78 7F 76 00
39C0H: 80 03 78 7F 06 78 80 16 80 02 C2 00 80 34 E5 09
39D0H: 14 70 2F 20 74 2C 78 86 E6 60 25 78 85 E6 24 7B
39E0H: F5 82 E4 34 19 F5 83 E0 90 00 0B F0 78 85 E6 04
39F0H: 70 06 78 85 76 00 80 03 78 85 06 78 86 16 80 02
3A00H: C2 04 78 20 E6 90 00 05 F0 02 3A 8A E5 0A 54 80
3A10H: 60 3D 90 00 04 E0 F5 0B FF 54 10 60 0A E5 0B 54
3A20H: 01 70 02 D2 4C 80 26 E5 0B 54 20 60 0A E5 0B 54
3A30H: 02 70 02 D2 4D 80 16 E5 0B 54 40 60 0A E5 0B 54
3A40H: 04 70 02 D2 4B 80 06 E5 0B 54 80 60 00 80 3B 90
3A50H: 00 05 E0 54 04 60 12 90 00 02 74 0A F0 74 20 F0
3A60H: 74 50 F0 74 40 F0 74 05 F0 90 00 05 E0 54 40 60
3A70H: 12 90 00 0A 74 0A F0 74 20 F0 74 50 F0 74 40 F0
3A80H: 74 05 F0 78 20 E6 90 00 05 F0 00 D0 07 D0 06 D0
3A90H: 05 D0 04 D0 03 D0 02 D0 01 D0 00 D0 F0 D0 82 D0
3AA0H: 83 D0 E0 D0 D0 32 EF 8A F0 A4 CE 8B F0 A4 2E FE
3AB0H: EF 8B F0 A4 FF E5 F0 2E FE 4F 22 EA 33 50 08 E4
3AC0H: C3 9B FB E4 9A FA D3 92 F0 EE 30 E7 09 B2 F0 C3
3AD0H: E4 9F FF E4 9E FE 12 3A FC 30 F0 08 C3 E4 9F FF
3AE0H: E4 9E FE 4F 22 8E F0 12 3A BB 20 F7 06 E8 FE E9
3AF0H: FF 4E 22 C3 E4 99 FF E4 98 FE 4F 22 79 00 78 00
3B00H: 7C 10 C3 EF 33 FF EE 33 FE E9 33 F9 E8 33 F8 E9
3B10H: 9B E8 9A 40 05 F8 E9 9B F9 0F DC E6 EF 4E 22 EF
3B20H: F5 82 8B F0 A4 C0 E0 EB C5 F0 CE F5 83 A4 2E FE
3B30H: E4 35 F0 CD FF 85 82 F0 EA A4 2E FE ED 35 F0 FD
3B40H: E4 33 CC 8B F0 A4 2C FC EA 8F F0 A4 2C FC E9 85
3B50H: 83 F0 A4 2C FC E8 85 82 F0 A4 2C FC 85 83 F0 EA
3B60H: A4 2D FD EC 35 F0 FC E9 85 82 F0 A4 2D FD EC 35
3B70H: F0 FC 8F F0 EB A4 2D FD EC 35 F0 FC D0 E0 FF 4D
3B80H: 4E 4C 22 75 F0 20 88 82 8B 83 E4 FB CC C0 E0 E4
3B90H: C9 CD C0 E0 E4 CA CE C0 E0 C3 EF 33 FF A8 81 E6
3BA0H: 33 F6 18 E6 33 F6 18 E6 33 F6 EB 33 FB EA 33 FA
3BB0H: E9 33 F9 EC 33 FC EB 95 83 EA 9E E9 9D EC 95 82
3BC0H: 40 0C FC EB 95 83 FB EA 9E FA E9 9D F9 0F D5 F0
3BD0H: C8 D0 E0 FE D0 E0 FD D0 E0 CC F8 EF 4E 4D 4C 22
3BE0H: 12 3B 83 E8 FC E9 FD EA FE EB FF 80 EF E8 33 50
3BF0H: 0E E4 C3 9B FB E4 9A FA E4 99 F9 E4 98 F8 D3 EC
3C00H: 30 E7 08 B3 C0 D0 12 3C 29 80 02 C0 D0 12 3B 83
3C10H: D0 F0 20 F7 01 22 F5 F0 12 3C 29 E5 F0 22 EC C0
3C20H: E0 12 3B ED 12 3B E3 80 E7 E4 C3 9F FF E4 9E FE
3C30H: E4 9D FD E4 9C FC 22 EF F4 FF EE F4 FE ED F4 FD
3C40H: EC F4 FC 4D 4E 4F 22 F5 F0 C3 EF 9B F5 83 EE 9A
3C50H: 42 83 ED 99 42 83 EC 20 F0 06 64 80 C8 64 80 C8
3C60H: 98 82 F1 30 F2 05 45 83 70 01 D3 30 F3 01 B3 E4
3C70H: 33 22 EF 2B FF EE 3A FE ED 39 FD EC 38 FC 4D 4E
3C80H: 4F 22 C3 EF 9B FF EE 9A FE ED 99 FD EC 98 FC 4D
3C90H: 4E 4F 22 EF 5B FF EE 5A FE ED 59 FD EC 58 FC 4D
3CA0H: 4E 4F 22 EF 6B FF EE 6A FE ED 69 FD EC 68 FC 4D
3CB0H: 4E 4F 22 0B 80 0E EC A2 E7 13 FC ED 13 FD EE 13
3CC0H: FE EF 13 FF DB F0 EC 4D 4E 4F 22 0B 80 0D C3 EC
3CD0H: 13 FC ED 13 FD EE 13 FE EF 13 FF DB F1 EC 4D 4E
3CE0H: 4F 22 0B 80 0D C3 EF 33 FF EE 33 FE ED 33 FD EC
3CF0H: 33 FC DB F1 EC 4D 4E 4F 22 EC 4D 70 01 22 E8 49
3D00H: 70 03 02 3E 33 12 3F 53 94 7F 40 06 28 50 09 02
3D10H: 3E 2D 28 40 03 02 3E 33 C0 E0 C0 F0 EB 4A 70 4E
3D20H: B9 80 09 D0 E0 FA D0 E0 FB 02 3E 20 EF 4E 70 18
3D30H: BD 80 08 EB FF EA FE E9 FD 80 E8 E4 F8 FC E9 8D
3D40H: F0 A4 FB E5 F0 02 3D E8 E9 8F F0 A4 FC A8 F0 E9
3D50H: 8E F0 A4 28 F8 E4 35 F0 FB E9 8D F0 A4 2B FB E4
3D60H: 35 F0 02 3D E8 E9 CD F9 EA FE EB FF 80 DA EF 4E
3D70H: 70 05 BD 80 F0 80 BC E9 C0 E0 EF 8B F0 A4 FC A8
3D80H: F0 EE 8B F0 A4 28 F8 E4 35 F0 F9 EF 8A F0 A4 28
3D90H: 4C FC E5 F0 39 F9 E4 33 F8 8B F0 ED A4 29 F9 E5
3DA0H: F0 38 F8 EE 8A F0 A4 29 F9 E5 F0 38 F8 E4 33 FB
3DB0H: 8F F0 D0 E0 FF A4 29 C5 F0 38 F8 E4 3B FB EC 60
3DC0H: 02 D2 F0 AC F0 EE 8F F0 A4 28 F8 E5 F0 3B FB E4
3DD0H: 33 F9 ED 8A F0 A4 28 F8 E5 F0 3B FB E4 39 F9 EF
3DE0H: 8D F0 A4 2B FB E5 F0 39 F5 F0 FD EB FE E8 FF D0
3DF0H: E0 FA D0 E0 FB 30 F7 07 0B EB 70 06 02 3E 2D 12
3E00H: 3E 39 02 3E 05 EC 33 50 17 8F F0 20 F0 02 60 10
3E10H: 0F EF 70 0C 0E EE 70 08 0D ED 70 04 0B EB 60 0D
3E20H: EA 33 EB 13 FC ED 23 13 FD 4C 4E 4F 22 7C 7F 74
3E30H: FF 80 02 E4 FC FD FE FF 22 C3 EC 33 FC EF 33 FF
3E40H: EE 33 FE ED 33 FD 22 C3 ED 13 FD EE 13 FE EF 13
3E50H: FF EC 13 50 02 D2 E0 FC 22 C3 E4 9F FF E4 9E FE
3E60H: E4 9D FD E4 9C FC 22 EC 4D 70 03 02 3E 33 E8 49
3E70H: 70 03 02 3E 2D 12 3F 53 E8 94 7F CC 40 06 9C 50
3E80H: 0A 02 3E 33 C3 9C 40 03 02 3E 2D F8 EB 4A 70 0C
3E90H: E9 94 80 70 07 E8 FB AA F0 02 3E 20 C0 F0 7C 00
3EA0H: 12 3F 44 50 1D 18 E8 70 05 D0 F0 02 3E 33 C3 12
3EB0H: 3E 3D EC 33 FC EF 2B FF EE 3A FE ED 39 FD E4 3C
3EC0H: FC D3 E8 C0 E0 75 F0 08 74 03 C0 E0 78 00 50 1C
3ED0H: C3 EF 9B FF EE 9A FE ED 99 FD EC 94 00 FC 50 0C
3EE0H: EF 2B FF EE 3A FE ED 39 FD E4 3C FC E8 33 F8 EF
3EF0H: 33 FF EE 33 FE ED 33 FD EC 33 FC D5 F0 12 D0 F0
3F00H: E8 C0 E0 E5 F0 14 60 12 C0 E0 75 F0 08 78 00 EC
3F10H: 20 E0 BD ED D3 30 E7 D4 80 B6 12 3F 44 4D 4E 4F
3F20H: F8 D0 E0 F4 FF D0 E0 F4 FE D0 E0 F4 FD D0 E0 FB
3F30H: D0 E0 FA E8 50 03 02 3E 20 60 03 02 3E 10 EF 54
3F40H: 01 02 3E 0E C3 EF 9B FF EE 9A FE ED 99 FD EC 94
3F50H: 00 FC 22 E9 A2 E7 D2 E7 F9 E8 33 F8 13 F5 F0 ED
3F60H: A2 E7 D2 E7 FD EC 33 FC C5 F0 13 A2 E7 30 E6 01
3F70H: B3 13 C5 F0 C3 22 E8 64 80 F8 E8 49 70 03 EC 4D
3F80H: 22 EC 4D 70 0B E8 FC E9 FD EA FE EB FF 74 01 22
3F90H: C3 EF 9B EE 9A ED 99 E8 C2 E7 F5 F0 EC C2 E7 95
3FA0H: F0 50 0E 60 0C E8 CC F8 E9 CD F9 EA CE FA EB CF
3FB0H: FB 12 3F 53 C0 E0 C0 F0 7C 00 C3 98 F8 60 5C 94
3FC0H: 18 60 0C 40 1B D0 E0 23 FA D0 E0 FB 02 3E 20 89
3FD0H: F0 EA 4B 60 03 D2 F0 E4 AC F0 F9 FA FB 02 40 1B
3FE0H: E8 30 E4 0D 8A F0 EB 60 03 D2 F0 E4 AC F0 FA C9
3FF0H: FB E8 30 E3 0D 8B F0 EC 60 02 D2 F0 AC F0 E4 C9
4000H: CA FB E8 54 07 60 14 F8 C3 E9 13 F9 EA 13 FA EB
4010H: 13 FB EC 13 50 02 D2 E0 FC D8 ED D0 E0 C0 E0 30
4020H: E7 37 C3 E4 9C FC F5 F0 EF 9B FF 42 F0 EE 9A FE
4030H: 42 F0 ED 99 FD 42 F0 D0 E0 FA D0 E0 FB E5 F0 70
4040H: 01 22 EA 23 FA ED 30 E7 03 02 3E 05 EB 14 FB 70
4050H: 03 02 3E 33 12 3E 39 80 ED EF 2B FF EE 3A FE ED
4060H: 39 FD D0 E0 23 FA D0 E0 FB 40 03 02 3E 05 12 3E
4070H: 48 0B EB 70 03 02 3E 2D 02 3E 05 ED A2 E7 D2 E7
4080H: FD E4 CC 33 92 F0 C3 94 7F 50 03 02 3E 33 F5 83
4090H: 94 1F 40 05 60 11 02 3E 2D F4 04 F5 83 EC 54 FE
40A0H: FC 12 3E 47 D5 83 F6 EC CF CE CD CC 30 F0 03 12
40B0H: 3E 59 ED 02 3E 29 EC 30 E7 07 D2 F0 12 3E 59 80
40C0H: 02 C2 F0 EC 4D 4E 4F 70 01 22 75 83 96 EC 70 0E
40D0H: ED 20 E7 1C 15 83 12 3E 39 30 E7 F8 80 12 EC 05
40E0H: 83 C3 13 FC ED 13 FD EE 13 FE EF 13 FF EC 70 EF
40F0H: A2 F0 E5 83 13 FC ED 92 E7 FD 44 01 22 E8 30 E7
4100H: 1C C3 80 35 F4 D3 80 31 F5 F0 C3 EC 30 E7 EE E8
4110H: 30 E7 F1 30 F1 03 63 F0 0C E8 54 7F F8 EC 4D 70
4120H: 02 FE FF E8 49 70 02 FA FB EF 9B F5 83 EE 9A 42
4130H: 83 ED 99 42 83 EC 54 7F 98 82 F1 30 F2 05 45 83
4140H: 70 01 D3 30 F3 01 B3 E4 33 22 D0 83 D0 82 C3 E4
4150H: 93 A3 CF 9F FF E4 93 A3 CE 9E FE 93 A3 CD 9D 70
4160H: 45 E4 93 A3 CC 9C 70 3F 80 11 D0 83 D0 82 C3 E4
4170H: 93 A3 CF 9F FF E4 93 A3 CE 9E FE 20 E7 29 C3 E4
4180H: 93 A3 9F E4 93 A3 9E 20 E7 12 A3 A3 EF 2F 50 02
4190H: 05 83 25 82 F5 82 E5 83 3E 2E F5 83 74 01 93 C0
41A0H: E0 E4 93 C0 E0 22 A3 A3 A3 80 F1 D0 83 D0 82 E4
41B0H: 93 70 09 74 01 93 70 04 A3 A3 80 0B 74 02 93 6F
41C0H: 60 05 A3 A3 A3 80 E8 74 01 93 C0 E0 E4 93 C0 E0
41D0H: 22 8A 83 8B 82 B9 00 05 A8 82 E6 80 10 B9 01 03
41E0H: E0 80 0A B9 02 04 E4 93 80 03 A8 82 E2 A3 AA 83
41F0H: AB 82 FC 8E 83 8F 82 BD 00 05 A8 82 E6 80 10 BD
4200H: 01 03 E0 80 0A BD 02 04 E4 93 80 03 A8 82 E2 A3
4210H: AE 83 AF 82 C3 9C 70 06 BC 00 B6 FF FE 22 FF E4
4220H: 94 00 FE 4F 22 0C 8C F0 C0 E0 D0 E0 70 06 D5 F0
4230H: 03 FE FF 22 14 C0 E0 8A 83 8B 82 B9 00 05 A8 82
4240H: E6 80 10 B9 01 03 E0 80 0A B9 02 04 E4 93 80 03
4250H: A8 82 E2 A3 AA 83 AB 82 FC 8E 83 8F 82 BD 00 05
4260H: A8 82 E6 80 10 BD 01 03 E0 80 0A BD 02 04 E4 93
4270H: 80 03 A8 82 E2 A3 AE 83 AF 82 C3 9C 70 08 BC 00
4280H: A9 FF FE D0 F0 22 FF E4 94 00 FE 4F D0 F0 22 8A
4290H: 83 8B 82 B9 00 05 A8 82 E6 80 10 B9 01 03 E0 80
42A0H: 0A B9 02 04 E4 93 80 03 A8 82 E2 A3 AA 83 AB 82
42B0H: 8E 83 8F 82 BD 00 05 A8 82 F6 80 09 BD 01 03 F0
42C0H: 80 03 A8 82 F2 70 01 22 A3 AE 83 AF 82 80 C0 0C
42D0H: 8C F0 C0 E0 D0 E0 70 04 D5 F0 01 22 14 C0 E0 8A
42E0H: 83 8B 82 B9 00 05 A8 82 E6 80 10 B9 01 03 E0 80
42F0H: 0A B9 02 04 E4 93 80 03 A8 82 E2 A3 AA 83 AB 82
4300H: 8E 83 8F 82 BD 00 05 A8 82 F6 80 09 BD 01 03 F0
4310H: 80 03 A8 82 F2 A3 AE 83 AF 82 70 B8 BB 00 01 1A
4320H: 1B 80 B1 0C 8C F0 FC BC 00 04 D5 F0 01 22 1C 8A
4330H: 83 8B 82 B9 00 05 A8 82 E6 80 10 B9 01 03 E0 80
4340H: 0A B9 02 04 E4 93 80 03 A8 82 E2 A3 AA 83 AB 82
4350H: 8E 83 8F 82 BD 00 05 A8 82 F6 80 09 BD 01 03 F0
4360H: 80 03 A8 82 F2 A3 AE 83 AF 82 80 BB EE C0 E0 EF
4370H: C0 E0 B9 00 06 EB F8 E6 0B 80 1F B9 01 0C 8A 83
4380H: 8B 82 E0 A3 AA 83 AB 82 80 10 B9 02 08 8A 83 8B
4390H: 82 E4 93 80 EE EB F8 E2 80 DE BD 00 12 F8 EF C8
43A0H: F6 08 0F DC CD D5 F0 CA D0 E0 FF D0 E0 FE 22 BD
43B0H: 01 0C 8E 83 8F 82 F0 A3 AE 83 AF 82 80 E5 F8 EF
43C0H: C8 F2 80 DD 2B FB 50 01 0A E9 C0 E0 EA C0 E0 EB
43D0H: C0 E0 74 EE C0 E0 74 43 C0 E0 C0 82 C0 83 EF C0
43E0H: E0 EE C0 E0 12 45 1A D0 E0 FA D0 E0 FB 22 D0 E0
43F0H: FB D0 E0 FA D0 E0 F9 02 44 5E 2B FB 50 01 0A E9
4400H: C0 E0 EA C0 E0 EB C0 E0 74 30 C0 E0 74 44 C0 E0
4410H: C0 82 C0 83 EF C0 E0 EE C0 E0 ED C0 E0 EC C0 E0
4420H: 12 45 D5 D0 E0 F8 D0 E0 F9 D0 E0 FA D0 E0 FB 22
4430H: D0 E0 FB D0 E0 FA D0 E0 F9 02 44 B7 2B FB 50 01
4440H: 0A EF FF B9 00 05 F8 EB C8 F6 22 B9 01 06 8A 83
4450H: 8B 82 F0 22 F8 EB C8 F2 22 2B FB 50 01 0A B9 00
4460H: 09 EB F8 EE F6 08 EF F6 4E 22 B9 01 0B 8A 83 8B
4470H: 82 EE F0 A3 EF F0 4E 22 EB F8 EE F2 08 EF F2 4E
4480H: 22 2B FB 50 01 0A B9 00 0C EB F8 ED F6 08 EE F6
4490H: 08 EF F6 4E 22 B9 01 0E 8A 83 8B 82 ED F0 EE A3
44A0H: F0 EF A3 F0 4E 22 EB F8 ED F2 EE 08 F2 EF 08 F2
44B0H: 4E 22 2B FB 50 01 0A B9 00 11 EB F8 EC F6 08 ED
44C0H: F6 08 EE F6 08 EF F6 4C 4D 4E 22 B9 01 11 8A 83
44D0H: 8B 82 EC F0 ED A3 F0 EE A3 F0 EF A3 F0 80 E8 EB
44E0H: F8 EC F2 ED 08 F2 EE 08 F2 EF 08 F2 80 D9 2B FB
44F0H: 50 01 0A B9 00 05 EB F8 E6 FF 22 B9 01 07 8A 83
4500H: 8B 82 E0 FF 22 B9 02 08 8A 83 8B 82 E4 93 FF 22
4510H: EB F8 E2 FF 22 2B FB 50 01 0A B9 00 09 EB F8 E6
4520H: FE 08 E6 FF 4E 22 B9 01 0A 8A 83 8B 82 E0 FE A3
4530H: E0 80 F0 B9 02 0C 8A 83 8B 82 E4 93 FE 74 01 93
4540H: 80 E1 EB F8 E2 FE 08 E2 80 D9 2B FB 50 01 0A B9
4550H: 00 0B EB F8 E6 F9 08 E6 FA 08 E6 FB 22 B9 01 0D
4560H: 8A 83 8B 82 E0 F9 A3 E0 FA A3 E0 FB 22 B9 02 10
4570H: 8A 83 8B 82 E4 93 F9 74 01 93 FA 74 02 93 FB 22
4580H: EB F8 E2 F9 08 E2 FA 08 E2 FB 22 2B FB 50 01 0A
4590H: B9 00 0C EB F8 E6 FD 08 E6 FE 08 E6 FF 4E 22 B9
45A0H: 01 0E 8A 83 8B 82 E0 FD A3 E0 FE A3 E0 FF 4E 22
45B0H: B9 02 11 8A 83 8B 82 E4 93 FD 74 01 93 FE 74 02
45C0H: 93 FF 4E 22 EB F8 E2 FD 08 E2 FE 08 E2 FF 4E 22
45D0H: 2B FB 50 01 0A B9 00 11 EB F8 E6 FC 08 E6 FD 08
45E0H: E6 FE 08 E6 FF 4E 4D 4C 22 B9 01 10 8A 83 8B 82
45F0H: E0 FC A3 E0 FD A3 E0 FE A3 E0 80 E8 B9 02 14 8A
4600H: 83 8B 82 E4 93 FC 74 01 93 FD 74 02 93 FE 74 03
4610H: 93 80 D1 EB F8 E2 FC 08 E2 FD 08 E2 FE 08 E2 80
4620H: C3 C0 E0 8F F0 A4 2B FB E5 F0 3A FF D0 F0 EE A4
4630H: 2F FA 22 92 F7 2B FB 50 01 0A A2 F7 7D 01 7C 00
4640H: 40 03 1C 7D FF 12 45 1A EF 2D FF EE 3C FE 12 44
4650H: 5E 22 CF C0 E0 EE C0 E0 ED C0 E0 E5 82 CF AE 83
4660H: 12 46 82 80 10 EF C0 E0 EE C0 E0 ED C0 E0 AF 82
4670H: AE 83 12 46 87 D0 E0 CD F9 D0 E0 CE FA D0 E0 CF
4680H: FB 22 2B FB 50 01 0A 85 82 F0 C0 83 12 45 90 D0
4690H: 83 C0 E0 EF 25 F0 8F F0 FF EE 35 83 CE C0 E0 12
46A0H: 44 86 AF F0 D0 E0 FE D0 E0 22 92 F7 2B FB 50 01
46B0H: 0A A2 F7 E4 75 F0 01 40 04 14 75 F0 FF C0 E0 C0
46C0H: E0 C0 E0 12 45 D5 E5 F0 2F FF D0 E0 3E FE D0 E0
46D0H: 3D FD D0 E0 3C FC 12 44 B7 22 CF C0 E0 EE C0 E0
46E0H: ED C0 E0 E5 82 CF AE 83 12 47 0A 80 10 EF C0 E0
46F0H: EE C0 E0 ED C0 E0 AF 82 AE 83 12 47 0F D0 E0 CD
4700H: F9 D0 E0 CE FA D0 E0 CF FB 22 2B FB 50 01 0A 85
4710H: 82 F0 AC 83 12 45 90 EF 25 F0 FF EE 3C FE 12 44
4720H: 86 22 25 64 00 25 64 00 30 31 32 33 34 35 36 37
4730H: 38 39 00 25 75 0A 00 00 00 2D 2E 30 31 32 33 34
4740H: 35 36 37 38 39 00 42 00 30 31 32 33 34 35 36 37
4750H: 38 39 00 25 64 00 25 64 3B 25 64 3B 25 64 3B 25
4760H: 64 3B 25 64 3B 25 64 00 56 2C 31 30 3D 31 00 56
4770H: 2C 31 33 3D 25 64 00 25 64 3B 25 64 3B 25 64 3B
4780H: 25 64 3B 25 64 00 56 2C 32 30 31 3D 25 73 00 56
4790H: 2C 32 30 32 3D 25 73 00 4C 56 3D 30 00 4F 56 2A
47A0H: 00 36 30 31 00 36 30 32 00 38 31 36 00 38 31 37
47B0H: 00 38 31 38 00 38 31 39 00 44 2C 39 3D 00 44 2C
47C0H: 39 30 3D 00 53 00 42 00 30 00 31 00 4D 53 32 00
47D0H: 4D 53 00 20 00 00 00 04 00 10 00 61 00 0A 00 C0
47E0H: 00 D8 00 4D 54 32 00 4D 54 00 FF 00 C1 00 D9 00
47F0H: 4D 53 52 32 00 4D 53 52 00 E1 00 4D 46 32 00 4D
4800H: 46 00 08 00 41 00 1A 00 46 00 4D 44 32 00 25 75
4810H: 00 50 4B 00 4D 4B 32 00 4D 4B 00 81 00 47 00 4D
4820H: 5A 00 47 4B 00 25 64 00 2D 30 31 32 33 34 35 36
4830H: 37 38 39 2E 00 30 31 32 33 34 35 36 37 38 39 00
4840H: 32 00 32 30 30 00 30 2E 30 30 33 00 4E 00 00 44
4850H: 2C 25 64 3D 25 73 00 44 2C 25 64 3D 25 73 0D 00
4860H: 25 73 44 2C 25 64 3D 25 73 00 25 63 2C 25 64 3D
4870H: 00 25 63 2C 25 64 3D 25 73 00 57 25 64 3D 00 52
4880H: 25 64 00 72 73 65 72 72 3A 20 25 75 20 28 73 74
4890H: 61 74 75 73 29 0A 00 30 2E 25 64 00 25 75 00 25
48A0H: 75 2E 25 75 00 25 64 00 25 6C 69 2E 25 30 35 6C
48B0H: 69 00 25 6C 69 2E 25 30 36 6C 69 00 25 31 2E 36
48C0H: 66 00 33 32 3D 25 64 00 00 25 75 00 0A 00 25 64
48D0H: 3D 00 25 63 2C 25 64 3D 00 43 52 43 3D 25 75 3B
48E0H: 25 75 3B 25 75 3B 25 75 00 4F 56 2A 00 4C 56 3D
48F0H: 30 00 52 23 43 52 43 00 31 36 38 3D 00 31 36 39
4900H: 3D 00 25 75 00 25 69 00 25 6C 69 00 25 6C 75 00
4910H: 25 31 2E 34 66 00 41 54 4B 34 00 4C 54 32 00 48
4920H: 00 38 31 36 00 38 31 37 00 38 31 38 00 38 31 39
4930H: 00 00 4C 54 30 00 4F 00 32 34 30 0A 00 30 31 32
4940H: 33 34 35 36 37 38 39 00 30 31 32 33 34 35 36 37
4950H: 38 39 41 42 43 44 45 46 00 51 00 50 56 2C 36 3D
4960H: 25 64 00 50 56 2C 31 33 3D 23 31 00 25 75 3D 00
4970H: 25 63 2C 25 75 3D 00 30 31 32 34 35 36 37 38 39
4980H: 00 32 00 32 30 30 00 41 2C 32 32 3D 25 75 0A 00
4990H: 32 34 30 2E 38 25 63 25 63 00 30 31 32 33 34 35
49A0H: 36 37 38 39 2E 00 30 31 32 33 34 35 36 37 38 39
49B0H: 2E 23 3A 4D 46 00 51 00 48 25 30 32 75 00 56 25
49C0H: 30 32 75 00 32 35 30 3D 00 4C 54 30 00 4C 54 31
49D0H: 00 4C 54 32 00 30 00 37 00 31 00 4A 00 49 00 30
49E0H: 31 32 33 34 35 36 37 38 39 00 49 00 52 00 30 31
49F0H: 32 33 34 35 36 37 38 39 00 00 00 00 00 00 31 23
4A00H: 00 30 31 32 33 34 35 36 37 38 39 00 43 31 00 53
4A10H: 46 41 45 3D 31 00 53 46 41 3D 31 00 32 35 30 3D
4A20H: 32 00 31 36 35 3D 00 31 36 36 3D 00 50 56 2C 37
4A30H: 3D 23 25 31 2E 34 66 3A 30 00 32 35 30 3D 30 00
4A40H: 50 56 2C 37 3D 25 66 31 2E 34 23 25 66 00 51 00
4A50H: 51 00 43 31 00 00 00 00 00 00 31 36 35 3D 00 31
4A60H: 36 36 3D 00 50 56 2C 37 3D 25 31 2E 34 66 3A 30
4A70H: 30 23 25 31 2E 34 66 3A 30 30 00 4D 42 00 25 73
4A80H: 00 2E 00 25 73 30 00 39 3D 00 43 32 00 50 56 2C
4A90H: 37 3D 4D 25 31 2E 34 66 3A 30 30 23 25 31 2E 34
4AA0H: 66 3A 30 30 00 31 39 30 3D 25 66 0A 31 39 31 3D
4AB0H: 25 66 00 25 63 2C 31 39 30 3D 25 66 0A 25 63 2C
4AC0H: 31 39 31 3D 25 66 00 25 75 00 25 75 2E 25 75 00
4AD0H: 31 39 32 3D 25 66 0A 31 39 33 3D 25 66 00 25 63
4AE0H: 2C 31 39 32 3D 25 66 0A 25 63 2C 31 39 33 3D 25
4AF0H: 66 00 32 31 30 3D 25 66 0A 32 31 31 3D 25 66 00
4B00H: 25 63 2C 32 31 30 3D 25 66 0A 25 63 2C 32 31 31
4B10H: 3D 25 66 00 32 31 32 3D 25 66 00 25 63 2C 32 31
4B20H: 32 3D 25 66 00 25 6C 64 2E 30 30 30 30 30 25 67
4B30H: 00 25 6C 64 2E 30 30 30 30 25 67 00 25 6C 64 2E
4B40H: 30 30 30 25 67 00 25 6C 64 2E 30 30 25 67 00 25
4B50H: 6C 64 2E 30 25 67 00 25 6C 64 2E 25 67 00 51 00
4B60H: 43 31 00 52 46 41 45 00 52 46 41 00 4D 42 00 43
4B70H: 32 00 46 41 45 00 46 41 00 36 35 3D 25 30 2E 32
4B80H: 66 0A 36 36 3D 25 30 2E 32 66 0A 36 37 3D 25 30
4B90H: 2E 32 66 0A 36 38 3D 25 30 2E 32 66 00 25 63 2C
4BA0H: 36 35 3D 25 30 2E 32 66 0A 25 63 2C 36 36 3D 25
4BB0H: 30 2E 32 66 0A 25 63 2C 36 37 3D 25 30 2E 32 66
4BC0H: 0A 25 63 2C 36 38 3D 25 30 2E 32 66 00 25 63 2C
4BD0H: 36 35 3D 25 73 0A 00 25 63 2C 36 36 3D 25 73 0A
4BE0H: 00 43 25 75 20 53 25 75 20 44 25 75 00 30 00 31
4BF0H: 00 32 00 33 00 34 00 35 00 25 75 0A 00 00 78 30
4C00H: 30 00 32 35 30 3D 50 00 31 36 38 3D 00 0A 00 00
4C10H: 50 56 2C 37 3D 25 31 2E 34 66 00 31 30 37 3D 00
4C20H: 31 30 38 3D 00 50 56 2C 37 3D 25 73 00 41 2C 32
4C30H: 32 3D 25 75 0A 00 25 75 0A 00 41 54 5A 00 38 32
4C40H: 38 00 38 32 30 00 61 62 41 42 30 31 32 33 34 35
4C50H: 36 37 38 39 00 31 00 30 00 57 47 2C 37 38 3D 31
4C60H: 2E 38 2E 30 2E 39 36 30 30 0A 00 57 47 2C 37 38
4C70H: 3D 31 2E 38 2E 30 2E 31 39 32 30 30 0A 00 51 00
4C80H: 43 31 00 52 46 25 63 25 63 00 06 00 32 34 30 0A
4C90H: 00 30 32 34 36 00 52 47 00 50 56 2C 36 3D 35 00
4CA0H: 50 56 2C 31 33 00 30 2E 38 3E 00 50 3D 00 41 54
4CB0H: 5A 31 00 30 31 32 33 34 35 36 37 38 39 3A 00 56
4CC0H: 2C 25 64 3D 00 38 31 36 00 38 31 37 00 38 31 38
4CD0H: 00 38 31 39 00 25 69 00 44 2C 38 3D 25 75 00 4C
4CE0H: 54 30 00 4F 00 44 00 56 2C 31 30 3D 31 00 38 00
4CF0H: 33 32 3D 25 75 00 56 2C 31 32 3D 32 00 56 2C 31
4D00H: 31 3D 25 75 00 56 2C 31 32 3D 31 00 50 56 70 76
4D10H: 42 62 00 30 2E 36 0A 00 41 54 53 33 3D 31 33 00
4D20H: 41 54 53 33 3D 25 75 00 41 54 53 31 30 30 3F 00
4D30H: 41 54 53 31 30 31 3F 00 41 54 24 24 43 25 64 00
4D40H: 41 54 53 25 64 3D 25 64 00 41 54 4B 34 00 41 54
4D50H: 24 24 53 59 53 3D 32 31 00 41 54 4F 00 41 54 53
4D60H: 33 36 3D 31 30 00 41 54 24 24 53 59 53 3D 37 00
4D70H: 2E 36 00 41 54 53 35 31 3D 25 64 00 41 54 53 35
4D80H: 32 3D 25 64 00 41 54 4B 31 30 00 41 54 53 33 3D
4D90H: 34 00 38 31 36 00 38 31 37 00 38 31 38 00 38 31
4DA0H: 39 00 41 54 41 00 32 34 30 2E 38 00 32 34 30 0A
4DB0H: 00 32 34 30 2E 38 25 63 00 41 54 49 30 00 41 54
4DC0H: 49 32 00 41 54 53 36 30 3F 00 41 54 53 25 75 3F
4DD0H: 00 25 63 2C 25 64 3D 25 73 00 25 63 2C 25 64 3D
4DE0H: 00 25 73 00 41 54 53 25 75 3D 25 73 00 25 64 00
4DF0H: 30 31 32 33 34 35 36 37 38 39 00 25 63 2C 25 64
4E00H: 3D 00 32 35 30 3D 25 75 00 00 00 00 00 00 25 64
4E10H: 00 25 75 00 51 00 FA 01 51 00 30 31 32 33 34 35
4E20H: 36 37 38 39 00 38 31 36 00 38 31 37 00 38 31 38
4E30H: 00 38 31 39 00 25 75 00 25 75 00 30 31 32 33 34
4E40H: 35 36 37 38 39 00 25 75 00 36 31 36 2D 00 36 30
4E50H: 31 00 36 30 32 00 30 31 32 33 34 35 36 37 38 39
4E60H: 00 25 32 6C 75 2E 25 32 6C 75 00 25 66 00 25 34
4E70H: 2E 31 66 00 25 34 2E 32 66 00 42 33 00 38 31 36
4E80H: 00 38 31 37 00 38 31 38 00 38 31 39 00 41 25 64
4E90H: 00 25 64 00 30 31 32 33 34 35 36 37 38 39 00 25
4EA0H: 75 00 00 25 63 2C 25 64 3D 00 30 31 32 33 34 35
4EB0H: 36 37 38 39 41 42 43 44 45 46 00 28 6E 75 6C 6C
4EC0H: 20 70 6F 69 6E 74 65 72 29 00 30 31 32 33 34 35
4ED0H: 36 37 38 39 61 62 63 64 65 66 00 3F 3F 3F 00 8C
4EE0H: 4D 03 9E AD 3E 03 A6 B3 B0 05 43 AC 5F 05 49 B0
4EF0H: 70 05 5C AF 8D 05 62 EA 1C 00 23 EB 36 05 69 EC
4F00H: 0B 00 30 F9 BD 05 6D FD E1 05 71 B1 5E 05 75 95
4F10H: 2E 05 79 94 C8 05 7D 84 DA 06 A8 DA D6 06 B2 D8
4F20H: 65 06 BC DD 7D 06 C2 DC 8F 06 C8 DD 06 06 CE 86
4F30H: 4C 06 D3 85 FF 06 D7 85 03 06 DB 85 99 06 DF E6
4F40H: 93 06 FD B3 55 00 39 B4 EC 00 4A B3 1E 07 08 BF
4F50H: 2C 00 4E B9 04 0A 3F B8 37 00 4F A1 8B 0A 50 97
4F60H: 28 0A 54 C0 10 0A 76 FF 6F 00 68 FD 70 0A 7C F8
4F70H: F1 0A 99 D9 F4 0A 9F 89 0E 0A B4 90 8D 00 6B 8F
4F80H: BA 00 71 8E D8 00 72 F9 D1 0A D0 F1 BC 0A D1 F2
4F90H: 8F 00 77 F3 1E 0A D4 F5 0A 0A EF F6 A5 0A F1 F7
4FA0H: 98 0B 07 F8 C9 0B 09 F9 23 0B 09 F9 6D 00 77 E9
4FB0H: 58 0B 1E B2 C2 0B 21 88 B7 00 7F 89 AB 0B 26 8B
4FC0H: A3 0B 2E 93 30 00 81 94 29 0B CA 87 51 0B CA 80
4FD0H: 23 0B CC B1 CD 0B CF B2 2D 00 81 E1 29 00 81 E0
4FE0H: BA 00 84 D9 5D 0B E3 D2 F6 0C 04 FD 25 0C 12 D1
4FF0H: 82 0C 17 CC A3 00 8C CD 55 0C 2B CF 01 00 8E CF
5000H: 73 0C 2E D0 F3 00 AA C9 26 0C 3F 95 94 0C 46 A8
5010H: C9 0C 49 A7 25 00 C0 A6 A0 00 C0 9A 07 00 C3 98
5020H: C2 00 C4 98 9B 00 C4 93 F2 00 C7 92 86 00 C8 92
5030H: 5F 00 C8 A6 74 00 CB A5 EB 00 CC A5 8C 00 CC FF
5040H: EE 00 CF FC 03 0C 61 FB AB 00 D0 DF FC 0C 79 AF
5050H: B5 0C 7D C7 CB 0C 80 C6 03 0C 92 C4 24 0C 96 AA
5060H: A7 00 D3 AA 84 00 EC A9 EF 01 FD CF 62 0C A2 F0
5070H: 77 0C AC F1 D6 02 1C 9B E7 0C B4 9C FF 0C BC 9A
5080H: E5 0C C2 9B 9D 0C C6 A3 E8 0C CA AA 2A 0C D0 A6
5090H: 35 02 27 A4 2C 0C D4 AE 4A 0C D8 A2 F2 0C E0 F5
50A0H: A8 0D 04 F4 D6 0D 08 F4 8C 0D 0C F4 42 0D 10 E8
50B0H: DE 02 96 EA 98 0D 14 AD B1 0D 1C AB E9 0D 24 AC
50C0H: CD 0D 2C AA 47 0D 34 AB 12 0D 3C DF 93 0D 42 F4
50D0H: D4 02 9A F2 59 0D 46 F4 7D 0D 4A F3 5A 0D 50 AF
50E0H: 42 02 A1 AD C0 02 A5 00 78 00 00 00 00 25 80 00
50F0H: 00 00 13 13 00 01 02 63 F6 01 13 13 00 01 02 64
5100H: 05 02 13 13 FF FF 02 64 0E 03 13 13 00 01 02 64
5110H: 17 04 13 13 00 01 02 64 20 06 4C 4B 00 01 02 64
5120H: 7D 07 13 13 00 01 02 64 2F 08 13 13 00 01 02 64
5130H: 38 09 13 13 00 01 02 64 41 0C 26 26 FF FF 02 64
5140H: 50 0D BE BC 00 01 02 64 7D 0E 4C 4B 00 01 02 64
5150H: A4 0F 4C 4B 00 01 02 64 B3 10 13 13 00 01 02 64
5160H: BC 11 13 13 00 01 02 64 C5 14 4C 4B 00 01 02 64
5170H: E0 15 13 13 00 01 02 64 E9 16 BE BC 00 00 02 64
5180H: F8 17 26 26 00 00 02 65 07 18 26 26 00 00 02 65
5190H: 16 19 26 26 00 00 02 65 25 1A 26 26 00 00 02 65
51A0H: 25 1B 26 26 00 00 02 65 25 1C 26 26 00 00 02 65
51B0H: 25 1D 26 26 00 01 02 65 34 1E 13 13 00 02 02 65
51C0H: 3D 1F 13 13 00 01 02 65 46 20 00 00 00 01 02 65
51D0H: 55 21 26 26 FF FF 02 65 64 22 13 13 00 02 02 65
51E0H: 6D 00 00 00 00 07 00 FF FF FF FF FF FF 01 FF FF
51F0H: 02 65 D9 02 65 DC 02 65 E3 02 65 E6 02 65 EB 02
5200H: 65 F0 02 65 F5 02 65 F8 03 01 06 01 06 04 03 00
5210H: 00 00 00 00 00 00 00 00 00 00 00 00 64 50 56 2C
5220H: 32 38 3D 31 00 00 00 01 66 67 68 6A DD 6B 6C 6D
5230H: 6E 6F 79 8A 91 92 93 94 A7 B7 D2 D4 D6 D7 D8 D9
5240H: DA DB DC 70 00 71 00 D1 00 70 01 71 01 77 01 7A
5250H: 01 7B 01 7F 01 80 01 91 01 92 01 96 01 98 01 D1
5260H: 01 D4 01 D5 01 05 00 00 00 00 00 05 00 00 00 00
5270H: 00 01 14 02 14 03 23 04 1E 1E 00 1F 21 3D 00 01
5280H: 14 02 14 03 23 04 1E 50 56 2C 30 00 07 08 09 07
5290H: 08 43 56 41 44 53 54 47 58 4E 00 FF 08 0F 07 0C
52A0H: 0D 00 06 09 00 02 91 FF 02 93 FF 02 BB 18 02 BC
52B0H: 18 02 BD 18 02 BE 18 03 70 05 03 71 05 03 96 10
52C0H: 03 98 08 03 D4 05 03 D5 05 04 66 2D 04 69 6D 04
52D0H: 6A 6D 04 6B 6D 04 6C 6D 04 6D 6D 0D 00 63 FF FF
52E0H: 01 11 32 14 00 08 FF FF 01 1E 15 15 00 2B FF FF
52F0H: 01 1E 05 1F 00 43 FF FF 01 1E FE 20 00 6D FF FF
5300H: 03 50 87 21 00 63 FF FF 01 16 6A 28 00 2C 00 01
5310H: 01 1C FA 29 00 2C 00 01 01 1D 0B 2A 00 2C 00 01
5320H: 01 1D 1C 2B 00 2C 00 01 01 1D 2D 2C 00 2C 00 01
5330H: 01 1D 3E 2D 00 2C 00 01 01 1D 4F 2E 00 2C 00 01
5340H: 01 1D 60 2F 00 2C 00 01 01 1D 71 30 00 2C 00 01
5350H: 01 1D 82 31 00 2C FF FF 01 1D 93 32 00 28 00 01
5360H: 01 1D A4 33 00 28 00 01 01 1D A8 34 00 23 FF FF
5370H: 01 1D AC 35 00 2C FF FF 01 1D AD 36 00 2C FF FF
5380H: 01 1D BE 37 00 2C 00 01 01 1D CF 38 00 23 FF FF
5390H: 01 1A 7F 3C 00 28 FF FF 01 1D E0 3D 00 28 FF FF
53A0H: 01 1D E4 3E 00 28 FF FF 01 1D E8 3F 00 28 FF FF
53B0H: 01 1D EC 41 00 08 00 01 01 1E 75 42 00 08 00 01
53C0H: 01 1E 79 43 00 08 00 01 01 1E 7D 44 00 08 00 01
53D0H: 01 1E 81 45 00 08 FF FF 01 1E 89 46 00 38 FF FF
53E0H: 01 27 BA 47 00 38 FF FF 01 27 BE 48 00 63 FF FF
53F0H: 01 1E AB 49 00 38 FF FF 01 27 C2 4F 00 23 FF FF
5400H: 01 1E D8 51 00 0D FF FF 03 50 AF 53 00 0C FF FF
5410H: 01 21 DE 63 00 33 FF FF 01 21 EF 64 00 34 FF FF
5420H: 01 21 F0 65 00 3C FF FF 01 21 F2 66 00 0D FF FF
5430H: 04 4E F7 67 00 0D FF FF 04 4E FB 6B 00 0D FF FF
5440H: 04 50 6F 6C 00 0D FF FF 04 50 73 6D 00 3C FF FF
5450H: 01 22 25 6E 00 4C FF FF 02 67 02 6F 00 3C FF FF
5460H: 01 22 36 70 00 43 FF FF 00 00 00 71 00 4C FF FF
5470H: 02 66 F1 72 00 24 FF FF 01 1D F0 73 00 04 FF FF
5480H: 01 1D F2 74 00 04 FF FF 01 1D F4 75 00 04 FF FF
5490H: 01 1C 15 76 00 0D FF FF 05 50 97 77 00 0D FF FF
54A0H: 05 4E DF 78 00 0D FF FF 04 50 C7 79 00 0D FF FF
54B0H: 04 50 BB 7A 00 0D FF FF 04 50 C3 7B 00 0D FF FF
54C0H: 04 50 B7 7C 00 33 FF FF 01 27 C6 7D 00 0D FF FF
54D0H: 04 50 BF 80 00 3C FF FF 01 22 03 81 00 3C FF FF
54E0H: 01 22 14 82 00 3C FF FF 01 22 47 83 00 3C FF FF
54F0H: 01 22 58 84 00 3C FF FF 01 21 25 85 00 3C FF FF
5500H: 01 22 69 86 00 3C FF FF 01 22 7A 87 00 3C FF FF
5510H: 01 22 8B 88 00 3C FF FF 01 22 9C 89 00 3C FF FF
5520H: 01 22 AD 8F 00 0D FF FF 02 50 AB 90 00 0D FF FF
5530H: 02 50 A3 92 00 3D FF FF 04 50 CB 93 00 3D FF FF
5540H: 03 4E EB 94 00 3D FF FF 03 50 8B 95 00 0D FF FF
5550H: 01 4F 23 96 00 0D FF FF 05 4F 17 97 00 33 FF FF
5560H: 01 21 00 98 00 2D FF FF 04 4F 3F 99 00 35 00 01
5570H: 01 22 BE 9A 00 0D FF FF 04 4E FF A0 00 0D FF FF
5580H: 04 50 DB A1 00 2D FF FF 04 50 D3 A2 00 0D FF FF
5590H: 04 50 D7 A3 00 0D FF FF 04 50 CF A4 00 3C FF FF
55A0H: 01 1C 1B A5 00 64 FF FF 01 1C 2C AD 00 0D FF FF
55B0H: 02 50 A7 AE 00 0D FF FF 02 50 9F BB 00 08 FF FF
55C0H: 01 1E 11 BD 00 2D FF FF 03 50 93 BE 00 2B FF FF
55D0H: 01 1C 02 BF 00 2B FF FF 01 1C 06 C0 00 28 FF FF
55E0H: 01 1B EA C1 00 28 FF FF 01 1B EE C2 00 2B FF FF
55F0H: 01 1B DD C3 00 28 FF FF 01 1B E2 C4 00 28 FF FF
5600H: 01 1B E6 C8 00 0D FF FF 04 4F 47 C9 00 6D FF FF
5610H: 05 4F 13 CA 00 6D FF FF 05 4F 0F D2 00 33 FF FF
5620H: 01 21 14 D3 00 34 FF FF 01 21 15 D4 00 33 FF FF
5630H: 01 21 17 D5 00 34 FF FF 01 21 18 D6 00 33 FF FF
5640H: 01 21 1A D7 00 3D FF FF 04 4F 0B D8 00 3D FF FF
5650H: 02 4F 07 DB 00 04 FF FF 01 1C 11 DC 00 04 FF FF
5660H: 01 1C 13 DF 00 0B FF FF 01 1C 17 E7 00 0B FF FF
5670H: 01 11 10 E9 00 24 FF FF 01 1C 2E EA 00 04 FF FF
5680H: 01 1D F6 F0 00 0D FF FF 04 4F 37 FF 80 3D FF FF
5690H: 04 50 9B 07 00 4B 00 00 01 13 E5 08 00 4B 00 00
56A0H: 01 13 E9 09 00 49 00 00 01 13 ED 0D 00 43 00 00
56B0H: 01 11 32 15 00 0B 00 00 01 1E 05 1E 00 0D 00 00
56C0H: 01 4F 1F 20 00 0D 00 00 04 4F 2F 37 00 4D 00 00
56D0H: 04 4F 3B 4F 00 03 00 00 01 1E D8 5A 00 0C 00 00
56E0H: 01 1C 50 5B 00 0C 00 00 01 1C 61 5C 00 0C 00 00
56F0H: 01 1C 72 5D 00 0C 00 00 01 1C 83 5E 00 0C 00 00
5700H: 01 1C 94 5F 00 0C 00 00 01 1C A5 60 00 0C 00 00
5710H: 01 1C B6 61 00 0C 00 00 01 1C C7 62 00 0C 00 00
5720H: 01 1C D8 63 00 0C 00 00 01 1C E9 66 00 0D 00 00
5730H: 03 4E EF 67 00 0D 00 00 03 4E E7 7B 00 0D 00 00
5740H: 04 4E FF 7F 00 0D 00 00 04 50 DB 81 00 08 00 00
5750H: 01 11 44 8E 00 0D 00 00 04 4E FB 96 00 0C 00 00
5760H: 03 50 AF 97 00 0D 00 00 03 50 B3 98 00 0D 00 00
5770H: 04 50 6F 9D 00 4C 00 00 01 22 25 B2 00 4C 00 00
5780H: 01 1E AF B3 00 4C 00 00 01 21 AB B4 00 4C 00 00
5790H: 01 21 BC B5 00 4C 00 00 01 21 CD B6 00 4C 00 00
57A0H: 01 21 99 C9 00 4C 00 00 02 66 F1 CD 00 4C 00 00
57B0H: 01 21 DE EE 00 43 00 00 00 00 00 EF 00 49 00 00
57C0H: 01 13 F1 F0 00 49 00 00 01 13 F5 F8 80 4D 00 00
57D0H: 04 4F 33 08 00 43 FF FF 01 13 E0 09 00 19 FF FF
57E0H: 00 00 00 1E 00 0D FF FF 01 4F 1F 1F 00 0D FF FF
57F0H: 01 4F 1B 64 00 1C FF FF 00 00 00 66 00 13 FF FF
5800H: 00 00 00 67 00 13 FF FF 00 00 00 68 00 13 FF FF
5810H: 00 00 00 69 00 13 FF FF 00 00 00 6A 00 13 FF FF
5820H: 00 00 00 6B 00 13 FF FF 00 00 00 6C 00 13 FF FF
5830H: 00 00 00 6D 00 13 FF FF 00 00 00 6E 00 13 FF FF
5840H: 00 00 00 6F 00 13 FF FF 00 00 00 70 00 31 FF FF
5850H: 01 21 3C 71 00 31 FF FF 01 21 36 72 00 13 FF FF
5860H: 00 00 00 73 00 13 FF FF 00 00 00 74 00 54 FF FF
5870H: 00 00 00 75 00 13 FF FF 00 00 00 76 00 59 FF FF
5880H: 00 00 00 77 00 39 FF FF 01 21 42 78 00 53 FF FF
5890H: 00 00 00 79 00 53 FF FF 00 00 00 7A 00 33 FF FF
58A0H: 01 21 46 7B 00 33 FF FF 01 21 47 7C 00 23 FF FF
58B0H: 01 11 43 7D 00 54 FF FF 00 00 00 7E 00 13 FF FF
58C0H: 00 00 00 7F 00 33 FF FF 01 21 48 80 00 33 FF FF
58D0H: 01 21 49 81 00 53 FF FF 00 00 00 82 00 13 FF FF
58E0H: 00 00 00 89 00 14 FF FF 00 00 00 8A 00 14 FF FF
58F0H: 00 00 00 8C 00 13 FF FF 00 00 00 8D 00 13 FF FF
5900H: 00 00 00 91 00 33 FF FF 00 00 65 92 00 34 FF FF
5910H: 01 21 4A 96 00 31 FF FF 01 21 4D 98 00 31 FF FF
5920H: 01 21 60 B6 00 1C FF FF 00 00 00 A0 00 3D FF FF
5930H: 01 4F 27 A1 00 3D FF FF 01 4F 2B CA 00 19 FF FF
5940H: 00 00 00 CB 00 19 FF FF 00 00 00 CC 00 19 FF FF
5950H: 00 00 00 CD 00 19 FF FF 00 00 00 CE 00 19 FF FF
5960H: 00 00 00 CF 00 19 FF FF 00 00 00 D1 00 39 FF FF
5970H: 01 21 69 D4 00 31 FF FF 01 21 6D D5 00 31 FF FF
5980H: 01 21 73 FA 00 1C FF FF 00 00 00 FD 80 13 FF FF
5990H: 00 00 00 08 00 43 FF FF 01 13 E0 09 00 59 FF FF
59A0H: 00 00 00 1E 00 0D FF FF 01 4F 1F 1F 00 0D FF FF
59B0H: 01 4F 1B 20 00 19 FF FF 00 00 00 22 00 18 FF FF
59C0H: 00 00 00 23 00 18 FF FF 00 00 00 24 00 18 FF FF
59D0H: 00 00 00 25 00 18 FF FF 00 00 00 26 00 18 FF FF
59E0H: 00 00 00 27 00 12 FF FF 00 00 00 28 00 03 FF FF
59F0H: 01 1C 31 29 00 14 FF FF 00 00 00 2A 00 03 FF FF
5A00H: 01 1C 32 2B 00 14 FF FF 00 00 00 2C 00 14 FF FF
5A10H: 00 00 00 2D 00 13 FF FF 00 00 00 2E 00 03 FF FF
5A20H: 01 1C 3F 31 00 14 FF FF 00 00 00 32 00 14 FF FF
5A30H: 00 00 00 33 00 14 FF FF 00 00 00 34 00 14 FF FF
5A40H: 00 00 00 35 00 14 FF FF 00 00 00 36 00 13 FF FF
5A50H: 00 00 00 3C 00 14 FF FF 00 00 00 3D 00 14 FF FF
5A60H: 00 00 00 3E 00 14 FF FF 00 00 00 3F 00 14 FF FF
5A70H: 00 00 00 40 00 14 FF FF 00 00 00 41 00 14 FF FF
5A80H: 00 00 00 42 00 14 FF FF 00 00 00 43 00 14 FF FF
5A90H: 00 00 00 47 00 14 FF FF 00 00 00 48 00 14 FF FF
5AA0H: 00 00 00 49 00 1C FF FF 00 00 00 4A 00 14 FF FF
5AB0H: 00 00 00 4B 00 08 FF FF 01 1C 3B 4C 00 13 FF FF
5AC0H: 00 00 00 4D 00 08 FF FF 01 1C 33 4E 00 08 FF FF
5AD0H: 01 1C 37 4F 00 14 FF FF 00 00 00 50 00 14 FF FF
5AE0H: 00 00 00 51 00 14 FF FF 00 00 00 52 00 14 FF FF
5AF0H: 00 00 00 53 00 14 FF FF 00 00 00 54 00 14 FF FF
5B00H: 00 00 00 55 00 14 FF FF 00 00 00 5A 00 59 FF FF
5B10H: 00 00 00 5B 00 58 FF FF 00 00 00 5C 00 54 FF FF
5B20H: 00 00 00 5D 00 54 FF FF 00 00 00 5E 00 5C FF FF
5B30H: 00 00 00 5F 00 54 FF FF 00 00 00 60 00 54 FF FF
5B40H: 00 00 00 61 00 54 FF FF 00 00 00 62 00 54 FF FF
5B50H: 00 00 00 64 00 5C FF FF 00 00 00 73 00 13 FF FF
5B60H: 00 00 00 B6 00 5C FF FF 00 00 00 D1 80 39 FF FF
5B70H: 01 21 69 08 00 43 FF FF 01 13 E0 09 00 59 FF FF
5B80H: 00 00 00 14 00 03 FF FF 01 1C 30 1E 00 0D FF FF
5B90H: 01 4F 1F 1F 00 0D FF FF 01 4F 1B 20 00 19 FF FF
5BA0H: 00 00 00 28 00 03 FF FF 01 1C 31 2A 00 03 FF FF
5BB0H: 01 1C 32 2D 00 13 FF FF 00 00 00 48 00 14 FF FF
5BC0H: 00 00 00 5D 00 14 FF FF 00 00 00 64 00 5C FF FF
5BD0H: 00 00 00 65 00 5C FF FF 00 00 00 73 00 13 FF FF
5BE0H: 00 00 00 8A 00 14 FF FF 00 00 00 9B 00 14 FF FF
5BF0H: 00 00 00 A2 00 1C FF FF 00 00 00 A3 00 18 FF FF
5C00H: 00 00 00 B6 00 5C FF FF 00 00 00 B7 00 5C FF FF
5C10H: 00 00 00 D1 00 39 FF FF 01 21 69 DC 00 25 FF FF
5C20H: 01 21 79 DD 00 25 FF FF 01 21 7B DE 00 25 FF FF
5C30H: 01 21 7D DF 00 25 FF FF 01 21 7F E0 00 25 FF FF
5C40H: 01 21 81 E1 00 25 FF FF 01 21 83 E2 00 25 FF FF
5C50H: 01 21 85 E3 00 25 FF FF 01 21 87 E4 00 25 FF FF
5C60H: 01 21 89 E5 00 25 FF FF 01 21 8B E6 00 25 FF FF
5C70H: 01 21 8D E7 00 25 FF FF 01 21 8F E8 00 25 FF FF
5C80H: 01 21 91 E9 00 25 FF FF 01 21 93 EA 00 25 FF FF
5C90H: 01 21 95 EB 80 25 FF FF 01 21 97 16 00 0D FF FF
5CA0H: 03 4E E3 64 00 1C FF FF 00 00 00 66 00 0B FF FF
5CB0H: 01 1B DD 67 00 3B FF FF 01 22 C0 68 00 3A FF FF
5CC0H: 01 22 C4 6A 00 3A FF FF 01 22 C8 6B 00 2A FF FF
5CD0H: 01 1D F8 6C 00 2A FF FF 01 1D FC 6D 00 3A FF FF
5CE0H: 01 22 CC 6E 00 23 FF FF 01 1E 00 6F 00 2B FF FF
5CF0H: 01 1E 01 71 00 13 FF FF 00 00 00 72 00 13 FF FF
5D00H: 00 00 00 73 00 16 FF FF 00 00 00 74 00 16 FF FF
5D10H: 00 00 00 75 00 16 FF FF 00 00 00 76 00 16 FF FF
5D20H: 00 00 00 77 00 16 FF FF 00 00 00 78 00 15 FF FF
5D30H: 00 00 00 79 00 3A FF FF 01 22 D0 7A 00 15 FF FF
5D40H: 00 00 00 7B 00 15 FF FF 00 00 00 8A 00 3A FF FF
5D50H: 01 22 D4 8B 00 1A FF FF 00 00 00 8C 00 1A FF FF
5D60H: 00 00 00 91 00 31 FF FF 01 22 D8 92 00 33 FF FF
5D70H: 01 23 D8 93 00 31 FF FF 01 23 D9 94 00 33 FF FF
5D80H: 01 24 D9 9D 00 0D FF FF 03 4E F3 A5 00 1B FF FF
5D90H: 00 00 00 A6 00 1B FF FF 00 00 00 A7 00 33 FF FF
5DA0H: 01 24 DA A8 00 1B FF FF 00 00 00 A9 00 1B FF FF
5DB0H: 00 00 00 B3 00 1C FF FF 00 00 00 B7 00 2B FF FF
5DC0H: 01 1B F2 B8 00 15 FF FF 00 00 00 BA 00 13 FF FF
5DD0H: 00 00 00 BB 00 31 FF FF 01 24 DB BC 00 31 FF FF
5DE0H: 01 24 F4 BD 00 31 FF FF 01 25 0D BE 00 31 FF FF
5DF0H: 01 25 26 BF 00 33 FF FF 01 25 40 C0 00 33 FF FF
5E00H: 01 25 3F C1 00 14 FF FF 00 00 00 D2 00 2B FF FF
5E10H: 01 1B FA D3 00 2D FF FF 02 4F 03 D4 00 2B FF FF
5E20H: 01 1B F6 D5 00 14 FF FF 00 00 00 D6 00 3B FF FF
5E30H: 01 25 41 D7 00 3B FF FF 01 25 45 D8 00 3A FF FF
5E40H: 01 25 49 D9 00 3A FF FF 01 25 4D DA 00 3A FF FF
5E50H: 01 25 51 DB 00 3A FF FF 01 25 55 DC 00 3A FF FF
5E60H: 01 25 59 DD 00 3A FF FF 01 25 5D FA 00 1C FF FF
5E70H: 00 00 00 FD 80 13 FF FF 00 00 00 48 00 19 FF FF
5E80H: 00 00 00 56 00 19 FF FF 00 00 00 64 00 1C FF FF
5E90H: 00 00 00 65 00 33 FF FF 01 1E DE 66 00 31 FF FF
5EA0H: 01 25 61 67 00 33 FF FF 01 25 8F 68 00 19 FF FF
5EB0H: 00 00 00 69 00 31 FF FF 01 25 90 6A 00 31 FF FF
5EC0H: 01 25 FE 6B 00 31 FF FF 01 26 6C 6C 00 31 FF FF
5ED0H: 01 26 DA 6D 00 31 FF FF 01 27 48 6E 00 19 FF FF
5EE0H: 00 00 00 6F 00 19 FF FF 00 00 00 70 00 09 FF FF
5EF0H: 01 1E DA 71 00 03 FF FF 01 1E 19 72 00 13 FF FF
5F00H: 00 00 00 73 00 39 FF FF 01 1E 1A 74 00 39 FF FF
5F10H: 01 1E 1E 75 00 2D FF FF 03 50 8F 76 00 19 FF FF
5F20H: 00 00 00 78 00 2D FF FF 04 4F 43 79 00 19 FF FF
5F30H: 00 00 00 7A 00 19 FF FF 00 00 00 7B 00 19 FF FF
5F40H: 00 00 00 7C 00 19 FF FF 00 00 00 7D 00 19 FF FF
5F50H: 00 00 00 7E 00 13 FF FF 00 00 00 7F 00 39 FF FF
5F60H: 01 27 B6 80 00 14 FF FF 00 00 00 81 00 14 FF FF
5F70H: 00 00 00 82 00 15 FF FF 00 00 00 B4 00 1C FF FF
5F80H: 00 00 00 FA 00 1C FF FF 00 00 00 FD 80 13 FF FF
5F90H: 00 00 00 AD 00 11 FF FF 00 00 00 AE 00 11 FF FF
5FA0H: 00 00 00 B5 00 1C FF FF 00 00 00 B6 00 1C FF FF
5FB0H: 00 00 00 FB 00 1C FF FF 00 00 00 FE 80 13 FF FF
5FC0H: 00 00 00 00 00 13 FF FF 00 00 00 01 00 13 FF FF
5FD0H: 00 00 00 02 00 13 FF FF 00 00 00 03 00 13 FF FF
5FE0H: 00 00 00 04 00 13 FF FF 00 00 00 05 00 13 FF FF
5FF0H: 00 00 00 0C 00 13 FF FF 00 00 00 0E 00 13 FF FF
6000H: 00 00 00 11 00 13 FF FF 00 00 00 1E 00 13 FF FF
6010H: 00 00 00 20 00 13 FF FF 00 00 00 21 00 13 FF FF
6020H: 00 00 00 22 00 13 FF FF 00 00 00 23 00 13 FF FF
6030H: 00 00 00 24 00 13 FF FF 00 00 00 25 00 13 FF FF
6040H: 00 00 00 28 00 13 FF FF 00 00 00 29 00 13 FF FF
6050H: 00 00 00 2A 00 13 FF FF 00 00 00 2B 00 13 FF FF
6060H: 00 00 00 2C 00 13 FF FF 00 00 00 2D 00 13 FF FF
6070H: 00 00 00 2F 00 13 FF FF 00 00 00 30 00 12 FF FF
6080H: 00 00 00 32 00 13 FF FF 00 00 00 33 00 0D FF FF
6090H: 02 50 77 34 00 0D FF FF 02 50 7B 35 00 13 FF FF
60A0H: 00 00 00 36 00 13 FF FF 00 00 00 37 00 13 FF FF
60B0H: 00 00 00 38 00 13 FF FF 00 00 00 39 00 13 FF FF
60C0H: 00 00 00 3A 00 13 FF FF 00 00 00 3C 00 13 FF FF
60D0H: 00 00 00 3D 00 13 FF FF 00 00 00 3E 00 13 FF FF
60E0H: 00 00 00 3F 00 13 FF FF 00 00 00 40 00 13 FF FF
60F0H: 00 00 00 41 00 4C FF FF 01 1E AF 42 00 4C FF FF
6100H: 01 1E C0 43 00 0D FF FF 02 50 7F 44 00 0D FF FF
6110H: 02 50 83 64 00 13 FF FF 00 00 00 65 00 13 FF FF
6120H: 00 00 00 68 00 13 FF FF 00 00 00 69 00 13 FF FF
6130H: 00 00 00 6A 00 13 FF FF 00 00 00 6C 00 13 FF FF
6140H: 00 00 00 6D 00 13 FF FF 00 00 00 76 00 13 FF FF
6150H: 00 00 00 77 00 13 FF FF 00 00 00 78 00 13 FF FF
6160H: 00 00 00 79 00 13 FF FF 00 00 00 7A 00 13 FF FF
6170H: 00 00 00 7B 00 13 FF FF 00 00 00 7C 00 13 FF FF
6180H: 00 00 00 7D 00 13 FF FF 00 00 00 7E 00 13 FF FF
6190H: 00 00 00 7F 00 13 FF FF 00 00 00 80 00 13 FF FF
61A0H: 00 00 00 81 00 13 FF FF 00 00 00 82 00 13 FF FF
61B0H: 00 00 00 83 00 13 FF FF 00 00 00 84 00 13 FF FF
61C0H: 00 00 00 85 00 13 FF FF 00 00 00 86 00 13 FF FF
61D0H: 00 00 00 87 00 13 FF FF 00 00 00 88 00 13 FF FF
61E0H: 00 00 00 89 00 13 FF FF 00 00 00 8A 00 13 FF FF
61F0H: 00 00 00 8B 00 13 FF FF 00 00 00 8C 00 13 FF FF
6200H: 00 00 00 8D 00 13 FF FF 00 00 00 8E 00 13 FF FF
6210H: 00 00 00 8F 00 13 FF FF 00 00 00 90 00 13 FF FF
6220H: 00 00 00 91 00 13 FF FF 00 00 00 92 00 13 FF FF
6230H: 00 00 00 93 00 13 FF FF 00 00 00 94 00 13 FF FF
6240H: 00 00 00 95 00 13 FF FF 00 00 00 96 00 13 FF FF
6250H: 00 00 00 97 00 13 FF FF 00 00 00 98 00 13 FF FF
6260H: 00 00 00 99 00 13 FF FF 00 00 00 9A 00 13 FF FF
6270H: 00 00 00 9B 00 13 FF FF 00 00 00 A4 00 1C FF FF
6280H: 00 00 00 AB 00 1C FF FF 00 00 00 B2 00 1C FF FF
6290H: 00 00 00 B9 00 1C FF FF 00 00 00 C0 00 1C FF FF
62A0H: 00 00 00 C7 00 1C FF FF 00 00 00 CE 00 1C FF FF
62B0H: 00 00 00 D5 00 13 FF FF 00 00 00 D6 00 13 FF FF
62C0H: 00 00 00 FA 80 0C FF FF 00 00 00 00 00 00 02 52
62D0H: DB 02 5C 9B 02 57 D3 02 5E 7B 02 5F 93 02 56 93
62E0H: 02 5F C3 02 57 D3 02 57 D3 02 59 93 02 5B 73 01
62F0H: 28 04 01 29 01 01 2A 01 01 2B 02 01 32 02 01 37
6300H: 04 01 2C 01 01 2D 01 01 2E 01 01 2F 01 01 30 01
6310H: 01 33 01 FF 00 00 02 66 80 03 08 80 03 1E 80 01
6320H: 0D 80 01 15 80 01 14 80 01 3C 80 01 3D 80 01 3E
6330H: 08 01 3F 08 01 63 80 01 64 80 01 6E 80 01 6F 80
6340H: 01 71 80 01 72 80 01 73 80 01 74 80 01 BB 80 01
6350H: 28 04 01 29 01 01 2A 01 01 2B 02 01 31 01 01 32
6360H: 02 01 35 04 01 36 04 01 37 04 01 2C 01 01 2D 01
6370H: 01 2E 01 01 2F 01 01 30 01 01 33 01 01 34 80 01
6380H: 41 80 01 42 80 01 43 80 01 44 80 01 80 20 01 81
6390H: 20 07 44 80 FF 00 00 01 28 04 01 29 01 01 2A 01
63A0H: 01 2B 02 01 31 01 01 32 02 01 35 04 01 36 04 01
63B0H: 37 04 01 34 80 01 2C 01 01 2D 01 01 2E 01 01 2F
63C0H: 01 01 30 01 01 33 01 FF 00 00 03 28 10 03 2A 10
63D0H: 03 2E 10 03 4B 10 03 4D 10 03 4E 10 FF 00 00 31
63E0H: 00 00 00 00 00 00 00 00 00 00 00 00 00 00 00 00
63F0H: 00 0F 42 40 EF F0 05 4F 4B 00 00 00 00 00 00 03
6400H: 4F 53 00 00 00 03 4F 57 02 63 FF 03 4F 4F 05 4F
6410H: 5B 00 00 00 00 00 00 05 4F 5F 00 00 00 00 00 00
6420H: 04 4F 63 00 00 00 00 00 00 03 4F 6B 00 00 00 03
6430H: 4F 6F 02 64 29 03 4F 67 04 4F 73 00 00 00 00 00
6440H: 00 05 4F 77 00 00 00 00 00 00 05 4F 7F 00 00 00
6450H: 05 4F 83 02 64 4A 05 4F 7B 01 4F 8B 01 4F 8F 01
6460H: 4F 93 01 4F 97 00 00 01 01 4F 9B 01 4F 9F 01 4F
6470H: A3 00 00 02 01 4F A7 01 4F AB 00 00 00 01 4F AF
6480H: 02 64 59 01 4F 87 01 4F CB 01 4F B7 01 4F BB 01
6490H: 4F BF 01 4F C3 01 4F C7 00 00 02 01 4F D3 01 4F
64A0H: D7 00 00 00 01 4F CF 02 64 86 01 4F B3 02 4F DF
64B0H: 00 00 00 02 4F E3 02 64 AD 02 4F DB 04 4F E7 00
64C0H: 00 00 00 00 00 04 4F EB 00 00 00 00 00 00 03 4F
64D0H: F3 03 4F F7 03 4F FB 03 4F FF 03 50 03 00 00 00
64E0H: 03 50 07 02 64 CE 03 4F EF 05 50 0B 00 00 00 00
64F0H: 00 00 04 50 13 00 00 00 04 50 17 02 64 F2 04 50
6500H: 0F 05 50 1F 00 00 00 05 50 23 02 65 01 05 50 1B
6510H: 05 50 2B 00 00 00 05 50 2F 02 65 10 05 50 27 05
6520H: 50 37 00 00 00 05 50 3B 02 65 1F 05 50 33 01 50
6530H: 43 00 00 00 01 50 47 02 65 2E 01 50 3F 03 50 4B
6540H: 00 00 00 00 00 00 05 50 4F 00 00 00 00 00 00 04
6550H: 50 57 00 00 00 04 50 5B 02 65 4F 04 50 53 05 50
6560H: 63 00 00 00 05 50 67 02 65 5E 05 50 5F 04 50 6B
6570H: 00 00 00 00 00 00 31 30 2E 36 00 00 00 00 00 00
6580H: 00 00 00 00 00 00 00 65 66 67 69 6A 6B 6C 6D 73
6590H: 74 7F 4C 4F 50 52 54 57 00 41 44 47 53 54 56 58
65A0H: 00 00 00 FF 02 FF 04 00 00 00 00 FF 02 FF 04 00
65B0H: 00 FF FF FF 05 03 04 00 00 00 00 FF 02 FF 04 00
65C0H: 00 00 00 FF 02 FF 04 00 00 06 FF 01 02 FF 04 00
65D0H: 00 FF FF FF 02 07 04 00 00 3D 90 00 2C 91 80 3D
65E0H: 93 81 00 2C 90 00 80 2C 93 81 00 2C 90 3D 92 00
65F0H: 80 2C 90 81 00 3D 93 00 00 01 01 00 01 00 01 00
6600H: 00 01 01 00 01 00 01 00 00 00 00 00 01 01 01 00
6610H: 00 01 01 00 01 00 01 00 00 01 01 00 01 00 01 00
6620H: 00 01 00 01 01 00 01 00 00 00 00 00 01 01 01 00
6630H: 00 FF FF FF FF FF FF FF FF FF FF FF FF 00 00 00
6640H: 00 FF FF FF FF FF FF FF FF FF FF FF FF 00 00 00
6650H: 00 FF FF FF FF FF FF 00 00 00 00 00 00 00 00 00
6660H: 00 FF FF FF FF FF FF FF FF FF FF FF FF 00 00 00
6670H: 00 FF FF FF FF FF FF FF FF FF FF FF FF 00 00 00
6680H: 00 FF FF FF FF 00 01 FF FF FF FF FF FF 00 00 00
6690H: 00 FF FF FF FF FF FF FF FF FF FF FF FF 00 00 00
66A0H: 00 00 1F 1C 1F 1E 1F 1E 1F 1F 1E 1F 1E 1F 00 1F
66B0H: 1D 1F 1E 1F 1E 1F 1F 1E 1F 1E 1F 01 28 02 01 32
66C0H: 03 02 A5 07 02 A6 08 02 8B EF 02 8C F0 03 09 09
66D0H: 03 5B 81 01 33 0B 01 30 15 01 29 25 01 2A 26 01
66E0H: 2B 27 01 37 2B 01 2C 3E 01 2D 25 01 2E 26 01 2F
66F0H: 27 36 39 36 2D 30 33 2E 30 38 00 00 00 00 00 00
6700H: 00 00 30 34 30 36 31 31 20 30 39 3A 34 35 00 00
6710H: 00 00 00 00 20 20 20 20 20 20 20 20 20 28 28 28
6720H: 28 28 20 20 20 20 20 20 20 20 20 20 20 20 20 20
6730H: 20 20 20 20 88 10 10 10 10 10 10 10 10 10 10 10
6740H: 10 10 10 10 04 04 04 04 04 04 04 04 04 04 10 10
6750H: 10 10 10 10 10 41 41 41 41 41 41 01 01 01 01 01
6760H: 01 01 01 01 01 01 01 01 01 01 01 01 01 01 01 10
6770H: 10 10 10 10 10 42 42 42 42 42 42 02 02 02 02 02
6780H: 02 02 02 02 02 02 02 02 02 02 02 02 02 02 02 10
6790H: 10 10 10 20 00 00 00 00 00 00 00 00 00 00 00 00
67A0H: 00 00 00 00 00 00 00 00 00 00 00 00 00 00 00 00
67B0H: 00 00 00 00 00 00 00 00 00 00 00 00 00 00 00 00
67C0H: 00 00 00 00 00 00 00 00 00 00 00 00 00 00 00 00
67D0H: 00 00 00 00 00 00 00 00 00 00 00 00 00 00 00 00
67E0H: 00 00 00 00 00 00 00 00 00 00 00 00 00 00 00 00
67F0H: 00 00 00 00 00 00 00 00 00 00 00 00 00 00 00 00
6800H: 00 00 00 00 00 00 00 00 00 00 00 00 00 00 00 00
6810H: 00 00 00 00 00 00 00 00 00 00 00 00 00 00 00 00
6820H: 00 00 00 00 00 00 00 00 00 00 00 00 00 00 00 00
6830H: 00 00 00 00 00 00 00 00 00 00 00 00 00 00 00 00
6840H: 00 00 00 00 00 00 00 00 00 00 00 00 00 00 00 00
6850H: 00 00 00 00 00 00 00 00 00 00 00 00 00 00 00 00
6860H: 00 00 00 00 00 00 00 00 00 00 00 00 00 00 00 00
6870H: 00 00 00 00 00 00 00 00 00 00 00 00 00 00 00 00
6880H: 00 00 00 00 00 00 00 00 00 00 00 00 00 00 00 00
6890H: 00 00 00 00 00 00 00 00 00 00 00 00 00 00 00 00
68A0H: 00 00 00 00 00 00 00 00 00 00 00 00 00 00 00 00
68B0H: 00 00 00 00 00 00 00 00 00 00 00 00 00 00 00 00
68C0H: 00 00 00 00 00 00 00 00 00 00 00 00 00 00 00 00
68D0H: 00 00 00 00 00 00 00 00 00 00 00 00 00 00 00 00
68E0H: 00 00 00 00 00 00 00 00 00 00 00 00 00 00 00 00
68F0H: 00 00 00 00 00 00 00 00 00 00 00 00 00 00 00 00
6900H: 00 00 00 00 00 00 00 00 00 00 00 00 00 00 00 00
6910H: 00 00 00 00 00 00 00 00 00 00 00 00 00 00 00 00
6920H: 00 00 00 00 00 00 00 00 00 00 00 00 00 00 00 00
6930H: 00 00 00 00 00 00 00 00 00 00 00 00 00 00 00 00
6940H: 00 00 00 00 00 00 00 00 00 00 00 00 00 00 00 00
6950H: 00 00 00 00 00 00 00 00 00 00 00 00 00 00 00 00
6960H: 00 00 00 00 00 00 00 00 00 00 00 00 00 00 00 00
6970H: 00 00 00 00 00 00 00 00 00 00 00 00 00 00 00 00
6980H: 00 00 00 00 00 00 00 00 00 00 00 00 00 00 00 00
6990H: 00 00 00 00 00 00 00 00 00 00 00 00 00 00 00 00
69A0H: 00 00 00 00 00 00 00 00 00 00 00 00 00 00 00 00
69B0H: 00 00 00 00 00 00 00 00 00 00 00 00 00 00 00 00
69C0H: 00 00 00 00 00 00 00 00 00 00 00 00 00 00 00 00
69D0H: 00 00 00 00 00 00 00 00 00 00 00 00 00 00 00 00
69E0H: 00 00 00 00 00 00 00 00 00 00 00 00 00 00 00 00
69F0H: 00 00 00 00 00 00 00 00 00 00 00 00 00 00 00 00
6A00H: 00 00 00 00 00 00 00 00 00 00 00 00 00 00 00 00
6A10H: 00 00 00 00 00 00 00 00 00 00 00 00 00 00 00 00
6A20H: 00 00 00 00 00 00 00 00 00 00 00 00 00 00 00 00
6A30H: 00 00 00 00 00 00 00 00 00 00 00 00 00 00 00 00
6A40H: 00 00 00 00 00 00 00 00 00 00 00 00 00 00 00 00
6A50H: 00 00 00 00 00 00 00 00 00 00 00 00 00 00 00 00
6A60H: 00 00 00 00 00 00 00 00 00 00 00 00 00 00 00 00
6A70H: 00 00 00 00 00 00 00 00 00 00 00 00 00 00 00 00
6A80H: 00 00 00 00 00 00 00 00 00 00 00 00 00 00 00 00
6A90H: 00 00 00 00 00 00 00 00 00 00 00 00 00 00 00 00
6AA0H: 00 00 00 00 00 00 00 00 00 00 00 00 00 00 00 00
6AB0H: 00 00 00 00 00 00 00 00 00 00 00 00 00 00 00 00
6AC0H: 00 00 00 00 00 00 00 00 00 00 00 00 00 00 00 00
6AD0H: 00 00 00 00 00 00 00 00 00 00 00 00 00 00 00 00
6AE0H: 00 00 00 00 00 00 00 00 00 00 00 00 00 00 00 00
6AF0H: 00 00 00 00 00 00 00 00 00 00 00 00 00 00 00 00
6B00H: 00 00 00 00 00 00 00 00 00 00 00 00 00 00 00 00
6B10H: 00 00 00 00 00 00 00 00 00 00 00 00 00 00 00 00
6B20H: 00 00 00 00 00 00 00 00 00 00 00 00 00 00 00 00
6B30H: 00 00 00 00 00 00 00 00 00 00 00 00 00 00 00 00
6B40H: 00 00 00 00 00 00 00 00 00 00 00 00 00 00 00 00
6B50H: 00 00 00 00 00 00 00 00 00 00 00 00 00 00 00 00
6B60H: 00 00 00 00 00 00 00 00 00 00 00 00 00 00 00 00
6B70H: 00 00 00 00 00 00 00 00 00 00 00 00 00 00 00 00
6B80H: 00 00 00 00 00 00 00 00 00 00 00 00 00 00 00 00
6B90H: 00 00 00 00 00 00 00 00 00 00 00 00 00 00 00 00
6BA0H: 00 00 00 00 00 00 00 00 00 00 00 00 00 00 00 00
6BB0H: 00 00 00 00 00 00 00 00 00 00 00 00 00 00 00 00
6BC0H: 00 00 00 00 00 00 00 00 00 00 00 00 00 00 00 00
6BD0H: 00 00 00 00 00 00 00 00 00 00 00 00 00 00 00 00
6BE0H: 00 00 00 00 00 00 00 00 00 00 00 00 00 00 00 00
6BF0H: 00 00 00 00 00 00 00 00 00 00 00 00 00 00 00 00
6C00H: 00 00 00 00 00 00 00 00 00 00 00 00 00 00 00 00
6C10H: 00 00 00 00 00 00 00 00 00 00 00 00 00 00 00 00
6C20H: 00 00 00 00 00 00 00 00 00 00 00 00 00 00 00 00
6C30H: 00 00 00 00 00 00 00 00 00 00 00 00 00 00 00 00
6C40H: 00 00 00 00 00 00 00 00 00 00 00 00 00 00 00 00
6C50H: 00 00 00 00 00 00 00 00 00 00 00 00 00 00 00 00
6C60H: 00 00 00 00 00 00 00 00 00 00 00 00 00 00 00 00
6C70H: 00 00 00 00 00 00 00 00 00 00 00 00 00 00 00 00
6C80H: 00 00 00 00 00 00 00 00 00 00 00 00 00 00 00 00
6C90H: 00 00 00 00 00 00 00 00 00 00 00 00 00 00 00 00
6CA0H: 00 00 00 00 00 00 00 00 00 00 00 00 00 00 00 00
6CB0H: 00 00 00 00 00 00 00 00 00 00 00 00 00 00 00 00
6CC0H: 00 00 00 00 00 00 00 00 00 00 00 00 00 00 00 00
6CD0H: 00 00 00 00 00 00 00 00 00 00 00 00 00 00 00 00
6CE0H: 00 00 00 00 00 00 00 00 00 00 00 00 00 00 00 00
6CF0H: 00 00 00 00 00 00 00 00 00 00 00 00 00 00 00 00
6D00H: 00 00 00 00 00 00 00 00 00 00 00 00 00 00 00 00
6D10H: 00 00 00 00 00 00 00 00 00 00 00 00 00 00 00 00
6D20H: 00 00 00 00 00 00 00 00 00 00 00 00 00 00 00 00
6D30H: 00 00 00 00 00 00 00 00 00 00 00 00 00 00 00 00
6D40H: 00 00 00 00 00 00 00 00 00 00 00 00 00 00 00 00
6D50H: 00 00 00 00 00 00 00 00 00 00 00 00 00 00 00 00
6D60H: 00 00 00 00 00 00 00 00 00 00 00 00 00 00 00 00
6D70H: 00 00 00 00 00 00 00 00 00 00 00 00 00 00 00 00
6D80H: 00 00 00 00 00 00 00 00 00 00 00 00 00 00 00 00
6D90H: 00 00 00 00 00 00 00 00 00 00 00 00 00 00 00 00
6DA0H: 00 00 00 00 00 00 00 00 00 00 00 00 00 00 00 00
6DB0H: 00 00 00 00 00 00 00 00 00 00 00 00 00 00 00 00
6DC0H: 00 00 00 00 00 00 00 00 00 00 00 00 00 00 00 00
6DD0H: 00 00 00 00 00 00 00 00 00 00 00 00 00 00 00 00
6DE0H: 00 00 00 00 00 00 00 00 00 00 00 00 00 00 00 00
6DF0H: 00 00 00 00 00 00 00 00 00 00 00 00 00 00 00 00
6E00H: 00 00 00 00 00 00 00 00 00 00 00 00 00 00 00 00
6E10H: 00 00 00 00 00 00 00 00 00 00 00 00 00 00 00 00
6E20H: 00 00 00 00 00 00 00 00 00 00 00 00 00 00 00 00
6E30H: 00 00 00 00 00 00 00 00 00 00 00 00 00 00 00 00
6E40H: 00 00 00 00 00 00 00 00 00 00 00 00 00 00 00 00
6E50H: 00 00 00 00 00 00 00 00 00 00 00 00 00 00 00 00
6E60H: 00 00 00 00 00 00 00 00 00 00 00 00 00 00 00 00
6E70H: 00 00 00 00 00 00 00 00 00 00 00 00 00 00 00 00
6E80H: 00 00 00 00 00 00 00 00 00 00 00 00 00 00 00 00
6E90H: 00 00 00 00 00 00 00 00 00 00 00 00 00 00 00 00
6EA0H: 00 00 00 00 00 00 00 00 00 00 00 00 00 00 00 00
6EB0H: 00 00 00 00 00 00 00 00 00 00 00 00 00 00 00 00
6EC0H: 00 00 00 00 00 00 00 00 00 00 00 00 00 00 00 00
6ED0H: 00 00 00 00 00 00 00 00 00 00 00 00 00 00 00 00
6EE0H: 00 00 00 00 00 00 00 00 00 00 00 00 00 00 00 00
6EF0H: 00 00 00 00 00 00 00 00 00 00 00 00 00 00 00 00
6F00H: 00 00 00 00 00 00 00 00 00 00 00 00 00 00 00 00
6F10H: 00 00 00 00 00 00 00 00 00 00 00 00 00 00 00 00
6F20H: 00 00 00 00 00 00 00 00 00 00 00 00 00 00 00 00
6F30H: 00 00 00 00 00 00 00 00 00 00 00 00 00 00 00 00
6F40H: 00 00 00 00 00 00 00 00 00 00 00 00 00 00 00 00
6F50H: 00 00 00 00 00 00 00 00 00 00 00 00 00 00 00 00
6F60H: 00 00 00 00 00 00 00 00 00 00 00 00 00 00 00 00
6F70H: 00 00 00 00 00 00 00 00 00 00 00 00 00 00 00 00
6F80H: 00 00 00 00 00 00 00 00 00 00 00 00 00 00 00 00
6F90H: 00 00 00 00 00 00 00 00 00 00 00 00 00 00 00 00
6FA0H: 00 00 00 00 00 00 00 00 00 00 00 00 00 00 00 00
6FB0H: 00 00 00 00 00 00 00 00 00 00 00 00 00 00 00 00
6FC0H: 00 00 00 00 00 00 00 00 00 00 00 00 00 00 00 00
6FD0H: 00 00 00 00 00 00 00 00 00 00 00 00 00 00 00 00
6FE0H: 00 00 00 00 00 00 00 00 00 00 00 00 00 00 00 00
6FF0H: 00 00 00 00 00 00 00 00 00 00 00 00 00 00 00 00
7000H: 00 00 00 00 00 00 00 00 00 00 00 00 00 00 00 00
7010H: 00 00 00 00 00 00 00 00 00 00 00 00 00 00 00 00
7020H: 00 00 00 00 00 00 00 00 00 00 00 00 00 00 00 00
7030H: 00 00 00 00 00 00 00 00 00 00 00 00 00 00 00 00
7040H: 00 00 00 00 00 00 00 00 00 00 00 00 00 00 00 00
7050H: 00 00 00 00 00 00 00 00 00 00 00 00 00 00 00 00
7060H: 00 00 00 00 00 00 00 00 00 00 00 00 00 00 00 00
7070H: 00 00 00 00 00 00 00 00 00 00 00 00 00 00 00 00
7080H: 00 00 00 00 00 00 00 00 00 00 00 00 00 00 00 00
7090H: 00 00 00 00 00 00 00 00 00 00 00 00 00 00 00 00
70A0H: 00 00 00 00 00 00 00 00 00 00 00 00 00 00 00 00
70B0H: 00 00 00 00 00 00 00 00 00 00 00 00 00 00 00 00
70C0H: 00 00 00 00 00 00 00 00 00 00 00 00 00 00 00 00
70D0H: 00 00 00 00 00 00 00 00 00 00 00 00 00 00 00 00
70E0H: 00 00 00 00 00 00 00 00 00 00 00 00 00 00 00 00
70F0H: 00 00 00 00 00 00 00 00 00 00 00 00 00 00 00 00
7100H: 00 00 00 00 00 00 00 00 00 00 00 00 00 00 00 00
7110H: 00 00 00 00 00 00 00 00 00 00 00 00 00 00 00 00
7120H: 00 00 00 00 00 00 00 00 00 00 00 00 00 00 00 00
7130H: 00 00 00 00 00 00 00 00 00 00 00 00 00 00 00 00
7140H: 00 00 00 00 00 00 00 00 00 00 00 00 00 00 00 00
7150H: 00 00 00 00 00 00 00 00 00 00 00 00 00 00 00 00
7160H: 00 00 00 00 00 00 00 00 00 00 00 00 00 00 00 00
7170H: 00 00 00 00 00 00 00 00 00 00 00 00 00 00 00 00
7180H: 00 00 00 00 00 00 00 00 00 00 00 00 00 00 00 00
7190H: 00 00 00 00 00 00 00 00 00 00 00 00 00 00 00 00
71A0H: 00 00 00 00 00 00 00 00 00 00 00 00 00 00 00 00
71B0H: 00 00 00 00 00 00 00 00 00 00 00 00 00 00 00 00
71C0H: 00 00 00 00 00 00 00 00 00 00 00 00 00 00 00 00
71D0H: 00 00 00 00 00 00 00 00 00 00 00 00 00 00 00 00
71E0H: 00 00 00 00 00 00 00 00 00 00 00 00 00 00 00 00
71F0H: 00 00 00 00 00 00 00 00 00 00 00 00 00 00 00 00
7200H: 00 00 00 00 00 00 00 00 00 00 00 00 00 00 00 00
7210H: 00 00 00 00 00 00 00 00 00 00 00 00 00 00 00 00
7220H: 00 00 00 00 00 00 00 00 00 00 00 00 00 00 00 00
7230H: 00 00 00 00 00 00 00 00 00 00 00 00 00 00 00 00
7240H: 00 00 00 00 00 00 00 00 00 00 00 00 00 00 00 00
7250H: 00 00 00 00 00 00 00 00 00 00 00 00 00 00 00 00
7260H: 00 00 00 00 00 00 00 00 00 00 00 00 00 00 00 00
7270H: 00 00 00 00 00 00 00 00 00 00 00 00 00 00 00 00
7280H: 00 00 00 00 00 00 00 00 00 00 00 00 00 00 00 00
7290H: 00 00 00 00 00 00 00 00 00 00 00 00 00 00 00 00
72A0H: 00 00 00 00 00 00 00 00 00 00 00 00 00 00 00 00
72B0H: 00 00 00 00 00 00 00 00 00 00 00 00 00 00 00 00
72C0H: 00 00 00 00 00 00 00 00 00 00 00 00 00 00 00 00
72D0H: 00 00 00 00 00 00 00 00 00 00 00 00 00 00 00 00
72E0H: 00 00 00 00 00 00 00 00 00 00 00 00 00 00 00 00
72F0H: 00 00 00 00 00 00 00 00 00 00 00 00 00 00 00 00
7300H: 00 00 00 00 00 00 00 00 00 00 00 00 00 00 00 00
7310H: 00 00 00 00 00 00 00 00 00 00 00 00 00 00 00 00
7320H: 00 00 00 00 00 00 00 00 00 00 00 00 00 00 00 00
7330H: 00 00 00 00 00 00 00 00 00 00 00 00 00 00 00 00
7340H: 00 00 00 00 00 00 00 00 00 00 00 00 00 00 00 00
7350H: 00 00 00 00 00 00 00 00 00 00 00 00 00 00 00 00
7360H: 00 00 00 00 00 00 00 00 00 00 00 00 00 00 00 00
7370H: 00 00 00 00 00 00 00 00 00 00 00 00 00 00 00 00
7380H: 00 00 00 00 00 00 00 00 00 00 00 00 00 00 00 00
7390H: 00 00 00 00 00 00 00 00 00 00 00 00 00 00 00 00
73A0H: 00 00 00 00 00 00 00 00 00 00 00 00 00 00 00 00
73B0H: 00 00 00 00 00 00 00 00 00 00 00 00 00 00 00 00
73C0H: 00 00 00 00 00 00 00 00 00 00 00 00 00 00 00 00
73D0H: 00 00 00 00 00 00 00 00 00 00 00 00 00 00 00 00
73E0H: 00 00 00 00 00 00 00 00 00 00 00 00 00 00 00 00
73F0H: 00 00 00 00 00 00 00 00 00 00 00 00 00 00 00 00
7400H: 00 00 00 00 00 00 00 00 00 00 00 00 00 00 00 00
7410H: 00 00 00 00 00 00 00 00 00 00 00 00 00 00 00 00
7420H: 00 00 00 00 00 00 00 00 00 00 00 00 00 00 00 00
7430H: 00 00 00 00 00 00 00 00 00 00 00 00 00 00 00 00
7440H: 00 00 00 00 00 00 00 00 00 00 00 00 00 00 00 00
7450H: 00 00 00 00 00 00 00 00 00 00 00 00 00 00 00 00
7460H: 00 00 00 00 00 00 00 00 00 00 00 00 00 00 00 00
7470H: 00 00 00 00 00 00 00 00 00 00 00 00 00 00 00 00
7480H: 00 00 00 00 00 00 00 00 00 00 00 00 00 00 00 00
7490H: 00 00 00 00 00 00 00 00 00 00 00 00 00 00 00 00
74A0H: 00 00 00 00 00 00 00 00 00 00 00 00 00 00 00 00
74B0H: 00 00 00 00 00 00 00 00 00 00 00 00 00 00 00 00
74C0H: 00 00 00 00 00 00 00 00 00 00 00 00 00 00 00 00
74D0H: 00 00 00 00 00 00 00 00 00 00 00 00 00 00 00 00
74E0H: 00 00 00 00 00 00 00 00 00 00 00 00 00 00 00 00
74F0H: 00 00 00 00 00 00 00 00 00 00 00 00 00 00 00 00
7500H: 00 00 00 00 00 00 00 00 00 00 00 00 00 00 00 00
7510H: 00 00 00 00 00 00 00 00 00 00 00 00 00 00 00 00
7520H: 00 00 00 00 00 00 00 00 00 00 00 00 00 00 00 00
7530H: 00 00 00 00 00 00 00 00 00 00 00 00 00 00 00 00
7540H: 00 00 00 00 00 00 00 00 00 00 00 00 00 00 00 00
7550H: 00 00 00 00 00 00 00 00 00 00 00 00 00 00 00 00
7560H: 00 00 00 00 00 00 00 00 00 00 00 00 00 00 00 00
7570H: 00 00 00 00 00 00 00 00 00 00 00 00 00 00 00 00
7580H: 00 00 00 00 00 00 00 00 00 00 00 00 00 00 00 00
7590H: 00 00 00 00 00 00 00 00 00 00 00 00 00 00 00 00
75A0H: 00 00 00 00 00 00 00 00 00 00 00 00 00 00 00 00
75B0H: 00 00 00 00 00 00 00 00 00 00 00 00 00 00 00 00
75C0H: 00 00 00 00 00 00 00 00 00 00 00 00 00 00 00 00
75D0H: 00 00 00 00 00 00 00 00 00 00 00 00 00 00 00 00
75E0H: 00 00 00 00 00 00 00 00 00 00 00 00 00 00 00 00
75F0H: 00 00 00 00 00 00 00 00 00 00 00 00 00 00 00 00
7600H: 00 00 00 00 00 00 00 00 00 00 00 00 00 00 00 00
7610H: 00 00 00 00 00 00 00 00 00 00 00 00 00 00 00 00
7620H: 00 00 00 00 00 00 00 00 00 00 00 00 00 00 00 00
7630H: 00 00 00 00 00 00 00 00 00 00 00 00 00 00 00 00
7640H: 00 00 00 00 00 00 00 00 00 00 00 00 00 00 00 00
7650H: 00 00 00 00 00 00 00 00 00 00 00 00 00 00 00 00
7660H: 00 00 00 00 00 00 00 00 00 00 00 00 00 00 00 00
7670H: 00 00 00 00 00 00 00 00 00 00 00 00 00 00 00 00
7680H: 00 00 00 00 00 00 00 00 00 00 00 00 00 00 00 00
7690H: 00 00 00 00 00 00 00 00 00 00 00 00 00 00 00 00
76A0H: 00 00 00 00 00 00 00 00 00 00 00 00 00 00 00 00
76B0H: 00 00 00 00 00 00 00 00 00 00 00 00 00 00 00 00
76C0H: 00 00 00 00 00 00 00 00 00 00 00 00 00 00 00 00
76D0H: 00 00 00 00 00 00 00 00 00 00 00 00 00 00 00 00
76E0H: 00 00 00 00 00 00 00 00 00 00 00 00 00 00 00 00
76F0H: 00 00 00 00 00 00 00 00 00 00 00 00 00 00 00 00
7700H: 00 00 00 00 00 00 00 00 00 00 00 00 00 00 00 00
7710H: 00 00 00 00 00 00 00 00 00 00 00 00 00 00 00 00
7720H: 00 00 00 00 00 00 00 00 00 00 00 00 00 00 00 00
7730H: 00 00 00 00 00 00 00 00 00 00 00 00 00 00 00 00
7740H: 00 00 00 00 00 00 00 00 00 00 00 00 00 00 00 00
7750H: 00 00 00 00 00 00 00 00 00 00 00 00 00 00 00 00
7760H: 00 00 00 00 00 00 00 00 00 00 00 00 00 00 00 00
7770H: 00 00 00 00 00 00 00 00 00 00 00 00 00 00 00 00
7780H: 00 00 00 00 00 00 00 00 00 00 00 00 00 00 00 00
7790H: 00 00 00 00 00 00 00 00 00 00 00 00 00 00 00 00
77A0H: 00 00 00 00 00 00 00 00 00 00 00 00 00 00 00 00
77B0H: 00 00 00 00 00 00 00 00 00 00 00 00 00 00 00 00
77C0H: 00 00 00 00 00 00 00 00 00 00 00 00 00 00 00 00
77D0H: 00 00 00 00 00 00 00 00 00 00 00 00 00 00 00 00
77E0H: 00 00 00 00 00 00 00 00 00 00 00 00 00 00 00 00
77F0H: 00 00 00 00 00 00 00 00 00 00 00 00 00 00 00 00
7800H: 00 00 00 00 00 00 00 00 00 00 00 00 00 00 00 00
7810H: 00 00 00 00 00 00 00 00 00 00 00 00 00 00 00 00
7820H: 00 00 00 00 00 00 00 00 00 00 00 00 00 00 00 00
7830H: 00 00 00 00 00 00 00 00 00 00 00 00 00 00 00 00
7840H: 00 00 00 00 00 00 00 00 00 00 00 00 00 00 00 00
7850H: 00 00 00 00 00 00 00 00 00 00 00 00 00 00 00 00
7860H: 00 00 00 00 00 00 00 00 00 00 00 00 00 00 00 00
7870H: 00 00 00 00 00 00 00 00 00 00 00 00 00 00 00 00
7880H: 00 00 00 00 00 00 00 00 00 00 00 00 00 00 00 00
7890H: 00 00 00 00 00 00 00 00 00 00 00 00 00 00 00 00
78A0H: 00 00 00 00 00 00 00 00 00 00 00 00 00 00 00 00
78B0H: 00 00 00 00 00 00 00 00 00 00 00 00 00 00 00 00
78C0H: 00 00 00 00 00 00 00 00 00 00 00 00 00 00 00 00
78D0H: 00 00 00 00 00 00 00 00 00 00 00 00 00 00 00 00
78E0H: 00 00 00 00 00 00 00 00 00 00 00 00 00 00 00 00
78F0H: 00 00 00 00 00 00 00 00 00 00 00 00 00 00 00 00
7900H: 00 00 00 00 00 00 00 00 00 00 00 00 00 00 00 00
7910H: 00 00 00 00 00 00 00 00 00 00 00 00 00 00 00 00
7920H: 00 00 00 00 00 00 00 00 00 00 00 00 00 00 00 00
7930H: 00 00 00 00 00 00 00 00 00 00 00 00 00 00 00 00
7940H: 00 00 00 00 00 00 00 00 00 00 00 00 00 00 00 00
7950H: 00 00 00 00 00 00 00 00 00 00 00 00 00 00 00 00
7960H: 00 00 00 00 00 00 00 00 00 00 00 00 00 00 00 00
7970H: 00 00 00 00 00 00 00 00 00 00 00 00 00 00 00 00
7980H: 00 00 00 00 00 00 00 00 00 00 00 00 00 00 00 00
7990H: 00 00 00 00 00 00 00 00 00 00 00 00 00 00 00 00
79A0H: 00 00 00 00 00 00 00 00 00 00 00 00 00 00 00 00
79B0H: 00 00 00 00 00 00 00 00 00 00 00 00 00 00 00 00
79C0H: 00 00 00 00 00 00 00 00 00 00 00 00 00 00 00 00
79D0H: 00 00 00 00 00 00 00 00 00 00 00 00 00 00 00 00
79E0H: 00 00 00 00 00 00 00 00 00 00 00 00 00 00 00 00
79F0H: 00 00 00 00 00 00 00 00 00 00 00 00 00 00 00 00
7A00H: 00 00 00 00 00 00 00 00 00 00 00 00 00 00 00 00
7A10H: 00 00 00 00 00 00 00 00 00 00 00 00 00 00 00 00
7A20H: 00 00 00 00 00 00 00 00 00 00 00 00 00 00 00 00
7A30H: 00 00 00 00 00 00 00 00 00 00 00 00 00 00 00 00
7A40H: 00 00 00 00 00 00 00 00 00 00 00 00 00 00 00 00
7A50H: 00 00 00 00 00 00 00 00 00 00 00 00 00 00 00 00
7A60H: 00 00 00 00 00 00 00 00 00 00 00 00 00 00 00 00
7A70H: 00 00 00 00 00 00 00 00 00 00 00 00 00 00 00 00
7A80H: 00 00 00 00 00 00 00 00 00 00 00 00 00 00 00 00
7A90H: 00 00 00 00 00 00 00 00 00 00 00 00 00 00 00 00
7AA0H: 00 00 00 00 00 00 00 00 00 00 00 00 00 00 00 00
7AB0H: 00 00 00 00 00 00 00 00 00 00 00 00 00 00 00 00
7AC0H: 00 00 00 00 00 00 00 00 00 00 00 00 00 00 00 00
7AD0H: 00 00 00 00 00 00 00 00 00 00 00 00 00 00 00 00
7AE0H: 00 00 00 00 00 00 00 00 00 00 00 00 00 00 00 00
7AF0H: 00 00 00 00 00 00 00 00 00 00 00 00 00 00 00 00
7B00H: 00 00 00 00 00 00 00 00 00 00 00 00 00 00 00 00
7B10H: 00 00 00 00 00 00 00 00 00 00 00 00 00 00 00 00
7B20H: 00 00 00 00 00 00 00 00 00 00 00 00 00 00 00 00
7B30H: 00 00 00 00 00 00 00 00 00 00 00 00 00 00 00 00
7B40H: 00 00 00 00 00 00 00 00 00 00 00 00 00 00 00 00
7B50H: 00 00 00 00 00 00 00 00 00 00 00 00 00 00 00 00
7B60H: 00 00 00 00 00 00 00 00 00 00 00 00 00 00 00 00
7B70H: 00 00 00 00 00 00 00 00 00 00 00 00 00 00 00 00
7B80H: 00 00 00 00 00 00 00 00 00 00 00 00 00 00 00 00
7B90H: 00 00 00 00 00 00 00 00 00 00 00 00 00 00 00 00
7BA0H: 00 00 00 00 00 00 00 00 00 00 00 00 00 00 00 00
7BB0H: 00 00 00 00 00 00 00 00 00 00 00 00 00 00 00 00
7BC0H: 00 00 00 00 00 00 00 00 00 00 00 00 00 00 00 00
7BD0H: 00 00 00 00 00 00 00 00 00 00 00 00 00 00 00 00
7BE0H: 00 00 00 00 00 00 00 00 00 00 00 00 00 00 00 00
7BF0H: 00 00 00 00 00 00 00 00 00 00 00 00 00 00 00 00
7C00H: 00 00 00 00 00 00 00 00 00 00 00 00 00 00 00 00
7C10H: 00 00 00 00 00 00 00 00 00 00 00 00 00 00 00 00
7C20H: 00 00 00 00 00 00 00 00 00 00 00 00 00 00 00 00
7C30H: 00 00 00 00 00 00 00 00 00 00 00 00 00 00 00 00
7C40H: 00 00 00 00 00 00 00 00 00 00 00 00 00 00 00 00
7C50H: 00 00 00 00 00 00 00 00 00 00 00 00 00 00 00 00
7C60H: 00 00 00 00 00 00 00 00 00 00 00 00 00 00 00 00
7C70H: 00 00 00 00 00 00 00 00 00 00 00 00 00 00 00 00
7C80H: 00 00 00 00 00 00 00 00 00 00 00 00 00 00 00 00
7C90H: 00 00 00 00 00 00 00 00 00 00 00 00 00 00 00 00
7CA0H: 00 00 00 00 00 00 00 00 00 00 00 00 00 00 00 00
7CB0H: 00 00 00 00 00 00 00 00 00 00 00 00 00 00 00 00
7CC0H: 00 00 00 00 00 00 00 00 00 00 00 00 00 00 00 00
7CD0H: 00 00 00 00 00 00 00 00 00 00 00 00 00 00 00 00
7CE0H: 00 00 00 00 00 00 00 00 00 00 00 00 00 00 00 00
7CF0H: 00 00 00 00 00 00 00 00 00 00 00 00 00 00 00 00
7D00H: 00 00 00 00 00 00 00 00 00 00 00 00 00 00 00 00
7D10H: 00 00 00 00 00 00 00 00 00 00 00 00 00 00 00 00
7D20H: 00 00 00 00 00 00 00 00 00 00 00 00 00 00 00 00
7D30H: 00 00 00 00 00 00 00 00 00 00 00 00 00 00 00 00
7D40H: 00 00 00 00 00 00 00 00 00 00 00 00 00 00 00 00
7D50H: 00 00 00 00 00 00 00 00 00 00 00 00 00 00 00 00
7D60H: 00 00 00 00 00 00 00 00 00 00 00 00 00 00 00 00
7D70H: 00 00 00 00 00 00 00 00 00 00 00 00 00 00 00 00
7D80H: 00 00 00 00 00 00 00 00 00 00 00 00 00 00 00 00
7D90H: 00 00 00 00 00 00 00 00 00 00 00 00 00 00 00 00
7DA0H: 00 00 00 00 00 00 00 00 00 00 00 00 00 00 00 00
7DB0H: 00 00 00 00 00 00 00 00 00 00 00 00 00 00 00 00
7DC0H: 00 00 00 00 00 00 00 00 00 00 00 00 00 00 00 00
7DD0H: 00 00 00 00 00 00 00 00 00 00 00 00 00 00 00 00
7DE0H: 00 00 00 00 00 00 00 00 00 00 00 00 00 00 00 00
7DF0H: 00 00 00 00 00 00 00 00 00 00 00 00 00 00 00 00
7E00H: 00 00 00 00 00 00 00 00 00 00 00 00 00 00 00 00
7E10H: 00 00 00 00 00 00 00 00 00 00 00 00 00 00 00 00
7E20H: 00 00 00 00 00 00 00 00 00 00 00 00 00 00 00 00
7E30H: 00 00 00 00 00 00 00 00 00 00 00 00 00 00 00 00
7E40H: 00 00 00 00 00 00 00 00 00 00 00 00 00 00 00 00
7E50H: 00 00 00 00 00 00 00 00 00 00 00 00 00 00 00 00
7E60H: 00 00 00 00 00 00 00 00 00 00 00 00 00 00 00 00
7E70H: 00 00 00 00 00 00 00 00 00 00 00 00 00 00 00 00
7E80H: 00 00 00 00 00 00 00 00 00 00 00 00 00 00 00 00
7E90H: 00 00 00 00 00 00 00 00 00 00 00 00 00 00 00 00
7EA0H: 00 00 00 00 00 00 00 00 00 00 00 00 00 00 00 00
7EB0H: 00 00 00 00 00 00 00 00 00 00 00 00 00 00 00 00
7EC0H: 00 00 00 00 00 00 00 00 00 00 00 00 00 00 00 00
7ED0H: 00 00 00 00 00 00 00 00 00 00 00 00 00 00 00 00
7EE0H: 00 00 00 00 00 00 00 00 00 00 00 00 00 00 00 00
7EF0H: 00 00 00 00 00 00 00 00 00 00 00 00 00 00 00 00
7F00H: 00 00 00 00 00 00 00 00 00 00 00 00 00 00 00 00
7F10H: 00 00 00 00 00 00 00 00 00 00 00 00 00 00 00 00
7F20H: 00 00 00 00 00 00 00 00 00 00 00 00 00 00 00 00
7F30H: 00 00 00 00 00 00 00 00 00 00 00 00 00 00 00 00
7F40H: 00 00 00 00 00 00 00 00 00 00 00 00 00 00 00 00
7F50H: 00 00 00 00 00 00 00 00 00 00 00 00 00 00 00 00
7F60H: 00 00 00 00 00 00 00 00 00 00 00 00 00 00 00 00
7F70H: 00 00 00 00 00 00 00 00 00 00 00 00 00 00 00 00
7F80H: 00 00 00 00 00 00 00 00 00 00 00 00 00 00 00 00
7F90H: 00 00 00 00 00 00 00 00 00 00 00 00 00 00 00 00
7FA0H: 00 00 00 00 00 00 00 00 00 00 00 00 00 00 00 00
7FB0H: 00 00 00 00 00 00 00 00 00 00 00 00 00 00 00 00
7FC0H: 00 00 00 00 00 00 00 00 00 00 00 00 00 00 00 00
7FD0H: 00 00 00 00 00 00 00 00 00 00 00 00 00 00 00 00
7FE0H: 00 00 00 00 00 00 00 00 00 00 00 00 00 00 00 00
7FF0H: 00 00 00 00 00 00 00 00 00 00 00 00 00 00 00 00
Bank # 

8000H: 90 00 79 EF F0 90 14 48 E4 F0 D2 5E 90 00 7A E0
8010H: FF 7E 00 74 03 90 C5 1F 12 2B 58 90 00 79 E0 FF
8020H: 02 2B 7E 90 0B CC 12 44 9C 90 0B CA E4 F0 A3 F0
8030H: C2 5E A3 12 45 A6 74 05 90 A2 92 12 2B 58 90 0B
8040H: CA EF F0 90 0B CD E0 FF A3 E0 4F 60 0A 90 0B CA
8050H: E0 E0 C3 94 0B 40 25 90 00 22 74 01 F0 7F 23 7E
8060H: 00 74 04 90 93 32 12 2B 58 90 00 7A 74 23 F0 7F
8070H: 7F 74 01 90 80 00 12 2B 58 02 2B 7E 90 0B CA E0
8080H: C3 94 05 40 06 E0 C3 94 0B 40 4A E4 90 1D F3 FE
8090H: E0 54 02 4E 60 18 E4 FE E0 54 08 4E 60 10 E4 FE
80A0H: E0 54 04 4E 60 08 E4 FE E0 54 01 4E 70 25 90 00
80B0H: 22 74 01 F0 7F F4 7E 00 74 04 90 93 32 12 2B 58
80C0H: 90 00 7A 74 F4 F0 7F 7F 74 01 90 80 00 12 2B 58
80D0H: 02 2B 7E 80 30 E4 90 1D F3 FE E0 54 01 4E 70 25
80E0H: 90 00 22 74 01 F0 7F F4 7E 00 74 04 90 93 32 12
80F0H: 2B 58 90 00 7A 74 F4 F0 7F 7F 74 01 90 80 00 12
8100H: 2B 58 02 2B 7E 90 11 02 E0 90 14 6E F0 90 0B CA
8110H: E0 FF 7E 00 12 41 6A 00 00 0A 00 84 09 81 33 81
8120H: 41 81 75 81 7E 81 A4 81 DE 82 C5 83 00 81 DE 83
8130H: 68 83 A2 90 14 48 74 4D F0 90 1B E1 E4 F0 02 84
8140H: 0B 90 1B E1 E0 70 25 90 00 22 74 01 F0 7F 0C 7E
8150H: 00 74 04 90 93 32 12 2B 58 90 00 7A 74 0C F0 7F
8160H: 7F 74 01 90 80 00 12 2B 58 02 2B 7E 90 14 48 74
8170H: 43 F0 02 84 0B 90 14 48 74 54 F0 02 84 0B 90 14
8180H: 48 74 52 F0 E4 FF FE FD FC 90 1B E2 12 44 D2 E4
8190H: FF FE FD FC 90 1B E6 12 44 D2 90 1B E1 E4 F0 7F
81A0H: 01 02 2B 7E 7F 0F 74 02 90 F2 57 12 2B 58 40 25
81B0H: 90 00 22 74 01 F0 7F 23 7E 00 74 04 90 93 32 12
81C0H: 2B 58 90 00 7A 74 23 F0 7F 7F 74 01 90 80 00 12
81D0H: 2B 58 02 2B 7E 90 14 48 74 49 F0 02 84 0B 90 0B
81E0H: CA E0 64 05 70 5B 90 14 48 74 45 F0 E4 FF FE FD
81F0H: FC 90 14 75 12 44 D2 E4 FF FE FD FC 90 14 7D 12
8200H: 44 D2 90 14 D3 E4 F0 A3 F0 FF FE FD FC 90 14 A5
8210H: 12 44 D2 E4 FF FE FD FC 90 14 AD 12 44 D2 E4 FF
8220H: FE FD FC 90 14 8D 12 44 D2 E4 FF FE FD FC 90 14
8230H: 95 12 44 D2 E4 FF FE FD FC 90 14 85 12 44 D2 80
8240H: 06 90 14 48 74 46 F0 90 14 6F E4 F0 90 14 70 F0
8250H: FF FE FD FC 90 14 71 12 44 D2 E4 FF FE FD FC 90
8260H: 14 79 12 44 D2 90 14 D1 E4 F0 A3 F0 FF FE FD FC
8270H: 90 14 B1 12 44 D2 90 14 D7 E4 F0 A3 F0 FF FE FD
8280H: FC 90 14 99 12 44 D2 E4 FF FE FD FC 90 14 A1 12
8290H: 44 D2 E4 FF FE FD FC 90 14 A9 12 44 D2 E4 FF FE
82A0H: FD FC 90 14 89 12 44 D2 E4 FF FE FD FC 90 14 91
82B0H: 12 44 D2 E4 FF FE FD FC 90 14 81 12 44 D2 D2 64
82C0H: 7F 01 02 2B 7E 90 14 48 E0 64 45 60 2A E0 64 41
82D0H: 60 25 90 00 22 74 01 F0 7F A4 7E 00 74 04 90 93
82E0H: 32 12 2B 58 90 00 7A 74 A4 F0 7F 7F 74 01 90 80
82F0H: 00 12 2B 58 02 2B 7E 90 14 48 74 41 F0 02 84 0B
8300H: 90 14 48 E0 64 41 60 57 E0 64 42 60 52 90 14 48
8310H: E0 64 45 60 25 90 00 22 74 01 F0 7F A4 7E 00 74
8320H: 04 90 93 32 12 2B 58 90 00 7A 74 A4 F0 7F 7F 74
8330H: 01 90 80 00 12 2B 58 02 2B 7E 90 00 22 74 01 F0
8340H: 7F A5 7E 00 74 04 90 93 32 12 2B 58 90 00 7A 74
8350H: A5 F0 7F 7F 74 01 90 80 00 12 2B 58 02 2B 7E 90
8360H: 14 48 74 42 F0 02 84 0B 90 14 48 E0 64 46 60 2A
8370H: E0 64 47 60 25 90 00 22 74 01 F0 7F AB 7E 00 74
8380H: 04 90 93 32 12 2B 58 90 00 7A 74 AB F0 7F 7F 74
8390H: 01 90 80 00 12 2B 58 02 2B 7E 90 14 48 74 47 F0
83A0H: 80 69 90 14 48 E0 64 47 60 57 E0 64 48 60 52 90
83B0H: 14 48 E0 64 46 60 25 90 00 22 74 01 F0 7F AB 7E
83C0H: 00 74 04 90 93 32 12 2B 58 90 00 7A 74 AB F0 7F
83D0H: 7F 74 01 90 80 00 12 2B 58 02 2B 7E 90 00 22 74
83E0H: 01 F0 7F AC 7E 00 74 04 90 93 32 12 2B 58 90 00
83F0H: 7A 74 AC F0 7F 7F 74 01 90 80 00 12 2B 58 02 2B
8400H: 7E 90 14 48 74 48 F0 80 02 80 00 74 03 90 B1 B6
8410H: 12 2B 58 90 0B CB EF F0 60 43 90 14 48 E0 64 43
8420H: 60 12 E0 64 42 60 0D E0 64 48 60 08 90 0B CB E0
8430H: 64 02 60 29 90 14 48 E0 64 41 60 05 E0 64 47 70
8440H: 07 90 0B CB E0 14 70 15 90 14 48 E0 64 42 60 05
8450H: E0 64 48 70 2D 90 0B CB E0 64 02 60 25 90 00 22
8460H: 74 01 F0 7F 02 7E 00 74 04 90 93 32 12 2B 58 90
8470H: 00 7A 74 02 F0 7F 7F 74 01 90 80 00 12 2B 58 02
8480H: 2B 7E 90 1D F3 E0 54 02 60 2B 7D 02 7E 4A 7F 50
8490H: 90 00 63 12 44 9C 7F 04 74 05 90 87 05 12 2B 58
84A0H: 40 13 90 00 7A 74 F4 F0 7F 7F 74 01 90 80 00 12
84B0H: 2B 58 02 2B 7E 90 14 48 E0 64 42 70 03 02 86 C0
84C0H: E0 64 48 70 03 02 86 C0 90 1D F3 E0 54 08 60 2B
84D0H: 7D 02 7E 4A 7F 52 90 00 63 12 44 9C 7F 05 74 05
84E0H: 90 87 05 12 2B 58 40 13 90 00 7A 74 F4 F0 7F 7F
84F0H: 74 01 90 80 00 12 2B 58 02 2B 7E C2 69 A2 6A 92
8500H: 5D C2 6A 90 14 48 E0 64 41 70 62 90 00 99 74 D2
8510H: F0 7F 02 74 05 90 8D AF 12 2B 58 90 00 54 EF F0
8520H: 90 00 53 74 D2 F0 7D 01 7E 1B 7F FA 90 00 55 12
8530H: 44 9C 7F 02 74 05 90 B3 6A 12 2B 58 40 05 7F 00
8540H: 02 2B 7E 90 00 53 74 D3 F0 A3 74 04 F0 A3 74 01
8550H: F0 A3 74 11 F0 A3 74 10 F0 7F 02 74 05 90 B3 6A
8560H: 12 2B 58 40 05 7F 00 02 2B 7E 02 86 C0 90 14 48
8570H: E0 64 47 70 49 90 00 99 74 D4 F0 7F 02 74 05 90
8580H: 8D AF 12 2B 58 90 00 54 EF F0 90 00 53 74 D4 F0
8590H: 7D 01 7E 1B 7F F6 90 00 55 12 44 9C 7F 02 74 05
85A0H: 90 B3 6A 12 2B 58 40 13 90 00 7A 74 F4 F0 7F 7F
85B0H: 74 01 90 80 00 12 2B 58 02 2B 7E 02 86 C0 90 1C
85C0H: 0A E0 70 03 02 86 45 90 00 99 74 D2 F0 7F 02 74
85D0H: 05 90 8D AF 12 2B 58 90 00 54 EF F0 90 00 53 74
85E0H: D2 F0 7D 01 7E 1C 7F 02 90 00 55 12 44 9C 7F 02
85F0H: 74 05 90 B3 6A 12 2B 58 40 13 90 00 7A 74 F4 F0
8600H: 7F 7F 74 01 90 80 00 12 2B 58 02 2B 7E 90 00 53
8610H: 74 D3 F0 A3 74 04 F0 A3 74 01 F0 A3 74 1C F0 A3
8620H: 74 17 F0 7F 02 74 05 90 B3 6A 12 2B 58 40 13 90
8630H: 00 7A 74 F4 F0 7F 7F 74 01 90 80 00 12 2B 58 02
8640H: 2B 7E 02 86 C0 90 00 99 74 D2 F0 7F 02 74 05 90
8650H: 8D AF 12 2B 58 90 00 54 EF F0 90 00 53 74 D2 F0
8660H: 7D 02 7E 4A 7F 55 90 00 55 12 44 9C 7F 02 74 05
8670H: 90 B3 6A 12 2B 58 40 13 90 00 7A 74 F4 F0 7F 7F
8680H: 74 01 90 80 00 12 2B 58 02 2B 7E 90 00 53 74 D3
8690H: F0 A3 74 04 F0 A3 74 02 F0 A3 74 4A F0 A3 74 55
86A0H: F0 7F 02 74 05 90 B3 6A 12 2B 58 40 13 90 00 7A
86B0H: 74 F4 F0 7F 7F 74 01 90 80 00 12 2B 58 02 2B 7E
86C0H: 7F 01 74 03 90 AF 6C 12 2B 58 40 13 90 00 7A 74
86D0H: F4 F0 7F 7F 74 01 90 80 00 12 2B 58 02 2B 7E 90
86E0H: 14 48 E0 64 42 70 03 02 87 4C E0 64 48 60 5D 90
86F0H: 11 01 E0 04 F0 90 14 48 E0 64 42 60 15 E0 64 48
8700H: 60 10 E0 64 41 60 0B E0 64 47 60 06 90 11 42 E0
8710H: 04 F0 90 16 6B E0 04 F0 90 16 7A E0 04 F0 90 14
8720H: 48 E0 64 42 60 26 E0 64 48 60 21 E0 64 41 60 1C
8730H: E0 64 47 60 17 74 01 90 D4 65 12 2B 58 92 5C 74
8740H: 01 90 D4 5D 12 2B 58 90 14 6D EF F0 7F 00 02 2B
8750H: 7E 90 14 48 E0 64 41 60 0F E0 64 42 60 0A E0 64
8760H: 47 60 05 E0 64 48 70 07 D2 64 7F 03 02 2B 7E 90
8770H: 13 DF E0 64 02 60 03 02 88 92 7D 02 7E 4A 7F 5A
8780H: 90 00 89 12 44 9C 7D 01 7E 12 7F DE 74 05 90 A8
8790H: 45 12 2B 58 90 1A 80 12 44 9C 70 03 02 88 92 90
87A0H: 00 55 E4 F0 A3 74 3D F0 90 1A 80 12 45 A6 74 05
87B0H: 90 B2 D0 12 2B 58 7B 01 7A 00 74 01 12 46 21 8A
87C0H: 06 8B 07 74 04 90 EC 73 12 2B 58 90 14 65 12 44
87D0H: D2 7D 02 7E 4A 7F 5F 90 00 89 12 44 9C 7D 01 7E
87E0H: 12 7F DE 74 05 90 A8 45 12 2B 58 90 1A 80 12 44
87F0H: 9C 70 03 02 88 92 90 00 55 E4 F0 A3 74 3D F0 90
8800H: 1A 80 12 45 A6 74 05 90 B2 D0 12 2B 58 7B 01 7A
8810H: 00 74 01 12 46 21 8A 06 8B 07 74 04 90 EC 73 12
8820H: 2B 58 90 14 69 12 44 D2 7F 00 74 03 90 AF 6C 12
8830H: 2B 58 40 13 90 00 7A 74 F4 F0 7F 7F 74 01 90 80
8840H: 00 12 2B 58 02 2B 7E 90 14 48 E0 64 43 70 3C 7D
8850H: 02 7E 4A 7F 64 90 03 81 12 44 9C 90 1B E2 12 45
8860H: F0 90 03 84 12 44 D2 90 1B E6 12 45 F0 90 03 88
8870H: 12 44 D2 7D 01 7E 11 7F DE 74 05 90 AD D7 12 2B
8880H: 58 90 13 DE 74 FE F0 D2 49 80 02 D2 64 7F 03 02
8890H: 2B 7E 90 13 DF E0 64 02 60 13 E0 64 03 60 0E E0
88A0H: 64 04 60 09 E0 64 05 60 04 E0 04 70 05 7F 02 02
88B0H: 2B 7E 7F 82 02 2B 7E 90 00 7B E4 F0 A3 F0 90 14
88C0H: 48 E0 64 41 60 0F E0 64 42 60 0A E0 64 47 60 05
88D0H: E0 64 48 70 07 D2 64 7F 03 02 2B 7E 7F 01 74 04
88E0H: 90 98 27 12 2B 58 90 00 7B EE F0 A3 EF F0 7D 01
88F0H: 7E 00 7F 7D 74 02 90 ED AB 12 2B 58 90 00 7D E0
8900H: 14 70 06 A3 E0 64 02 60 0E 90 00 7C E0 64 F0 70
8910H: 04 90 00 7B E0 70 6F 74 03 90 C5 2A 12 2B 58 EF
8920H: 64 9E 4E 70 27 90 00 79 74 04 F0 7F 9E 7E 00 74
8930H: 03 90 C4 F6 12 2B 58 D2 5E 7F A1 7E 00 74 03 90
8940H: C5 1F 12 2B 58 D2 64 7F 85 02 2B 7E 90 00 53 74
8950H: FA F0 A3 74 02 F0 A3 F0 A3 74 4A F0 A3 74 7B F0
8960H: 7F 04 74 05 90 B3 6A 12 2B 58 40 13 90 00 7A 74
8970H: F4 F0 7F 7F 74 01 90 80 00 12 2B 58 02 2B 7E D2
8980H: 64 7F 03 02 2B 7E 90 13 DF E0 64 02 60 13 E0 64
8990H: 03 60 0E E0 64 04 60 09 E0 64 05 60 04 E0 04 70
89A0H: 05 7F 02 02 2B 7E 7F 82 02 2B 7E 7F 04 74 04 90
89B0H: 98 27 12 2B 58 90 0B 22 EE F0 A3 EF F0 A3 E4 F0
89C0H: A3 F0 90 14 48 E0 64 41 60 12 E0 64 42 60 0D E0
89D0H: 64 47 60 08 E0 64 48 60 03 02 8A F1 90 14 48 E0
89E0H: 64 41 60 05 E0 64 47 70 1F 7F 01 74 03 90 AF 2E
89F0H: 12 2B 58 40 13 90 00 7A 74 F4 F0 7F 7F 74 01 90
8A00H: 80 00 12 2B 58 02 2B 7E C2 5B C2 5A 7F 02 12 30
8A10H: C2 40 25 90 00 22 74 01 F0 7F 17 7E 00 74 04 90
8A20H: 93 32 12 2B 58 90 00 7A 74 17 F0 7F 7F 74 01 90
8A30H: 80 00 12 2B 58 02 2B 7E 7F 02 12 31 16 40 25 90
8A40H: 00 22 74 01 F0 7F 35 7E 00 74 04 90 93 32 12 2B
8A50H: 58 90 00 7A 74 35 F0 7F 7F 74 01 90 80 00 12 2B
8A60H: 58 02 2B 7E 7F 02 74 04 90 8D CA 12 2B 58 40 25
8A70H: 90 00 22 74 01 F0 7F 36 7E 00 74 04 90 93 32 12
8A80H: 2B 58 90 00 7A 74 36 F0 7F 7F 74 01 90 80 00 12
8A90H: 2B 58 02 2B 7E 7D 02 7E 4A 7F 5A 90 00 89 12 44
8AA0H: 9C 7D 01 7E 12 7F DE 74 05 90 A8 45 12 2B 58 EF
8AB0H: 4E 60 06 90 0B 24 74 01 F0 7D 02 7E 4A 7F 5F 90
8AC0H: 00 89 12 44 9C 7D 01 7E 12 7F DE 74 05 90 A8 45
8AD0H: 12 2B 58 EF 4E 60 06 90 0B 25 74 01 F0 90 0B 24
8AE0H: E0 70 07 A3 E0 70 03 02 8A 0C D2 64 7F 03 02 2B
8AF0H: 7E 90 0B 23 E0 64 9F 70 04 90 0B 22 E0 70 64 7F
8B00H: 02 74 01 90 C6 CF 12 2B 58 40 13 90 00 7A 74 F4
8B10H: F0 7F 7F 74 01 90 80 00 12 2B 58 02 2B 7E 7F 0B
8B20H: 74 03 90 AF 6C 12 2B 58 40 13 90 00 7A 74 F4 F0
8B30H: 7F 7F 74 01 90 80 00 12 2B 58 02 2B 7E 74 01 90
8B40H: C4 49 12 2B 58 40 13 90 00 7A 74 F4 F0 7F 7F 74
8B50H: 01 90 80 00 12 2B 58 02 2B 7E C2 5B C2 5A 7F 03
8B60H: 02 2B 7E 90 0B 22 E0 FF A3 E0 4F 60 11 90 15 2E
8B70H: E0 90 13 DE F0 D2 5E D2 64 7F 85 02 2B 7E 90 13
8B80H: DF E0 64 02 60 13 E0 64 03 60 0E E0 64 04 60 09
8B90H: E0 64 05 60 04 E0 04 70 05 7F 02 02 2B 7E 7F 82
8BA0H: 02 2B 7E 90 14 48 E0 64 41 70 0F E0 64 42 70 0A
8BB0H: E0 64 47 70 05 E0 64 48 60 47 7F 02 74 04 90 98
8BC0H: 27 12 2B 58 EF 4E 70 28 74 01 90 B5 A5 12 2B 58
8BD0H: EF 4E 70 1C 7F 04 74 04 90 98 27 12 2B 58 EF 4E
8BE0H: 70 0E 7F 05 74 04 90 98 27 12 2B 58 EF 4E 60 11
8BF0H: 90 15 2E E0 90 13 DE F0 D2 5E D2 64 7F 85 02 2B
8C00H: 7E 90 13 DF E0 64 02 60 03 02 90 01 E4 FF FE FD
8C10H: 90 0B 26 12 44 9C 7D 02 7E 4A 7F 5A 90 00 89 12
8C20H: 44 9C 7D 01 7E 12 7F DE 74 05 90 A8 45 12 2B 58
8C30H: 90 1A 80 12 44 9C 70 03 02 8F 71 90 0B 29 74 05
8C40H: F0 90 00 55 E4 F0 A3 74 3D F0 90 1A 80 12 45 A6
8C50H: 74 05 90 B2 D0 12 2B 58 7B 01 7A 00 74 01 12 46
8C60H: 21 8A 06 8B 07 74 04 90 EC 73 12 2B 58 90 14 5D
8C70H: 12 44 D2 12 40 7B 90 14 D1 EE F0 A3 EF F0 90 14
8C80H: D9 E4 F0 7D 02 7E 4A 7F 7E 90 03 81 12 44 9C 90
8C90H: 1A 80 12 45 A6 90 03 84 12 44 9C 7D 01 7E 14 7F
8CA0H: D9 74 05 90 AD D7 12 2B 58 7D 02 7E 4A 7F 81 90
8CB0H: 00 89 12 44 9C 7D 01 7E 14 7F D9 74 05 90 A8 45
8CC0H: 12 2B 58 90 1A 80 12 44 9C 79 01 7A 1A 7B 80 90
8CD0H: 00 01 12 47 0F 90 1A 80 12 45 A6 90 0B 26 12 44
8CE0H: 9C 90 0B 29 E0 FF 7E 00 90 0B 28 E0 2F F0 90 0B
8CF0H: 27 E0 3E F0 90 14 D9 E4 F0 7D 02 7E 4A 7F 7E 90
8D00H: 03 81 12 44 9C 90 0B 26 12 45 A6 90 03 84 12 44
8D10H: 9C 7D 01 7E 14 7F D9 74 05 90 AD D7 12 2B 58 7D
8D20H: 01 7E 14 7F D9 74 04 90 EC 73 12 2B 58 90 14 81
8D30H: 12 44 D2 70 2D 90 14 D9 E4 F0 7D 02 7E 4A 7F 83
8D40H: 90 03 81 12 44 9C 90 1A 80 12 45 A6 90 03 84 12
8D50H: 44 9C 7D 01 7E 14 7F D9 74 05 90 AD D7 12 2B 58
8D60H: 80 2B 90 14 D9 E4 F0 7D 02 7E 4A 7F 7E 90 03 81
8D70H: 12 44 9C 90 1A 80 12 45 A6 90 03 84 12 44 9C 7D
8D80H: 01 7E 14 7F D9 74 05 90 AD D7 12 2B 58 7D 01 7E
8D90H: 14 7F D9 74 04 90 EC 73 12 2B 58 90 14 81 12 44
8DA0H: D2 7D 02 7E 4A 7F 5F 90 00 89 12 44 9C 7D 01 7E
8DB0H: 12 7F DE 74 05 90 A8 45 12 2B 58 90 1A 80 12 44
8DC0H: 9C 70 03 02 8F 71 90 00 55 E4 F0 A3 74 3D F0 90
8DD0H: 1A 80 12 45 A6 74 05 90 B2 D0 12 2B 58 7B 01 7A
8DE0H: 00 74 01 12 46 21 8A 06 8B 07 74 04 90 EC 73 12
8DF0H: 2B 58 90 14 61 12 44 D2 12 40 7B 90 14 D3 EE F0
8E00H: A3 EF F0 90 14 D9 E4 F0 7D 02 7E 4A 7F 7E 90 03
8E10H: 81 12 44 9C 90 1A 80 12 45 A6 90 03 84 12 44 9C
8E20H: 7D 01 7E 14 7F D9 74 05 90 AD D7 12 2B 58 90 1A
8E30H: 80 12 45 A6 90 0B 26 12 44 9C 90 14 D9 E4 F0 90
8E40H: 00 55 F0 A3 74 2E F0 90 1A 80 12 45 A6 74 05 90
8E50H: B2 D0 12 2B 58 90 0B 26 12 44 9C 79 01 7A 0B 7B
8E60H: 26 90 00 01 12 47 0F 7D 02 7E 4A 7F 7E 90 03 81
8E70H: 12 44 9C 90 0B 29 E0 FF 7E 00 90 0B 26 12 45 64
8E80H: 74 01 12 46 21 8A 06 8B 07 89 05 90 03 84 12 44
8E90H: 9C 7D 01 7E 14 7F D9 74 05 90 AD D7 12 2B 58 7D
8EA0H: 01 7E 14 7F D9 74 04 90 EC 73 12 2B 58 90 14 85
8EB0H: 12 44 D2 7D 02 7E 4A 7F 7E 90 03 81 12 44 9C 90
8EC0H: 0B 26 12 45 A6 90 03 84 12 44 9C 7D 01 7E 14 7F
8ED0H: D9 74 05 90 AD D7 12 2B 58 90 14 85 E0 FF A3 E0
8EE0H: 4F 70 21 7D 01 7E 14 7F D9 74 04 90 EC 73 12 2B
8EF0H: 58 7B 00 7A 00 79 20 78 41 12 3C F9 90 14 85 12
8F00H: 44 D2 80 14 7D 01 7E 14 7F D9 74 04 90 EC 73 12
8F10H: 2B 58 90 14 85 12 44 D2 90 14 48 E0 64 41 60 0F
8F20H: E0 64 42 60 0A E0 64 47 60 05 E0 64 48 70 21 7F
8F30H: 00 74 03 90 AF 2E 12 2B 58 40 13 90 00 7A 74 F4
8F40H: F0 7F 7F 74 01 90 80 00 12 2B 58 02 2B 7E 80 1F
8F50H: 7F 00 74 03 90 AF 6C 12 2B 58 40 13 90 00 7A 74
8F60H: F4 F0 7F 7F 74 01 90 80 00 12 2B 58 02 2B 7E D2
8F70H: 5B 90 14 48 E0 64 41 60 0F E0 64 42 60 0A E0 64
8F80H: 47 60 05 E0 64 48 70 5E 90 14 48 E0 64 47 70 4F
8F90H: 90 14 61 12 45 F0 7B 00 7A 00 79 AA 78 42 74 07
8FA0H: 12 41 08 70 3A 90 14 61 12 45 F0 7B 00 7A 00 79
8FB0H: E6 78 42 74 0B 12 41 08 70 25 90 00 22 74 01 F0
8FC0H: 7F AA 7E 00 74 04 90 93 32 12 2B 58 90 00 7A 74
8FD0H: AA F0 7F 7F 74 01 90 80 00 12 2B 58 02 2B 7E D2
8FE0H: 64 7F 03 02 2B 7E 90 14 5D 12 45 F0 90 14 4D 12
8FF0H: 44 D2 90 14 61 12 45 F0 90 14 55 12 44 D2 02 91
9000H: 12 90 13 DF E0 64 03 60 03 02 91 12 20 5B 03 02
9010H: 91 12 7D 02 7E 4A 7F 87 90 00 89 12 44 9C 7D 01
9020H: 7E 12 7F DE 74 05 90 A8 45 12 2B 58 90 1A 80 12
9030H: 44 9C 70 03 02 91 12 90 00 55 E4 F0 A3 74 3D F0
9040H: 90 1A 80 12 45 A6 74 05 90 B2 D0 12 2B 58 7B 01
9050H: 7A 00 74 01 12 46 21 8A 06 8B 07 74 04 90 EC 73
9060H: 12 2B 58 90 14 49 12 44 D2 D2 5A 90 14 48 E0 64
9070H: 49 70 1D 74 01 90 C4 9E 12 2B 58 40 13 90 00 7A
9080H: 74 F4 F0 7F 7F 74 01 90 80 00 12 2B 58 02 2B 7E
9090H: 90 14 48 E0 64 54 60 03 02 91 12 90 14 49 12 45
90A0H: F0 7B 00 7A 00 79 80 78 3F 74 0B 12 41 08 70 62
90B0H: 30 7C 07 90 15 64 E0 14 60 06 90 15 64 E0 70 52
90C0H: 90 07 1D E4 F0 A3 74 A8 F0 A3 74 01 F0 7F 00 74
90D0H: 04 90 97 36 12 2B 58 40 13 90 00 7A 74 A7 F0 7F
90E0H: 7F 74 01 90 80 00 12 2B 58 02 2B 7E 7F 00 74 05
90F0H: 90 82 4D 12 2B 58 40 13 90 00 7A 74 F4 F0 7F 7F
9100H: 74 01 90 80 00 12 2B 58 02 2B 7E D2 64 7F 01 02
9110H: 2B 7E 20 5B 03 02 93 0F 20 5A 03 02 93 0F 90 14
9120H: 5D 12 45 F0 7B 00 7A 00 79 48 78 C3 12 3F 7A 90
9130H: 0B 26 12 44 D2 E4 FB FA F9 F8 74 0B 12 41 08 70
9140H: 16 7F 00 7E 00 7D C8 7C 43 79 01 7A 0B 7B 26 90
9150H: 3F 7A 12 43 FF 80 29 90 0B 26 12 45 F0 7B 00 7A
9160H: 00 79 C8 78 43 74 07 12 41 08 70 14 7F 00 7E 00
9170H: 7D C8 7C C3 79 01 7A 0B 7B 26 90 3F 7A 12 43 FF
9180H: 90 27 C2 12 45 F0 7B 00 7A 00 79 C8 78 43 12 3C
9190H: F9 C0 04 C0 05 C0 06 C0 07 90 14 49 12 45 F0 7B
91A0H: DC 7A 0F 79 49 78 40 12 3C F9 8F 03 8E 02 8D 01
91B0H: 8C 00 D0 07 D0 06 D0 05 D0 04 12 3E 67 79 01 7A
91C0H: 14 7B 61 90 3F 7A 12 43 FF 7F 00 7E 00 7D C8 7C
91D0H: 43 90 14 61 E0 F8 A3 E0 F9 A3 E0 FA A3 E0 FB 12
91E0H: 3F 76 90 0B 2A 12 44 D2 E4 FB FA F9 F8 74 0B 12
91F0H: 41 08 70 16 7F 00 7E 00 7D C8 7C 43 79 01 7A 0B
9200H: 7B 2A 90 3F 7A 12 43 FF 80 29 90 0B 2A 12 45 F0
9210H: 7B 00 7A 00 79 C8 78 43 74 07 12 41 08 70 14 7F
9220H: 00 7E 00 7D C8 7C C3 79 01 7A 0B 7B 2A 90 3F 7A
9230H: 12 43 FF 90 14 48 E0 64 49 70 3D 90 14 61 12 45
9240H: F0 7B 00 7A 00 79 A0 78 42 74 07 12 41 08 70 28
9250H: 90 14 61 12 45 F0 7B 00 7A 00 79 F0 78 42 74 0B
9260H: 12 41 08 70 13 90 00 7A 74 F8 F0 7F 7F 74 01 90
9270H: 80 00 12 2B 58 02 2B 7E 7D 02 7E 4A 7F 50 90 00
9280H: 63 12 44 9C 7F 04 74 05 90 87 05 12 2B 58 40 13
9290H: 90 00 7A 74 F4 F0 7F 7F 74 01 90 80 00 12 2B 58
92A0H: 02 2B 7E 7D 02 7E 4A 7F 8A 90 00 63 12 44 9C 7F
92B0H: 05 74 05 90 87 05 12 2B 58 40 13 90 00 7A 74 F4
92C0H: F0 7F 7F 74 01 90 80 00 12 2B 58 02 2B 7E 7D 02
92D0H: 7E 4A 7F 8D 90 03 81 12 44 9C 90 0B 26 12 45 F0
92E0H: 90 03 84 12 44 D2 90 0B 2A 12 45 F0 90 03 88 12
92F0H: 44 D2 7D 01 7E 11 7F DE 74 05 90 AD D7 12 2B 58
9300H: 90 13 DE 74 FE F0 D2 49 D2 64 7F 03 02 2B 7E 90
9310H: 13 DF E0 64 02 60 0F E0 64 03 60 0A E0 64 04 60
9320H: 05 E0 64 05 70 05 7F 02 02 2B 7E 7F 82 02 2B 7E
9330H: 90 14 48 E0 64 41 60 0F E0 64 42 60 0A E0 64 47
9340H: 60 05 E0 64 48 70 07 D2 64 7F 03 02 2B 7E 7F 02
9350H: 74 04 90 98 27 12 2B 58 EF 4E 70 38 74 01 90 B5
9360H: A5 12 2B 58 EF 4E 70 2C 7F 04 74 04 90 98 27 12
9370H: 2B 58 EF 4E 60 10 7F 04 74 04 90 98 27 12 2B 58
9380H: EF 64 9F 4E 70 0E 7F 05 74 04 90 98 27 12 2B 58
9390H: EF 4E 60 09 D2 5E D2 64 7F 85 02 2B 7E 7F 01 74
93A0H: 04 90 98 27 12 2B 58 EF 64 F0 4E 70 5B 74 03 90
93B0H: C5 2A 12 2B 58 EF 64 9E 4E 70 27 90 00 79 74 04
93C0H: F0 7F 9E 7E 00 74 03 90 C4 F6 12 2B 58 D2 5E 7F
93D0H: A1 7E 00 74 03 90 C5 1F 12 2B 58 D2 64 7F 85 02
93E0H: 2B 7E 7F 0B 74 03 90 AF 6C 12 2B 58 40 13 90 00
93F0H: 7A 74 F4 F0 7F 7F 74 01 90 80 00 12 2B 58 02 2B
9400H: 7E C2 5B 7F 03 02 2B 7E 90 13 DF E0 64 02 60 0F
9410H: E0 64 03 60 0A E0 64 04 60 05 E0 64 05 70 05 7F
9420H: 02 02 2B 7E 7F 82 02 2B 7E 90 0B AD 74 FF F0 FF
9430H: FE FD 7C 7F A3 12 44 D2 90 14 48 E0 64 41 60 4A
9440H: E0 64 42 60 45 E0 64 47 60 40 E0 64 48 60 3B 7F
9450H: 02 74 04 90 98 27 12 2B 58 EF 4E 70 1C 7F 04 74
9460H: 04 90 98 27 12 2B 58 EF 4E 70 0E 7F 05 74 04 90
9470H: 98 27 12 2B 58 EF 4E 60 11 90 15 2E E0 90 13 DE
9480H: F0 D2 5E D2 64 7F 85 02 2B 7E 90 13 DF E0 64 02
9490H: 60 03 02 95 84 90 14 48 E0 64 41 70 03 02 95 84
94A0H: E0 64 42 70 03 02 95 84 E0 64 48 70 03 02 95 84
94B0H: E0 64 48 70 03 02 95 84 7D 02 7E 4A 7F 5A 90 00
94C0H: 89 12 44 9C 7D 01 7E 12 7F DE 74 05 90 A8 45 12
94D0H: 2B 58 90 1A 80 12 44 9C 70 03 02 95 84 90 00 55
94E0H: E4 F0 A3 74 3D F0 90 1A 80 12 45 A6 74 05 90 B2
94F0H: D0 12 2B 58 7B 01 7A 00 74 01 12 46 21 8A 06 8B
9500H: 07 74 04 90 EC 73 12 2B 58 90 14 51 12 44 D2 7D
9510H: 02 7E 4A 7F 5F 90 00 89 12 44 9C 7D 01 7E 12 7F
9520H: DE 74 05 90 A8 45 12 2B 58 90 1A 80 12 44 9C 60
9530H: 53 90 00 55 E4 F0 A3 74 3D F0 90 1A 80 12 45 A6
9540H: 74 05 90 B2 D0 12 2B 58 7B 01 7A 00 74 01 12 46
9550H: 21 8A 06 8B 07 74 04 90 EC 73 12 2B 58 90 14 59
9560H: 12 44 D2 7F 00 74 03 90 AF 6C 12 2B 58 40 13 90
9570H: 00 7A 74 F4 F0 7F 7F 74 01 90 80 00 12 2B 58 02
9580H: 2B 7E D2 5B 20 5B 03 02 B1 B1 C2 6B 90 14 48 E0
9590H: 64 49 60 03 02 96 D9 90 14 59 12 45 F0 7B 00 7A
95A0H: 00 79 8C 78 43 74 07 12 41 08 70 28 90 14 59 12
95B0H: 45 F0 7B 00 7A 00 79 A0 78 43 74 0B 12 41 08 70
95C0H: 13 90 00 7A 74 F8 F0 7F 7F 74 01 90 80 00 12 2B
95D0H: 58 02 2B 7E 90 14 51 12 45 F0 90 14 4D E0 F8 A3
95E0H: E0 F9 A3 E0 FA A3 E0 FB 12 3F 76 7B 00 7A 00 79
95F0H: 48 78 C3 12 3F 7A 90 14 CD 12 44 D2 7B 00 7A 00
9600H: 79 48 78 43 74 07 12 41 08 70 16 7F 00 7E 00 7D
9610H: C8 7C C3 79 01 7A 14 7B CD 90 3F 7A 12 43 FF 80
9620H: 29 90 14 CD 12 45 F0 7B 00 7A 00 79 48 78 C3 74
9630H: 0B 12 41 08 70 14 7F 00 7E 00 7D C8 7C 43 79 01
9640H: 7A 14 7B CD 90 3F 7A 12 43 FF 7F 00 7E 00 7D 00
9650H: 7C 40 79 01 7A 14 7B CD 90 3E 67 12 43 FF 90 05
9660H: 54 74 D4 F0 90 0B AA 12 45 A6 90 05 55 12 44 9C
9670H: 7F 02 74 05 90 A4 95 12 2B 58 40 05 7F 00 02 2B
9680H: 7E 90 0B AA 12 45 A6 74 04 90 EC 73 12 2B 58 90
9690H: 0B A6 12 44 D2 90 14 55 12 45 F0 7B DC 7A 0F 79
96A0H: 49 78 40 12 3C F9 7B 00 7A 00 79 48 78 43 12 3E
96B0H: 67 74 04 90 E0 7F 12 2B 58 90 14 CD E0 F8 A3 E0
96C0H: F9 A3 E0 FA A3 E0 FB 12 3C F9 79 01 7A 0B 7B A6
96D0H: 90 3F 7A 12 43 FF 02 A0 17 90 14 48 E0 64 41 60
96E0H: 08 E0 64 47 60 03 02 9A 33 90 14 A1 12 45 F0 90
96F0H: 14 5D E0 F8 A3 E0 F9 A3 E0 FA A3 E0 FB 12 3F 7A
9700H: 8F 03 8E 02 8D 01 8C 00 90 0B AE 12 45 F0 12 40
9710H: B6 74 0B 12 41 08 70 25 90 00 22 74 01 F0 7F D9
9720H: 7E 00 74 04 90 93 32 12 2B 58 90 00 7A 74 D9 F0
9730H: 7F 7F 74 01 90 80 00 12 2B 58 02 2B 7E 90 14 5D
9740H: 12 45 F0 79 01 7A 14 7B A1 90 3F 7A 12 43 FF 90
9750H: 14 D1 E0 FE A3 E0 FF EE E4 FD FC 90 14 71 E0 F8
9760H: A3 E0 F9 A3 E0 FA A3 E0 FB 12 3C 72 90 0B AE E0
9770H: F8 A3 E0 F9 A3 E0 FA A3 E0 FB 74 0E 12 3C 47 70
9780H: 2F 90 14 89 12 45 F0 90 14 81 E0 F8 A3 E0 F9 A3
9790H: E0 FA A3 E0 FB 12 3F 7A 8F 03 8E 02 8D 01 8C 00
97A0H: 90 0B AE 12 45 F0 12 40 B6 74 0B 12 41 08 70 25
97B0H: 90 00 22 74 01 F0 7F D9 7E 00 74 04 90 93 32 12
97C0H: 2B 58 90 00 7A 74 D9 F0 7F 7F 74 01 90 80 00 12
97D0H: 2B 58 02 2B 7E 90 14 D1 E0 FE A3 E0 FF EE E4 FD
97E0H: FC 79 01 7A 14 7B 71 90 3C 72 12 43 FF 90 14 81
97F0H: 12 45 F0 79 01 7A 14 7B 89 90 3F 7A 12 43 FF 90
9800H: 63 F0 12 46 03 12 40 B6 90 14 89 E0 F8 A3 E0 F9
9810H: A3 E0 FA A3 E0 FB 74 0B 12 41 08 70 29 7F 01 7E
9820H: 00 7D 00 7C 00 79 01 7A 14 7B 71 90 3C 72 12 43
9830H: FF 90 63 F0 12 46 03 12 40 B6 79 01 7A 14 7B 89
9840H: 90 3F 76 12 43 FF 90 14 D1 E0 FE A3 E0 90 14 D5
9850H: CE F0 A3 EE F0 90 14 D3 E0 FE A3 E0 90 14 D7 CE
9860H: F0 A3 EE F0 90 14 48 E0 64 41 60 03 02 99 D8 90
9870H: 14 A5 12 45 F0 90 14 61 E0 F8 A3 E0 F9 A3 E0 FA
9880H: A3 E0 FB 12 3F 7A 8F 03 8E 02 8D 01 8C 00 90 0B
9890H: AE 12 45 F0 12 40 B6 74 0B 12 41 08 70 25 90 00
98A0H: 22 74 01 F0 7F D9 7E 00 74 04 90 93 32 12 2B 58
98B0H: 90 00 7A 74 D9 F0 7F 7F 74 01 90 80 00 12 2B 58
98C0H: 02 2B 7E 90 14 61 12 45 F0 79 01 7A 14 7B A5 90
98D0H: 3F 7A 12 43 FF 90 14 D3 E0 FE A3 E0 FF EE E4 FD
98E0H: FC 90 14 75 E0 F8 A3 E0 F9 A3 E0 FA A3 E0 FB 12
98F0H: 3C 72 90 0B AE E0 F8 A3 E0 F9 A3 E0 FA A3 E0 FB
9900H: 74 0E 12 3C 47 70 2F 90 14 8D 12 45 F0 90 14 85
9910H: E0 F8 A3 E0 F9 A3 E0 FA A3 E0 FB 12 3F 7A 8F 03
9920H: 8E 02 8D 01 8C 00 90 0B AE 12 45 F0 12 40 B6 74
9930H: 0B 12 41 08 70 25 90 00 22 74 01 F0 7F D9 7E 00
9940H: 74 04 90 93 32 12 2B 58 90 00 7A 74 D9 F0 7F 7F
9950H: 74 01 90 80 00 12 2B 58 02 2B 7E 90 14 D3 E0 FE
9960H: A3 E0 FF EE E4 FD FC 79 01 7A 14 7B 75 90 3C 72
9970H: 12 43 FF 90 14 85 12 45 F0 79 01 7A 14 7B 8D 90
9980H: 3F 7A 12 43 FF 90 63 F0 12 46 03 12 40 B6 90 14
9990H: 8D E0 F8 A3 E0 F9 A3 E0 FA A3 E0 FB 74 0B 12 41
99A0H: 08 70 29 7F 01 7E 00 7D 00 7C 00 79 01 7A 14 7B
99B0H: 75 90 3C 72 12 43 FF 90 63 F0 12 46 03 12 40 B6
99C0H: 79 01 7A 14 7B 8D 90 3F 76 12 43 FF 90 14 85 12
99D0H: 45 F0 90 14 99 12 44 D2 90 14 61 12 45 F0 90 14
99E0H: B1 12 44 D2 90 14 6F E0 24 01 FF E4 33 FE 90 0B
99F0H: AD E0 FB 7A 00 D3 EF 9B EA 64 80 CE 64 80 9E 40
9A00H: 25 90 00 22 74 01 F0 7F D9 7E 00 74 04 90 93 32
9A10H: 12 2B 58 90 00 7A 74 D9 F0 7F 7F 74 01 90 80 00
9A20H: 12 2B 58 02 2B 7E 90 14 6F E0 04 F0 D2 64 7F 01
9A30H: 02 2B 7E 90 14 48 E0 64 42 60 08 E0 64 48 60 03
9A40H: 02 9D 70 90 14 A9 12 45 F0 90 14 5D E0 F8 A3 E0
9A50H: F9 A3 E0 FA A3 E0 FB 12 3F 7A 8F 03 8E 02 8D 01
9A60H: 8C 00 90 0B AE 12 45 F0 12 40 B6 74 0B 12 41 08
9A70H: 70 25 90 00 22 74 01 F0 7F D9 7E 00 74 04 90 93
9A80H: 32 12 2B 58 90 00 7A 74 D9 F0 7F 7F 74 01 90 80
9A90H: 00 12 2B 58 02 2B 7E 90 14 5D 12 45 F0 79 01 7A
9AA0H: 14 7B A9 90 3F 7A 12 43 FF 90 14 D1 E0 FE A3 E0
9AB0H: FF EE E4 FD FC 90 14 79 E0 F8 A3 E0 F9 A3 E0 FA
9AC0H: A3 E0 FB 12 3C 72 90 0B AE E0 F8 A3 E0 F9 A3 E0
9AD0H: FA A3 E0 FB 74 0E 12 3C 47 70 2F 90 14 91 12 45
9AE0H: F0 90 14 81 E0 F8 A3 E0 F9 A3 E0 FA A3 E0 FB 12
9AF0H: 3F 7A 8F 03 8E 02 8D 01 8C 00 90 0B AE 12 45 F0
9B00H: 12 40 B6 74 0B 12 41 08 70 25 90 00 22 74 01 F0
9B10H: 7F D9 7E 00 74 04 90 93 32 12 2B 58 90 00 7A 74
9B20H: D9 F0 7F 7F 74 01 90 80 00 12 2B 58 02 2B 7E 90
9B30H: 14 D1 E0 FE A3 E0 FF EE E4 FD FC 79 01 7A 14 7B
9B40H: 79 90 3C 72 12 43 FF 90 14 81 12 45 F0 79 01 7A
9B50H: 14 7B 91 90 3F 7A 12 43 FF 90 63 F0 12 46 03 12
9B60H: 40 B6 90 14 91 E0 F8 A3 E0 F9 A3 E0 FA A3 E0 FB
9B70H: 74 0B 12 41 08 70 29 7F 01 7E 00 7D 00 7C 00 79
9B80H: 01 7A 14 7B 79 90 3C 72 12 43 FF 90 63 F0 12 46
9B90H: 03 12 40 B6 79 01 7A 14 7B 91 90 3F 76 12 43 FF
9BA0H: 90 14 48 E0 64 42 60 03 02 9D 08 90 14 AD 12 45
9BB0H: F0 90 14 61 E0 F8 A3 E0 F9 A3 E0 FA A3 E0 FB 12
9BC0H: 3F 7A 8F 03 8E 02 8D 01 8C 00 90 0B AE 12 45 F0
9BD0H: 12 40 B6 74 0B 12 41 08 70 25 90 00 22 74 01 F0
9BE0H: 7F D9 7E 00 74 04 90 93 32 12 2B 58 90 00 7A 74
9BF0H: D9 F0 7F 7F 74 01 90 80 00 12 2B 58 02 2B 7E 90
9C00H: 14 61 12 45 F0 79 01 7A 14 7B AD 90 3F 7A 12 43
9C10H: FF 90 14 D3 E0 FE A3 E0 FF EE E4 FD FC 90 14 7D
9C20H: E0 F8 A3 E0 F9 A3 E0 FA A3 E0 FB 12 3C 72 90 0B
9C30H: AE E0 F8 A3 E0 F9 A3 E0 FA A3 E0 FB 74 0E 12 3C
9C40H: 47 70 2F 90 14 95 12 45 F0 90 14 85 E0 F8 A3 E0
9C50H: F9 A3 E0 FA A3 E0 FB 12 3F 7A 8F 03 8E 02 8D 01
9C60H: 8C 00 90 0B AE 12 45 F0 12 40 B6 74 0B 12 41 08
9C70H: 70 25 90 00 22 74 01 F0 7F D9 7E 00 74 04 90 93
9C80H: 32 12 2B 58 90 00 7A 74 D9 F0 7F 7F 74 01 90 80
9C90H: 00 12 2B 58 02 2B 7E 90 14 D3 E0 FE A3 E0 FF EE
9CA0H: E4 FD FC 79 01 7A 14 7B 7D 90 3C 72 12 43 FF 90
9CB0H: 14 85 12 45 F0 79 01 7A 14 7B 95 90 3F 7A 12 43
9CC0H: FF 90 63 F0 12 46 03 12 40 B6 90 14 95 E0 F8 A3
9CD0H: E0 F9 A3 E0 FA A3 E0 FB 74 0B 12 41 08 70 29 7F
9CE0H: 01 7E 00 7D 00 7C 00 79 01 7A 14 7B 7D 90 3C 72
9CF0H: 12 43 FF 90 63 F0 12 46 03 12 40 B6 79 01 7A 14
9D00H: 7B 95 90 3F 76 12 43 FF 90 14 70 E0 24 01 FF E4
9D10H: 33 FE 90 0B AD E0 FB 7A 00 D3 EF 9B EA 64 80 CE
9D20H: 64 80 9E 40 25 90 00 22 74 01 F0 7F D9 7E 00 74
9D30H: 04 90 93 32 12 2B 58 90 00 7A 74 D9 F0 7F 7F 74
9D40H: 01 90 80 00 12 2B 58 02 2B 7E 90 14 70 E0 04 F0
9D50H: 90 14 6F E0 FF 90 14 70 E0 6F 70 0A 74 01 90 B5
9D60H: EB 12 2B 58 80 07 D2 64 7F 01 02 2B 7E 02 A0 17
9D70H: 90 14 51 12 45 F0 90 14 4D E0 F8 A3 E0 F9 A3 E0
9D80H: FA A3 E0 FB 12 3F 76 7B 00 7A 00 79 48 78 C3 12
9D90H: 3F 7A 90 0B B2 12 44 D2 7B 00 7A 00 79 48 78 43
9DA0H: 74 07 12 41 08 70 16 7F 00 7E 00 7D C8 7C C3 79
9DB0H: 01 7A 0B 7B B2 90 3F 7A 12 43 FF 80 29 90 0B B2
9DC0H: 12 45 F0 7B 00 7A 00 79 48 78 C3 74 0B 12 41 08
9DD0H: 70 14 7F 00 7E 00 7D C8 7C 43 79 01 7A 0B 7B B2
9DE0H: 90 3F 7A 12 43 FF 90 0B B2 12 45 F0 7B 00 7A 00
9DF0H: 79 00 78 40 12 3E 67 C0 04 C0 05 C0 06 C0 07 90
9E00H: 14 55 12 45 F0 7B DC 7A 0F 79 49 78 40 12 3C F9
9E10H: 7B 00 7A 00 79 48 78 43 12 3E 67 74 05 90 B4 E1
9E20H: 12 2B 58 D0 03 D0 02 D0 01 D0 00 12 3C F9 90 0B
9E30H: B2 12 44 D2 90 14 4D 12 45 F0 90 0B B2 E0 F8 A3
9E40H: E0 F9 A3 E0 FA A3 E0 FB 12 3F 7A 90 0B BA 12 44
9E50H: D2 E4 FB FA F9 F8 74 0B 12 41 08 70 16 7F 00 7E
9E60H: 00 7D C8 7C 43 79 01 7A 0B 7B BA 90 3F 7A 12 43
9E70H: FF 80 29 90 0B BA 12 45 F0 7B 00 7A 00 79 C8 78
9E80H: 43 74 03 12 41 08 70 14 7F 00 7E 00 7D C8 7C C3
9E90H: 79 01 7A 0B 7B BA 90 3F 7A 12 43 FF 90 27 C2 12
9EA0H: 45 F0 7B 00 7A 00 79 C8 78 43 12 3C F9 C0 04 C0
9EB0H: 05 C0 06 C0 07 90 14 49 12 45 F0 7B DC 7A 0F 79
9EC0H: 49 78 40 12 3C F9 8F 03 8E 02 8D 01 8C 00 D0 07
9ED0H: D0 06 D0 05 D0 04 12 3E 67 90 14 59 E0 F8 A3 E0
9EE0H: F9 A3 E0 FA A3 E0 FB 12 3F 7A EC 4D 60 03 63 04
9EF0H: 80 90 14 55 E0 F8 A3 E0 F9 A3 E0 FA A3 E0 FB 12
9F00H: 3F 76 7B 00 7A 00 79 C8 78 43 12 3F 7A 7B 00 7A
9F10H: 00 79 00 78 40 12 3E 67 90 0B B6 12 44 D2 90 14
9F20H: 55 12 45 F0 90 0B B6 E0 F8 A3 E0 F9 A3 E0 FA A3
9F30H: E0 FB 12 3F 7A 90 0B BE 12 44 D2 90 04 08 74 0B
9F40H: F0 A3 74 01 F0 A3 74 0B F0 A3 74 C2 F0 90 1C 17
9F50H: 12 45 F0 74 04 90 8C 0A 12 2B 58 90 04 08 74 0B
9F60H: F0 A3 74 01 F0 A3 74 0B F0 A3 74 C6 F0 90 11 24
9F70H: 12 45 F0 74 04 90 8C 0A 12 2B 58 90 1E 8D 12 45
9F80H: F0 79 01 7A 0B 7B B2 90 3F 7A 12 43 FF 90 0B C2
9F90H: 12 45 F0 90 0B C6 E0 F8 A3 E0 F9 A3 E0 FA A3 E0
9FA0H: FB 74 0D 12 41 08 70 41 90 0B B6 12 45 F0 90 0B
9FB0H: C2 E0 F8 A3 E0 F9 A3 E0 FA A3 E0 FB 12 3F 7A 90
9FC0H: 0B C6 E0 F8 A3 E0 F9 A3 E0 FA A3 E0 FB 12 3F 76
9FD0H: 90 0B C6 E0 F8 A3 E0 F9 A3 E0 FA A3 E0 FB 12 3F
9FE0H: 76 90 0B B6 12 44 D2 80 2E 90 0B B6 12 45 F0 90
9FF0H: 0B C2 E0 F8 A3 E0 F9 A3 E0 FA A3 E0 FB 12 3F 7A
A000H: 90 0B C6 E0 F8 A3 E0 F9 A3 E0 FA A3 E0 FB 12 3F
A010H: 76 90 0B B6 12 44 D2 90 14 48 E0 FF 12 41 AB AD
A020H: 13 42 A0 35 43 AF DD 48 AC A0 49 A5 49 4D A9 1E
A030H: 54 00 00 B1 A8 90 0B BA 12 45 F0 90 1B E2 E0 F8
A040H: A3 E0 F9 A3 E0 FA A3 E0 FB 12 3F 76 90 1B EA 12
A050H: 44 D2 90 0B BE 12 45 F0 90 1B E6 E0 F8 A3 E0 F9
A060H: A3 E0 FA A3 E0 FB 12 3F 76 90 1B EE 12 44 D2 90
A070H: 1B EA 12 45 F0 7B 00 7A 00 79 48 78 43 74 07 12
A080H: 41 08 70 16 7F 00 7E 00 7D C8 7C C3 79 01 7A 1B
A090H: 7B EA 90 3F 7A 12 43 FF 80 29 90 1B EA 12 45 F0
A0A0H: 7B 00 7A 00 79 48 78 C3 74 0B 12 41 08 70 14 7F
A0B0H: 00 7E 00 7D C8 7C 43 79 01 7A 1B 7B EA 90 3F 7A
A0C0H: 12 43 FF 90 0B B2 12 45 F0 74 04 90 FF B4 12 2B
A0D0H: 58 7B CD 7A CC 79 4C 78 3D 74 0B 12 41 08 60 03
A0E0H: 02 A2 E2 90 0B B6 12 45 F0 74 04 90 FF B4 12 2B
A0F0H: 58 7B CD 7A CC 79 4C 78 3D 74 0B 12 41 08 60 03
A100H: 02 A2 E2 90 14 49 12 45 F0 7B 00 7A 00 79 C8 78
A110H: 42 74 07 12 41 08 60 03 02 A2 E2 90 0B B2 12 45
A120H: F0 90 1E 8D 12 44 D2 90 0B B6 12 45 F0 90 1E 91
A130H: 12 44 D2 90 00 97 74 BE F0 7F 01 74 05 90 B3 A4
A140H: 12 2B 58 90 03 E5 EF F0 A3 74 01 F0 A3 74 1C F0
A150H: A3 74 02 F0 90 0B B2 12 45 F0 74 04 90 8C 8B 12
A160H: 2B 58 90 00 97 74 BF F0 7F 01 74 05 90 B3 A4 12
A170H: 2B 58 90 03 E5 EF F0 A3 74 01 F0 A3 74 1C F0 A3
A180H: 74 06 F0 90 0B B6 12 45 F0 74 04 90 8C 8B 12 2B
A190H: 58 90 1C 0A 74 01 F0 90 1C 06 12 45 F0 90 11 24
A1A0H: E0 F8 A3 E0 F9 A3 E0 FA A3 E0 FB 12 3C 72 90 1C
A1B0H: 17 12 44 D2 90 00 99 74 D2 F0 7F 02 74 05 90 8D
A1C0H: AF 12 2B 58 90 00 54 EF F0 90 00 53 74 D2 F0 7D
A1D0H: 01 7E 1C 7F 02 90 00 55 12 44 9C 7F 02 74 05 90
A1E0H: B3 6A 12 2B 58 40 05 7F 00 02 2B 7E 90 00 53 74
A1F0H: D3 F0 A3 74 04 F0 A3 74 01 F0 A3 74 1C F0 A3 74
A200H: 17 F0 7F 02 74 05 90 B3 6A 12 2B 58 40 05 7F 00
A210H: 02 2B 7E 30 48 34 7D 02 7E 4A 7F A5 90 03 81 12
A220H: 44 9C 90 0B B2 12 45 F0 90 03 84 12 44 D2 90 0B
A230H: B6 12 45 F0 90 03 88 12 44 D2 7D 01 7E 12 7F DE
A240H: 74 05 90 AD D7 12 2B 58 80 4E 7D 02 7E 4A 7F B3
A250H: 90 03 81 12 44 9C 90 52 92 E4 93 FF E4 90 03 84
A260H: F0 A3 EF F0 90 0B B2 12 45 F0 90 03 86 12 44 D2
A270H: 90 52 92 E4 93 FF E4 90 03 8A F0 A3 EF F0 90 0B
A280H: B6 12 45 F0 90 03 8C 12 44 D2 7D 01 7E 12 7F DE
A290H: 74 05 90 AD D7 12 2B 58 7D 01 7E 12 7F DE 90 01
A2A0H: FA 12 44 9C 7F 00 74 03 90 EF 82 12 2B 58 40 13
A2B0H: 90 00 7A 74 F4 F0 7F 7F 74 01 90 80 00 12 2B 58
A2C0H: 02 2B 7E 7F 00 74 05 90 82 4D 12 2B 58 40 13 90
A2D0H: 00 7A 74 F4 F0 7F 7F 74 01 90 80 00 12 2B 58 02
A2E0H: 2B 7E 90 0B B2 12 45 F0 74 04 90 FF B4 12 2B 58
A2F0H: 7B CD 7A CC 79 4C 78 3D 74 0F 12 41 08 70 20 90
A300H: 0B B6 12 45 F0 74 04 90 FF B4 12 2B 58 7B CD 7A
A310H: CC 79 4C 78 3D 74 07 12 41 08 60 03 02 A3 C0 D2
A320H: 5E 30 48 23 7D 02 7E 4A 7F C7 90 03 81 12 44 9C
A330H: A3 E4 F0 A3 74 A7 F0 7D 01 7E 12 7F DE 74 05 90
A340H: AD D7 12 2B 58 80 2F 7D 02 7E 4A 7F CA 90 03 81
A350H: 12 44 9C A3 E4 F0 A3 74 A7 F0 90 52 9C E4 93 FF
A360H: E4 90 03 86 F0 A3 EF F0 7D 01 7E 12 7F DE 74 05
A370H: 90 AD D7 12 2B 58 7D 01 7E 12 7F DE 90 01 FA 12
A380H: 44 9C 7F 00 74 03 90 EF 82 12 2B 58 40 13 90 00
A390H: 7A 74 A7 F0 7F 7F 74 01 90 80 00 12 2B 58 02 2B
A3A0H: 7E 7F 00 74 05 90 82 4D 12 2B 58 40 13 90 00 7A
A3B0H: 74 F4 F0 7F 7F 74 01 90 80 00 12 2B 58 02 2B 7E
A3C0H: 30 48 34 7D 02 7E 4A 7F D0 90 03 81 12 44 9C 90
A3D0H: 1B EA 12 45 F0 90 03 84 12 44 D2 90 1B EE 12 45
A3E0H: F0 90 03 88 12 44 D2 7D 01 7E 12 7F DE 74 05 90
A3F0H: AD D7 12 2B 58 80 4E 7D 02 7E 4A 7F DE 90 03 81
A400H: 12 44 9C 90 52 92 E4 93 FF E4 90 03 84 F0 A3 EF
A410H: F0 90 1B EA 12 45 F0 90 03 86 12 44 D2 90 52 92
A420H: E4 93 FF E4 90 03 8A F0 A3 EF F0 90 1B EE 12 45
A430H: F0 90 03 8C 12 44 D2 7D 01 7E 12 7F DE 74 05 90
A440H: AD D7 12 2B 58 7D 01 7E 12 7F DE 90 01 FA 12 44
A450H: 9C 7F 00 74 03 90 EF 82 12 2B 58 40 13 90 00 7A
A460H: 74 F4 F0 7F 7F 74 01 90 80 00 12 2B 58 02 2B 7E
A470H: 7F 00 74 05 90 82 4D 12 2B 58 40 13 90 00 7A 74
A480H: F4 F0 7F 7F 74 01 90 80 00 12 2B 58 02 2B 7E 90
A490H: 14 49 12 45 F0 7B 00 7A 00 79 C8 78 42 74 0B 12
A4A0H: 41 08 60 03 02 A5 46 30 48 23 7D 02 7E 4A 7F C7
A4B0H: 90 03 81 12 44 9C A3 E4 F0 A3 74 A8 F0 7D 01 7E
A4C0H: 12 7F DE 74 05 90 AD D7 12 2B 58 80 2F 7D 02 7E
A4D0H: 4A 7F CA 90 03 81 12 44 9C A3 E4 F0 A3 74 A8 F0
A4E0H: 90 52 9C E4 93 FF E4 90 03 86 F0 A3 EF F0 7D 01
A4F0H: 7E 12 7F DE 74 05 90 AD D7 12 2B 58 7D 01 7E 12
A500H: 7F DE 90 01 FA 12 44 9C 7F 00 74 03 90 EF 82 12
A510H: 2B 58 40 13 90 00 7A 74 A8 F0 7F 7F 74 01 90 80
A520H: 00 12 2B 58 02 2B 7E 7F 00 74 05 90 82 4D 12 2B
A530H: 58 40 13 90 00 7A 74 F4 F0 7F 7F 74 01 90 80 00
A540H: 12 2B 58 02 2B 7E 02 B1 AA 90 1B E1 74 01 F0 90
A550H: 0B BA 12 45 F0 90 1B E2 12 44 D2 90 0B BE 12 45
A560H: F0 90 1B E6 12 44 D2 90 0B B2 12 45 F0 74 04 90
A570H: FF B4 12 2B 58 7B CD 7A CC 79 4C 78 3D 74 0B 12
A580H: 41 08 60 03 02 A7 86 90 0B B6 12 45 F0 74 04 90
A590H: FF B4 12 2B 58 7B CD 7A CC 79 4C 78 3D 74 0B 12
A5A0H: 41 08 60 03 02 A7 86 90 14 49 12 45 F0 7B 00 7A
A5B0H: 00 79 C8 78 42 74 07 12 41 08 60 03 02 A7 86 90
A5C0H: 0B B2 12 45 F0 90 1E 8D 12 44 D2 90 0B B6 12 45
A5D0H: F0 90 1E 91 12 44 D2 90 00 97 74 BE F0 7F 01 74
A5E0H: 05 90 B3 A4 12 2B 58 90 03 E5 EF F0 A3 74 01 F0
A5F0H: A3 74 1C F0 A3 74 02 F0 90 0B B2 12 45 F0 74 04
A600H: 90 8C 8B 12 2B 58 90 00 97 74 BF F0 7F 01 74 05
A610H: 90 B3 A4 12 2B 58 90 03 E5 EF F0 A3 74 01 F0 A3
A620H: 74 1C F0 A3 74 06 F0 90 0B B6 12 45 F0 74 04 90
A630H: 8C 8B 12 2B 58 90 1C 0A 74 01 F0 90 1C 06 12 45
A640H: F0 90 11 24 E0 F8 A3 E0 F9 A3 E0 FA A3 E0 FB 12
A650H: 3C 72 90 1C 17 12 44 D2 90 00 99 74 D2 F0 7F 02
A660H: 74 05 90 8D AF 12 2B 58 90 00 54 EF F0 90 00 53
A670H: 74 D2 F0 7D 01 7E 1C 7F 02 90 00 55 12 44 9C 7F
A680H: 02 74 05 90 B3 6A 12 2B 58 40 05 7F 00 02 2B 7E
A690H: 90 00 53 74 D3 F0 A3 74 04 F0 A3 74 01 F0 A3 74
A6A0H: 1C F0 A3 74 17 F0 7F 02 74 05 90 B3 6A 12 2B 58
A6B0H: 40 05 7F 00 02 2B 7E 30 48 34 7D 02 7E 4A 7F A5
A6C0H: 90 03 81 12 44 9C 90 0B B2 12 45 F0 90 03 84 12
A6D0H: 44 D2 90 0B B6 12 45 F0 90 03 88 12 44 D2 7D 01
A6E0H: 7E 12 7F DE 74 05 90 AD D7 12 2B 58 80 4E 7D 02
A6F0H: 7E 4A 7F B3 90 03 81 12 44 9C 90 52 92 E4 93 FF
A700H: E4 90 03 84 F0 A3 EF F0 90 0B B2 12 45 F0 90 03
A710H: 86 12 44 D2 90 52 92 E4 93 FF E4 90 03 8A F0 A3
A720H: EF F0 90 0B B6 12 45 F0 90 03 8C 12 44 D2 7D 01
A730H: 7E 12 7F DE 74 05 90 AD D7 12 2B 58 7D 01 7E 12
A740H: 7F DE 90 01 FA 12 44 9C 7F 00 74 03 90 EF 82 12
A750H: 2B 58 40 13 90 00 7A 74 F4 F0 7F 7F 74 01 90 80
A760H: 00 12 2B 58 02 2B 7E 7F 00 74 05 90 82 4D 12 2B
A770H: 58 40 13 90 00 7A 74 F4 F0 7F 7F 74 01 90 80 00
A780H: 12 2B 58 02 2B 7E 90 0B B2 12 45 F0 74 04 90 FF
A790H: B4 12 2B 58 7B CD 7A CC 79 4C 78 3D 74 0F 12 41
A7A0H: 08 70 20 90 0B B6 12 45 F0 74 04 90 FF B4 12 2B
A7B0H: 58 7B CD 7A CC 79 4C 78 3D 74 07 12 41 08 60 03
A7C0H: 02 A8 64 D2 5E 30 48 23 7D 02 7E 4A 7F C7 90 03
A7D0H: 81 12 44 9C A3 E4 F0 A3 74 A7 F0 7D 01 7E 12 7F
A7E0H: DE 74 05 90 AD D7 12 2B 58 80 2F 7D 02 7E 4A 7F
A7F0H: CA 90 03 81 12 44 9C A3 E4 F0 A3 74 A7 F0 90 52
A800H: 9C E4 93 FF E4 90 03 86 F0 A3 EF F0 7D 01 7E 12
A810H: 7F DE 74 05 90 AD D7 12 2B 58 7D 01 7E 12 7F DE
A820H: 90 01 FA 12 44 9C 7F 00 74 03 90 EF 82 12 2B 58
A830H: 40 13 90 00 7A 74 A7 F0 7F 7F 74 01 90 80 00 12
A840H: 2B 58 02 2B 7E 7F 00 74 05 90 82 4D 12 2B 58 40
A850H: 13 90 00 7A 74 F4 F0 7F 7F 74 01 90 80 00 12 2B
A860H: 58 02 2B 7E 90 14 49 12 45 F0 7B 00 7A 00 79 C8
A870H: 78 42 74 0B 12 41 08 60 03 02 A9 1B 30 48 23 7D
A880H: 02 7E 4A 7F C7 90 03 81 12 44 9C A3 E4 F0 A3 74
A890H: A8 F0 7D 01 7E 12 7F DE 74 05 90 AD D7 12 2B 58
A8A0H: 80 2F 7D 02 7E 4A 7F CA 90 03 81 12 44 9C A3 E4
A8B0H: F0 A3 74 A8 F0 90 52 9C E4 93 FF E4 90 03 86 F0
A8C0H: A3 EF F0 7D 01 7E 12 7F DE 74 05 90 AD D7 12 2B
A8D0H: 58 7D 01 7E 12 7F DE 90 01 FA 12 44 9C 7F 00 74
A8E0H: 03 90 EF 82 12 2B 58 40 13 90 00 7A 74 A8 F0 7F
A8F0H: 7F 74 01 90 80 00 12 2B 58 02 2B 7E 7F 00 74 05
A900H: 90 82 4D 12 2B 58 40 13 90 00 7A 74 F4 F0 7F 7F
A910H: 74 01 90 80 00 12 2B 58 02 2B 7E 02 B1 AA 90 00
A920H: 97 74 BE F0 7F 01 74 05 90 B3 A4 12 2B 58 90 03
A930H: E5 EF F0 A3 74 01 F0 A3 74 1C F0 A3 74 02 F0 90
A940H: 0B B2 12 45 F0 74 04 90 8C 8B 12 2B 58 90 00 97
A950H: 74 BF F0 7F 01 74 05 90 B3 A4 12 2B 58 90 03 E5
A960H: EF F0 A3 74 01 F0 A3 74 1C F0 A3 74 06 F0 90 0B
A970H: B6 12 45 F0 74 04 90 8C 8B 12 2B 58 90 0B B2 12
A980H: 45 F0 74 04 90 FF B4 12 2B 58 7B CD 7A CC 79 4C
A990H: 78 3D 74 0B 12 41 08 60 03 02 AB 28 90 0B B6 12
A9A0H: 45 F0 74 04 90 FF B4 12 2B 58 7B CD 7A CC 79 4C
A9B0H: 78 3D 74 0B 12 41 08 60 03 02 AB 28 90 0B B2 12
A9C0H: 45 F0 90 1E 8D 12 44 D2 90 0B B6 12 45 F0 90 1E
A9D0H: 91 12 44 D2 90 1C 0A 74 01 F0 90 1C 06 12 45 F0
A9E0H: 90 11 24 E0 F8 A3 E0 F9 A3 E0 FA A3 E0 FB 12 3C
A9F0H: 72 90 1C 17 12 44 D2 90 00 99 74 D2 F0 7F 02 74
AA00H: 05 90 8D AF 12 2B 58 90 00 54 EF F0 90 00 53 74
AA10H: D2 F0 7D 01 7E 1C 7F 02 90 00 55 12 44 9C 7F 02
AA20H: 74 05 90 B3 6A 12 2B 58 40 05 7F 00 02 2B 7E 90
AA30H: 00 53 74 D3 F0 A3 74 04 F0 A3 74 01 F0 A3 74 1C
AA40H: F0 A3 74 17 F0 7F 02 74 05 90 B3 6A 12 2B 58 40
AA50H: 05 7F 00 02 2B 7E 30 48 34 7D 02 7E 4A 7F A5 90
AA60H: 03 81 12 44 9C 90 0B B2 12 45 F0 90 03 84 12 44
AA70H: D2 90 0B B6 12 45 F0 90 03 88 12 44 D2 7D 01 7E
AA80H: 12 7F DE 74 05 90 AD D7 12 2B 58 80 4E 7D 02 7E
AA90H: 4A 7F B3 90 03 81 12 44 9C 90 52 92 E4 93 FF E4
AAA0H: 90 03 84 F0 A3 EF F0 90 0B B2 12 45 F0 90 03 86
AAB0H: 12 44 D2 90 52 92 E4 93 FF E4 90 03 8A F0 A3 EF
AAC0H: F0 90 0B B6 12 45 F0 90 03 8C 12 44 D2 7D 01 7E
AAD0H: 12 7F DE 74 05 90 AD D7 12 2B 58 7D 01 7E 12 7F
AAE0H: DE 90 01 FA 12 44 9C 7F 00 74 03 90 EF 82 12 2B
AAF0H: 58 40 13 90 00 7A 74 F4 F0 7F 7F 74 01 90 80 00
AB00H: 12 2B 58 02 2B 7E 7F 00 74 05 90 82 4D 12 2B 58
AB10H: 40 13 90 00 7A 74 F4 F0 7F 7F 74 01 90 80 00 12
AB20H: 2B 58 02 2B 7E 02 AC 9D 90 1C 0A E4 F0 30 48 34
AB30H: 7D 02 7E 4A 7F A5 90 03 81 12 44 9C 90 0B B2 12
AB40H: 45 F0 90 03 84 12 44 D2 90 0B B6 12 45 F0 90 03
AB50H: 88 12 44 D2 7D 01 7E 12 7F DE 74 05 90 AD D7 12
AB60H: 2B 58 80 4E 7D 02 7E 4A 7F B3 90 03 81 12 44 9C
AB70H: 90 52 92 E4 93 FF E4 90 03 84 F0 A3 EF F0 90 0B
AB80H: B2 12 45 F0 90 03 86 12 44 D2 90 52 92 E4 93 FF
AB90H: E4 90 03 8A F0 A3 EF F0 90 0B B6 12 45 F0 90 03
ABA0H: 8C 12 44 D2 7D 01 7E 12 7F DE 74 05 90 AD D7 12
ABB0H: 2B 58 7D 01 7E 12 7F DE 90 01 FA 12 44 9C 7F 00
ABC0H: 74 03 90 EF 82 12 2B 58 40 13 90 00 7A 74 F4 F0
ABD0H: 7F 7F 74 01 90 80 00 12 2B 58 02 2B 7E 7F 00 74
ABE0H: 05 90 82 4D 12 2B 58 40 13 90 00 7A 74 F4 F0 7F
ABF0H: 7F 74 01 90 80 00 12 2B 58 02 2B 7E D2 5E 30 48
AC00H: 23 7D 02 7E 4A 7F C7 90 03 81 12 44 9C A3 E4 F0
AC10H: A3 74 A7 F0 7D 01 7E 12 7F DE 74 05 90 AD D7 12
AC20H: 2B 58 80 2F 7D 02 7E 4A 7F CA 90 03 81 12 44 9C
AC30H: A3 E4 F0 A3 74 A7 F0 90 52 9C E4 93 FF E4 90 03
AC40H: 86 F0 A3 EF F0 7D 01 7E 12 7F DE 74 05 90 AD D7
AC50H: 12 2B 58 7D 01 7E 12 7F DE 90 01 FA 12 44 9C 7F
AC60H: 00 74 03 90 EF 82 12 2B 58 40 13 90 00 7A 74 F4
AC70H: F0 7F 7F 74 01 90 80 00 12 2B 58 02 2B 7E 7F 00
AC80H: 74 05 90 82 4D 12 2B 58 40 13 90 00 7A 74 F4 F0
AC90H: 7F 7F 74 01 90 80 00 12 2B 58 02 2B 7E 02 B1 AA
ACA0H: 90 0B A6 12 45 F0 12 40 7B EE 30 E7 07 FE C3 E4
ACB0H: 9F FF E4 9E FE 33 95 E0 FD FC 12 40 B6 7B 0A 7A
ACC0H: D7 79 A3 78 3C 74 0B 12 41 08 70 31 90 00 97 74
ACD0H: D4 F0 7F 02 74 05 90 B3 A4 12 2B 58 90 03 E5 EF
ACE0H: F0 A3 74 01 F0 A3 74 1B F0 A3 74 F6 F0 90 0B A6
ACF0H: 12 45 F0 74 04 90 8C 8B 12 2B 58 80 13 90 00 7A
AD00H: 74 F4 F0 7F 7F 74 01 90 80 00 12 2B 58 02 2B 7E
AD10H: 02 B1 AA 90 14 C1 12 45 F0 74 04 90 FF B4 12 2B
AD20H: 58 7B 0A 7A D7 79 A3 78 3C 74 0B 12 41 08 60 03
AD30H: 02 AE 65 90 14 C5 12 45 F0 74 04 90 FF B4 12 2B
AD40H: 58 7B 0A 7A D7 79 A3 78 3C 74 0B 12 41 08 60 03
AD50H: 02 AE 65 90 03 E5 74 0B F0 A3 74 01 F0 A3 74 1B
AD60H: F0 A3 74 FA F0 90 14 C1 12 45 F0 74 04 90 8C 8B
AD70H: 12 2B 58 90 03 E5 74 0B F0 A3 74 01 F0 A3 74 1B
AD80H: F0 A3 74 FE F0 90 14 C5 12 45 F0 74 04 90 8C 8B
AD90H: 12 2B 58 30 48 34 7D 02 7E 4A 7F F2 90 03 81 12
ADA0H: 44 9C 90 14 C1 12 45 F0 90 03 84 12 44 D2 90 14
ADB0H: C5 12 45 F0 90 03 88 12 44 D2 7D 01 7E 12 7F DE
ADC0H: 74 05 90 AD D7 12 2B 58 80 4E 7D 02 7E 4B 7F 00
ADD0H: 90 03 81 12 44 9C 90 52 92 E4 93 FF E4 90 03 84
ADE0H: F0 A3 EF F0 90 14 C1 12 45 F0 90 03 86 12 44 D2
ADF0H: 90 52 92 E4 93 FF E4 90 03 8A F0 A3 EF F0 90 14
AE00H: C5 12 45 F0 90 03 8C 12 44 D2 7D 01 7E 12 7F DE
AE10H: 74 05 90 AD D7 12 2B 58 7D 01 7E 12 7F DE 90 01
AE20H: FA 12 44 9C 7F 00 74 03 90 EF 82 12 2B 58 40 13
AE30H: 90 00 7A 74 F4 F0 7F 7F 74 01 90 80 00 12 2B 58
AE40H: 02 2B 7E 7F 00 74 05 90 82 4D 12 2B 58 40 13 90
AE50H: 00 7A 74 F4 F0 7F 7F 74 01 90 80 00 12 2B 58 02
AE60H: 2B 7E 02 AF DA 90 1C 0A E4 F0 30 48 34 7D 02 7E
AE70H: 4A 7F F2 90 03 81 12 44 9C 90 14 C1 12 45 F0 90
AE80H: 03 84 12 44 D2 90 14 C5 12 45 F0 90 03 88 12 44
AE90H: D2 7D 01 7E 12 7F DE 74 05 90 AD D7 12 2B 58 80
AEA0H: 4E 7D 02 7E 4B 7F 00 90 03 81 12 44 9C 90 52 92
AEB0H: E4 93 FF E4 90 03 84 F0 A3 EF F0 90 14 C1 12 45
AEC0H: F0 90 03 86 12 44 D2 90 52 92 E4 93 FF E4 90 03
AED0H: 8A F0 A3 EF F0 90 14 C5 12 45 F0 90 03 8C 12 44
AEE0H: D2 7D 01 7E 12 7F DE 74 05 90 AD D7 12 2B 58 7D
AEF0H: 01 7E 12 7F DE 90 01 FA 12 44 9C 7F 00 74 03 90
AF00H: EF 82 12 2B 58 40 13 90 00 7A 74 F4 F0 7F 7F 74
AF10H: 01 90 80 00 12 2B 58 02 2B 7E 7F 00 74 05 90 82
AF20H: 4D 12 2B 58 40 13 90 00 7A 74 F4 F0 7F 7F 74 01
AF30H: 90 80 00 12 2B 58 02 2B 7E D2 5E 30 48 23 7D 02
AF40H: 7E 4A 7F C7 90 03 81 12 44 9C A3 E4 F0 A3 74 A6
AF50H: F0 7D 01 7E 12 7F DE 74 05 90 AD D7 12 2B 58 80
AF60H: 2F 7D 02 7E 4A 7F CA 90 03 81 12 44 9C A3 E4 F0
AF70H: A3 74 A6 F0 90 52 9C E4 93 FF E4 90 03 86 F0 A3
AF80H: EF F0 7D 01 7E 12 7F DE 74 05 90 AD D7 12 2B 58
AF90H: 7D 01 7E 12 7F DE 90 01 FA 12 44 9C 7F 00 74 03
AFA0H: 90 EF 82 12 2B 58 40 13 90 00 7A 74 F4 F0 7F 7F
AFB0H: 74 01 90 80 00 12 2B 58 02 2B 7E 7F 00 74 05 90
AFC0H: 82 4D 12 2B 58 40 13 90 00 7A 74 F4 F0 7F 7F 74
AFD0H: 01 90 80 00 12 2B 58 02 2B 7E 02 B1 AA 90 14 C9
AFE0H: 12 45 F0 74 04 90 FF B4 12 2B 58 7B 0A 7A D7 79
AFF0H: A3 78 3C 74 0B 12 41 08 60 03 02 B0 D8 90 00 97
B000H: 74 D4 F0 7F 02 74 05 90 B3 A4 12 2B 58 90 03 E5
B010H: EF F0 A3 74 01 F0 A3 74 1B F0 A3 74 F6 F0 90 14
B020H: C9 12 45 F0 74 04 90 8C 8B 12 2B 58 30 48 28 7D
B030H: 02 7E 4B 7F 14 90 03 81 12 44 9C 90 14 C9 12 45
B040H: F0 90 03 84 12 44 D2 7D 01 7E 12 7F DE 74 05 90
B050H: AD D7 12 2B 58 80 34 7D 02 7E 4B 7F 1B 90 03 81
B060H: 12 44 9C 90 52 92 E4 93 FF E4 90 03 84 F0 A3 EF
B070H: F0 90 14 C9 12 45 F0 90 03 86 12 44 D2 7D 01 7E
B080H: 12 7F DE 74 05 90 AD D7 12 2B 58 7D 01 7E 12 7F
B090H: DE 90 01 FA 12 44 9C 7F 00 74 03 90 EF 82 12 2B
B0A0H: 58 40 13 90 00 7A 74 F4 F0 7F 7F 74 01 90 80 00
B0B0H: 12 2B 58 02 2B 7E 7F 00 74 05 90 82 4D 12 2B 58
B0C0H: 40 13 90 00 7A 74 F4 F0 7F 7F 74 01 90 80 00 12
B0D0H: 2B 58 02 2B 7E 02 B1 A6 30 48 28 7D 02 7E 4B 7F
B0E0H: 14 90 03 81 12 44 9C 90 14 C9 12 45 F0 90 03 84
B0F0H: 12 44 D2 7D 01 7E 12 7F DE 74 05 90 AD D7 12 2B
B100H: 58 80 34 7D 02 7E 4B 7F 1B 90 03 81 12 44 9C 90
B110H: 52 92 E4 93 FF E4 90 03 84 F0 A3 EF F0 90 14 C9
B120H: 12 45 F0 90 03 86 12 44 D2 7D 01 7E 12 7F DE 74
B130H: 05 90 AD D7 12 2B 58 7D 01 7E 12 7F DE 90 01 FA
B140H: 12 44 9C 7F 00 74 03 90 EF 82 12 2B 58 40 13 90
B150H: 00 7A 74 F4 F0 7F 7F 74 01 90 80 00 12 2B 58 02
B160H: 2B 7E 7F 00 74 05 90 82 4D 12 2B 58 40 13 90 00
B170H: 7A 74 F4 F0 7F 7F 74 01 90 80 00 12 2B 58 02 2B
B180H: 7E 90 00 22 74 01 F0 7F A9 7E 00 74 04 90 93 32
B190H: 12 2B 58 90 00 7A 74 A9 F0 7F 7F 74 01 90 80 00
B1A0H: 12 2B 58 02 2B 7E 80 02 80 00 D2 64 7F 05 02 2B
B1B0H: 7E 90 13 DF E0 64 02 60 0A E0 64 04 60 05 E0 64
B1C0H: 05 70 05 7F 02 02 2B 7E 7F 82 02 2B 7E 90 14 48
B1D0H: E0 64 42 60 05 E0 64 48 70 07 D2 64 7F 03 02 2B
B1E0H: 7E 90 13 DF E0 70 05 7F 82 02 2B 7E 7D 02 7E 4A
B1F0H: 7F 64 90 03 81 12 44 9C 90 14 65 12 45 F0 90 03
B200H: 84 12 44 D2 90 14 69 12 45 F0 90 03 88 12 44 D2
B210H: 7D 01 7E 11 7F DE 74 05 90 AD D7 12 2B 58 90 13
B220H: DE 74 FE F0 D2 49 D2 64 7F 03 02 2B 7E 90 14 48
B230H: E0 64 42 60 05 E0 64 48 70 07 D2 64 7F 03 02 2B
B240H: 7E 7F 02 74 04 90 98 27 12 2B 58 EF 4E 70 28 74
B250H: 01 90 B5 A5 12 2B 58 EF 4E 70 1C 7F 04 74 04 90
B260H: 98 27 12 2B 58 EF 4E 70 0E 7F 05 74 04 90 98 27
B270H: 12 2B 58 EF 4E 60 13 90 00 7A 74 F4 F0 7F 7F 74
B280H: 01 90 80 00 12 2B 58 02 2B 7E 7F 01 74 04 90 98
B290H: 27 12 2B 58 EF 64 F0 4E 70 07 D2 64 7F 01 02 2B
B2A0H: 7E 90 13 DF E0 64 02 60 0F E0 64 03 60 0A E0 64
B2B0H: 04 60 05 E0 64 05 70 05 7F 02 02 2B 7E 7F 83 02
B2C0H: 2B 7E 90 14 48 E0 64 52 70 05 7F 00 02 2B 7E 90
B2D0H: 00 99 74 D2 F0 7F 02 74 05 90 8D AF 12 2B 58 90
B2E0H: 00 54 EF F0 90 00 53 74 D2 F0 7D 01 7E 1B 7F FA
B2F0H: 90 00 55 12 44 9C 7F 02 74 05 90 B3 6A 12 2B 58
B300H: 40 13 90 00 7A 74 F4 F0 7F 7F 74 01 90 80 00 12
B310H: 2B 58 02 2B 7E 90 14 48 E0 64 42 70 08 74 02 90
B320H: FF C8 12 2B 58 90 1C 0A E0 60 35 90 00 53 74 D3
B330H: F0 A3 74 04 F0 A3 74 01 F0 A3 74 11 F0 A3 74 10
B340H: F0 7F 02 74 05 90 B3 6A 12 2B 58 40 13 90 00 7A
B350H: 74 F4 F0 7F 7F 74 01 90 80 00 12 2B 58 02 2B 7E
B360H: 90 14 48 E0 64 49 60 05 E0 64 48 70 46 90 00 99
B370H: 74 D4 F0 7F 02 74 05 90 8D AF 12 2B 58 90 00 54
B380H: EF F0 90 00 53 74 D4 F0 7D 01 7E 1B 7F F6 90 00
B390H: 55 12 44 9C 7F 02 74 05 90 B3 6A 12 2B 58 40 13
B3A0H: 90 00 7A 74 F4 F0 7F 7F 74 01 90 80 00 12 2B 58
B3B0H: 02 2B 7E 90 14 48 E0 64 42 60 05 E0 64 48 70 31
B3C0H: 74 03 90 B3 A0 12 2B 58 40 25 90 00 22 74 01 F0
B3D0H: 7F 37 7E 00 74 04 90 93 32 12 2B 58 90 00 7A 74
B3E0H: 37 F0 7F 7F 74 01 90 80 00 12 2B 58 02 2B 7E 80
B3F0H: 22 90 14 6E E0 FF 74 03 90 AF 6C 12 2B 58 40 13
B400H: 90 00 7A 74 F4 F0 7F 7F 74 01 90 80 00 12 2B 58
B410H: 02 2B 7E 90 1D F3 E0 54 02 60 34 A2 5D 92 6A 7D
B420H: 02 7E 4A 7F 50 90 00 63 12 44 9C 7F 04 74 05 90
B430H: 87 05 12 2B 58 40 13 90 00 7A 74 F4 F0 7F 7F 74
B440H: 01 90 80 00 12 2B 58 02 2B 7E 90 16 6A E4 F0 90
B450H: 1D F3 E0 54 08 60 2B 7D 02 7E 4A 7F 52 90 00 63
B460H: 12 44 9C 7F 05 74 05 90 87 05 12 2B 58 40 13 90
B470H: 00 7A 74 F4 F0 7F 7F 74 01 90 80 00 12 2B 58 02
B480H: 2B 7E 90 14 48 E0 64 42 60 24 E0 64 48 60 1F E0
B490H: 64 41 60 1A E0 64 47 60 15 90 1D F3 E0 54 04 60
B4A0H: 0D 90 14 6D E0 FF 74 01 90 C6 CF 12 2B 58 90 11
B4B0H: 01 E0 14 F0 90 14 48 E0 64 42 60 15 E0 64 48 60
B4C0H: 10 E0 64 41 60 0B E0 64 47 60 06 90 11 42 E0 14
B4D0H: F0 90 16 6B E0 14 F0 90 16 7A E0 14 F0 20 5E 03
B4E0H: 02 B5 82 30 48 23 7D 02 7E 4A 7F C7 90 03 81 12
B4F0H: 44 9C A3 E4 F0 A3 74 F8 F0 7D 01 7E 12 7F DE 74
B500H: 05 90 AD D7 12 2B 58 80 2F 7D 02 7E 4A 7F CA 90
B510H: 03 81 12 44 9C A3 E4 F0 A3 74 F8 F0 90 52 9C E4
B520H: 93 FF E4 90 03 86 F0 A3 EF F0 7D 01 7E 12 7F DE
B530H: 74 05 90 AD D7 12 2B 58 7D 01 7E 12 7F DE 90 01
B540H: FA 12 44 9C 7F 00 74 03 90 EF 82 12 2B 58 40 13
B550H: 90 00 7A 74 F4 F0 7F 7F 74 01 90 80 00 12 2B 58
B560H: 02 2B 7E 7F 00 74 05 90 82 4D 12 2B 58 40 13 90
B570H: 00 7A 74 F4 F0 7F 7F 74 01 90 80 00 12 2B 58 02
B580H: 2B 7E 90 14 48 E0 64 42 60 05 E0 64 48 70 11 90
B590H: 14 6F E0 FF 90 14 70 E0 6F 70 05 90 14 48 E4 F0
B5A0H: 7F 00 02 2B 7E 7F 03 74 04 90 98 27 12 2B 58 90
B5B0H: 00 7F EE F0 A3 EF F0 90 1C 40 E0 60 23 90 00 80
B5C0H: E0 64 20 70 06 90 00 7F E0 60 0E 90 00 80 E0 64
B5D0H: 21 70 04 90 00 7F E0 70 07 90 00 7F E4 F0 A3 F0
B5E0H: 90 00 7F E0 FE A3 E0 FF 02 2B 7E 7F FD 7E AD 7D
B5F0H: 80 7C 3C 90 0B 56 12 44 D2 7F DC 7E A5 7D 7E 7C
B600H: 42 90 0B 5A 12 44 D2 E4 FF FE FD FC 90 0B 5E 12
B610H: 44 D2 E4 FF FE FD FC 90 0B 62 12 44 D2 E4 FF FE
B620H: FD FC 90 0B 66 12 44 D2 E4 FF FE FD FC 90 0B 6A
B630H: 12 44 D2 E4 FF FE FD FC 90 0B 6E 12 44 D2 E4 FF
B640H: FE FD FC 90 0B 72 12 44 D2 E4 FF FE FD FC 90 0B
B650H: 76 12 44 D2 E4 FF FE FD FC 90 0B 7A 12 44 D2 E4
B660H: FF FE FD FC 90 0B 7E 12 44 D2 E4 FF FE FD FC 90
B670H: 0B 82 12 44 D2 E4 FF FE FD FC 90 0B 86 12 44 D2
B680H: E4 FF FE FD FC 90 0B 8A 12 44 D2 E4 FF FE FD FC
B690H: 90 0B 8E 12 44 D2 E4 FF FE FD FC 90 0B 92 12 44
B6A0H: D2 E4 FF FE FD FC 90 0B 96 12 44 D2 E4 FF FE FD
B6B0H: FC 90 0B 9A 12 44 D2 E4 FF FE FD FC 90 0B 9E 12
B6C0H: 44 D2 E4 FF FE FD FC 90 0B A2 12 44 D2 90 14 6F
B6D0H: E0 FF E4 FE FD FC 12 40 C1 8F 03 8E 02 8D 01 8C
B6E0H: 00 90 14 A1 12 45 F0 12 3E 67 90 0B 5E 12 44 D2
B6F0H: 7D 01 7E 0B 7F 7A 90 0B 39 12 44 9C 90 14 71 12
B700H: 45 F0 90 0B 3C 12 44 D2 90 14 89 12 45 F0 90 0B
B710H: 40 12 44 D2 90 14 D5 E0 FE A3 E0 90 0B 44 CE F0
B720H: A3 EE F0 90 14 A1 12 45 F0 90 0B 46 12 44 D2 7D
B730H: 01 7E 0B 7F 92 74 01 90 BE FB 12 2B 58 90 14 6F
B740H: E0 FF E4 FE FD FC 12 40 C1 8F 03 8E 02 8D 01 8C
B750H: 00 90 14 A9 12 45 F0 12 3E 67 90 0B 66 12 44 D2
B760H: 7D 01 7E 0B 7F 82 90 0B 39 12 44 9C 90 14 79 12
B770H: 45 F0 90 0B 3C 12 44 D2 90 14 91 12 45 F0 90 0B
B780H: 40 12 44 D2 90 14 D1 E0 FE A3 E0 90 0B 44 CE F0
B790H: A3 EE F0 90 14 A9 12 45 F0 90 0B 46 12 44 D2 7D
B7A0H: 01 7E 0B 7F 9A 74 01 90 BE FB 12 2B 58 90 04 08
B7B0H: 74 0B F0 A3 74 01 F0 A3 74 0B F0 A3 74 6E F0 90
B7C0H: 1B FA 12 45 F0 74 04 90 8C 0A 12 2B 58 90 0B 5E
B7D0H: 12 45 F0 90 0B 66 E0 F8 A3 E0 F9 A3 E0 FA A3 E0
B7E0H: FB 12 3F 76 7B 00 7A 00 79 48 78 C3 12 3F 7A 90
B7F0H: 14 CD 12 44 D2 90 0B 92 12 45 F0 90 0B 9A E0 F8
B800H: A3 E0 F9 A3 E0 FA A3 E0 FB 12 3C 82 7B 38 7A FF
B810H: 79 FF 78 FF 12 3C 72 90 0B A2 12 44 D2 90 0B 7A
B820H: 12 45 F0 90 0B 82 E0 F8 A3 E0 F9 A3 E0 FA A3 E0
B830H: FB 12 3F 76 90 0B 8A 12 44 D2 90 0B A2 12 45 F0
B840H: 7B 38 7A FF 79 FF 78 FF 74 0A 12 3C 47 70 38 90
B850H: 14 CD 12 45 F0 7B 00 7A 00 79 C8 78 43 12 3F 7A
B860H: 7B 00 7A 00 79 00 78 40 12 3E 67 90 14 CD 12 44
B870H: D2 7F 90 7E 01 7D 00 7C 00 79 01 7A 0B 7B A2 90
B880H: 3C 72 12 43 FF 80 14 7F 00 7E 00 7D 00 7C 40 79
B890H: 01 7A 14 7B CD 90 3E 67 12 43 FF 90 14 CD 12 45
B8A0H: F0 12 40 7B EF 4E 70 5D 90 0B A2 E0 FF A3 E0 4F
B8B0H: FF A3 E0 4F FF A3 E0 4F 60 2A 90 0B A2 12 45 F0
B8C0H: 90 63 F0 E4 93 F8 A3 E4 93 F9 A3 E4 93 FA A3 E4
B8D0H: 93 FB 12 3B 1F 12 40 B6 79 01 7A 0B 7B 8A 90 3F
B8E0H: 7A 12 43 FF 7F 00 7E 00 7D 00 7C 40 79 01 7A 0B
B8F0H: 7B 8A 90 3E 67 12 43 FF E4 FF FE FD FC 90 0B A2
B900H: 12 44 D2 80 4E E4 FF FE FD FC 90 0B 76 12 44 D2
B910H: 7D 01 7E 0B 7F 76 90 03 B6 12 44 9C 90 14 CD 12
B920H: 45 F0 74 05 90 A3 94 12 2B 58 8F 03 8E 02 8D 01
B930H: 8C 00 90 63 F0 12 46 03 12 40 B6 12 3C F9 90 0B
B940H: 8A 12 44 D2 90 0B 76 12 45 F0 12 40 7B 90 0B A2
B950H: 12 44 D2 7D 01 7E 0B 7F 8A 74 01 90 C0 44 12 2B
B960H: 58 90 14 D7 E0 FE A3 E0 FF EE E4 FD FC 12 40 C1
B970H: 8F 03 8E 02 8D 01 8C 00 90 14 99 12 45 F0 12 3E
B980H: 67 90 0B 72 12 44 D2 90 0B 72 12 45 F0 90 0B 36
B990H: 12 44 D2 7F 01 7E 00 7D 00 7C 00 74 01 90 C0 C5
B9A0H: 12 2B 58 7D 01 7E 14 7F D9 74 04 90 EC 73 12 2B
B9B0H: 58 90 14 B1 12 44 D2 90 0B 8A 12 45 F0 90 0B 36
B9C0H: 12 44 D2 90 0B A2 12 45 F0 74 01 90 C0 C5 12 2B
B9D0H: 58 90 0B 8A 12 45 F0 E4 FB FA F9 F8 74 07 12 41
B9E0H: 08 70 16 7D 01 7E 14 7F D9 74 04 90 EC 73 12 2B
B9F0H: 58 90 14 CD 12 44 D2 80 33 7D 01 7E 14 7F D9 74
BA00H: 04 90 EC 73 12 2B 58 90 14 CD 12 44 D2 E4 FB FA
BA10H: F9 F8 74 07 12 41 08 70 13 90 14 CD 12 45 F0 EC
BA20H: 4D 60 03 63 04 80 90 14 CD 12 44 D2 90 14 48 E0
BA30H: 64 48 60 03 02 BB 0B 90 04 08 74 0B F0 A3 74 01
BA40H: F0 A3 74 0B F0 A3 74 6E F0 90 1B F6 12 45 F0 74
BA50H: 04 90 8C 0A 12 2B 58 90 14 CD 12 45 F0 90 0B 56
BA60H: E0 F8 A3 E0 F9 A3 E0 FA A3 E0 FB 12 3C F9 C0 04
BA70H: C0 05 C0 06 C0 07 90 14 D7 E0 FE A3 E0 FF EE E4
BA80H: FD FC 12 40 C1 90 0B 56 E0 F8 A3 E0 F9 A3 E0 FA
BA90H: A3 E0 FB 12 3C F9 90 14 B1 E0 F8 A3 E0 F9 A3 E0
BAA0H: FA A3 E0 FB 12 3C F9 74 04 90 E0 7F 12 2B 58 D0
BAB0H: 03 D0 02 D0 01 D0 00 12 3C F9 EC 4D 60 03 63 04
BAC0H: 80 C0 04 C0 05 C0 06 C0 07 90 0B 6E 12 45 F0 90
BAD0H: 0B 56 E0 F8 A3 E0 F9 A3 E0 FA A3 E0 FB 12 3C F9
BAE0H: D0 03 D0 02 D0 01 D0 00 12 3F 7A 90 14 BD 12 44
BAF0H: D2 90 0B 5A E0 F8 A3 E0 F9 A3 E0 FA A3 E0 FB 12
BB00H: 3C F9 90 14 C9 12 44 D2 02 BE F8 90 14 48 E0 64
BB10H: 42 60 03 02 BE F8 90 14 CD 12 45 F0 90 0B 56 E0
BB20H: F8 A3 E0 F9 A3 E0 FA A3 E0 FB 12 3C F9 C0 04 C0
BB30H: 05 C0 06 C0 07 90 14 D7 E0 FE A3 E0 FF EE E4 FD
BB40H: FC 12 40 C1 90 0B 56 E0 F8 A3 E0 F9 A3 E0 FA A3
BB50H: E0 FB 12 3C F9 90 14 B1 E0 F8 A3 E0 F9 A3 E0 FA
BB60H: A3 E0 FB 12 3C F9 74 05 90 B4 E1 12 2B 58 D0 03
BB70H: D0 02 D0 01 D0 00 12 3C F9 EC 4D 60 03 63 04 80
BB80H: C0 04 C0 05 C0 06 C0 07 90 0B 6E 12 45 F0 90 0B
BB90H: 56 E0 F8 A3 E0 F9 A3 E0 FA A3 E0 FB 12 3C F9 D0
BBA0H: 03 D0 02 D0 01 D0 00 12 3F 7A 90 14 B5 12 44 D2
BBB0H: 90 0B 5A E0 F8 A3 E0 F9 A3 E0 FA A3 E0 FB 12 3C
BBC0H: F9 90 14 C1 12 44 D2 90 14 6F E0 FF E4 FE FD FC
BBD0H: 12 40 C1 8F 03 8E 02 8D 01 8C 00 90 14 A5 12 45
BBE0H: F0 12 3E 67 90 0B 62 12 44 D2 7D 01 7E 0B 7F 7E
BBF0H: 90 0B 39 12 44 9C 90 14 75 12 45 F0 90 0B 3C 12
BC00H: 44 D2 90 14 8D 12 45 F0 90 0B 40 12 44 D2 90 14
BC10H: D7 E0 FE A3 E0 90 0B 44 CE F0 A3 EE F0 90 14 A5
BC20H: 12 45 F0 90 0B 46 12 44 D2 7D 01 7E 0B 7F 96 74
BC30H: 01 90 BE FB 12 2B 58 90 14 6F E0 FF E4 FE FD FC
BC40H: 12 40 C1 8F 03 8E 02 8D 01 8C 00 90 14 AD 12 45
BC50H: F0 12 3E 67 90 0B 6A 12 44 D2 7D 01 7E 0B 7F 86
BC60H: 90 0B 39 12 44 9C 90 14 7D 12 45 F0 90 0B 3C 12
BC70H: 44 D2 90 14 95 12 45 F0 90 0B 40 12 44 D2 90 14
BC80H: D3 E0 FE A3 E0 90 0B 44 CE F0 A3 EE F0 90 14 AD
BC90H: 12 45 F0 90 0B 46 12 44 D2 7D 01 7E 0B 7F 9E 74
BCA0H: 01 90 BE FB 12 2B 58 90 04 08 74 0B F0 A3 74 01
BCB0H: F0 A3 74 0B F0 A3 74 6E F0 90 1B FE 12 45 F0 74
BCC0H: 04 90 8C 0A 12 2B 58 7F 00 7E 00 7D C8 7C 43 90
BCD0H: 0B 62 E0 F8 A3 E0 F9 A3 E0 FA A3 E0 FB 12 3F 76
BCE0H: 90 0B 6A E0 F8 A3 E0 F9 A3 E0 FA A3 E0 FB 12 3F
BCF0H: 76 90 14 CD 12 44 D2 7F 90 7E 01 7D 00 7C 00 90
BD00H: 0B 96 E0 F8 A3 E0 F9 A3 E0 FA A3 E0 FB 12 3C 82
BD10H: 90 0B 9E E0 F8 A3 E0 F9 A3 E0 FA A3 E0 FB 12 3C
BD20H: 82 90 0B A2 12 44 D2 90 0B 7E 12 45 F0 EC 4D 60
BD30H: 03 63 04 80 90 0B 86 E0 F8 A3 E0 F9 A3 E0 FA A3
BD40H: E0 FB 12 3F 76 90 0B 8A 12 44 D2 7F 00 7E 00 7D
BD50H: 00 7C 40 79 01 7A 14 7B CD 90 3E 67 12 43 FF 90
BD60H: 14 CD 12 45 F0 12 40 7B EF 4E 70 5D 90 0B A2 E0
BD70H: FF A3 E0 4F FF A3 E0 4F FF A3 E0 4F 60 2A 90 0B
BD80H: A2 12 45 F0 90 63 F0 E4 93 F8 A3 E4 93 F9 A3 E4
BD90H: 93 FA A3 E4 93 FB 12 3B 1F 12 40 B6 79 01 7A 0B
BDA0H: 7B 8A 90 3F 7A 12 43 FF 7F 00 7E 00 7D 00 7C 40
BDB0H: 79 01 7A 0B 7B 8A 90 3E 67 12 43 FF E4 FF FE FD
BDC0H: FC 90 0B A2 12 44 D2 80 4E E4 FF FE FD FC 90 0B
BDD0H: 76 12 44 D2 7D 01 7E 0B 7F 76 90 03 B6 12 44 9C
BDE0H: 90 14 CD 12 45 F0 74 05 90 A3 94 12 2B 58 8F 03
BDF0H: 8E 02 8D 01 8C 00 90 63 F0 12 46 03 12 40 B6 12
BE00H: 3C F9 90 0B 8A 12 44 D2 90 0B 76 12 45 F0 12 40
BE10H: 7B 90 0B A2 12 44 D2 7D 01 7E 0B 7F 8A 74 01 90
BE20H: C0 44 12 2B 58 90 0B 8A 12 45 F0 90 0B 36 12 44
BE30H: D2 90 0B A2 12 45 F0 74 01 90 C0 C5 12 2B 58 90
BE40H: 0B 8A 12 45 F0 E4 FB FA F9 F8 74 07 12 41 08 70
BE50H: 16 7D 01 7E 14 7F D9 74 04 90 EC 73 12 2B 58 90
BE60H: 14 CD 12 44 D2 80 33 7D 01 7E 14 7F D9 74 04 90
BE70H: EC 73 12 2B 58 90 14 CD 12 44 D2 E4 FB FA F9 F8
BE80H: 74 07 12 41 08 70 13 90 14 CD 12 45 F0 EC 4D 60
BE90H: 03 63 04 80 90 14 CD 12 44 D2 90 0B 6E 12 45 F0
BEA0H: 90 0B 56 E0 F8 A3 E0 F9 A3 E0 FA A3 E0 FB 12 3C
BEB0H: F9 C0 04 C0 05 C0 06 C0 07 90 14 CD 12 45 F0 90
BEC0H: 0B 56 E0 F8 A3 E0 F9 A3 E0 FA A3 E0 FB 12 3C F9
BED0H: D0 03 D0 02 D0 01 D0 00 12 3F 7A 90 14 B9 12 44
BEE0H: D2 90 0B 5A E0 F8 A3 E0 F9 A3 E0 FA A3 E0 FB 12
BEF0H: 3C F9 90 14 C5 12 44 D2 02 2B 7E 90 0B 36 12 44
BF00H: 9C 90 0B 35 E4 F0 90 14 6F E0 FF 90 0B 45 E0 8F
BF10H: F0 A4 F4 04 FF 90 0B 3F E0 2F 90 0B 35 F0 70 4A
BF20H: 90 14 6F E0 FF E4 FE FD F8 8F 03 8E 02 8D 01 90
BF30H: 0B 3C 12 45 F0 12 3B ED 90 0B 36 12 45 64 12 44
BF40H: B7 90 14 6F E0 FF E4 FE FD FC 12 40 C1 8F 03 8E
BF50H: 02 8D 01 8C 00 90 0B 40 12 45 F0 12 3E 67 90 0B
BF60H: 39 12 45 64 12 44 B7 02 C0 33 90 14 6F E0 FF E4
BF70H: FE FD FC 12 40 C1 8F 03 8E 02 8D 01 8C 00 90 0B
BF80H: 46 12 45 F0 12 3E 67 12 40 7B 90 0B 36 12 45 64
BF90H: 12 44 B7 90 0B 36 12 45 64 12 45 D5 90 14 6F E0
BFA0H: FB E4 FA F9 F8 12 3B 1F 12 3C 29 90 0B 3C E0 F8
BFB0H: A3 E0 F9 A3 E0 FA A3 E0 FB 12 3C 72 12 40 B6 8F
BFC0H: 03 8E 02 8D 01 8C 00 90 14 6F E0 FF E4 FE FD FC
BFD0H: 12 40 C1 EC C8 FC ED C9 FD EE CA FE EF CB FF 12
BFE0H: 3E 67 8F 03 8E 02 8D 01 8C 00 90 63 F0 12 46 03
BFF0H: 12 40 B6 12 3C F9 90 14 9D 12 44 D2 90 14 6F E0
C000H: FF E4 FE FD FC 12 40 C1 8F 03 8E 02 8D 01 8C 00
C010H: 90 0B 40 12 45 F0 12 3E 67 90 14 9D E0 F8 A3 E0
C020H: F9 A3 E0 FA A3 E0 FB 12 3F 7A 90 0B 39 12 45 64
C030H: 12 44 B7 90 0B 39 12 45 A6 74 01 90 C0 44 12 2B
C040H: 58 02 2B 7E 90 0B 32 12 44 9C E4 FF FE FD FC 90
C050H: 0B 2E 12 44 D2 90 0B 32 12 45 64 12 45 D5 74 05
C060H: 90 B3 DB 12 2B 58 90 0B 2E 12 44 D2 90 0B 32 12
C070H: 45 64 12 45 D5 EC 4D 60 03 63 04 80 90 0B 2E E0
C080H: F8 A3 E0 F9 A3 E0 FA A3 E0 FB 12 3F 7A 7B 00 7A
C090H: 00 79 00 78 3F 74 07 12 41 08 70 17 90 0B 32 12
C0A0H: 45 64 12 45 D5 74 05 90 A6 82 12 2B 58 90 0B 2E
C0B0H: 12 44 D2 90 0B 2E 12 45 F0 90 0B 32 12 45 64 12
C0C0H: 44 B7 02 2B 7E 90 0B 32 12 44 D2 E4 FF FE FD FC
C0D0H: 90 0B 2E 12 44 D2 90 0B 36 12 45 F0 74 04 90 FF
C0E0H: B4 12 2B 58 90 0B 2E 12 44 D2 90 14 D9 E4 F0 90
C0F0H: 0B 2E 12 45 F0 7B 00 7A 00 79 20 78 41 74 0B 12
C100H: 41 08 70 35 7D 02 7E 4B 7F 25 90 03 81 12 44 9C
C110H: 90 0B 32 12 45 F0 90 03 84 12 44 D2 90 0B 2E 12
C120H: 45 F0 90 03 88 12 44 D2 7D 01 7E 14 7F D9 74 05
C130H: 90 AD D7 12 2B 58 02 C2 92 90 0B 2E 12 45 F0 7B
C140H: 00 7A 00 79 C8 78 42 74 0B 12 41 08 70 35 7D 02
C150H: 7E 4B 7F 31 90 03 81 12 44 9C 90 0B 32 12 45 F0
C160H: 90 03 84 12 44 D2 90 0B 2E 12 45 F0 90 03 88 12
C170H: 44 D2 7D 01 7E 14 7F D9 74 05 90 AD D7 12 2B 58
C180H: 02 C2 92 90 0B 2E 12 45 F0 7B 00 7A 00 79 7A 78
C190H: 44 74 0B 12 41 08 70 35 7D 02 7E 4B 7F 3C 90 03
C1A0H: 81 12 44 9C 90 0B 32 12 45 F0 90 03 84 12 44 D2
C1B0H: 90 0B 2E 12 45 F0 90 03 88 12 44 D2 7D 01 7E 14
C1C0H: 7F D9 74 05 90 AD D7 12 2B 58 02 C2 92 90 0B 2E
C1D0H: 12 45 F0 7B 00 7A 40 79 1C 78 46 74 0B 12 41 08
C1E0H: 70 35 7D 02 7E 4B 7F 46 90 03 81 12 44 9C 90 0B
C1F0H: 32 12 45 F0 90 03 84 12 44 D2 90 0B 2E 12 45 F0
C200H: 90 03 88 12 44 D2 7D 01 7E 14 7F D9 74 05 90 AD
C210H: D7 12 2B 58 02 C2 92 90 0B 2E 12 45 F0 7B 00 7A
C220H: 50 79 C3 78 47 74 0B 12 41 08 70 34 7D 02 7E 4B
C230H: 7F 4F 90 03 81 12 44 9C 90 0B 32 12 45 F0 90 03
C240H: 84 12 44 D2 90 0B 2E 12 45 F0 90 03 88 12 44 D2
C250H: 7D 01 7E 14 7F D9 74 05 90 AD D7 12 2B 58 80 32
C260H: 7D 02 7E 4B 7F 57 90 03 81 12 44 9C 90 0B 32 12
C270H: 45 F0 90 03 84 12 44 D2 90 0B 2E 12 45 F0 90 03
C280H: 88 12 44 D2 7D 01 7E 14 7F D9 74 05 90 AD D7 12
C290H: 2B 58 02 2B 7E 7F 03 74 05 90 AC 03 12 2B 58 40
C2A0H: 16 90 00 22 74 03 F0 7F 16 7E 00 74 04 90 93 32
C2B0H: 12 2B 58 C3 02 2B 7E 90 13 DF 74 03 F0 90 1C 40
C2C0H: E0 60 0C 74 02 90 B4 53 12 2B 58 92 3A 80 29 7F
C2D0H: 03 12 30 C2 40 16 90 00 22 74 03 F0 7F 17 7E 00
C2E0H: 74 04 90 93 32 12 2B 58 C3 02 2B 7E 7F 03 74 03
C2F0H: 90 FF D2 12 2B 58 92 3A 20 3A 03 02 C3 B8 7D 02
C300H: 7E 47 7F B9 90 00 89 12 44 9C 7D 01 7E 12 7F DE
C310H: 74 05 90 A8 45 12 2B 58 EF 4E 70 1E 7D 02 7E 47
C320H: 7F BE 90 00 89 12 44 9C 7D 01 7E 12 7F DE 74 05
C330H: 90 A8 45 12 2B 58 EF 4E 60 0D 90 11 3F E0 60 05
C340H: E0 64 03 70 02 C2 42 30 48 04 C2 43 80 68 90 11
C350H: 02 E0 14 60 0A E0 64 0D 60 05 E0 64 0E 70 57 7D
C360H: 02 7E 47 7F B9 90 00 89 12 44 9C 7D 01 7E 12 7F
C370H: DE 74 05 90 A8 45 12 2B 58 EF 4E 70 1E 7D 02 7E
C380H: 47 7F BE 90 00 89 12 44 9C 7D 01 7E 12 7F DE 74
C390H: 05 90 A8 45 12 2B 58 EF 4E 60 1B 90 11 48 74 0A
C3A0H: F0 79 01 7A 12 7B DE 7D 01 7E 11 7F 49 12 42 8F
C3B0H: D2 43 C2 6B D2 4A 80 07 C2 43 90 12 DE E4 F0 A2
C3C0H: 3A 02 2B 7E 90 0E 7F 12 44 9C AB 07 AA 06 A9 05
C3D0H: 74 01 12 44 EE 64 44 60 16 90 00 22 74 03 F0 7F
C3E0H: 16 7E 00 74 04 90 93 32 12 2B 58 C3 02 2B 7E 90
C3F0H: 11 42 E0 60 16 90 00 22 74 01 F0 7F 16 7E 00 74
C400H: 04 90 93 32 12 2B 58 C3 02 2B 7E 90 13 DF 74 03
C410H: F0 90 1C 40 E0 60 19 90 0E 7F 12 45 A6 90 0E 7C
C420H: 12 44 9C 7F 03 74 02 90 B9 51 12 2B 58 02 2B 7E
C430H: 90 0E 7F 12 45 A6 90 0D 7C 12 44 9C 7F 03 74 04
C440H: 90 C8 00 12 2B 58 02 2B 7E D2 42 E4 FF FE FD FC
C450H: 90 11 44 12 44 D2 90 21 4C E0 64 02 60 05 E0 64
C460H: 03 70 19 7D 02 7E 47 7F C4 90 00 63 12 44 9C 7F
C470H: 03 74 05 90 87 05 12 2B 58 02 2B 7E 90 00 53 74
C480H: FA F0 A3 74 01 F0 A3 04 F0 A3 74 47 F0 A3 74 C4
C490H: F0 7F 03 74 05 90 B3 6A 12 2B 58 02 2B 7E C2 42
C4A0H: 90 21 4C E0 64 02 60 05 E0 64 03 70 1D 7D 02 7E
C4B0H: 47 7F C6 90 00 63 12 44 9C 7F 03 74 05 90 87 05
C4C0H: 12 2B 58 92 2C A2 2C 02 2B 7E 90 00 53 74 FA F0
C4D0H: A3 74 01 F0 A3 04 F0 A3 74 47 F0 A3 74 C6 F0 7F
C4E0H: 03 74 05 90 B3 6A 12 2B 58 02 2B 7E 90 0D 54 EF
C4F0H: F0 14 60 0F E0 64 02 60 0A E0 64 03 60 05 E0 64
C500H: 05 70 02 D2 4A D3 02 2B 7E 90 05 98 EF F0 90 21
C510H: 4C E0 14 60 1B E0 64 03 60 16 90 00 22 74 03 F0
C520H: 7F 16 7E 00 74 04 90 93 32 12 2B 58 C3 02 2B 7E
C530H: 74 01 90 D4 65 12 2B 58 92 2E 90 21 4C E0 14 60
C540H: 03 02 C5 DF 90 05 98 E0 FF 70 3C 74 01 90 C4 9E
C550H: 12 2B 58 40 04 C3 02 2B 7E 90 00 53 74 7C F0 A3
C560H: 74 01 F0 A3 F0 A3 74 21 F0 A3 74 5E F0 7F 03 74
C570H: 05 90 B3 6A 12 2B 58 40 04 C3 02 2B 7E 90 21 5E
C580H: E0 90 11 43 F0 80 55 EF 64 01 70 3C 74 01 90 C4
C590H: 9E 12 2B 58 40 04 C3 02 2B 7E 90 00 53 74 7C F0
C5A0H: A3 74 01 F0 A3 F0 A3 74 21 F0 A3 74 5F F0 7F 03
C5B0H: 74 05 90 B3 6A 12 2B 58 40 04 C3 02 2B 7E 90 21
C5C0H: 5F E0 90 11 43 F0 80 14 90 00 22 74 01 F0 7F DB
C5D0H: 7E 00 74 04 90 93 32 12 2B 58 80 00 02 C6 A6 90
C5E0H: 21 4C E0 64 03 60 03 02 C6 A6 90 05 98 E0 FF 70
C5F0H: 4E 74 01 90 C4 9E 12 2B 58 40 04 C3 02 2B 7E 7D
C600H: 02 7E 47 7F C8 90 05 82 12 44 9C 7F 14 74 02 90
C610H: BD FA 12 2B 58 40 04 C3 02 2B 7E 90 05 88 74 14
C620H: F0 A3 74 02 F0 A3 74 47 F0 A3 74 C8 F0 7F 03 74
C630H: 05 90 9F 33 12 2B 58 40 04 C3 02 2B 7E 80 67 EF
C640H: 64 01 70 4E 74 01 90 C4 9E 12 2B 58 40 04 C3 02
C650H: 2B 7E 7D 02 7E 47 7F CA 90 05 82 12 44 9C 7F 14
C660H: 74 02 90 BD FA 12 2B 58 40 04 C3 02 2B 7E 90 05
C670H: 88 74 14 F0 A3 74 02 F0 A3 74 47 F0 A3 74 CA F0
C680H: 7F 03 74 05 90 9F 33 12 2B 58 40 04 C3 02 2B 7E
C690H: 80 14 90 00 22 74 01 F0 7F DB 7E 00 74 04 90 93
C6A0H: 32 12 2B 58 80 00 74 01 90 D4 6A 12 2B 58 90 11
C6B0H: 3F E0 14 60 16 E0 64 04 60 11 30 2E 0E 74 01 90
C6C0H: C4 49 12 2B 58 40 04 C3 02 2B 7E D3 02 2B 7E 12
C6D0H: 41 AB C6 EE 00 C9 0E 01 CB 53 02 CD 3E 03 CF D6
C6E0H: 04 CF 8B 05 D2 FB 06 D3 46 07 00 00 D4 43 90 21
C6F0H: 4C E0 64 02 70 40 74 01 90 C4 9E 12 2B 58 40 04
C700H: C3 02 2B 7E 7D 02 7E 47 7F CC 74 02 90 BD D1 12
C710H: 2B 58 40 04 C3 02 2B 7E 7F 0C 74 02 90 F2 57 12
C720H: 2B 58 40 0F D3 74 01 90 D4 7A 12 2B 58 40 04 C3
C730H: 02 2B 7E 02 C9 06 90 21 4C E0 64 03 70 40 74 01
C740H: 90 C4 9E 12 2B 58 40 04 C3 02 2B 7E 7D 02 7E 47
C750H: 7F D0 74 02 90 BD D1 12 2B 58 40 04 C3 02 2B 7E
C760H: 7F 0D 74 02 90 F2 57 12 2B 58 40 0F D3 74 01 90
C770H: D4 7A 12 2B 58 40 04 C3 02 2B 7E 02 C9 06 74 01
C780H: 90 C4 9E 12 2B 58 40 04 C3 02 2B 7E 90 00 53 74
C790H: 68 F0 A3 74 01 F0 A3 04 F0 A3 74 47 F0 A3 74 D3
C7A0H: F0 7F 03 74 05 90 B3 6A 12 2B 58 40 04 C3 02 2B
C7B0H: 7E 90 00 53 74 69 F0 A3 74 01 F0 A3 04 F0 A3 74
C7C0H: 47 F0 A3 74 D3 F0 7F 03 74 05 90 B3 6A 12 2B 58
C7D0H: 40 04 C3 02 2B 7E 90 00 53 74 67 F0 A3 74 01 F0
C7E0H: A3 04 F0 A3 74 47 F0 A3 74 D3 F0 7F 03 74 05 90
C7F0H: B3 6A 12 2B 58 40 04 C3 02 2B 7E 90 00 53 74 6A
C800H: F0 A3 74 01 F0 A3 04 F0 A3 74 47 F0 A3 74 D5 F0
C810H: 7F 03 74 05 90 B3 6A 12 2B 58 40 04 C3 02 2B 7E
C820H: 90 00 53 74 6E F0 A3 74 01 F0 A3 04 F0 A3 74 47
C830H: F0 A3 74 D7 F0 7F 03 74 05 90 B3 6A 12 2B 58 40
C840H: 04 C3 02 2B 7E 90 00 53 74 6F F0 A3 74 01 F0 A3
C850H: 04 F0 A3 74 47 F0 A3 74 D9 F0 7F 03 74 05 90 B3
C860H: 6A 12 2B 58 40 04 C3 02 2B 7E 90 00 53 74 66 F0
C870H: A3 74 01 F0 A3 04 F0 A3 74 47 F0 A3 74 DB F0 7F
C880H: 03 74 05 90 B3 6A 12 2B 58 40 04 C3 02 2B 7E 90
C890H: 00 53 74 6D F0 A3 74 01 F0 A3 04 F0 A3 74 47 F0
C8A0H: A3 74 DD F0 7F 03 74 05 90 B3 6A 12 2B 58 40 04
C8B0H: C3 02 2B 7E 90 21 4C E0 70 27 90 00 53 74 72 F0
C8C0H: A3 74 01 F0 A3 04 F0 A3 74 47 F0 A3 74 DF F0 7F
C8D0H: 03 74 05 90 B3 6A 12 2B 58 40 04 C3 02 2B 7E 80
C8E0H: 25 90 00 53 74 72 F0 A3 74 01 F0 A3 04 F0 A3 74
C8F0H: 47 F0 A3 74 E1 F0 7F 03 74 05 90 B3 6A 12 2B 58
C900H: 40 04 C3 02 2B 7E 90 11 3F E4 F0 02 D4 59 90 21
C910H: 4C E0 64 02 70 39 74 01 90 C4 9E 12 2B 58 40 04
C920H: C3 02 2B 7E 7D 02 7E 47 7F E3 74 02 90 BD D1 12
C930H: 2B 58 40 04 C3 02 2B 7E 7D 02 7E 47 7F C4 74 02
C940H: 90 BD D1 12 2B 58 40 04 C3 02 2B 7E 02 CB 3D 90
C950H: 21 4C E0 64 03 70 39 74 01 90 C4 9E 12 2B 58 40
C960H: 04 C3 02 2B 7E 7D 02 7E 47 7F E7 74 02 90 BD D1
C970H: 12 2B 58 40 04 C3 02 2B 7E 7D 02 7E 47 7F C4 74
C980H: 02 90 BD D1 12 2B 58 40 04 C3 02 2B 7E 02 CB 3D
C990H: 74 01 90 C4 9E 12 2B 58 40 04 C3 02 2B 7E 90 00
C9A0H: 53 74 68 F0 A3 74 01 F0 A3 04 F0 A3 74 47 F0 A3
C9B0H: 74 D7 F0 7F 03 74 05 90 B3 6A 12 2B 58 40 04 C3
C9C0H: 02 2B 7E 90 00 53 74 69 F0 A3 74 01 F0 A3 04 F0
C9D0H: A3 74 47 F0 A3 74 D3 F0 7F 03 74 05 90 B3 6A 12
C9E0H: 2B 58 40 04 C3 02 2B 7E 90 00 53 74 67 F0 A3 74
C9F0H: 01 F0 A3 04 F0 A3 74 47 F0 A3 74 D7 F0 7F 03 74
CA00H: 05 90 B3 6A 12 2B 58 40 04 C3 02 2B 7E 90 00 53
CA10H: 74 6A F0 A3 74 01 F0 A3 04 F0 A3 74 47 F0 A3 74
CA20H: EA F0 7F 03 74 05 90 B3 6A 12 2B 58 40 04 C3 02
CA30H: 2B 7E 90 00 53 74 6E F0 A3 74 01 F0 A3 04 F0 A3
CA40H: 74 47 F0 A3 74 D7 F0 7F 03 74 05 90 B3 6A 12 2B
CA50H: 58 40 04 C3 02 2B 7E 90 00 53 74 6F F0 A3 74 01
CA60H: F0 A3 04 F0 A3 74 47 F0 A3 74 D7 F0 7F 03 74 05
CA70H: 90 B3 6A 12 2B 58 40 04 C3 02 2B 7E 90 00 53 74
CA80H: 66 F0 A3 74 01 F0 A3 04 F0 A3 74 47 F0 A3 74 EC
CA90H: F0 7F 03 74 05 90 B3 6A 12 2B 58 40 04 C3 02 2B
CAA0H: 7E 90 00 53 74 6D F0 A3 74 01 F0 A3 04 F0 A3 74
CAB0H: 47 F0 A3 74 DD F0 7F 03 74 05 90 B3 6A 12 2B 58
CAC0H: 40 04 C3 02 2B 7E 90 00 53 74 FA F0 A3 74 01 F0
CAD0H: A3 04 F0 A3 74 47 F0 A3 74 C4 F0 7F 03 74 05 90
CAE0H: B3 6A 12 2B 58 40 04 C3 02 2B 7E 90 21 4C E0 70
CAF0H: 27 90 00 53 74 72 F0 A3 74 01 F0 A3 04 F0 A3 74
CB00H: 47 F0 A3 74 DF F0 7F 03 74 05 90 B3 6A 12 2B 58
CB10H: 40 04 C3 02 2B 7E 80 25 90 00 53 74 72 F0 A3 74
CB20H: 01 F0 A3 04 F0 A3 74 47 F0 A3 74 EE F0 7F 03 74
CB30H: 05 90 B3 6A 12 2B 58 40 04 C3 02 2B 7E D2 42 90
CB40H: 11 3F 74 01 F0 E4 FF FE FD FC 90 11 44 12 44 D2
CB50H: 02 D4 59 90 21 4C E0 64 02 70 25 74 01 90 C4 9E
CB60H: 12 2B 58 40 04 C3 02 2B 7E 7D 02 7E 47 7F F0 74
CB70H: 02 90 BD D1 12 2B 58 40 04 C3 02 2B 7E 02 CD 35
CB80H: 90 21 4C E0 64 03 70 25 74 01 90 C4 9E 12 2B 58
CB90H: 40 04 C3 02 2B 7E 7D 02 7E 47 7F F5 74 02 90 BD
CBA0H: D1 12 2B 58 40 04 C3 02 2B 7E 02 CD 35 74 01 90
CBB0H: C4 9E 12 2B 58 40 04 C3 02 2B 7E 90 00 53 74 68
CBC0H: F0 A3 74 01 F0 A3 04 F0 A3 74 47 F0 A3 74 D3 F0
CBD0H: 7F 03 74 05 90 B3 6A 12 2B 58 40 04 C3 02 2B 7E
CBE0H: 90 00 53 74 69 F0 A3 74 01 F0 A3 04 F0 A3 74 47
CBF0H: F0 A3 74 D3 F0 7F 03 74 05 90 B3 6A 12 2B 58 40
CC00H: 04 C3 02 2B 7E 90 00 53 74 67 F0 A3 74 01 F0 A3
CC10H: 04 F0 A3 74 47 F0 A3 74 D3 F0 7F 03 74 05 90 B3
CC20H: 6A 12 2B 58 40 04 C3 02 2B 7E 90 00 53 74 6A F0
CC30H: A3 74 01 F0 A3 04 F0 A3 74 47 F0 A3 74 D5 F0 7F
CC40H: 03 74 05 90 B3 6A 12 2B 58 40 04 C3 02 2B 7E 90
CC50H: 00 53 74 6E F0 A3 74 01 F0 A3 04 F0 A3 74 47 F0
CC60H: A3 74 D7 F0 7F 03 74 05 90 B3 6A 12 2B 58 40 04
CC70H: C3 02 2B 7E 90 00 53 74 6F F0 A3 74 01 F0 A3 04
CC80H: F0 A3 74 47 F0 A3 74 D9 F0 7F 03 74 05 90 B3 6A
CC90H: 12 2B 58 40 04 C3 02 2B 7E 90 00 53 74 66 F0 A3
CCA0H: 74 01 F0 A3 04 F0 A3 74 47 F0 A3 74 F9 F0 7F 03
CCB0H: 74 05 90 B3 6A 12 2B 58 40 04 C3 02 2B 7E 90 00
CCC0H: 53 74 6D F0 A3 74 01 F0 A3 04 F0 A3 74 47 F0 A3
CCD0H: 74 DD F0 7F 03 74 05 90 B3 6A 12 2B 58 40 04 C3
CCE0H: 02 2B 7E 90 21 4C E0 70 27 90 00 53 74 72 F0 A3
CCF0H: 74 01 F0 A3 04 F0 A3 74 47 F0 A3 74 DF F0 7F 03
CD00H: 74 05 90 B3 6A 12 2B 58 40 04 C3 02 2B 7E 80 25
CD10H: 90 00 53 74 72 F0 A3 74 01 F0 A3 04 F0 A3 74 47
CD20H: F0 A3 74 E1 F0 7F 03 74 05 90 B3 6A 12 2B 58 40
CD30H: 04 C3 02 2B 7E 90 11 3F 74 02 F0 02 D4 59 90 21
CD40H: 4C E0 64 02 70 25 74 01 90 C4 9E 12 2B 58 40 04
CD50H: C3 02 2B 7E 7D 02 7E 47 7F FB 74 02 90 BD D1 12
CD60H: 2B 58 40 04 C3 02 2B 7E 02 CF 82 90 21 4C E0 64
CD70H: 03 70 25 74 01 90 C4 9E 12 2B 58 40 04 C3 02 2B
CD80H: 7E 7D 02 7E 47 7F FF 74 02 90 BD D1 12 2B 58 40
CD90H: 04 C3 02 2B 7E 02 CF 82 74 01 90 C4 9E 12 2B 58
CDA0H: 40 04 C3 02 2B 7E 90 00 53 74 FA F0 A3 74 01 F0
CDB0H: A3 04 F0 A3 74 47 F0 A3 74 C6 F0 7F 03 74 05 90
CDC0H: B3 6A 12 2B 58 40 04 C3 02 2B 7E 7F 51 7E 00 74
CDD0H: 04 90 AE 88 12 2B 58 90 00 53 74 68 F0 A3 74 01
CDE0H: F0 A3 04 F0 A3 74 48 F0 A3 74 02 F0 7F 03 74 05
CDF0H: 90 B3 6A 12 2B 58 40 04 C3 02 2B 7E 90 00 53 74
CE00H: 69 F0 A3 74 01 F0 A3 04 F0 A3 74 47 F0 A3 74 D3
CE10H: F0 7F 03 74 05 90 B3 6A 12 2B 58 40 04 C3 02 2B
CE20H: 7E 90 00 53 74 67 F0 A3 74 01 F0 A3 04 F0 A3 74
CE30H: 48 F0 A3 74 02 F0 7F 03 74 05 90 B3 6A 12 2B 58
CE40H: 40 04 C3 02 2B 7E 90 00 53 74 6A F0 A3 74 01 F0
CE50H: A3 04 F0 A3 74 47 F0 A3 74 EA F0 7F 03 74 05 90
CE60H: B3 6A 12 2B 58 40 04 C3 02 2B 7E 90 00 53 74 6E
CE70H: F0 A3 74 01 F0 A3 04 F0 A3 74 47 F0 A3 74 D7 F0
CE80H: 7F 03 74 05 90 B3 6A 12 2B 58 40 04 C3 02 2B 7E
CE90H: 90 00 53 74 6F F0 A3 74 01 F0 A3 04 F0 A3 74 48
CEA0H: F0 A3 74 02 F0 7F 03 74 05 90 B3 6A 12 2B 58 40
CEB0H: 04 C3 02 2B 7E 90 00 53 74 66 F0 A3 74 01 F0 A3
CEC0H: 04 F0 A3 74 48 F0 A3 74 04 F0 7F 03 74 05 90 B3
CED0H: 6A 12 2B 58 40 04 C3 02 2B 7E 90 00 53 74 6D F0
CEE0H: A3 74 01 F0 A3 04 F0 A3 74 48 F0 A3 74 06 F0 7F
CEF0H: 03 74 05 90 B3 6A 12 2B 58 40 04 C3 02 2B 7E 7F
CF00H: 10 7E 00 74 04 90 AE 88 12 2B 58 90 00 53 74 FA
CF10H: F0 A3 74 01 F0 A3 04 F0 A3 74 48 F0 A3 74 08 F0
CF20H: 7F 03 74 05 90 B3 6A 12 2B 58 40 04 C3 02 2B 7E
CF30H: 90 21 4C E0 70 27 90 00 53 74 72 F0 A3 74 01 F0
CF40H: A3 04 F0 A3 74 47 F0 A3 74 DF F0 7F 03 74 05 90
CF50H: B3 6A 12 2B 58 40 04 C3 02 2B 7E 80 25 90 00 53
CF60H: 74 72 F0 A3 74 01 F0 A3 04 F0 A3 74 47 F0 A3 74
CF70H: EE F0 7F 03 74 05 90 B3 6A 12 2B 58 40 04 C3 02
CF80H: 2B 7E 90 11 3F 74 03 F0 02 D4 59 90 21 4C E0 64
CF90H: 02 70 24 74 01 90 C4 9E 12 2B 58 40 04 C3 02 2B
CFA0H: 7E 7D 02 7E 48 7F 0A 74 02 90 BD D1 12 2B 58 40
CFB0H: 04 C3 02 2B 7E 80 16 90 00 22 74 01 F0 7F 0C 7E
CFC0H: 00 74 04 90 93 32 12 2B 58 C3 02 2B 7E 90 11 3F
CFD0H: 74 05 F0 02 D4 59 90 21 4C E0 64 02 60 03 02 D0
CFE0H: 73 90 1E 32 E0 24 F4 F0 90 1E 31 E0 34 FF F0 7D
CFF0H: 02 7E 48 7F 0E 90 03 81 12 44 9C 90 1E 31 E0 FE
D000H: A3 E0 90 03 84 CE F0 A3 EE F0 7D 01 7E 05 7F 91
D010H: 74 05 90 AD D7 12 2B 58 7D 01 7E 05 7F 91 90 05
D020H: 82 12 44 9C 7F 48 74 02 90 BD FA 12 2B 58 40 04
D030H: C3 02 2B 7E 7D 02 7E 48 7F 11 74 02 90 BD D1 12
D040H: 2B 58 40 04 C3 02 2B 7E 7D 02 7E 48 7F 14 74 02
D050H: 90 BD D1 12 2B 58 40 04 C3 02 2B 7E 7D 02 7E 47
D060H: 7F C4 74 02 90 BD D1 12 2B 58 40 04 C3 02 2B 7E
D070H: 02 D2 F0 90 21 4C E0 64 03 60 03 02 D1 0A 7D 02
D080H: 7E 48 7F 0E 90 03 81 12 44 9C 90 1E 31 E0 FE A3
D090H: E0 90 03 84 CE F0 A3 EE F0 7D 01 7E 05 7F 91 74
D0A0H: 05 90 AD D7 12 2B 58 7D 01 7E 05 7F 91 90 05 82
D0B0H: 12 44 9C 7F 48 74 02 90 BD FA 12 2B 58 40 04 C3
D0C0H: 02 2B 7E 7D 02 7E 47 7F C8 90 05 82 12 44 9C 7F
D0D0H: 8A 74 02 90 BD FA 12 2B 58 40 04 C3 02 2B 7E 7D
D0E0H: 02 7E 48 7F 18 74 02 90 BD D1 12 2B 58 40 04 C3
D0F0H: 02 2B 7E 7D 02 7E 47 7F C4 74 02 90 BD D1 12 2B
D100H: 58 40 04 C3 02 2B 7E 02 D2 F0 74 01 90 C4 9E 12
D110H: 2B 58 40 04 C3 02 2B 7E 90 00 53 74 68 F0 A3 74
D120H: 01 F0 A3 04 F0 A3 74 47 F0 A3 74 D7 F0 7F 03 74
D130H: 05 90 B3 6A 12 2B 58 40 04 C3 02 2B 7E 90 00 53
D140H: 74 69 F0 A3 74 01 F0 A3 04 F0 A3 74 47 F0 A3 74
D150H: D7 F0 7F 03 74 05 90 B3 6A 12 2B 58 40 04 C3 02
D160H: 2B 7E 90 00 53 74 67 F0 A3 74 01 F0 A3 04 F0 A3
D170H: 74 47 F0 A3 74 D7 F0 7F 03 74 05 90 B3 6A 12 2B
D180H: 58 40 04 C3 02 2B 7E 90 00 53 74 6A F0 A3 74 01
D190H: F0 A3 04 F0 A3 74 47 F0 A3 74 EA F0 7F 03 74 05
D1A0H: 90 B3 6A 12 2B 58 40 04 C3 02 2B 7E 90 00 53 74
D1B0H: 6E F0 A3 74 01 F0 A3 04 F0 A3 74 47 F0 A3 74 D7
D1C0H: F0 7F 03 74 05 90 B3 6A 12 2B 58 40 04 C3 02 2B
D1D0H: 7E 90 00 53 74 6F F0 A3 74 01 F0 A3 04 F0 A3 74
D1E0H: 47 F0 A3 74 D7 F0 7F 03 74 05 90 B3 6A 12 2B 58
D1F0H: 40 04 C3 02 2B 7E 90 00 53 74 66 F0 A3 74 01 F0
D200H: A3 04 F0 A3 74 48 F0 A3 74 1B F0 7F 03 74 05 90
D210H: B3 6A 12 2B 58 40 04 C3 02 2B 7E 90 00 53 74 6D
D220H: F0 A3 74 01 F0 A3 04 F0 A3 74 47 F0 A3 74 DD F0
D230H: 7F 03 74 05 90 B3 6A 12 2B 58 40 04 C3 02 2B 7E
D240H: 90 00 53 74 72 F0 A3 74 01 F0 A3 04 F0 A3 74 48
D250H: F0 A3 74 1D F0 7F 03 74 05 90 B3 6A 12 2B 58 40
D260H: 04 C3 02 2B 7E 90 00 53 74 89 F0 A3 74 02 F0 A3
D270H: 14 F0 A3 74 1E F0 A3 74 31 F0 7F 03 74 05 90 B3
D280H: 6A 12 2B 58 40 04 C3 02 2B 7E 90 1E 25 E0 FE A3
D290H: E0 75 F0 06 A4 CE AF F0 75 F0 06 A4 2F CE 90 05
D2A0H: 8F CE F0 A3 EE F0 90 00 53 74 8A F0 A3 74 02 F0
D2B0H: A3 14 F0 A3 74 05 F0 A3 74 8F F0 7F 03 74 05 90
D2C0H: B3 6A 12 2B 58 40 04 C3 02 2B 7E 90 00 53 74 FA
D2D0H: F0 A3 74 01 F0 A3 04 F0 A3 74 47 F0 A3 74 C4 F0
D2E0H: 7F 03 74 05 90 B3 6A 12 2B 58 40 04 C3 02 2B 7E
D2F0H: D2 42 90 11 3F 74 04 F0 02 D4 59 90 21 4C E0 64
D300H: 03 70 24 74 01 90 C4 9E 12 2B 58 40 04 C3 02 2B
D310H: 7E 7D 02 7E 48 7F 1F 74 02 90 BD D1 12 2B 58 40
D320H: 04 C3 02 2B 7E 80 16 90 00 22 74 01 F0 7F 0C 7E
D330H: 00 74 04 90 93 32 12 2B 58 C3 02 2B 7E 90 11 3F
D340H: 74 06 F0 02 D4 59 90 21 4C E0 64 02 60 03 02 D4
D350H: 39 7D 02 7E 48 7F 22 74 02 90 BD D1 12 2B 58 40
D360H: 04 C3 02 2B 7E 7D 02 7E 48 7F 0E 90 03 81 12 44
D370H: 9C 90 11 40 E0 FE A3 E0 90 03 84 CE F0 A3 EE F0
D380H: 7D 01 7E 05 7F 91 74 05 90 AD D7 12 2B 58 7D 01
D390H: 7E 05 7F 91 90 05 82 12 44 9C 7F 47 74 02 90 BD
D3A0H: FA 12 2B 58 40 04 C3 02 2B 7E 90 1E 32 E0 24 F4
D3B0H: F0 90 1E 31 E0 34 FF F0 7D 02 7E 48 7F 0E 90 03
D3C0H: 81 12 44 9C 90 1E 31 E0 FE A3 E0 90 03 84 CE F0
D3D0H: A3 EE F0 7D 01 7E 05 7F 91 74 05 90 AD D7 12 2B
D3E0H: 58 7D 01 7E 05 7F 91 90 05 82 12 44 9C 7F 48 74
D3F0H: 02 90 BD FA 12 2B 58 40 04 C3 02 2B 7E 7D 02 7E
D400H: 48 7F 11 74 02 90 BD D1 12 2B 58 40 04 C3 02 2B
D410H: 7E 7D 02 7E 48 7F 14 74 02 90 BD D1 12 2B 58 40
D420H: 04 C3 02 2B 7E 7D 02 7E 47 7F C4 74 02 90 BD D1
D430H: 12 2B 58 40 04 C3 02 2B 7E D2 42 90 11 3F 74 07
D440H: F0 80 16 90 00 22 74 01 F0 7F DB 7E 00 74 04 90
D450H: 93 32 12 2B 58 C3 02 2B 7E D3 02 2B 7E 90 11 3F
D460H: E0 FF 02 2B 7E A2 42 02 2B 7E 90 11 3F E0 FF 74
D470H: 01 90 C6 CF 12 2B 58 02 2B 7E 92 2D 74 01 90 C4
D480H: 9E 12 2B 58 40 04 C3 02 2B 7E 30 2D 11 79 02 7A
D490H: 47 7B CA 7D 01 7E 05 7F 8C 12 42 8F 80 0F 79 02
D4A0H: 7A 47 7B C8 7D 01 7E 05 7F 8C 12 42 8F 7D 01 7E
D4B0H: 05 7F 8C 90 05 82 12 44 9C 7F 28 74 02 90 BD FA
D4C0H: 12 2B 58 40 04 C3 02 2B 7E 90 05 88 74 28 F0 A3
D4D0H: 74 01 F0 A3 74 05 F0 A3 74 8C F0 7F 03 74 05 90
D4E0H: 9F 33 12 2B 58 40 04 C3 02 2B 7E 90 21 4C E0 64
D4F0H: 03 70 69 30 2D 48 90 05 54 74 2A F0 A3 74 01 F0
D500H: A3 74 05 F0 A3 74 8C F0 7F 03 74 05 90 A4 95 12
D510H: 2B 58 40 04 C3 02 2B 7E 90 05 8C E0 64 30 70 1C
D520H: 7D 02 7E 47 7F CA 90 05 82 12 44 9C 7F 2D 74 02
D530H: 90 BD FA 12 2B 58 40 04 C3 02 2B 7E 80 1C 7D 02
D540H: 7E 47 7F C8 90 05 82 12 44 9C 7F 2D 74 02 90 BD
D550H: FA 12 2B 58 40 04 C3 02 2B 7E 80 45 90 21 4C E0
D560H: 64 02 70 3D 30 2D 1E 7D 02 7E 47 7F CA 90 05 82
D570H: 12 44 9C 7F 2D 74 02 90 BD FA 12 2B 58 40 04 C3
D580H: 02 2B 7E 80 1C 7D 02 7E 47 7F C8 90 05 82 12 44
D590H: 9C 7F 2D 74 02 90 BD FA 12 2B 58 40 04 C3 02 2B
D5A0H: 7E D3 02 2B 7E 92 2D 74 01 90 C4 9E 12 2B 58 40
D5B0H: 04 C3 02 2B 7E 90 21 4C E0 64 02 60 1B E0 64 03
D5C0H: 60 16 90 00 22 74 01 F0 7F 0C 7E 00 74 04 90 93
D5D0H: 32 12 2B 58 C3 02 2B 7E 30 2D 11 79 02 7A 47 7B
D5E0H: CA 7D 01 7E 05 7F 8C 12 42 8F 80 0F 79 02 7A 47
D5F0H: 7B C8 7D 01 7E 05 7F 8C 12 42 8F 7D 01 7E 05 7F
D600H: 8C 90 05 82 12 44 9C 7F 2A 74 02 90 BD FA 12 2B
D610H: 58 40 04 C3 02 2B 7E 90 05 88 74 2A F0 A3 74 01
D620H: F0 A3 74 05 F0 A3 74 8C F0 7F 03 74 05 90 9F 33
D630H: 12 2B 58 40 04 C3 02 2B 7E 20 2D 46 90 05 54 74
D640H: 28 F0 A3 74 01 F0 A3 74 05 F0 A3 74 8F F0 7F 03
D650H: 74 05 90 A4 95 12 2B 58 40 04 C3 02 2B 7E 90 05
D660H: 8F E0 64 31 70 1C 7D 02 7E 47 7F CA 90 05 82 12
D670H: 44 9C 7F 2D 74 02 90 BD FA 12 2B 58 40 04 C3 02
D680H: 2B 7E D3 02 2B 7E 90 05 98 12 44 9C 74 01 90 D4
D690H: 65 12 2B 58 92 2E 74 01 90 C4 9E 12 2B 58 40 04
D6A0H: C3 02 2B 7E 90 05 88 74 4B F0 90 05 98 12 45 A6
D6B0H: 90 05 89 12 44 9C 7F 03 74 05 90 9F 33 12 2B 58
D6C0H: 90 05 98 12 45 A6 90 05 82 12 44 9C 7F 4B 74 02
D6D0H: 90 BD FA 12 2B 58 40 04 C3 02 2B 7E 74 01 90 D4
D6E0H: 6A 12 2B 58 90 11 3F E0 14 60 11 30 2E 0E 74 01
D6F0H: 90 C4 49 12 2B 58 40 04 C3 02 2B 7E D3 02 2B 7E
D700H: 90 05 98 12 44 9C 74 01 90 D4 65 12 2B 58 92 2E
D710H: 74 01 90 C4 9E 12 2B 58 40 04 C3 02 2B 7E 90 05
D720H: 88 74 4D F0 90 05 98 12 45 A6 90 05 89 12 44 9C
D730H: 7F 03 74 05 90 9F 33 12 2B 58 90 05 88 74 4E F0
D740H: 90 05 9B 12 45 A6 90 05 89 12 44 9C 7F 03 74 05
D750H: 90 9F 33 12 2B 58 90 05 98 12 45 A6 90 05 82 12
D760H: 44 9C 7F 4D 74 02 90 BD FA 12 2B 58 40 04 C3 02
D770H: 2B 7E 90 05 9B 12 45 A6 90 05 82 12 44 9C 7F 4E
D780H: 74 02 90 BD FA 12 2B 58 40 04 C3 02 2B 7E 74 01
D790H: 90 D4 6A 12 2B 58 90 11 3F E0 14 60 11 30 2E 0E
D7A0H: 74 01 90 C4 49 12 2B 58 40 04 C3 02 2B 7E D3 02
D7B0H: 2B 7E 92 2D 74 01 90 C4 9E 12 2B 58 40 04 C3 02
D7C0H: 2B 7E 90 21 4C E0 64 02 60 16 90 00 22 74 01 F0
D7D0H: 7F 0C 7E 00 74 04 90 93 32 12 2B 58 C3 02 2B 7E
D7E0H: 30 2D 40 7D 02 7E 47 7F CA 90 05 82 12 44 9C 7F
D7F0H: 2E 74 02 90 BD FA 12 2B 58 40 04 C3 02 2B 7E 90
D800H: 05 88 74 2E F0 A3 74 02 F0 A3 74 47 F0 A3 74 CA
D810H: F0 7F 03 74 05 90 9F 33 12 2B 58 40 04 C3 02 2B
D820H: 7E 80 3E 7D 02 7E 47 7F C8 90 05 82 12 44 9C 7F
D830H: 2E 74 02 90 BD FA 12 2B 58 40 04 C3 02 2B 7E 90
D840H: 05 88 74 2E F0 A3 74 02 F0 A3 74 47 F0 A3 74 C8
D850H: F0 7F 03 74 05 90 9F 33 12 2B 58 40 04 C3 02 2B
D860H: 7E D3 02 2B 7E EF 64 52 60 03 02 D9 39 7F 09 74
D870H: 02 90 F2 57 12 2B 58 50 23 90 03 EC 74 09 F0 90
D880H: 06 BD 12 45 A6 90 03 ED 12 44 9C 90 1E 09 12 45
D890H: F0 74 04 90 8A 35 12 2B 58 02 D9 36 90 04 08 74
D8A0H: 09 F0 A3 74 01 F0 A3 74 06 F0 A3 74 B8 F0 90 1E
D8B0H: 09 12 45 F0 74 04 90 8C 0A 12 2B 58 90 06 B8 12
D8C0H: 45 F0 E4 FB FA F9 F8 74 0B 12 41 08 70 1B 90 06
D8D0H: B8 12 45 F0 7B 00 7A 00 79 00 78 BF 12 3F 7A 74
D8E0H: 05 90 B3 DB 12 2B 58 80 19 90 06 B8 12 45 F0 7B
D8F0H: 00 7A 00 79 00 78 3F 12 3F 7A 74 05 90 A6 82 12
D900H: 2B 58 12 40 7B 90 06 B6 EE F0 A3 EF F0 7D 02 7E
D910H: 48 7F 25 90 03 81 12 44 9C 90 06 B6 E0 FE A3 E0
D920H: 90 03 84 CE F0 A3 EE F0 90 06 BD 12 45 A6 74 05
D930H: 90 AD D7 12 2B 58 02 DA D2 EF 64 57 60 03 02 DA
D940H: BA 7D 02 7E 48 7F 28 90 00 45 12 44 9C 90 06 BD
D950H: 12 45 A6 74 05 90 AB 5B 12 2B 58 90 06 BD 12 45
D960H: 64 74 01 12 46 21 12 44 F3 60 18 90 13 DF E0 90
D970H: 00 22 F0 7F 23 7E 00 74 04 90 93 32 12 2B 58 C3
D980H: 02 2B 7E 90 03 C9 74 09 F0 A3 74 01 F0 A3 74 1E
D990H: F0 A3 74 09 F0 90 06 BD 12 45 A6 74 04 90 88 8D
D9A0H: 12 2B 58 90 1E 09 12 45 F0 90 1E 0D 12 44 D2 74
D9B0H: 01 90 C4 9E 12 2B 58 40 04 C3 02 2B 7E 90 1C 40
D9C0H: E0 60 19 90 06 BD 12 45 A6 90 05 82 12 44 9C 7F
D9D0H: 1E 74 02 90 BD FA 12 2B 58 02 DA A5 90 21 AA E0
D9E0H: 54 80 64 80 70 29 90 00 53 74 1E F0 A3 74 04 F0
D9F0H: A3 74 01 F0 A3 74 1E F0 A3 74 09 F0 7F 03 74 05
DA00H: 90 B3 6A 12 2B 58 40 04 C3 02 2B 7E 02 DA A5 90
DA10H: 04 08 74 09 F0 A3 74 01 F0 A3 74 06 F0 A3 74 B8
DA20H: F0 90 1E 09 12 45 F0 74 04 90 8C 0A 12 2B 58 90
DA30H: 06 B8 12 45 F0 E4 FB FA F9 F8 74 0B 12 41 08 70
DA40H: 1B 90 06 B8 12 45 F0 7B 00 7A 00 79 00 78 BF 12
DA50H: 3F 7A 74 05 90 B3 DB 12 2B 58 80 19 90 06 B8 12
DA60H: 45 F0 7B 00 7A 00 79 00 78 3F 12 3F 7A 74 05 90
DA70H: A6 82 12 2B 58 12 40 7B 90 06 B6 EE F0 A3 EF F0
DA80H: 90 00 53 74 1E F0 A3 74 02 F0 A3 14 F0 A3 74 06
DA90H: F0 A3 74 B6 F0 7F 03 74 05 90 B3 6A 12 2B 58 40
DAA0H: 04 C3 02 2B 7E 74 01 90 D4 6A 12 2B 58 40 04 C3
DAB0H: 02 2B 7E 90 12 DE E4 F0 80 18 90 13 DF E0 90 00
DAC0H: 22 F0 7F 1E 7E 00 74 04 90 93 32 12 2B 58 C3 02
DAD0H: 2B 7E D3 02 2B 7E EF 64 52 70 23 90 03 EC 74 09
DAE0H: F0 90 06 B3 12 45 A6 90 03 ED 12 44 9C 90 1E 09
DAF0H: 12 45 F0 74 04 90 8A 35 12 2B 58 02 DC 8B EF 64
DB00H: 57 60 03 02 DC 73 7D 02 7E 48 7F 28 90 00 45 12
DB10H: 44 9C 90 06 B3 12 45 A6 74 05 90 AB 5B 12 2B 58
DB20H: 90 06 B3 12 45 64 74 01 12 46 21 12 44 F3 60 18
DB30H: 90 13 DF E0 90 00 22 F0 7F 23 7E 00 74 04 90 93
DB40H: 32 12 2B 58 C3 02 2B 7E 90 03 C9 74 09 F0 A3 74
DB50H: 01 F0 A3 74 1E F0 A3 74 0D F0 90 06 B3 12 45 A6
DB60H: 74 04 90 88 8D 12 2B 58 74 01 90 C4 9E 12 2B 58
DB70H: 40 04 C3 02 2B 7E 90 1C 40 E0 60 19 90 06 B3 12
DB80H: 45 A6 90 05 82 12 44 9C 7F 1E 74 02 90 BD FA 12
DB90H: 2B 58 02 DC 5E 90 21 AA E0 54 80 64 80 70 29 90
DBA0H: 00 53 74 1E F0 A3 74 04 F0 A3 74 01 F0 A3 74 1E
DBB0H: F0 A3 74 0D F0 7F 03 74 05 90 B3 6A 12 2B 58 40
DBC0H: 04 C3 02 2B 7E 02 DC 5E 90 04 08 74 09 F0 A3 74
DBD0H: 01 F0 A3 74 06 F0 A3 74 AE F0 90 1E 0D 12 45 F0
DBE0H: 74 04 90 8C 0A 12 2B 58 90 06 AE 12 45 F0 E4 FB
DBF0H: FA F9 F8 74 0B 12 41 08 70 1B 90 06 AE 12 45 F0
DC00H: 7B 00 7A 00 79 00 78 BF 12 3F 7A 74 05 90 B3 DB
DC10H: 12 2B 58 80 19 90 06 AE 12 45 F0 7B 00 7A 00 79
DC20H: 00 78 3F 12 3F 7A 74 05 90 A6 82 12 2B 58 12 40
DC30H: 7B 90 06 AC EE F0 A3 EF F0 90 00 53 74 1E F0 A3
DC40H: 74 02 F0 A3 14 F0 A3 74 06 F0 A3 74 AC F0 7F 03
DC50H: 74 05 90 B3 6A 12 2B 58 40 04 C3 02 2B 7E 74 01
DC60H: 90 D4 6A 12 2B 58 40 04 C3 02 2B 7E 90 12 DE E4
DC70H: F0 80 18 90 13 DF E0 90 00 22 F0 7F 1E 7E 00 74
DC80H: 04 90 93 32 12 2B 58 C3 02 2B 7E D3 02 2B 7E EF
DC90H: 64 52 70 29 7D 02 7E 48 7F 25 90 03 81 12 44 9C
DCA0H: 90 21 5E E0 FF E4 90 03 84 F0 A3 EF F0 90 06 C9
DCB0H: 12 45 A6 74 05 90 AD D7 12 2B 58 80 45 EF 64 57
DCC0H: 70 40 90 06 C9 12 45 A6 74 05 90 A2 92 12 2B 58
DCD0H: 90 06 C6 EE F0 A3 EF F0 EE 64 80 D3 94 80 40 18
DCE0H: 90 13 DF E0 90 00 22 F0 7F 23 7E 00 74 04 90 93
DCF0H: 32 12 2B 58 C3 02 2B 7E 90 06 C7 E0 90 21 5E F0
DD00H: 80 00 D3 02 2B 7E EF 64 52 70 29 7D 02 7E 48 7F
DD10H: 25 90 03 81 12 44 9C 90 21 5F E0 FF E4 90 03 84
DD20H: F0 A3 EF F0 90 06 CF 12 45 A6 74 05 90 AD D7 12
DD30H: 2B 58 80 45 EF 64 57 70 40 90 06 CF 12 45 A6 74
DD40H: 05 90 A2 92 12 2B 58 90 06 CC EE F0 A3 EF F0 EE
DD50H: 64 80 D3 94 80 40 18 90 13 DF E0 90 00 22 F0 7F
DD60H: 23 7E 00 74 04 90 93 32 12 2B 58 C3 02 2B 7E 90
DD70H: 06 CD E0 90 21 5F F0 80 00 D3 02 2B 7E EF 64 52
DD80H: 70 43 90 21 4C E0 54 0F FF 90 21 AA E0 54 F0 4F
DD90H: FF E4 90 06 C0 F0 A3 EF F0 7D 02 7E 48 7F 25 90
DDA0H: 03 81 12 44 9C 90 06 C0 E0 FE A3 E0 90 03 84 CE
DDB0H: F0 A3 EE F0 90 06 C3 12 45 A6 74 05 90 AD D7 12
DDC0H: 2B 58 02 DE BF EF 64 57 60 03 02 DE A7 7D 02 7E
DDD0H: 48 7F 35 90 00 45 12 44 9C 90 06 C3 12 45 A6 74
DDE0H: 05 90 AB 5B 12 2B 58 90 06 C3 12 45 64 74 01 12
DDF0H: 46 21 12 44 F3 60 18 90 13 DF E0 90 00 22 F0 7F
DE00H: 23 7E 00 74 04 90 93 32 12 2B 58 C3 02 2B 7E 90
DE10H: 06 C3 12 45 A6 74 05 90 A2 92 12 2B 58 90 06 C0
DE20H: EE F0 A3 EF F0 54 F0 90 21 AA F0 90 06 C1 E0 54
DE30H: 0F F0 90 06 C0 E0 FF A3 E0 4F 60 3E E0 14 70 06
DE40H: 90 06 C0 E0 60 34 90 06 C1 E0 64 02 70 06 90 06
DE50H: C0 E0 60 26 90 06 C1 E0 64 03 70 06 90 06 C0 E0
DE60H: 60 18 90 13 DF E0 90 00 22 F0 7F 23 7E 00 74 04
DE70H: 90 93 32 12 2B 58 C3 02 2B 7E 90 06 C1 E0 90 21
DE80H: 4C F0 7F 03 74 02 90 F6 23 12 2B 58 7F 0C 74 02
DE90H: 90 F6 23 12 2B 58 7F 0D 74 02 90 F6 23 12 2B 58
DEA0H: 90 12 DE E4 F0 80 18 90 13 DF E0 90 00 22 F0 7F
DEB0H: 1E 7E 00 74 04 90 93 32 12 2B 58 C3 02 2B 7E D3
DEC0H: 02 2B 7E 90 1D F2 E0 FE A3 E0 54 FB 90 1D F2 CE
DED0H: F0 A3 EE F0 E4 90 1D F5 FE E0 54 04 4E 70 04 C3
DEE0H: 02 2B 7E 90 1C 40 E0 70 03 02 DF B5 C2 B3 7F B6
DEF0H: 74 02 90 BF 04 12 2B 58 7F B6 74 02 90 BF 04 12
DF00H: 2B 58 40 04 C3 02 2B 7E 7D 01 7E 05 7F A6 90 05
DF10H: 87 12 44 9C 7F D1 74 02 90 C0 10 12 2B 58 50 2C
DF20H: 74 04 90 F2 44 12 2B 58 90 05 88 74 D1 F0 A3 74
DF30H: 01 F0 A3 74 05 F0 A3 74 A6 F0 7F 03 74 05 90 9F
DF40H: 33 12 2B 58 74 04 90 F2 4F 12 2B 58 90 21 4C E0
DF50H: 64 02 70 45 D3 74 01 90 D4 7A 12 2B 58 C3 74 01
DF60H: 90 D5 A5 12 2B 58 D3 74 01 90 D7 B2 12 2B 58 7D
DF70H: 02 7E 48 7F 42 90 05 9B 12 44 9C 7D 02 7E 48 7F
DF80H: 40 74 01 90 D7 00 12 2B 58 7D 02 7E 48 7F 46 74
DF90H: 01 90 D6 86 12 2B 58 80 1A 90 21 4C E0 64 03 70
DFA0H: 12 D3 74 01 90 D4 7A 12 2B 58 C3 74 01 90 D5 A5
DFB0H: 12 2B 58 80 16 90 00 36 74 B6 F0 7F 03 74 05 90
DFC0H: B1 63 12 2B 58 40 04 C3 02 2B 7E 90 21 4C E0 70
DFD0H: 27 90 00 53 74 72 F0 A3 74 01 F0 A3 04 F0 A3 74
DFE0H: 47 F0 A3 74 DF F0 7F 03 74 05 90 B3 6A 12 2B 58
DFF0H: 40 04 C3 02 2B 7E 80 2C 90 21 4C E0 14 70 25 90
E000H: 00 53 74 72 F0 A3 74 01 F0 A3 04 F0 A3 74 47 F0
E010H: A3 74 E1 F0 7F 03 74 05 90 B3 6A 12 2B 58 40 04
E020H: C3 02 2B 7E 90 21 AA E0 54 80 64 80 70 6D 90 1C
E030H: 40 E0 60 3E 90 03 EC 74 09 F0 A3 74 01 F0 A3 74
E040H: 05 F0 A3 74 A6 F0 90 1E 09 12 45 F0 74 04 90 8A
E050H: 35 12 2B 58 7D 01 7E 05 7F A6 90 05 82 12 44 9C
E060H: 7F 1E 74 02 90 BD FA 12 2B 58 40 04 C3 02 2B 7E
E070H: 80 26 90 00 53 74 1E F0 A3 74 04 F0 A3 74 01 F0
E080H: A3 74 1E F0 A3 74 09 F0 7F 03 74 05 90 B3 6A 12
E090H: 2B 58 40 04 C3 02 2B 7E 02 E1 31 90 04 08 74 09
E0A0H: F0 A3 74 01 F0 A3 74 05 F0 A3 74 A2 F0 90 1E 09
E0B0H: 12 45 F0 74 04 90 8C 0A 12 2B 58 90 05 A2 12 45
E0C0H: F0 E4 FB FA F9 F8 74 0B 12 41 08 70 1B 90 05 A2
E0D0H: 12 45 F0 7B 00 7A 00 79 00 78 BF 12 3F 7A 74 05
E0E0H: 90 B3 DB 12 2B 58 80 19 90 05 A2 12 45 F0 7B 00
E0F0H: 7A 00 79 00 78 3F 12 3F 7A 74 05 90 A6 82 12 2B
E100H: 58 12 40 7B 90 05 A0 EE F0 A3 EF F0 90 00 53 74
E110H: 1E F0 A3 74 02 F0 A3 14 F0 A3 74 05 F0 A3 74 A0
E120H: F0 7F 03 74 05 90 B3 6A 12 2B 58 40 04 C3 02 2B
E130H: 7E 90 21 4C E0 14 60 03 E0 70 25 90 00 53 74 FA
E140H: F0 A3 74 01 F0 A3 04 F0 A3 74 48 F0 A3 74 4C F0
E150H: 7F 03 74 05 90 B3 6A 12 2B 58 40 04 C3 02 2B 7E
E160H: 90 05 9E E4 F0 A3 F0 C3 90 05 9F E0 94 11 90 05
E170H: 9E E0 64 80 94 80 40 03 02 E2 28 90 05 9F E0 C3
E180H: 33 24 44 F5 82 E4 34 52 F5 83 E4 93 FF 90 21 4C
E190H: E0 6F 60 03 02 E2 1B 90 1C 40 E0 60 59 90 05 9F
E1A0H: E0 C3 33 24 43 F5 82 E4 34 52 F5 83 E4 93 90 05
E1B0H: 54 F0 A3 74 01 F0 A3 74 05 F0 A3 74 A6 F0 7F 03
E1C0H: 74 05 90 A4 95 12 2B 58 7D 01 7E 05 7F A6 90 05
E1D0H: 82 12 44 9C 90 05 9F E0 C3 33 24 43 F5 82 E4 34
E1E0H: 52 F5 83 E4 93 FF 74 02 90 BD FA 12 2B 58 40 04
E1F0H: C3 02 2B 7E 80 25 90 05 9F E0 C3 33 24 43 F5 82
E200H: E4 34 52 F5 83 E4 93 90 00 A4 F0 7F 03 74 05 90
E210H: A0 6A 12 2B 58 40 04 C3 02 2B 7E 79 01 7A 05 7B
E220H: 9E D3 12 46 3C 02 E1 67 90 21 4C E0 14 60 05 E0
E230H: 64 03 70 0A 7F 00 74 01 90 C5 09 12 2B 58 7F 00
E240H: 74 01 90 C6 CF 12 2B 58 90 1D F2 E0 FE A3 E0 44
E250H: 04 90 1D F2 CE F0 A3 EE F0 C3 02 2B 7E 90 03 CD
E260H: 12 44 D2 90 03 CD 12 45 F0 E4 FB FA F9 F8 74 0B
E270H: 12 41 08 70 16 7F 00 7E 00 7D C8 7C 43 79 01 7A
E280H: 03 7B CD 90 3F 7A 12 43 FF 80 D8 7F 00 7E 00 7D
E290H: C8 7C 43 90 03 C9 12 44 D2 90 03 CD 12 45 F0 74
E2A0H: 05 90 AD 36 12 2B 58 90 03 CD 12 44 D2 02 2B 7E
E2B0H: 90 14 3B E0 FF 60 03 02 E5 91 20 58 28 90 14 20
E2C0H: E0 14 70 04 90 14 1F E0 70 18 90 1E 7D 12 45 F0
E2D0H: 90 14 2A 12 44 D2 90 1E 81 12 45 F0 90 14 2E 12
E2E0H: 44 D2 02 E6 21 00 7D 01 7E 0A 7F E9 90 05 30 12
E2F0H: 44 9C 7D 01 7E 0A 7F E5 74 04 90 CE E5 12 2B 58
E300H: 40 02 C3 22 90 0A E5 12 45 F0 90 1E 7D E0 F8 A3
E310H: E0 F9 A3 E0 FA A3 E0 FB 12 3F 76 74 01 90 E2 5D
E320H: 12 2B 58 90 14 44 12 44 D2 90 1B E6 12 45 F0 90
E330H: 1E 71 E0 F8 A3 E0 F9 A3 E0 FA A3 E0 FB 12 3F 76
E340H: 90 0A E9 E0 F8 A3 E0 F9 A3 E0 FA A3 E0 FB 74 0F
E350H: 12 41 08 70 2C 90 1B E6 12 45 F0 90 1E 71 E0 F8
E360H: A3 E0 F9 A3 E0 FA A3 E0 FB 12 3F 7A 90 0A E9 E0
E370H: F8 A3 E0 F9 A3 E0 FA A3 E0 FB 74 0B 12 41 08 70
E380H: 20 90 1E 7D 12 45 F0 90 14 2A 12 44 D2 90 1E 81
E390H: 12 45 F0 90 14 2E 12 44 D2 90 14 3B E4 F0 02 E5
E3A0H: 8E 90 14 44 12 45 F0 90 14 33 E0 F8 A3 E0 F9 A3
E3B0H: E0 FA A3 E0 FB 74 0B 12 41 08 60 03 02 E4 94 90
E3C0H: 14 33 12 45 F0 90 1E 6D E0 F8 A3 E0 F9 A3 E0 FA
E3D0H: A3 E0 FB 74 07 12 41 08 70 5C 90 1E 7D 12 45 F0
E3E0H: 90 14 2A 12 44 D2 90 1B E2 12 45 F0 90 1E 6D E0
E3F0H: F8 A3 E0 F9 A3 E0 FA A3 E0 FB 12 3F 76 74 01 90
E400H: E2 5D 12 2B 58 90 14 2E 12 44 D2 90 14 37 12 45
E410H: F0 90 1E 6D E0 F8 A3 E0 F9 A3 E0 FA A3 E0 FB 74
E420H: 07 12 41 08 70 08 90 14 3B 74 01 F0 80 05 90 14
E430H: 3B E4 F0 02 E5 8E 90 14 37 12 45 F0 90 1E 6D E0
E440H: F8 A3 E0 F9 A3 E0 FA A3 E0 FB 74 0F 12 41 08 70
E450H: 0A 12 E6 E3 40 02 C3 22 02 E2 E5 90 1B E2 12 45
E460H: F0 90 1E 6D E0 F8 A3 E0 F9 A3 E0 FA A3 E0 FB 12
E470H: 3F 7A 74 01 90 E2 5D 12 2B 58 90 14 2A 12 44 D2
E480H: 90 1E 81 12 45 F0 90 14 2E 12 44 D2 90 14 3B E4
E490H: F0 02 E5 8E 90 14 37 12 45 F0 90 1E 6D E0 F8 A3
E4A0H: E0 F9 A3 E0 FA A3 E0 FB 74 07 12 41 08 70 5C 90
E4B0H: 1B E2 12 45 F0 90 1E 6D E0 F8 A3 E0 F9 A3 E0 FA
E4C0H: A3 E0 FB 12 3F 7A 74 01 90 E2 5D 12 2B 58 90 14
E4D0H: 2A 12 44 D2 90 1E 81 12 45 F0 90 14 2E 12 44 D2
E4E0H: 90 14 33 12 45 F0 90 1E 6D E0 F8 A3 E0 F9 A3 E0
E4F0H: FA A3 E0 FB 74 07 12 41 08 70 08 90 14 3B 74 01
E500H: F0 80 05 90 14 3B E4 F0 02 E5 8E 90 14 33 12 45
E510H: F0 90 1E 6D E0 F8 A3 E0 F9 A3 E0 FA A3 E0 FB 74
E520H: 0F 12 41 08 70 0A 12 E6 E3 40 02 C3 22 02 E2 E5
E530H: 90 1E 7D 12 45 F0 90 14 2A 12 44 D2 90 1B E2 12
E540H: 45 F0 90 1E 6D E0 F8 A3 E0 F9 A3 E0 FA A3 E0 FB
E550H: 12 3F 76 74 01 90 E2 5D 12 2B 58 90 14 2E 12 44
E560H: D2 90 14 37 12 45 F0 90 1E 6D E0 F8 A3 E0 F9 A3
E570H: E0 FA A3 E0 FB 74 07 12 41 08 70 08 90 14 3B 74
E580H: 01 F0 80 05 90 14 3B E4 F0 80 03 02 E2 E5 02 E6
E590H: 21 EF 64 01 60 03 02 E6 1F 90 14 44 12 45 F0 90
E5A0H: 14 33 E0 F8 A3 E0 F9 A3 E0 FA A3 E0 FB 74 0B 12
E5B0H: 41 08 70 33 90 1B E2 12 45 F0 90 1E 6D E0 F8 A3
E5C0H: E0 F9 A3 E0 FA A3 E0 FB 12 3F 7A 74 01 90 E2 5D
E5D0H: 12 2B 58 90 14 2A 12 44 D2 90 1E 81 12 45 F0 90
E5E0H: 14 2E 12 44 D2 80 31 90 1E 7D 12 45 F0 90 14 2A
E5F0H: 12 44 D2 90 1B E2 12 45 F0 90 1E 6D E0 F8 A3 E0
E600H: F9 A3 E0 FA A3 E0 FB 12 3F 76 74 01 90 E2 5D 12
E610H: 2B 58 90 14 2E 12 44 D2 90 14 3B E4 F0 80 02 80
E620H: 00 90 00 97 74 6E F0 7F 04 74 05 90 B3 A4 12 2B
E630H: 58 90 03 E5 EF F0 A3 74 01 F0 A3 74 0A F0 A3 74
E640H: D4 F0 90 14 2A 12 45 F0 74 04 90 8C 8B 12 2B 58
E650H: 90 00 99 74 6E F0 7F 04 74 05 90 8D AF 12 2B 58
E660H: 90 00 54 EF F0 90 00 53 74 6E F0 7D 01 7E 0A 7F
E670H: D4 90 00 55 12 44 9C 7F 04 74 05 90 B3 6A 12 2B
E680H: 58 90 00 97 74 6F F0 7F 04 74 05 90 B3 A4 12 2B
E690H: 58 90 03 E5 EF F0 A3 74 01 F0 A3 74 0A F0 A3 74
E6A0H: D4 F0 90 14 2E 12 45 F0 74 04 90 8C 8B 12 2B 58
E6B0H: 90 00 99 74 6F F0 7F 04 74 05 90 8D AF 12 2B 58
E6C0H: 90 00 54 EF F0 90 00 53 74 6F F0 7D 01 7E 0A 7F
E6D0H: D4 90 00 55 12 44 9C 7F 04 74 05 90 B3 6A 12 2B
E6E0H: 58 D3 22 90 14 3B E0 60 03 02 E8 2E 74 03 90 C5
E6F0H: AE 12 2B 58 EF 64 06 70 10 90 14 21 E0 14 F0 E0
E700H: 70 04 D2 59 C3 22 02 E8 2E 90 1E 79 12 45 F0 90
E710H: 1E 75 E0 F8 A3 E0 F9 A3 E0 FA A3 E0 FB 12 3F 76
E720H: 90 1E 89 E0 F8 A3 E0 F9 A3 E0 FA A3 E0 FB 74 0B
E730H: 12 41 08 70 04 D2 59 C3 22 30 55 07 30 56 04 D2
E740H: 59 C3 22 20 54 03 02 E7 C0 90 14 1F E0 FE A3 E0
E750H: FF EE E4 FD FC 12 40 C1 90 1E 89 E0 F8 A3 E0 F9
E760H: A3 E0 FA A3 E0 FB 12 3C F9 EC 4D 60 03 63 04 80
E770H: 90 14 17 E0 F8 A3 E0 F9 A3 E0 FA A3 E0 FB 12 3F
E780H: 7A 90 14 1B 12 44 D2 90 1E 75 E0 F8 A3 E0 F9 A3
E790H: E0 FA A3 E0 FB 74 0B 12 41 08 70 10 90 1E 75 12
E7A0H: 45 F0 90 14 1B 12 44 D2 D2 55 C2 57 30 57 0A 79
E7B0H: 01 7A 14 7B 1F D3 12 46 3C 20 56 02 C2 54 80 6E
E7C0H: 90 14 1F E0 FE A3 E0 FF EE E4 FD FC 12 40 C1 90
E7D0H: 1E 89 E0 F8 A3 E0 F9 A3 E0 FA A3 E0 FB 12 3C F9
E7E0H: 90 14 17 E0 F8 A3 E0 F9 A3 E0 FA A3 E0 FB 12 3F
E7F0H: 7A 90 14 1B 12 44 D2 90 1E 79 E0 F8 A3 E0 F9 A3
E800H: E0 FA A3 E0 FB 74 07 12 41 08 70 10 90 1E 79 12
E810H: 45 F0 90 14 1B 12 44 D2 D2 56 D2 57 20 57 0A 79
E820H: 01 7A 14 7B 1F D3 12 46 3C 20 55 02 D2 54 D3 22
E830H: 50 33 90 00 99 74 70 F0 7F 04 74 05 90 8D AF 12
E840H: 2B 58 90 00 54 EF F0 90 00 53 74 70 F0 7D 01 7E
E850H: 1E 7F DA 90 00 55 12 44 9C 7F 04 74 05 90 B3 6A
E860H: 12 2B 58 80 31 90 00 99 74 70 F0 7F 04 74 05 90
E870H: 8D AF 12 2B 58 90 00 54 EF F0 90 00 53 74 70 F0
E880H: 7D 02 7E 49 7F F9 90 00 55 12 44 9C 7F 04 74 05
E890H: 90 B3 6A 12 2B 58 22 90 1B E1 E0 70 03 02 E9 54
E8A0H: 20 69 03 02 E9 54 7D 01 7E 0A 7F F9 90 05 30 12
E8B0H: 44 9C 7D 01 7E 0A 7F F5 74 04 90 CE E5 12 2B 58
E8C0H: 90 0A F5 12 45 F0 90 1B E2 E0 F8 A3 E0 F9 A3 E0
E8D0H: FA A3 E0 FB 12 3F 76 74 04 90 FF B4 12 2B 58 74
E8E0H: 01 90 E2 5D 12 2B 58 90 0A FD 12 44 D2 90 0A F9
E8F0H: 12 45 F0 90 1B E6 E0 F8 A3 E0 F9 A3 E0 FA A3 E0
E900H: FB 12 3F 76 74 04 90 FF B4 12 2B 58 74 01 90 E2
E910H: 5D 12 2B 58 90 0B 01 12 44 D2 90 0A FD 12 45 F0
E920H: 90 1E 89 E0 F8 A3 E0 F9 A3 E0 FA A3 E0 FB 74 0F
E930H: 12 41 08 70 1F 90 0B 01 12 45 F0 90 1E 89 E0 F8
E940H: A3 E0 F9 A3 E0 FA A3 E0 FB 74 0F 12 41 08 70 04
E950H: D3 02 2B 7E C3 02 2B 7E 90 0B 1E 12 44 9C E4 90
E960H: 1D F3 FE E0 54 02 4E 60 10 E4 FE E0 54 08 4E 60
E970H: 08 E4 FE E0 54 01 4E 70 17 90 00 22 74 01 F0 7F
E980H: F4 7E 00 74 04 90 93 32 12 2B 58 7F 7F 02 2B 7E
E990H: C2 53 90 04 08 74 09 F0 A3 74 01 F0 A3 74 14 F0
E9A0H: A3 74 3C F0 90 1E 1A 12 45 F0 74 04 90 8C 0A 12
E9B0H: 2B 58 90 04 08 74 09 F0 A3 74 01 F0 A3 74 14 F0
E9C0H: A3 74 40 F0 90 1E 1E 12 45 F0 74 04 90 8C 0A 12
E9D0H: 2B 58 74 03 90 C5 AE 12 2B 58 EF 64 0D 60 03 02
E9E0H: EB 5E 90 0B 1F E0 FF A3 E0 4F 60 43 7D 02 7E 49
E9F0H: 7F FE 90 00 45 12 44 9C 90 0B 1E 12 45 A6 74 05
EA00H: 90 AB 5B 12 2B 58 90 0B 1E 12 45 64 74 01 12 46
EA10H: 21 12 44 F3 60 17 90 00 22 74 01 F0 7F 23 7E 00
EA20H: 74 04 90 93 32 12 2B 58 7F 7F 02 2B 7E D2 53 90
EA30H: 1E 75 E0 FF A3 E0 4F FF A3 E0 4F FF A3 E0 4F 70
EA40H: 0C 90 27 BA 12 45 F0 90 1E 75 12 44 D2 90 1E 79
EA50H: E0 FF A3 E0 4F FF A3 E0 4F FF A3 E0 4F 70 0C 90
EA60H: 27 BE 12 45 F0 90 1E 79 12 44 D2 90 1E 75 12 45
EA70H: F0 90 14 22 12 44 D2 90 1E 79 12 45 F0 90 14 26
EA80H: 12 44 D2 90 14 22 12 45 F0 90 14 3C E0 F8 A3 E0
EA90H: F9 A3 E0 FA A3 E0 FB 74 0B 12 41 08 70 0C 90 14
EAA0H: 3C 12 45 F0 90 14 22 12 44 D2 90 14 22 12 45 F0
EAB0H: 90 14 40 E0 F8 A3 E0 F9 A3 E0 FA A3 E0 FB 74 07
EAC0H: 12 41 08 70 0C 90 14 3C 12 45 F0 90 14 22 12 44
EAD0H: D2 90 14 26 12 45 F0 90 14 3C E0 F8 A3 E0 F9 A3
EAE0H: E0 FA A3 E0 FB 74 0B 12 41 08 70 0C 90 14 3C 12
EAF0H: 45 F0 90 14 26 12 44 D2 90 14 26 12 45 F0 90 14
EB00H: 40 E0 F8 A3 E0 F9 A3 E0 FA A3 E0 FB 74 07 12 41
EB10H: 08 70 0C 90 14 40 12 45 F0 90 14 26 12 44 D2 90
EB20H: 14 22 12 45 F0 90 14 26 E0 F8 A3 E0 F9 A3 E0 FA
EB30H: A3 E0 FB 74 07 12 41 08 70 24 90 14 26 12 45 F0
EB40H: 90 0B 1A 12 44 D2 90 14 22 12 45 F0 90 14 26 12
EB50H: 44 D2 90 0B 1A 12 45 F0 90 14 22 12 44 D2 7F 08
EB60H: 74 02 90 F2 57 12 2B 58 40 03 02 F0 8C 74 03 90
EB70H: C5 AE 12 2B 58 EF 64 06 60 03 02 EB F8 7D 02 7E
EB80H: 4A 7F 01 90 00 45 12 44 9C 90 0B 1E 12 45 A6 74
EB90H: 05 90 AB 5B 12 2B 58 90 0B 1E 12 45 64 74 01 12
EBA0H: 46 21 12 44 F3 60 17 90 00 22 74 01 F0 7F 23 7E
EBB0H: 00 74 04 90 93 32 12 2B 58 7F 7F 02 2B 7E E4 FF
EBC0H: FE FD FC 90 14 22 12 44 D2 E4 FF FE FD FC 90 14
EBD0H: 26 12 44 D2 90 14 21 74 01 F0 90 0B 1E 12 45 64
EBE0H: 12 44 F3 60 13 90 0B 1E 12 45 A6 74 05 90 A2 92
EBF0H: 12 2B 58 90 14 21 EF F0 74 03 90 A8 B8 12 2B 58
EC00H: 40 05 7F 7F 02 2B 7E 90 00 99 74 70 F0 7F 04 74
EC10H: 05 90 8D AF 12 2B 58 90 00 54 EF F0 90 00 53 74
EC20H: 70 F0 7D 01 7E 1E 7F DA 90 00 55 12 44 9C 7F 04
EC30H: 74 05 90 B3 6A 12 2B 58 90 1E 7D 12 45 F0 74 01
EC40H: 90 E2 5D 12 2B 58 90 1E 7D 12 44 D2 90 00 97 74
EC50H: 6E F0 7F 04 74 05 90 B3 A4 12 2B 58 90 03 E5 EF
EC60H: F0 A3 74 01 F0 A3 74 0B F0 A3 74 09 F0 90 1E 7D
EC70H: 12 45 F0 74 04 90 8C 8B 12 2B 58 90 00 99 74 6E
EC80H: F0 7F 04 74 05 90 8D AF 12 2B 58 90 00 54 EF F0
EC90H: 90 00 53 74 6E F0 7D 01 7E 0B 7F 09 90 00 55 12
ECA0H: 44 9C 7F 04 74 05 90 B3 6A 12 2B 58 90 1E 81 12
ECB0H: 45 F0 74 01 90 E2 5D 12 2B 58 90 1E 81 12 44 D2
ECC0H: 90 00 97 74 6F F0 7F 04 74 05 90 B3 A4 12 2B 58
ECD0H: 90 03 E5 EF F0 A3 74 01 F0 A3 74 0B F0 A3 74 09
ECE0H: F0 90 1E 81 12 45 F0 74 04 90 8C 8B 12 2B 58 90
ECF0H: 00 99 74 6F F0 7F 04 74 05 90 8D AF 12 2B 58 90
ED00H: 00 54 EF F0 90 00 53 74 6F F0 7D 01 7E 0B 7F 09
ED10H: 90 00 55 12 44 9C 7F 04 74 05 90 B3 6A 12 2B 58
ED20H: 90 14 22 12 45 F0 74 01 90 E2 5D 12 2B 58 90 14
ED30H: 22 12 44 D2 90 00 97 74 79 F0 7F 04 74 05 90 B3
ED40H: A4 12 2B 58 90 03 E5 EF F0 A3 74 01 F0 A3 74 0B
ED50H: F0 A3 74 09 F0 90 14 22 12 45 F0 74 04 90 8C 8B
ED60H: 12 2B 58 90 00 99 74 79 F0 7F 04 74 05 90 8D AF
ED70H: 12 2B 58 90 00 54 EF F0 90 00 53 74 79 F0 7D 01
ED80H: 7E 0B 7F 09 90 00 55 12 44 9C 7F 04 74 05 90 B3
ED90H: 6A 12 2B 58 90 14 26 12 45 F0 74 01 90 E2 5D 12
EDA0H: 2B 58 90 14 26 12 44 D2 90 00 97 74 7A F0 7F 04
EDB0H: 74 05 90 B3 A4 12 2B 58 90 03 E5 EF F0 A3 74 01
EDC0H: F0 A3 74 0B F0 A3 74 09 F0 90 14 26 12 45 F0 74
EDD0H: 04 90 8C 8B 12 2B 58 90 00 99 74 7A F0 7F 04 74
EDE0H: 05 90 8D AF 12 2B 58 90 00 54 EF F0 90 00 53 74
EDF0H: 7A F0 7D 01 7E 0B 7F 09 90 00 55 12 44 9C 7F 04
EE00H: 74 05 90 B3 6A 12 2B 58 74 03 90 C5 AE 12 2B 58
EE10H: EF 64 0D 70 62 90 00 97 74 7D F0 7F 04 74 05 90
EE20H: B3 A4 12 2B 58 90 03 E5 EF F0 A3 74 01 F0 A3 74
EE30H: 0B F0 A3 74 09 F0 90 1E 89 12 45 F0 74 04 90 8C
EE40H: 8B 12 2B 58 90 00 99 74 7D F0 7F 04 74 05 90 8D
EE50H: AF 12 2B 58 90 00 54 EF F0 90 00 53 74 7D F0 7D
EE60H: 01 7E 0B 7F 09 90 00 55 12 44 9C 7F 04 74 05 90
EE70H: B3 6A 12 2B 58 80 31 90 00 99 74 7E F0 7F 04 74
EE80H: 05 90 8D AF 12 2B 58 90 00 54 EF F0 90 00 53 74
EE90H: 7E F0 7D 01 7E 14 7F 21 90 00 55 12 44 9C 7F 04
EEA0H: 74 05 90 B3 6A 12 2B 58 90 1B E1 E0 70 03 02 EF
EEB0H: 9B 90 1B E2 12 45 F0 74 01 90 E2 5D 12 2B 58 90
EEC0H: 1B E2 12 44 D2 90 00 97 74 7B F0 7F 04 74 05 90
EED0H: B3 A4 12 2B 58 90 03 E5 EF F0 A3 74 01 F0 A3 74
EEE0H: 0B F0 A3 74 09 F0 90 1B E2 12 45 F0 74 04 90 8C
EEF0H: 8B 12 2B 58 90 00 99 74 7B F0 7F 04 74 05 90 8D
EF00H: AF 12 2B 58 90 00 54 EF F0 90 00 53 74 7B F0 7D
EF10H: 01 7E 0B 7F 09 90 00 55 12 44 9C 7F 04 74 05 90
EF20H: B3 6A 12 2B 58 90 1B E6 12 45 F0 74 01 90 E2 5D
EF30H: 12 2B 58 90 1B E6 12 44 D2 90 00 97 74 7C F0 7F
EF40H: 04 74 05 90 B3 A4 12 2B 58 90 03 E5 EF F0 A3 74
EF50H: 01 F0 A3 74 0B F0 A3 74 09 F0 90 1B E6 12 45 F0
EF60H: 74 04 90 8C 8B 12 2B 58 90 00 99 74 7C F0 7F 04
EF70H: 74 05 90 8D AF 12 2B 58 90 00 54 EF F0 90 00 53
EF80H: 74 7C F0 7D 01 7E 0B 7F 09 90 00 55 12 44 9C 7F
EF90H: 04 74 05 90 B3 6A 12 2B 58 80 62 90 00 99 74 7B
EFA0H: F0 7F 04 74 05 90 8D AF 12 2B 58 90 00 54 EF F0
EFB0H: 90 00 53 74 7B F0 7D 02 7E 49 7F F9 90 00 55 12
EFC0H: 44 9C 7F 04 74 05 90 B3 6A 12 2B 58 90 00 99 74
EFD0H: 7C F0 7F 04 74 05 90 8D AF 12 2B 58 90 00 54 EF
EFE0H: F0 90 00 53 74 7C F0 7D 02 7E 49 7F F9 90 00 55
EFF0H: 12 44 9C 7F 04 74 05 90 B3 6A 12 2B 58 7D 02 7E
F000H: 4A 7F 0C 90 00 63 12 44 9C 7F 05 74 05 90 87 05
F010H: 12 2B 58 40 05 7F 7F 02 2B 7E 90 11 02 E0 90 14
F020H: 0E F0 7F 01 74 03 90 AF 6C 12 2B 58 40 05 7F 7F
F030H: 02 2B 7E 90 11 01 E0 04 F0 90 16 6B E0 04 F0 90
F040H: 16 7A E0 04 F0 90 1E D9 E0 60 1F 7D 02 7E 4A 7F
F050H: 0F 90 00 63 12 44 9C 7F 04 74 05 90 87 05 12 2B
F060H: 58 40 05 7F 7F 02 2B 7E 80 1D 7D 02 7E 4A 7F 16
F070H: 90 00 63 12 44 9C 7F 04 74 05 90 87 05 12 2B 58
F080H: 40 05 7F 7F 02 2B 7E 7F 00 02 2B 7E 74 03 90 C5
F090H: AE 12 2B 58 EF 64 06 70 65 7D 02 7E 4A 7F 01 90
F0A0H: 00 45 12 44 9C 90 0B 1E 12 45 A6 74 05 90 AB 5B
F0B0H: 12 2B 58 90 0B 1E 12 45 64 74 01 12 46 21 12 44
F0C0H: F3 60 17 90 00 22 74 01 F0 7F 23 7E 00 74 04 90
F0D0H: 93 32 12 2B 58 7F 7F 02 2B 7E 90 14 21 74 01 F0
F0E0H: 90 0B 1E 12 45 64 12 44 F3 60 13 90 0B 1E 12 45
F0F0H: A6 74 05 90 A2 92 12 2B 58 90 14 21 EF F0 90 1E
F100H: 81 12 45 F0 90 1E 7D E0 F8 A3 E0 F9 A3 E0 FA A3
F110H: E0 FB 12 3F 76 74 01 90 E2 5D 12 2B 58 90 1E 85
F120H: 12 44 D2 90 1E 89 12 45 F0 7B 00 7A 00 79 C0 78
F130H: 3F 12 3C F9 90 1E 6D 12 44 D2 90 1E 89 12 45 F0
F140H: 7B 00 7A 00 79 00 78 40 12 3C F9 90 1E 71 12 44
F150H: D2 90 14 1F E4 F0 A3 04 F0 90 14 3B 14 F0 74 03
F160H: 90 A8 B8 12 2B 58 40 05 7F 7F 02 2B 7E 7D 02 7E
F170H: 4A 7F 0C 90 00 63 12 44 9C 7F 05 74 05 90 87 05
F180H: 12 2B 58 40 05 7F 7F 02 2B 7E 90 11 02 E0 90 14
F190H: 0E F0 7F 01 74 03 90 AF 6C 12 2B 58 40 05 7F 7F
F1A0H: 02 2B 7E C2 59 90 11 01 E0 04 F0 90 16 6B E0 04
F1B0H: F0 90 16 7A E0 04 F0 7F 00 02 2B 7E 7F 08 74 02
F1C0H: 90 F2 57 12 2B 58 40 05 7F 83 02 2B 7E 7F 02 74
F1D0H: 04 90 98 27 12 2B 58 EF 4E 70 0E 7F 05 74 04 90
F1E0H: 98 27 12 2B 58 EF 4E 60 05 7F 7F 02 2B 7E 90 13
F1F0H: DF E0 64 04 60 03 02 F2 74 7D 01 7E 12 7F DE 90
F200H: 00 55 12 44 9C A3 E4 F0 A3 74 05 F0 7D 02 7E 4A
F210H: 7F 1C 74 05 90 A7 6E 12 2B 58 EF 4E 70 56 7F 03
F220H: 74 04 90 CB B7 12 2B 58 EF 64 02 70 30 7F 04 12
F230H: 31 77 40 05 7F 7F 02 2B 7E 79 01 7A 15 7B 70 7D
F240H: 01 7E 15 7F 6A 74 06 7C 00 12 43 23 7F 04 12 31
F250H: 77 40 05 7F 7F 02 2B 7E 7F 03 02 2B 7E 90 00 22
F260H: 74 01 F0 7F F6 7E 00 74 04 90 93 32 12 2B 58 7F
F270H: 7F 02 2B 7E 90 13 DF E0 64 02 60 09 E0 64 05 60
F280H: 04 E0 04 70 05 7F 02 02 2B 7E 7F 82 02 2B 7E 7F
F290H: 08 74 02 90 F2 57 12 2B 58 40 05 7F 83 02 2B 7E
F2A0H: 7F 02 74 04 90 98 27 12 2B 58 EF 4E 70 0E 7F 05
F2B0H: 74 04 90 98 27 12 2B 58 EF 4E 60 05 7F 7F 02 2B
F2C0H: 7E 7F 04 74 04 90 98 27 12 2B 58 90 00 75 EE F0
F2D0H: A3 EF F0 64 9E 4E 70 07 C2 69 7F 01 02 2B 7E 90
F2E0H: 00 76 E0 64 9F 70 04 90 00 75 E0 70 07 D2 69 7F
F2F0H: 01 02 2B 7E 90 00 75 E0 FF A3 E0 4F 60 05 7F 7F
F300H: 02 2B 7E 90 13 DF E0 64 02 60 09 E0 64 05 60 04
F310H: E0 04 70 05 7F 02 02 2B 7E 7F 82 02 2B 7E 7F 02
F320H: 74 04 90 98 27 12 2B 58 EF 4E 70 1C 7F 04 74 04
F330H: 90 98 27 12 2B 58 EF 4E 70 0E 7F 05 74 04 90 98
F340H: 27 12 2B 58 EF 4E 60 05 7F 7F 02 2B 7E 90 13 DF
F350H: E0 64 02 60 03 02 F4 EA 7D 02 7E 4A 7F 22 90 00
F360H: 89 12 44 9C 7D 01 7E 12 7F DE 74 05 90 A8 45 12
F370H: 2B 58 90 0A D1 12 44 9C 70 03 02 F4 EA 90 00 55
F380H: E4 F0 A3 74 3D F0 90 0A D1 12 45 A6 74 05 90 B2
F390H: D0 12 2B 58 7B 01 7A 00 74 01 12 46 21 8A 06 8B
F3A0H: 07 74 04 90 EC 73 12 2B 58 90 14 0F 12 44 D2 7D
F3B0H: 02 7E 4A 7F 27 90 00 89 12 44 9C 7D 01 7E 12 7F
F3C0H: DE 74 05 90 A8 45 12 2B 58 90 0A D1 12 44 9C 70
F3D0H: 03 02 F4 EA 90 00 55 E4 F0 A3 74 3D F0 90 0A D1
F3E0H: 12 45 A6 74 05 90 B2 D0 12 2B 58 7B 01 7A 00 74
F3F0H: 01 12 46 21 8A 06 8B 07 74 04 90 EC 73 12 2B 58
F400H: 90 14 13 12 44 D2 7F 00 74 03 90 AF 6C 12 2B 58
F410H: 40 05 7F 7F 02 2B 7E 90 14 13 12 45 F0 90 1E 75
F420H: E0 F8 A3 E0 F9 A3 E0 FA A3 E0 FB 74 07 12 41 08
F430H: 70 1B 90 14 13 12 45 F0 90 1E 79 E0 F8 A3 E0 F9
F440H: A3 E0 FA A3 E0 FB 74 03 12 41 08 70 0D 74 03 90
F450H: C5 AE 12 2B 58 EF 64 06 70 14 90 14 13 12 45 F0
F460H: 90 14 17 12 44 D2 D3 12 E8 30 D2 64 80 6B 90 1E
F470H: 79 12 45 F0 90 1E 75 E0 F8 A3 E0 F9 A3 E0 FA A3
F480H: E0 FB 12 3F 76 7B 00 7A 00 79 00 78 40 12 3E 67
F490H: 90 1E 75 E0 F8 A3 E0 F9 A3 E0 FA A3 E0 FB 12 3F
F4A0H: 7A 90 14 17 12 44 D2 C3 12 E8 30 7D 02 7E 4A 7F
F4B0H: 2C 90 03 81 12 44 9C 90 14 17 12 45 F0 90 03 84
F4C0H: 12 44 D2 7D 01 7E 11 7F DE 74 05 90 AD D7 12 2B
F4D0H: 58 90 13 DE 74 FE F0 D2 49 90 14 17 12 45 F0 90
F4E0H: 14 1B 12 44 D2 7F 03 02 2B 7E 90 13 DF E0 64 02
F4F0H: 60 0E E0 64 04 60 09 E0 64 05 60 04 E0 04 70 05
F500H: 7F 02 02 2B 7E 7F 82 02 2B 7E 7F 02 74 04 90 98
F510H: 27 12 2B 58 EF 4E 70 1C 7F 04 74 04 90 98 27 12
F520H: 2B 58 EF 4E 70 0E 7F 05 74 04 90 98 27 12 2B 58
F530H: EF 4E 60 05 7F 7F 02 2B 7E 7D 01 7E 0A 7F ED 74
F540H: 02 90 ED AB 12 2B 58 90 0A EE E0 64 02 60 15 7F
F550H: 01 74 04 90 98 27 12 2B 58 EF 64 F0 4E 60 05 7F
F560H: 82 02 2B 7E 74 03 90 C5 AE 12 2B 58 EF 64 06 70
F570H: 07 D2 55 D2 56 02 F6 11 C2 55 C2 56 90 14 17 12
F580H: 45 F0 90 1E 79 E0 F8 A3 E0 F9 A3 E0 FA A3 E0 FB
F590H: 74 03 12 41 08 70 08 D2 54 D2 57 D2 56 80 72 90
F5A0H: 14 17 12 45 F0 90 1E 75 E0 F8 A3 E0 F9 A3 E0 FA
F5B0H: A3 E0 FB 74 0F 12 41 08 70 08 C2 54 C2 57 D2 55
F5C0H: 80 4F 90 14 17 12 45 F0 90 1E 75 E0 F8 A3 E0 F9
F5D0H: A3 E0 FA A3 E0 FB 12 3F 76 C0 04 C0 05 C0 06 C0
F5E0H: 07 90 1E 79 12 45 F0 90 14 17 E0 F8 A3 E0 F9 A3
F5F0H: E0 FA A3 E0 FB 12 3F 76 D0 03 D0 02 D0 01 D0 00
F600H: 74 07 12 41 08 70 06 D2 54 C2 57 80 04 C2 54 D2
F610H: 57 C2 58 90 1B E1 E0 60 67 90 1B E2 12 45 F0 90
F620H: 1E 7D E0 F8 A3 E0 F9 A3 E0 FA A3 E0 FB 12 3F 76
F630H: 74 01 90 E2 5D 12 2B 58 90 14 33 12 44 D2 90 1E
F640H: 81 12 45 F0 90 1B E2 E0 F8 A3 E0 F9 A3 E0 FA A3
F650H: E0 FB 12 3F 76 74 01 90 E2 5D 12 2B 58 90 14 37
F660H: 12 44 D2 90 14 33 12 45 F0 90 1E 85 E0 F8 A3 E0
F670H: F9 A3 E0 FA A3 E0 FB 74 0B 12 41 08 70 02 D2 58
F680H: 12 E2 B0 7D 02 7E 4A 7F 16 90 00 63 12 44 9C 7F
F690H: 04 74 05 90 87 05 12 2B 58 40 05 7F 7F 02 2B 7E
F6A0H: 7F 03 02 2B 7E 7F 02 74 04 90 98 27 12 2B 58 EF
F6B0H: 4E 70 0E 7F 05 74 04 90 98 27 12 2B 58 EF 4E 60
F6C0H: 05 7F 7F 02 2B 7E 90 13 DF E0 64 04 70 58 7D 01
F6D0H: 7E 12 7F DE 90 00 55 12 44 9C A3 E4 F0 A3 74 05
F6E0H: F0 7D 02 7E 4A 7F 3A 74 05 90 A7 6E 12 2B 58 EF
F6F0H: 4E 70 33 7F 01 74 04 90 CB B7 12 2B 58 EF 14 70
F700H: 0E 7F 04 12 31 77 40 05 7F 7F 02 2B 7E 80 17 90
F710H: 00 22 74 01 F0 7F F6 7E 00 74 04 90 93 32 12 2B
F720H: 58 7F 7F 02 2B 7E 7F 04 74 04 90 98 27 12 2B 58
F730H: 90 0A EF EE F0 A3 EF F0 64 9E 4E 70 09 C2 69 D2
F740H: 64 7F 03 02 2B 7E 90 0A F0 E0 64 9F 70 04 90 0A
F750H: EF E0 70 09 D2 69 D2 64 7F 03 02 2B 7E 90 0A EF
F760H: E0 FF A3 E0 4F 60 05 7F 7F 02 2B 7E 90 13 DF E0
F770H: 64 02 60 0E E0 64 04 60 09 E0 64 05 60 04 E0 04
F780H: 70 05 7F 02 02 2B 7E 90 13 DF E0 04 70 05 7F 02
F790H: 02 2B 7E 7F 82 02 2B 7E 7F 02 74 04 90 98 27 12
F7A0H: 2B 58 EF 4E 70 1C 7F 04 74 04 90 98 27 12 2B 58
F7B0H: EF 4E 70 0E 7F 05 74 04 90 98 27 12 2B 58 EF 4E
F7C0H: 60 05 7F 7F 02 2B 7E 7D 01 7E 0B 7F 05 74 02 90
F7D0H: ED AB 12 2B 58 90 0B 06 E0 64 02 60 05 7F 82 02
F7E0H: 2B 7E 30 69 48 74 01 90 E8 97 12 2B 58 50 27 74
F7F0H: 03 90 A8 B8 12 2B 58 90 1E 89 12 45 F0 7B 00 7A
F800H: 00 79 00 78 40 12 3E 67 79 01 7A 1E 7B 71 90 3F
F810H: 7A 12 43 FF 80 17 90 00 22 74 04 F0 7F 9F 7E 00
F820H: 74 04 90 93 32 12 2B 58 7F 01 02 2B 7E 90 14 20
F830H: E0 14 70 04 90 14 1F E0 70 04 C3 12 E8 30 12 E6
F840H: E3 50 6D 74 03 90 C5 AE 12 2B 58 EF 64 0D 70 36
F850H: 90 14 3B E0 70 30 7D 02 7E 4A 7F 2C 90 03 81 12
F860H: 44 9C 90 14 1B 12 45 F0 90 03 84 12 44 D2 7D 01
F870H: 7E 11 7F DE 74 05 90 AD D7 12 2B 58 90 13 DE 74
F880H: FE F0 D2 49 80 25 12 E2 B0 7D 02 7E 4A 7F 16 90
F890H: 00 63 12 44 9C 7F 04 74 05 90 87 05 12 2B 58 40
F8A0H: 05 7F 7F 02 2B 7E 7F 04 02 2B 7E 7F 03 02 2B 7E
F8B0H: D2 64 90 00 79 74 04 F0 7F 9E 7E 00 74 03 90 C4
F8C0H: F6 12 2B 58 7F 85 02 2B 7E 30 59 07 D2 64 7F 03
F8D0H: 02 2B 7E 7D 01 7E 0B 7F 07 74 02 90 ED AB 12 2B
F8E0H: 58 90 0B 08 E0 64 02 60 15 7F 01 74 04 90 98 27
F8F0H: 12 2B 58 EF 64 F0 4E 60 05 7F 82 02 2B 7E 12 E2
F900H: B0 7D 02 7E 4A 7F 16 90 00 63 12 44 9C 7F 04 74
F910H: 05 90 87 05 12 2B 58 40 05 7F 7F 02 2B 7E 7F 04
F920H: 02 2B 7E 90 13 DF E0 70 05 7F 82 02 2B 7E 7D 02
F930H: 7E 4A 7F 40 90 03 81 12 44 9C 90 14 0F 12 45 F0
F940H: 90 03 84 12 44 D2 90 14 13 12 45 F0 90 03 88 12
F950H: 44 D2 7D 01 7E 11 7F DE 74 05 90 AD D7 12 2B 58
F960H: 90 13 DE 74 FE F0 D2 49 7F 03 02 2B 7E 7F 02 74
F970H: 04 90 98 27 12 2B 58 EF 4E 70 1C 7F 04 74 04 90
F980H: 98 27 12 2B 58 EF 4E 70 0E 7F 05 74 04 90 98 27
F990H: 12 2B 58 EF 4E 60 05 7F 7F 02 2B 7E 7F 01 74 04
F9A0H: 90 98 27 12 2B 58 EF 64 F0 4E 70 05 7F 01 02 2B
F9B0H: 7E 90 13 DF E0 64 02 60 0E E0 64 04 60 09 E0 64
F9C0H: 05 60 04 E0 04 70 05 7F 02 02 2B 7E 7F 82 02 2B
F9D0H: 7E 90 0A D0 EF F0 70 03 20 69 1B 7D 02 7E 4A 7F
F9E0H: 4E 90 00 63 12 44 9C 7F 04 74 05 90 87 05 12 2B
F9F0H: 58 90 16 6A E4 F0 90 11 01 E0 14 F0 90 16 6B E0
FA00H: 14 F0 90 16 7A E0 14 F0 90 14 0E E0 FF 74 03 90
FA10H: AF 6C 12 2B 58 90 1E 22 E0 60 50 90 1E 64 E0 60
FA20H: 4A 7D 01 7E 0A 7F CE 74 02 90 ED AB 12 2B 58 90
FA30H: 0A D0 E0 60 0F 90 0A CF E0 64 0D 60 07 90 1E 64
FA40H: E4 F0 80 25 30 69 05 90 1E 64 E4 F0 90 1E 67 E0
FA50H: 90 0A CD F0 90 1E 66 E0 FF 74 03 90 DB 24 12 2B
FA60H: 58 EF 70 05 7F 7F 02 2B 7E 80 14 30 53 11 74 02
FA70H: 90 D3 C7 12 2B 58 EF 14 60 05 7F 7F 02 2B 7E 7F
FA80H: 00 02 2B 7E 90 0C 4D EF F0 90 00 28 E4 F0 A3 74
FA90H: A3 F0 7F 02 12 31 E4 90 0C 4D E0 70 0C 78 7D E6
FAA0H: 60 05 20 10 02 80 F6 80 0A 78 83 E6 60 05 20 10
FAB0H: 02 80 F6 30 10 16 90 00 22 74 01 F0 7F 17 7E 00
FAC0H: 74 04 90 93 32 12 2B 58 C3 02 2B 7E 90 0C 4D E0
FAD0H: 70 0C 90 00 01 E0 54 08 70 02 80 F6 80 0A 90 00
FAE0H: 09 E0 54 08 70 02 80 F6 90 14 FA 12 45 A6 74 05
FAF0H: 90 A2 92 12 2B 58 90 0C 4B EE F0 A3 EF F0 90 0C
FB00H: 4D E0 FF 74 01 90 FB 0F 12 2B 58 D3 02 2B 7E 90
FB10H: 0C 4A EF F0 90 00 04 E0 44 80 F0 90 0C 4A E0 70
FB20H: 41 90 00 02 74 0A F0 90 0C 4B E0 FE A3 E0 FF 63
FB30H: 06 80 EE 64 A5 70 03 EF 64 80 70 08 90 00 01 74
FB40H: BB F0 80 16 EE 64 CB 4F 70 08 90 00 01 74 CC F0
FB50H: 80 08 90 00 01 74 BB F0 80 00 90 00 02 74 05 F0
FB60H: 80 46 90 0C 4A E0 14 70 3F 90 00 0A 74 0A F0 90
FB70H: 0C 4B E0 FE A3 E0 FF 63 06 80 EE 64 A5 70 03 EF
FB80H: 64 80 70 08 90 00 09 74 BB F0 80 16 EE 64 CB 4F
FB90H: 70 08 90 00 09 74 CC F0 80 08 90 00 09 74 BB F0
FBA0H: 80 00 90 00 0A 74 05 F0 02 2B 7E 90 00 D0 12 44
FBB0H: 9C 90 14 FA 12 44 9C 7D 02 7E 4C 7F 46 90 00 45
FBC0H: 12 44 9C 90 00 D0 12 45 A6 74 05 90 AB 5B 12 2B
FBD0H: 58 90 00 D0 12 45 64 74 01 12 46 21 12 44 F3 60
FBE0H: 17 90 00 22 74 01 F0 7F 23 7E 00 74 04 90 93 32
FBF0H: 12 2B 58 7F 7F 02 2B 7E D2 5F 90 12 DE E4 F0 FF
FC00H: 02 2B 7E 30 5F 09 C2 5F D2 64 7F 82 02 2B 7E 90
FC10H: 14 FA 12 45 64 12 44 F3 24 14 F5 82 E4 34 67 F5
FC20H: 83 E4 93 54 02 60 0E 90 14 FA 12 45 64 12 44 F3
FC30H: 54 5F FF 80 09 90 14 FA 12 45 64 12 44 F3 90 14
FC40H: FA 12 45 64 12 44 41 79 02 7A 4C 7B 55 90 14 FA
FC50H: 12 45 A6 12 41 D1 70 18 90 1E 6C 74 01 F0 90 1E
FC60H: 69 14 F0 90 1E 6A F0 90 1E 68 F0 7F 01 02 2B 7E
FC70H: 79 02 7A 4C 7B 57 90 14 FA 12 45 A6 12 41 D1 70
FC80H: 0A 90 1E 6C E4 F0 7F 01 02 2B 7E 90 14 FA 12 45
FC90H: 64 12 44 F3 64 41 60 10 90 14 FA 12 45 64 12 44
FCA0H: F3 64 42 60 03 02 FF 21 7F 00 74 05 90 80 00 12
FCB0H: 2B 58 EF 70 0D 90 14 FA 12 45 64 12 44 F3 64 41
FCC0H: 60 1F 7F 00 74 05 90 80 00 12 2B 58 EF 14 70 0D
FCD0H: 90 14 FA 12 45 64 12 44 F3 64 42 60 04 7F 00 80
FCE0H: 02 7F 01 EF 60 03 02 FF 21 79 01 7A 14 7B FA 90
FCF0H: 00 01 12 47 0F 90 14 FA 12 45 A6 74 05 90 A2 92
FD00H: 12 2B 58 EF 64 80 70 05 EE 64 25 60 2D 90 14 FA
FD10H: 12 45 A6 74 05 90 A2 92 12 2B 58 EF 70 05 EE 64
FD20H: 4B 60 17 90 00 22 74 01 F0 7F DB 7E 00 74 04 90
FD30H: 93 32 12 2B 58 7F 7F 02 2B 7E 90 14 FA 12 45 64
FD40H: EB 24 FF FB EA 34 FF FA 12 44 F3 64 41 70 18 7F
FD50H: 08 74 05 90 80 00 12 2B 58 EF 70 0B 90 0C 4F 74
FD60H: 08 F0 90 0C 4E E4 F0 90 14 FA 12 45 64 EB 24 FF
FD70H: FB EA 34 FF FA 12 44 F3 64 42 70 1C 7F 08 74 05
FD80H: 90 80 00 12 2B 58 EF 14 70 0E 90 0C 4F 74 08 F0
FD90H: 90 0C 4E 74 01 F0 80 17 90 00 22 74 01 F0 7F DB
FDA0H: 7E 00 74 04 90 93 32 12 2B 58 7F 7F 02 2B 7E 90
FDB0H: 0C 4F E0 64 08 60 03 02 FE 3A 90 14 FA 12 45 A6
FDC0H: 74 05 90 A2 92 12 2B 58 EF 64 80 70 03 EE 64 25
FDD0H: 70 1C 7D 02 7E 4C 7F 59 90 03 81 12 44 9C 7D 01
FDE0H: 7E 0C 7F 50 74 05 90 AD D7 12 2B 58 80 4C 90 14
FDF0H: FA 12 45 A6 74 05 90 A2 92 12 2B 58 EF 70 03 EE
FE00H: 64 4B 70 1C 7D 02 7E 4C 7F 6B 90 03 81 12 44 9C
FE10H: 7D 01 7E 0C 7F 50 74 05 90 AD D7 12 2B 58 80 1A
FE20H: 7D 02 7E 4C 7F 59 90 03 81 12 44 9C 7D 01 7E 0C
FE30H: 7F 50 74 05 90 AD D7 12 2B 58 7D 01 7E 0C 7F 50
FE40H: 90 01 FA 12 44 9C 90 0C 4F E0 FF 74 03 90 EF 82
FE50H: 12 2B 58 40 17 90 00 22 74 01 F0 7F 17 7E 00 74
FE60H: 04 90 93 32 12 2B 58 7F 7F 02 2B 7E 90 00 B0 74
FE70H: 0D F0 90 0C 4F E0 FF 74 03 90 97 69 12 2B 58 90
FE80H: 00 B0 74 0A F0 90 0C 4F E0 FF 74 03 90 97 69 12
FE90H: 2B 58 90 0C 4E E0 FF 74 01 90 FA 84 12 2B 58 50
FEA0H: 4D 7D 01 7E 14 7F FD 90 02 08 12 44 9C A3 E4 F0
FEB0H: A3 74 0C F0 90 0C 4F E0 FF 74 03 90 EB 0A 12 2B
FEC0H: 58 50 2B 90 0C 4F E0 64 08 70 23 90 14 FD E0 64
FED0H: 3E 70 1B 90 14 FA 12 45 A6 74 05 90 A2 92 12 2B
FEE0H: 58 90 1A 84 EE F0 A3 EF F0 7F 01 02 2B 7E 90 1A
FEF0H: 84 E0 FE A3 E0 90 0C 4B CE F0 A3 EE F0 90 0C 4E
FF00H: E0 FF 74 01 90 FB 0F 12 2B 58 90 00 22 74 01 F0
FF10H: 7F 17 7E 00 74 04 90 93 32 12 2B 58 7F 7F 02 2B
FF20H: 7E 90 15 65 E0 64 02 60 0C 7F 0A 74 02 90 F2 57
FF30H: 12 2B 58 40 17 90 00 22 74 01 F0 7F 23 7E 00 74
FF40H: 04 90 93 32 12 2B 58 7F 7F 02 2B 7E 90 14 FA 12
FF50H: 45 64 12 44 F3 64 41 60 0D 90 14 FA 12 45 64 12
FF60H: 44 F3 64 42 70 0C 79 01 7A 14 7B FA 90 00 01 12
FF70H: 47 0F 90 14 FA 12 45 A6 74 05 90 A2 92 12 2B 58
FF80H: EF 64 80 70 05 EE 64 25 60 2D 90 14 FA 12 45 A6
FF90H: 74 05 90 A2 92 12 2B 58 EF 70 05 EE 64 4B 60 17
FFA0H: 90 00 22 74 01 F0 7F DB 7E 00 74 04 90 93 32 12
FFB0H: 2B 58 7F 7F 02 2B 7E 90 1E FF E0 FF 74 01 90 FA
FFC0H: 84 12 2B 58 40 17 90 00 22 74 01 F0 7F 17 7E 00
FFD0H: 74 04 90 93 32 12 2B 58 7F 7F 02 2B 7E 7F 51 7E
FFE0H: 00 74 04 90 AE 88 12 2B 58 7F 01 02 2B 7E 7F 00
FFF0H: 02 2B 7E 00 00 00 00 00 00 00 00 00 00 00 00 00
Bank # 

8000H: 90 02 10 12 44 9C 90 15 42 E0 70 14 90 00 22 74
8010H: 01 F0 7F 18 7E 00 74 04 90 93 32 12 2B 58 C3 22
8020H: 90 02 10 12 45 A6 90 01 FA 12 44 9C 7F 07 74 03
8030H: 90 EF 82 12 2B 58 40 02 C3 22 90 00 B0 74 FF F0
8040H: 7F 07 74 03 90 97 69 12 2B 58 90 15 41 74 FF F0
8050H: 7D 01 7E 15 7F 43 90 02 08 12 44 9C A3 E4 F0 A3
8060H: 74 1E F0 7F 07 74 03 90 EB 0A 12 2B 58 40 02 C3
8070H: 22 90 00 55 E4 F0 A3 74 2C F0 7D 01 7E 15 7F 43
8080H: 74 05 90 B2 D0 12 2B 58 90 02 0D 12 44 9C 60 26
8090H: 7F 00 90 02 0D 12 45 64 12 44 41 79 01 7A 02 7B
80A0H: 0D 90 00 01 12 47 0F 74 05 90 A2 92 12 2B 58 90
80B0H: 15 41 EF F0 80 18 7D 01 7E 15 7F 43 74 05 90 A2
80C0H: 92 12 2B 58 90 15 41 EF F0 90 15 43 E4 F0 90 02
80D0H: 14 E0 FF A3 E0 4F 60 0F 7D 01 7E 15 7F 43 90 02
80E0H: 13 12 45 64 12 44 86 D3 22 90 05 84 E4 F0 A3 F0
80F0H: 7D 01 7E 05 7F 81 90 02 13 12 44 9C 7D 02 7E 4D
8100H: 7F 28 12 80 00 50 4C 90 05 81 12 45 A6 74 05 90
8110H: A2 92 12 2B 58 90 05 84 EE F0 A3 EF F0 7D 01 7E
8120H: 05 7F 81 90 02 13 12 44 9C 7D 02 7E 4D 7F 30 12
8130H: 80 00 50 1F 90 05 81 12 45 A6 74 05 90 A2 92 12
8140H: 2B 58 90 05 85 E0 FA E4 2F FF EE 3A 90 05 84 F0
8150H: A3 EF F0 90 05 84 E0 FE A3 E0 FF 22 90 05 92 EF
8160H: F0 64 43 70 29 7D 02 7E 4D 7F 38 90 03 81 12 44
8170H: 9C 90 05 93 E0 FF E4 90 03 84 F0 A3 EF F0 7D 01
8180H: 7E 05 7F 81 74 05 90 AD D7 12 2B 58 80 34 7D 02
8190H: 7E 4D 7F 40 90 03 81 12 44 9C 90 05 92 E0 FF E4
81A0H: 90 03 84 F0 A3 EF F0 90 05 93 E0 FF E4 90 03 86
81B0H: F0 A3 EF F0 7D 01 7E 05 7F 81 74 05 90 AD D7 12
81C0H: 2B 58 E4 FF FE FD 90 02 19 12 44 9C 7D 01 7E 05
81D0H: 7F 81 74 02 90 84 CB 12 2B 58 02 2B 7E 7F 01 74
81E0H: 02 90 F2 57 12 2B 58 50 0D 12 80 E9 90 1E D2 EE
81F0H: F0 A3 EF F0 80 07 90 1E D2 E4 F0 A3 F0 02 2B 7E
8200H: 90 05 85 EE F0 A3 EF F0 90 05 83 E4 F0 A3 04 F0
8210H: FF 74 02 90 F2 57 12 2B 58 40 03 02 82 B5 90 05
8220H: 86 E0 70 09 90 05 85 E0 70 03 02 82 B5 D3 90 05
8230H: 86 E0 94 0C 90 05 85 E0 94 00 40 03 02 82 B5 90
8240H: 05 81 E4 F0 A3 04 F0 D3 90 05 82 E0 94 0C 90 05
8250H: 81 E0 94 00 50 2F 90 05 85 E0 FE A3 E0 FF 90 05
8260H: 82 E0 6F 70 07 90 05 81 E0 6E 60 19 90 05 84 E0
8270H: C3 33 F0 90 05 83 E0 33 F0 79 01 7A 05 7B 81 D3
8280H: 12 46 3C 80 C2 90 05 85 E0 FE A3 E0 FF 90 05 82
8290H: E0 6F 70 05 90 05 81 E0 6E 70 1A 90 05 83 E0 FE
82A0H: A3 E0 FF 90 1E D2 E0 52 06 A3 E0 52 07 EF 4E 60
82B0H: 04 D3 02 2B 7E C3 02 2B 7E 90 1E D7 74 0D F0 90
82C0H: 15 42 74 01 F0 90 1E AE E0 60 07 90 15 67 E4 F0
82D0H: 80 06 90 15 67 74 01 F0 90 15 67 E0 70 04 D2 01
82E0H: 80 02 D2 05 7F 07 74 03 90 96 19 12 2B 58 90 02
82F0H: 01 E4 F0 A3 74 51 F0 90 15 67 E0 FF 74 03 90 A0
8300H: 69 12 2B 58 90 15 41 74 FF F0 7D 01 7E 15 7F 43
8310H: 90 02 08 12 44 9C A3 E4 F0 A3 74 1E F0 7F 07 74
8320H: 03 90 EB 0A 12 2B 58 40 04 C3 02 2B 7E 79 01 7A
8330H: 15 7B 43 7D 01 7E 1E 7F AF 74 11 7C 00 12 42 CF
8340H: 7F 07 74 03 90 96 19 12 2B 58 90 15 40 E4 F0 90
8350H: 1E D7 74 0D F0 C2 65 90 15 42 74 01 F0 D3 02 2B
8360H: 7E 90 1E AA E4 F0 90 15 42 E0 70 04 D3 02 2B 7E
8370H: 90 15 42 E0 64 02 70 08 74 02 90 89 39 12 2B 58
8380H: E4 FF FE FD 90 02 19 12 44 9C 7D 02 7E 4D 7F 49
8390H: 74 02 90 84 CB 12 2B 58 90 15 42 E4 F0 D3 02 2B
83A0H: 7E 74 02 90 89 39 12 2B 58 40 04 C3 02 2B 7E 7D
83B0H: 01 7E 0C 7F 07 90 02 19 12 44 9C 7D 02 7E 4D 7F
83C0H: 4E 74 02 90 84 CB 12 2B 58 40 04 C3 02 2B 7E 90
83D0H: 15 41 E0 60 04 C3 02 2B 7E 7D 01 7E 0C 7F 07 90
83E0H: 02 19 12 44 9C 7D 02 7E 4D 7F 59 74 02 90 84 CB
83F0H: 12 2B 58 40 04 C3 02 2B 7E 90 15 41 E0 14 60 04
8400H: C3 02 2B 7E 90 15 42 74 02 F0 D3 02 2B 7E 74 02
8410H: 90 89 39 12 2B 58 40 04 C3 02 2B 7E 7D 02 7E 4D
8420H: 7F 5D 74 02 90 85 10 12 2B 58 40 04 C3 02 2B 7E
8430H: 90 1E D7 74 0D F0 90 1E D6 74 04 F0 90 1E D8 F0
8440H: 7D 01 7E 0C 7F 07 74 02 90 85 E7 12 2B 58 40 04
8450H: C3 02 2B 7E 7D 02 7E 4D 7F 66 74 02 90 85 10 12
8460H: 2B 58 40 04 C3 02 2B 7E 90 1E D7 74 0D F0 90 1E
8470H: D6 74 04 F0 90 1E D8 F0 7D 01 7E 0C 7F 07 74 02
8480H: 90 85 E7 12 2B 58 40 04 C3 02 2B 7E 90 15 41 E0
8490H: 60 04 C3 02 2B 7E 7D 01 7E 0C 7F 07 90 02 19 12
84A0H: 44 9C 7D 02 7E 4D 7F 59 74 02 90 84 CB 12 2B 58
84B0H: 40 04 C3 02 2B 7E 90 15 41 E0 14 60 04 C3 02 2B
84C0H: 7E 90 15 42 74 02 F0 D3 02 2B 7E 90 02 16 12 44
84D0H: 9C E4 90 1D F3 FE E0 54 10 4E 70 1C 90 1E AE E0
84E0H: 70 16 90 00 22 74 01 F0 7F 16 7E 00 74 04 90 93
84F0H: 32 12 2B 58 C3 02 2B 7E 90 02 19 12 45 A6 90 02
8500H: 13 12 44 9C 90 02 16 12 45 A6 12 80 00 02 2B 7E
8510H: 90 0B E7 12 44 9C E4 90 1D F3 FE E0 54 10 4E 70
8520H: 1C 90 1E AE E0 70 16 90 00 22 74 01 F0 7F 16 7E
8530H: 00 74 04 90 93 32 12 2B 58 C3 02 2B 7E 90 15 42
8540H: E0 70 16 90 00 22 74 01 F0 7F 18 7E 00 74 04 90
8550H: 93 32 12 2B 58 C3 02 2B 7E 90 15 42 E0 64 02 70
8560H: 07 90 0B E6 E4 F0 80 06 90 0B E6 74 07 F0 E4 90
8570H: 1D F3 FE E0 54 10 4E 70 1C 90 1E AE E0 70 16 90
8580H: 00 22 74 01 F0 7F 16 7E 00 74 04 90 93 32 12 2B
8590H: 58 C3 02 2B 7E 90 15 42 E0 70 16 90 00 22 74 01
85A0H: F0 7F 18 7E 00 74 04 90 93 32 12 2B 58 C3 02 2B
85B0H: 7E 90 0B E7 12 45 A6 90 01 FA 12 44 9C 90 0B E6
85C0H: E0 FF 74 03 90 EF 82 12 2B 58 40 04 C3 02 2B 7E
85D0H: 90 00 B0 74 FF F0 90 0B E6 E0 FF 74 03 90 97 69
85E0H: 12 2B 58 D3 02 2B 7E 90 02 11 12 44 9C 90 15 43
85F0H: E4 F0 90 15 41 14 F0 90 15 42 E0 64 02 70 07 90
8600H: 02 10 E4 F0 80 06 90 02 10 74 07 F0 7D 01 7E 15
8610H: 7F 43 90 02 08 12 44 9C A3 E4 F0 A3 74 1E F0 90
8620H: 02 10 E0 FF 74 03 90 EB 0A 12 2B 58 40 04 C3 02
8630H: 2B 7E 90 00 55 E4 F0 A3 74 2C F0 7D 01 7E 15 7F
8640H: 43 74 05 90 B2 D0 12 2B 58 90 02 0D 12 44 9C 60
8650H: 26 7F 00 90 02 0D 12 45 64 12 44 41 79 01 7A 02
8660H: 7B 0D 90 00 01 12 47 0F 74 05 90 A2 92 12 2B 58
8670H: 90 15 41 EF F0 80 48 90 00 55 E4 F0 A3 74 2E F0
8680H: 7D 01 7E 15 7F 43 74 05 90 B2 D0 12 2B 58 90 02
8690H: 0D 12 44 9C 60 29 79 02 7A 4D 7B 70 90 02 0D 12
86A0H: 45 A6 12 41 D1 70 18 7D 01 7E 15 7F 43 74 05 90
86B0H: A2 92 12 2B 58 90 15 41 EF F0 90 15 43 E4 F0 7D
86C0H: 01 7E 15 7F 43 90 02 11 12 45 64 12 44 86 D3 02
86D0H: 2B 7E 90 15 43 E4 F0 90 15 41 14 F0 90 0D 55 74
86E0H: 07 F0 7D 01 7E 15 7F 43 90 02 08 12 44 9C A3 E4
86F0H: F0 A3 74 1E F0 90 0D 55 E0 FF 74 03 90 EB 0A 12
8700H: 2B 58 40 04 C3 02 2B 7E 7D 01 7E 15 7F 43 74 05
8710H: 90 B2 7C 12 2B 58 EF 64 04 4E 70 38 90 15 43 E0
8720H: C3 94 30 40 2D 90 15 43 E0 C3 94 3A 50 24 90 15
8730H: 44 E0 C3 94 30 40 1B 90 15 44 E0 C3 94 3A 50 12
8740H: 90 15 45 E0 64 2E 70 0A 90 15 46 E0 64 36 70 02
8750H: D2 00 80 38 7D 01 7E 15 7F 43 74 05 90 B2 7C 12
8760H: 2B 58 EF 64 03 4E 70 24 90 15 43 E0 C3 94 30 40
8770H: 1B 90 15 43 E0 C3 94 3A 50 12 90 15 44 E0 64 2E
8780H: 70 0A 90 15 45 E0 64 36 70 02 D2 00 20 00 03 02
8790H: 86 E2 7D 01 7E 15 7F 43 74 05 90 A2 92 12 2B 58
87A0H: 90 15 41 EF F0 90 15 43 E4 F0 D3 02 2B 7E 90 1E
87B0H: AE E0 60 07 90 15 67 E4 F0 80 06 90 15 67 74 01
87C0H: F0 74 02 90 92 63 12 2B 58 7D 02 7E 4D 7F 73 90
87D0H: 03 81 12 44 9C 90 1E AC E0 FF E4 90 03 84 F0 A3
87E0H: EF F0 7D 01 7E 0B 7F ED 74 05 90 AD D7 12 2B 58
87F0H: 7D 01 7E 0B 7F EA 90 02 19 12 44 9C 7D 01 7E 0B
8800H: 7F ED 74 02 90 84 CB 12 2B 58 50 0C 90 15 41 E0
8810H: 60 04 C3 02 2B 7E 80 04 C3 02 2B 7E 7D 02 7E 4D
8820H: 7F 7C 90 03 81 12 44 9C 90 1E AD E0 FF E4 90 03
8830H: 84 F0 A3 EF F0 7D 01 7E 0B 7F ED 74 05 90 AD D7
8840H: 12 2B 58 7D 01 7E 0B 7F EA 90 02 19 12 44 9C 7D
8850H: 01 7E 0B 7F ED 74 02 90 84 CB 12 2B 58 50 0C 90
8860H: 15 41 E0 60 04 C3 02 2B 7E 80 04 C3 02 2B 7E 7F
8870H: 01 74 02 90 F2 57 12 2B 58 50 55 7D 02 7E 4D 7F
8880H: 38 90 03 81 12 44 9C 90 1E D1 E0 FF E4 90 03 84
8890H: F0 A3 EF F0 7D 01 7E 0B 7F ED 74 05 90 AD D7 12
88A0H: 2B 58 7D 01 7E 0B 7F EA 90 02 19 12 44 9C 7D 01
88B0H: 7E 0B 7F ED 74 02 90 84 CB 12 2B 58 50 0C 90 15
88C0H: 41 E0 60 04 C3 02 2B 7E 80 04 C3 02 2B 7E 80 05
88D0H: 90 1E D1 E4 F0 7D 01 7E 0B 7F EA 90 02 19 12 44
88E0H: 9C 7D 02 7E 4D 7F 85 74 02 90 84 CB 12 2B 58 50
88F0H: 0C 90 15 41 E0 60 04 C3 02 2B 7E 80 04 C3 02 2B
8900H: 7E 7D 02 7E 4D 7F 8B 74 02 90 85 10 12 2B 58 40
8910H: 04 C3 02 2B 7E 90 1E D7 74 04 F0 7D 01 7E 0B 7F
8920H: EA 74 02 90 85 E7 12 2B 58 50 0A 90 15 41 E0 70
8930H: 04 D3 02 2B 7E C3 02 2B 7E E4 90 1D F3 FE E0 54
8940H: 10 4E 70 1C 90 1E AE E0 70 16 90 00 22 74 01 F0
8950H: 7F 16 7E 00 74 04 90 93 32 12 2B 58 C3 02 2B 7E
8960H: 90 15 42 E0 70 16 90 00 22 74 01 F0 7F 18 7E 00
8970H: 74 04 90 93 32 12 2B 58 C3 02 2B 7E 90 15 42 E0
8980H: 64 02 70 2A 90 02 17 E4 F0 AF 62 E5 61 90 00 28
8990H: F0 A3 EF F0 7F 02 12 31 E4 20 10 0B 20 65 08 90
89A0H: 15 40 E0 70 02 80 F2 7F 02 12 32 DE 80 06 90 02
89B0H: 17 74 07 F0 90 15 42 74 01 F0 7F 51 7E 00 74 04
89C0H: 90 AE 88 12 2B 58 90 00 B0 74 2B F0 7F 07 74 03
89D0H: 90 97 69 12 2B 58 40 04 C3 02 2B 7E 90 00 B0 74
89E0H: 2B F0 7F 07 74 03 90 97 69 12 2B 58 40 04 C3 02
89F0H: 2B 7E 90 00 B0 74 2B F0 7F 07 74 03 90 97 69 12
8A00H: 2B 58 40 04 C3 02 2B 7E 7F 51 7E 00 74 04 90 AE
8A10H: 88 12 2B 58 7D 01 7E 02 7F 14 74 02 90 85 E7 12
8A20H: 2B 58 50 14 90 15 41 E0 60 04 C3 02 2B 7E 90 15
8A30H: 42 74 01 F0 D3 02 2B 7E C3 02 2B 7E 74 02 90 89
8A40H: 39 12 2B 58 D3 02 2B 7E 7D 02 7E 4D 7F 92 90 00
8A50H: 55 12 44 9C A3 E4 F0 A3 74 03 F0 7D 01 7E 21 7F
8A60H: F2 74 05 90 A7 6E 12 2B 58 EF 4E 60 6F 7D 02 7E
8A70H: 4D 7F 96 90 00 55 12 44 9C A3 E4 F0 A3 74 03 F0
8A80H: 7D 01 7E 21 7F F2 74 05 90 A7 6E 12 2B 58 EF 4E
8A90H: 60 4A 7D 02 7E 4D 7F 9A 90 00 55 12 44 9C A3 E4
8AA0H: F0 A3 74 03 F0 7D 01 7E 21 7F F2 74 05 90 A7 6E
8AB0H: 12 2B 58 EF 4E 60 25 7D 02 7E 4D 7F 9E 90 00 55
8AC0H: 12 44 9C A3 E4 F0 A3 74 03 F0 7D 01 7E 21 7F F2
8AD0H: 74 05 90 A7 6E 12 2B 58 EF 4E 70 04 C3 02 2B 7E
8AE0H: 90 1E AE E0 60 16 90 0B E7 74 01 F0 FF 74 02 90
8AF0H: F4 07 12 2B 58 90 15 41 E4 F0 80 0A 90 15 42 74
8B00H: 01 F0 90 1B 7D F0 90 1D F2 E0 FE A3 E0 44 10 90
8B10H: 1D F2 CE F0 A3 EE F0 74 02 90 86 D2 12 2B 58 90
8B20H: 15 41 E0 64 02 60 04 E0 04 70 EC 90 15 41 E0 64
8B30H: 02 60 03 02 8E 33 7D 02 7E 4D 7F A2 74 02 90 85
8B40H: 10 12 2B 58 40 03 02 8E 33 74 02 90 86 D2 12 2B
8B50H: 58 90 15 41 E0 64 02 60 F0 E0 64 0A 60 EB 90 15
8B60H: 41 E0 14 60 03 02 8E 33 90 15 42 74 02 F0 00 90
8B70H: 0D 60 E4 F0 7D 01 7E 15 7F 43 90 02 08 12 44 9C
8B80H: A3 E4 F0 A3 74 1E F0 7F 00 74 03 90 EB 0A 12 2B
8B90H: 58 40 0C 74 02 90 8A 3C 12 2B 58 C3 02 2B 7E 90
8BA0H: 0D 5E E4 F0 A3 F0 7D 01 7E 15 7F 43 74 05 90 B2
8BB0H: 7C 12 2B 58 C3 90 0D 5F E0 9F 90 0D 5E E0 9E 50
8BC0H: 5A 90 0D 5F E0 24 43 F5 82 E4 34 15 F5 83 E0 24
8BD0H: 14 F5 82 E4 34 67 F5 83 E4 93 54 02 60 13 90 0D
8BE0H: 5F E0 24 43 F5 82 E4 34 15 F5 83 E0 54 5F FF 80
8BF0H: 0F 90 0D 5F E0 24 43 F5 82 E4 34 15 F5 83 E0 FF
8C00H: 90 0D 5F E0 24 43 F5 82 E4 34 15 F5 83 EF F0 79
8C10H: 01 7A 0D 7B 5E D3 12 46 3C 80 8B 90 15 61 E4 F0
8C20H: 90 15 62 F0 90 15 63 F0 7D 01 7E 15 7F 61 90 07
8C30H: 15 12 44 9C A3 74 01 F0 A3 74 15 F0 A3 74 62 F0
8C40H: A3 74 01 F0 A3 74 15 F0 A3 74 63 F0 A3 74 01 F0
8C50H: A3 74 0D F0 A3 74 60 F0 7D 01 7E 15 7F 43 74 03
8C60H: 90 86 A7 12 2B 58 40 04 C3 02 2B 7E 90 15 61 E0
8C70H: 64 11 70 3B 90 15 62 E0 14 60 0A E0 64 03 60 05
8C80H: E0 64 04 70 2A 90 0D 60 E0 FF 74 03 90 89 B0 12
8C90H: 2B 58 40 16 90 00 22 74 01 F0 7F 23 7E 00 74 04
8CA0H: 90 93 32 12 2B 58 D3 02 2B 7E 90 0D 60 E4 F0 90
8CB0H: 15 61 E0 64 11 70 11 90 15 62 E0 64 03 60 05 E0
8CC0H: 64 04 70 04 D2 51 80 02 C2 51 90 15 61 E0 64 02
8CD0H: 70 06 90 15 62 E0 60 1F 90 15 61 E0 64 11 60 03
8CE0H: 02 8E 30 90 15 62 E0 14 60 0D E0 64 03 60 08 E0
8CF0H: 64 04 60 03 02 8E 30 90 15 61 E0 64 11 60 03 02
8D00H: 8D B6 90 15 62 E0 14 60 0D E0 64 03 60 08 E0 64
8D10H: 04 60 03 02 8D B6 90 1E D8 74 04 F0 D2 66 90 15
8D20H: 64 74 01 F0 D3 74 04 90 84 84 12 2B 58 90 15 62
8D30H: E0 90 07 0C F0 90 15 63 E0 90 07 0D F0 90 15 61
8D40H: E0 FF 74 03 90 80 00 12 2B 58 90 15 61 E0 64 11
8D50H: 70 38 90 15 62 E0 64 04 70 30 30 7C 0D E4 90 1C
8D60H: 2D FE E0 54 02 64 02 4E 70 20 74 02 90 83 A1 12
8D70H: 2B 58 40 04 C3 02 2B 7E 90 1E 22 74 01 F0 90 1E
8D80H: 66 74 43 F0 90 1E 67 F0 80 14 90 15 61 E0 64 11
8D90H: 70 0C 90 15 62 E0 64 04 70 04 C3 02 2B 7E 79 01
8DA0H: 7A 1C 7B 2E D3 12 46 3C 70 08 90 1C 2E E4 F0 A3
8DB0H: 04 F0 D3 02 2B 7E 7D 02 7E 4D 7F A6 90 03 81 12
8DC0H: 44 9C 7D 01 7E 0D 7F 56 74 05 90 AD D7 12 2B 58
8DD0H: 7D 01 7E 0D 7F 56 74 02 90 85 10 12 2B 58 50 50
8DE0H: AF 62 E5 61 90 00 28 F0 A3 EF F0 7F 02 12 31 E4
8DF0H: 20 10 0B 20 65 08 90 15 40 E0 70 02 80 F2 7F 02
8E00H: 12 32 DE 30 65 18 79 01 7A 1C 7B 2E D3 12 46 3C
8E10H: 70 08 90 1C 2E E4 F0 A3 04 F0 D3 02 2B 7E 90 15
8E20H: 40 E0 60 0C 74 02 90 8A 3C 12 2B 58 C3 02 2B 7E
8E30H: 02 8B 6E 74 02 90 8A 3C 12 2B 58 90 1D F2 E0 FE
8E40H: A3 E0 54 EF 90 1D F2 CE F0 A3 EE F0 C3 02 2B 7E
8E50H: 7D 02 7E 4D 7F 92 90 00 55 12 44 9C A3 E4 F0 A3
8E60H: 74 03 F0 7D 01 7E 21 7F F2 74 05 90 A7 6E 12 2B
8E70H: 58 EF 4E 60 25 7D 02 7E 4D 7F 96 90 00 55 12 44
8E80H: 9C A3 E4 F0 A3 74 03 F0 7D 01 7E 21 7F F2 74 05
8E90H: 90 A7 6E 12 2B 58 EF 4E 70 04 C3 02 2B 7E 7F 07
8EA0H: 12 32 DE 7F 09 12 32 DE 74 03 90 C5 C1 12 2B 58
8EB0H: 74 03 90 B2 10 12 2B 58 74 01 90 C4 9E 12 2B 58
8EC0H: 74 03 90 A8 B8 12 2B 58 C3 74 04 90 84 84 12 2B
8ED0H: 58 85 61 5F 85 62 60 90 15 64 E4 F0 90 15 65 74
8EE0H: 02 F0 90 15 66 E4 F0 00 C2 01 78 20 E6 90 00 05
8EF0H: F0 7F 00 74 03 90 96 19 12 2B 58 90 1B 7D 74 01
8F00H: F0 90 1D F2 E0 FE A3 E0 44 10 90 1D F2 CE F0 A3
8F10H: EE F0 7D 02 7E 4D 7F A2 74 02 90 85 10 12 2B 58
8F20H: 40 03 02 92 46 74 02 90 86 D2 12 2B 58 90 15 41
8F30H: E0 64 02 60 F0 E0 64 0A 60 EB 90 15 41 E0 14 60
8F40H: 03 02 92 46 90 15 42 74 02 F0 00 90 0D 60 E4 F0
8F50H: 7D 01 7E 15 7F 43 90 02 08 12 44 9C A3 E4 F0 A3
8F60H: 74 1E F0 7F 00 74 03 90 EB 0A 12 2B 58 40 0C 74
8F70H: 02 90 8A 3C 12 2B 58 C3 02 2B 7E 90 0D 5E E4 F0
8F80H: A3 F0 7D 01 7E 15 7F 43 74 05 90 B2 7C 12 2B 58
8F90H: C3 90 0D 5F E0 9F 90 0D 5E E0 9E 50 5A 90 0D 5F
8FA0H: E0 24 43 F5 82 E4 34 15 F5 83 E0 24 14 F5 82 E4
8FB0H: 34 67 F5 83 E4 93 54 02 60 13 90 0D 5F E0 24 43
8FC0H: F5 82 E4 34 15 F5 83 E0 54 5F FF 80 0F 90 0D 5F
8FD0H: E0 24 43 F5 82 E4 34 15 F5 83 E0 FF 90 0D 5F E0
8FE0H: 24 43 F5 82 E4 34 15 F5 83 EF F0 79 01 7A 0D 7B
8FF0H: 5E D3 12 46 3C 80 8B 90 15 61 E4 F0 90 15 62 F0
9000H: 90 15 63 F0 7D 01 7E 15 7F 61 90 07 15 12 44 9C
9010H: A3 74 01 F0 A3 74 15 F0 A3 74 62 F0 A3 74 01 F0
9020H: A3 74 15 F0 A3 74 63 F0 A3 74 01 F0 A3 74 0D F0
9030H: A3 74 60 F0 7D 01 7E 15 7F 43 74 03 90 86 A7 12
9040H: 2B 58 40 04 C3 02 2B 7E 90 15 61 E0 64 11 70 3B
9050H: 90 15 62 E0 14 60 0A E0 64 03 60 05 E0 64 04 70
9060H: 2A 90 0D 60 E0 FF 74 03 90 89 B0 12 2B 58 40 16
9070H: 90 00 22 74 01 F0 7F 23 7E 00 74 04 90 93 32 12
9080H: 2B 58 D3 02 2B 7E 90 0D 60 E4 F0 90 15 61 E0 64
9090H: 11 70 11 90 15 62 E0 64 03 60 05 E0 64 04 70 04
90A0H: D2 51 80 02 C2 51 90 15 61 E0 64 02 70 06 90 15
90B0H: 62 E0 60 1F 90 15 61 E0 64 11 60 03 02 92 43 90
90C0H: 15 62 E0 14 60 0D E0 64 03 60 08 E0 64 04 60 03
90D0H: 02 92 43 90 15 61 E0 64 11 60 03 02 91 96 90 15
90E0H: 62 E0 14 60 0D E0 64 03 60 08 E0 64 04 60 03 02
90F0H: 91 96 90 1E D8 74 04 F0 D2 66 90 15 64 74 01 F0
9100H: D3 74 04 90 84 84 12 2B 58 90 15 62 E0 90 07 0C
9110H: F0 90 15 63 E0 90 07 0D F0 90 15 61 E0 FF 74 03
9120H: 90 80 00 12 2B 58 90 15 61 E0 64 11 70 38 90 15
9130H: 62 E0 64 04 70 30 30 7C 0D E4 90 1C 2D FE E0 54
9140H: 02 64 02 4E 70 20 74 02 90 83 A1 12 2B 58 40 04
9150H: C3 02 2B 7E 90 1E 22 74 01 F0 90 1E 66 74 43 F0
9160H: 90 1E 67 F0 80 14 90 15 61 E0 64 11 70 0C 90 15
9170H: 62 E0 64 04 70 04 C3 02 2B 7E 7D 02 7E 4D 7F AC
9180H: 90 03 81 12 44 9C 7D 01 7E 0D 7F 56 74 05 90 AD
9190H: D7 12 2B 58 80 22 C2 7C 7D 02 7E 4D 7F B1 90 03
91A0H: 81 12 44 9C A3 E4 F0 A3 14 F0 7D 01 7E 0D 7F 56
91B0H: 74 05 90 AD D7 12 2B 58 D2 68 75 5D 00 75 5E F4
91C0H: 7F 30 74 04 90 E9 F0 12 2B 58 7F 07 74 03 90 96
91D0H: 19 12 2B 58 90 11 3D E4 F0 90 15 40 F0 7D 01 7E
91E0H: 0D 7F 56 74 02 90 85 10 12 2B 58 50 56 AF 62 E5
91F0H: 61 90 00 28 F0 A3 EF F0 7F 02 12 31 E4 20 10 0B
9200H: 20 65 08 90 15 40 E0 70 02 80 F2 7F 02 12 32 DE
9210H: 30 65 1E 79 01 7A 1C 7B 2E D3 12 46 3C 70 08 90
9220H: 1C 2E E4 F0 A3 04 F0 90 15 41 74 01 F0 D3 02 2B
9230H: 7E 90 15 40 E0 60 0C 74 02 90 8A 3C 12 2B 58 C3
9240H: 02 2B 7E 02 8F 4A 74 02 90 8A 3C 12 2B 58 90 1D
9250H: F2 E0 FE A3 E0 54 EF 90 1D F2 CE F0 A3 EE F0 C3
9260H: 02 2B 7E 7D 01 7E 05 7F 86 90 02 13 12 44 9C 7D
9270H: 02 7E 4D 7F B9 12 80 00 50 29 90 05 86 12 45 64
9280H: 7D 01 7E 1E 7F AF 74 11 7C 00 12 42 CF 7F 01 74
9290H: 02 90 F6 23 12 2B 58 74 02 90 81 DD 12 2B 58 D3
92A0H: 02 2B 7E 90 1E AF E4 F0 C3 02 2B 7E 7D 01 7E 05
92B0H: 7F 81 90 02 19 12 44 9C 7D 02 7E 4D 7F BE 74 02
92C0H: 90 84 CB 12 2B 58 50 13 90 05 81 12 45 64 7D 01
92D0H: 7E 1E 7F C0 12 42 8F D3 02 2B 7E C3 02 2B 7E 7D
92E0H: 02 7E 4D 7F 92 90 00 55 12 44 9C A3 E4 F0 A3 74
92F0H: 03 F0 7D 01 7E 21 7F F2 74 05 90 A7 6E 12 2B 58
9300H: EF 4E 60 25 7D 02 7E 4D 7F 96 90 00 55 12 44 9C
9310H: A3 E4 F0 A3 74 03 F0 7D 01 7E 21 7F F2 74 05 90
9320H: A7 6E 12 2B 58 EF 4E 70 04 C3 02 2B 7E 7D 01 7E
9330H: 05 7F 81 90 02 19 12 44 9C 7D 02 7E 4D 7F C3 74
9340H: 02 90 84 CB 12 2B 58 50 30 90 05 81 12 45 A6 74
9350H: 05 90 A2 92 12 2B 58 90 15 41 EF F0 64 0F 60 15
9360H: 90 1D F2 E0 FE A3 E0 54 EF 90 1D F2 CE F0 A3 EE
9370H: F0 C3 02 2B 7E D3 02 2B 7E C3 02 2B 7E 7D 02 7E
9380H: 4D 7F 92 90 00 55 12 44 9C A3 E4 F0 A3 74 03 F0
9390H: 7D 01 7E 21 7F F2 74 05 90 A7 6E 12 2B 58 EF 4E
93A0H: 60 25 7D 02 7E 4D 7F 96 90 00 55 12 44 9C A3 E4
93B0H: F0 A3 74 03 F0 7D 01 7E 21 7F F2 74 05 90 A7 6E
93C0H: 12 2B 58 EF 4E 70 04 C3 02 2B 7E 7D 01 7E 0D 7F
93D0H: 61 74 02 90 85 E7 12 2B 58 40 03 02 96 3D 90 15
93E0H: 41 E0 04 70 03 02 96 39 90 1E AB 74 FF F0 90 15
93F0H: 41 E0 FF 7E 00 12 41 6A 00 00 11 00 96 19 94 22
9400H: 94 2A 94 38 94 5B 94 72 94 8B 94 94 94 9D 94 B6
9410H: 94 CF 94 E8 94 F1 95 2E 95 37 95 61 95 8B 95 B4
9420H: 95 DD 90 1E AB E4 F0 02 96 1B 90 15 42 74 02 F0
9430H: 90 1E AB 14 F0 02 96 1B 90 1E AB 74 02 F0 74 02
9440H: 90 8E 50 12 2B 58 40 10 74 02 90 8A 3C 12 2B 58
9450H: 74 04 90 EF 5F 12 2B 58 02 96 1B 90 1E AB 74 03
9460H: F0 90 15 42 74 01 F0 74 04 90 EF 5F 12 2B 58 02
9470H: 96 1B 90 1E AB 74 04 F0 74 02 90 8A 3C 12 2B 58
9480H: 74 04 90 EF 5F 12 2B 58 02 96 1B 90 1E AB 74 05
9490H: F0 02 96 1B 90 1E AB 74 06 F0 02 96 1B 90 1E AB
94A0H: 74 07 F0 74 02 90 8A 3C 12 2B 58 74 04 90 EF 5F
94B0H: 12 2B 58 02 96 1B 90 1E AB 74 08 F0 74 02 90 8A
94C0H: 3C 12 2B 58 74 04 90 EF 5F 12 2B 58 02 96 1B 90
94D0H: 1E AB 74 09 F0 74 02 90 8A 3C 12 2B 58 74 04 90
94E0H: EF 5F 12 2B 58 02 96 1B 90 1E AB 74 0A F0 02 96
94F0H: 1B 90 1E AB 74 0B F0 90 1D F0 E0 44 FF FE A3 E0
9500H: 44 EF 90 1D F0 CE F0 A3 EE F0 90 1D F2 E0 FE A3
9510H: E0 54 EF 90 1D F2 CE F0 A3 EE F0 74 02 90 83 61
9520H: 12 2B 58 74 04 90 EF 5F 12 2B 58 02 96 1B 90 1E
9530H: AB 74 0C F0 02 96 1B 90 1E AB 74 0D F0 90 1D F2
9540H: E0 FE A3 E0 54 EF 90 1D F2 CE F0 A3 EE F0 74 02
9550H: 90 83 61 12 2B 58 74 04 90 EF 5F 12 2B 58 02 96
9560H: 1B 90 1E AB 74 0F F0 90 1D F2 E0 FE A3 E0 54 EF
9570H: 90 1D F2 CE F0 A3 EE F0 74 02 90 83 61 12 2B 58
9580H: 74 04 90 EF 5F 12 2B 58 02 96 1B 90 1E AB 74 03
9590H: F0 90 1D F2 E0 FE A3 E0 54 EF 90 1D F2 CE F0 A3
95A0H: EE F0 74 02 90 83 61 12 2B 58 74 04 90 EF 5F 12
95B0H: 2B 58 80 67 90 1E AB 74 10 F0 90 1D F2 E0 FE A3
95C0H: E0 54 EF 90 1D F2 CE F0 A3 EE F0 74 02 90 83 61
95D0H: 12 2B 58 74 04 90 EF 5F 12 2B 58 80 3E 90 1E AB
95E0H: 74 11 F0 90 1D F0 E0 44 FF FE A3 E0 44 EF 90 1D
95F0H: F0 CE F0 A3 EE F0 90 1D F2 E0 FE A3 E0 54 EF 90
9600H: 1D F2 CE F0 A3 EE F0 74 02 90 83 61 12 2B 58 74
9610H: 04 90 EF 5F 12 2B 58 80 02 80 00 90 15 41 E0 14
9620H: 60 08 C2 65 90 15 42 74 01 F0 90 0D 61 12 45 64
9630H: 7D 01 7E 15 7F 43 12 42 8F D3 02 2B 7E C3 02 2B
9640H: 7E 90 0D 9E 12 44 9C E4 90 1D F3 FE E0 54 10 4E
9650H: 70 1C 90 1E AE E0 70 16 90 00 22 74 01 F0 7F 16
9660H: 7E 00 74 04 90 93 32 12 2B 58 C3 02 2B 7E 90 13
9670H: DF 74 07 F0 90 0D 9E 12 45 A6 90 0D 6B 12 44 9C
9680H: A3 74 01 F0 A3 74 0D F0 A3 74 76 F0 A3 74 01 F0
9690H: A3 74 0D F0 A3 74 74 F0 7F 07 74 03 90 D3 D8 12
96A0H: 2B 58 40 04 C3 02 2B 7E C2 6B 90 0D 75 E0 90 00
96B0H: 97 F0 7F 07 74 05 90 B4 48 12 2B 58 90 0D 9C EE
96C0H: F0 A3 EF F0 A3 12 45 64 12 44 F3 64 52 60 03 02
96D0H: 98 62 90 0D 75 E0 64 FA 70 04 90 0D 74 E0 70 16
96E0H: 90 00 22 74 07 F0 7F 14 7E 00 74 04 90 93 32 12
96F0H: 2B 58 C3 02 2B 7E E4 90 0D 9D FE E0 54 30 64 10
9700H: 4E 60 03 02 97 E8 90 0D 75 E0 90 00 97 F0 7F 07
9710H: 74 05 90 B3 A4 12 2B 58 EF 64 0D 70 03 02 97 E8
9720H: 90 15 42 E0 14 60 16 90 00 22 74 07 F0 7F 18 7E
9730H: 00 74 04 90 93 32 12 2B 58 C3 02 2B 7E 7D 02 7E
9740H: 4D 7F CA 90 03 81 12 44 9C 90 0D 74 E0 FE A3 E0
9750H: 90 03 84 CE F0 A3 EE F0 7D 01 7E 0D 7F 79 74 05
9760H: 90 AD D7 12 2B 58 7D 01 7E 0D 7F 99 90 02 19 12
9770H: 44 9C 7D 01 7E 0D 7F 79 74 02 90 84 CB 12 2B 58
9780H: 40 04 C3 02 2B 7E 90 15 41 E0 60 19 90 00 22 74
9790H: 07 F0 90 15 41 E0 FF 7E 00 74 04 90 93 32 12 2B
97A0H: 58 C3 02 2B 7E 7D 02 7E 4D 7F D1 90 03 81 12 44
97B0H: 9C 90 52 98 E4 93 FF E4 90 03 84 F0 A3 EF F0 90
97C0H: 0D 75 E0 FF E4 90 03 86 F0 A3 EF F0 90 0D 99 12
97D0H: 45 A6 90 03 88 12 44 9C 7D 01 7E 12 7F DE 74 05
97E0H: 90 AD D7 12 2B 58 80 77 7D 02 7E 4D 7F DA 90 03
97F0H: 81 12 44 9C 90 52 98 E4 93 FF E4 90 03 84 F0 A3
9800H: EF F0 90 0D 75 E0 FF E4 90 03 86 F0 A3 EF F0 7D
9810H: 01 7E 12 7F DE 74 05 90 AD D7 12 2B 58 90 00 55
9820H: E4 F0 A3 74 3D F0 7D 01 7E 12 7F DE 74 05 90 B2
9830H: D0 12 2B 58 7B 01 7A 00 74 01 12 46 21 8A 06 8B
9840H: 07 90 05 55 12 44 9C 90 0D 75 E0 90 05 54 F0 7F
9850H: 07 74 05 90 A4 95 12 2B 58 40 04 C3 02 2B 7E 02
9860H: 9A 66 EF 64 54 70 28 90 15 42 E0 14 60 16 90 00
9870H: 22 74 07 F0 7F 18 7E 00 74 04 90 93 32 12 2B 58
9880H: C3 02 2B 7E 74 05 90 90 A2 12 2B 58 02 2B 7E EF
9890H: 64 57 60 03 02 9A 50 90 0D 75 E0 90 00 97 F0 7F
98A0H: 07 74 05 90 B3 A4 12 2B 58 EF 64 0D 60 1D 90 15
98B0H: 42 E0 14 60 16 90 00 22 74 07 F0 7F 18 7E 00 74
98C0H: 04 90 93 32 12 2B 58 C3 02 2B 7E 90 0D 75 E0 64
98D0H: FA 70 04 90 0D 74 E0 60 03 02 99 5F 90 0D 76 12
98E0H: 45 64 7D 01 7E 0D 7F 79 74 20 7C 00 12 42 CF 7D
98F0H: 01 7E 0D 7F 79 74 02 90 85 10 12 2B 58 40 04 C3
9900H: 02 2B 7E 7D 01 7E 0D 7F 99 74 02 90 85 E7 12 2B
9910H: 58 40 04 C3 02 2B 7E 90 15 41 E0 60 19 90 00 22
9920H: 74 07 F0 90 15 41 E0 FF 7E 00 74 04 90 93 32 12
9930H: 2B 58 C3 02 2B 7E 7D 02 7E 4D 7F E1 90 03 81 12
9940H: 44 9C 90 0D 99 12 45 A6 90 03 84 12 44 9C 7D 01
9950H: 7E 12 7F DE 74 05 90 AD D7 12 2B 58 02 9A 4E 90
9960H: 0D 75 E0 90 00 97 F0 7F 07 74 05 90 B4 48 12 2B
9970H: 58 90 0D 9C EE F0 A3 EF F0 E4 FE 53 07 0F EE 70
9980H: 26 EF 64 0D 70 21 90 0D 75 E0 90 05 88 F0 90 0D
9990H: 76 12 45 A6 90 05 89 12 44 9C 7F 07 74 05 90 9F
99A0H: 33 12 2B 58 02 2B 7E 7D 02 7E 4D 7F E4 90 03 81
99B0H: 12 44 9C 90 0D 74 E0 FE A3 E0 90 03 84 CE F0 A3
99C0H: EE F0 90 0D 76 12 45 A6 90 03 86 12 44 9C 7D 01
99D0H: 7E 0D 7F 79 74 05 90 AD D7 12 2B 58 7D 01 7E 0D
99E0H: 7F 99 90 02 19 12 44 9C 7D 01 7E 0D 7F 79 74 02
99F0H: 90 84 CB 12 2B 58 40 04 C3 02 2B 7E 90 15 41 E0
9A00H: 60 19 90 00 22 74 07 F0 90 15 41 E0 FF 7E 00 74
9A10H: 04 90 93 32 12 2B 58 C3 02 2B 7E E4 90 0D 9D FE
9A20H: E0 54 30 64 10 4E 60 24 90 0D 75 E0 90 05 88 F0
9A30H: 90 0D 76 12 45 A6 90 05 89 12 44 9C 7F 07 74 05
9A40H: 90 9F 33 12 2B 58 40 04 C3 02 2B 7E 80 00 80 16
9A50H: 90 00 22 74 07 F0 7F 1E 7E 00 74 04 90 93 32 12
9A60H: 2B 58 C3 02 2B 7E D3 02 2B 7E 7F 01 74 02 90 F2
9A70H: 57 12 2B 58 50 0F 90 1E D2 74 0F F0 A3 FE 74 FF
9A80H: F0 FF 02 2B 7E 7F 00 7E 00 02 2B 7E 90 05 94 EE
9A90H: F0 A3 EF F0 7F 01 74 02 90 F2 57 12 2B 58 50 37
9AA0H: 90 05 94 E0 FE A3 E0 FF 74 02 90 82 00 12 2B 58
9AB0H: 50 25 90 05 95 E0 90 1E D1 F0 90 15 42 E0 14 70
9AC0H: 12 90 1E D1 E0 90 05 93 F0 7F 43 74 02 90 81 5C
9AD0H: 12 2B 58 D3 02 2B 7E C3 02 2B 7E 90 1E D1 E0 FF
9AE0H: 7E 00 02 2B 7E 90 0C C2 EF F0 64 52 70 2B 7D 02
9AF0H: 7E 4D 7F ED 90 03 81 12 44 9C 90 1E D1 E0 FF E4
9B00H: 90 03 84 F0 A3 EF F0 90 0C C3 12 45 A6 74 05 90
9B10H: AD D7 12 2B 58 D3 02 2B 7E 7F 01 74 02 90 F2 57
9B20H: 12 2B 58 40 16 90 00 22 74 01 F0 7F 16 7E 00 74
9B30H: 04 90 93 32 12 2B 58 C3 02 2B 7E 90 0C C2 E0 64
9B40H: 57 70 40 90 0C C3 12 45 A6 74 05 90 A2 92 12 2B
9B50H: 58 90 0C C0 EE F0 A3 EF F0 90 0C C0 E0 FE A3 E0
9B60H: FF 74 02 90 9A 8C 12 2B 58 40 16 90 00 22 74 07
9B70H: F0 7F 0E 7E 00 74 04 90 93 32 12 2B 58 C3 02 2B
9B80H: 7E 80 16 90 00 22 74 07 F0 7F 1E 7E 00 74 04 90
9B90H: 93 32 12 2B 58 C3 02 2B 7E D3 02 2B 7E EF 64 52
9BA0H: 70 2B 7D 02 7E 4D 7F ED 90 03 81 12 44 9C 90 1E
9BB0H: D2 E0 FE A3 E0 90 03 84 CE F0 A3 EE F0 90 0C C7
9BC0H: 12 45 A6 74 05 90 AD D7 12 2B 58 80 16 90 00 22
9BD0H: 74 07 F0 7F 14 7E 00 74 04 90 93 32 12 2B 58 C3
9BE0H: 02 2B 7E D3 02 2B 7E 90 0C B4 EF F0 64 52 70 2B
9BF0H: 7D 02 7E 4D 7F ED 90 03 81 12 44 9C 90 1E AC E0
9C00H: FF E4 90 03 84 F0 A3 EF F0 90 0C B5 12 45 A6 74
9C10H: 05 90 AD D7 12 2B 58 D3 02 2B 7E 90 0C B4 E0 64
9C20H: 57 60 03 02 9C E9 7D 02 7E 4D 7F F0 90 00 45 12
9C30H: 44 9C 90 0C B5 12 45 A6 74 05 90 AB 5B 12 2B 58
9C40H: 90 0C B0 EE F0 A3 EF F0 4E 60 23 D3 E0 94 02 90
9C50H: 0C B0 E0 64 80 94 80 50 15 E0 FE A3 E0 FF 90 0C
9C60H: B5 12 45 64 74 01 12 46 21 12 44 F3 60 16 90 00
9C70H: 22 74 07 F0 7F 23 7E 00 74 04 90 93 32 12 2B 58
9C80H: C3 02 2B 7E 90 0C B5 12 45 A6 74 05 90 A2 92 12
9C90H: 2B 58 90 0C B2 EE F0 A3 EF F0 D3 EF 94 63 EE 94
9CA0H: 00 40 16 90 00 22 74 07 F0 7F 23 7E 00 74 04 90
9CB0H: 93 32 12 2B 58 C3 02 2B 7E 90 0C B5 12 45 A6 74
9CC0H: 05 90 A2 92 12 2B 58 90 1E AC EF F0 90 15 42 E0
9CD0H: 14 70 12 90 1E AC E0 90 05 93 F0 7F 33 74 02 90
9CE0H: 81 5C 12 2B 58 D3 02 2B 7E 90 00 22 74 07 F0 7F
9CF0H: 1E 7E 00 74 04 90 93 32 12 2B 58 C3 02 2B 7E 90
9D00H: 0C BC EF F0 64 52 70 2B 7D 02 7E 4D 7F ED 90 03
9D10H: 81 12 44 9C 90 1E AD E0 FF E4 90 03 84 F0 A3 EF
9D20H: F0 90 0C BD 12 45 A6 74 05 90 AD D7 12 2B 58 D3
9D30H: 02 2B 7E 90 0C BC E0 64 57 60 03 02 9D F6 7D 02
9D40H: 7E 4D 7F F0 90 00 45 12 44 9C 90 0C BD 12 45 A6
9D50H: 74 05 90 AB 5B 12 2B 58 90 0C B8 EE F0 A3 EF F0
9D60H: 4E 60 23 D3 E0 94 02 90 0C B8 E0 64 80 94 80 50
9D70H: 15 E0 FE A3 E0 FF 90 0C BD 12 45 64 74 01 12 46
9D80H: 21 12 44 F3 60 16 90 00 22 74 07 F0 7F 23 7E 00
9D90H: 74 04 90 93 32 12 2B 58 C3 02 2B 7E 90 0C BD 12
9DA0H: 45 A6 74 05 90 A2 92 12 2B 58 90 0C BA EE F0 A3
9DB0H: EF F0 D3 EF 94 63 EE 94 00 40 16 90 00 22 74 07
9DC0H: F0 7F 23 7E 00 74 04 90 93 32 12 2B 58 C3 02 2B
9DD0H: 7E 90 0C BB E0 90 1E AD F0 90 15 42 E0 14 70 12
9DE0H: 90 1E AD E0 90 05 93 F0 7F 34 74 02 90 81 5C 12
9DF0H: 2B 58 D3 02 2B 7E 90 00 22 74 07 F0 7F 1E 7E 00
9E00H: 74 04 90 93 32 12 2B 58 C3 02 2B 7E D3 EF 94 63
9E10H: EE 94 00 40 04 C3 02 2B 7E D3 02 2B 7E 7D 02 7E
9E20H: 4D 7F 92 90 00 55 12 44 9C A3 E4 F0 A3 74 03 F0
9E30H: 7D 01 7E 21 7F F2 74 05 90 A7 6E 12 2B 58 EF 4E
9E40H: 60 25 7D 02 7E 4D 7F 96 90 00 55 12 44 9C A3 E4
9E50H: F0 A3 74 03 F0 7D 01 7E 21 7F F2 74 05 90 A7 6E
9E60H: 12 2B 58 EF 4E 70 04 C3 02 2B 7E E4 90 1D F5 FE
9E70H: E0 54 10 4E 70 0C 74 02 90 83 61 12 2B 58 C3 02
9E80H: 2B 7E 90 1E D7 74 0D F0 90 1D F2 E0 FE A3 E0 44
9E90H: 10 90 1D F2 CE F0 A3 EE F0 90 15 42 E0 70 08 74
9EA0H: 02 90 82 B9 12 2B 58 74 02 90 92 63 12 2B 58 40
9EB0H: 03 02 9F 32 74 02 90 92 AC 12 2B 58 40 03 02 9F
9EC0H: 32 74 02 90 92 DF 12 2B 58 40 04 C3 02 2B 7E 7F
9ED0H: 01 74 02 90 F2 57 12 2B 58 50 53 12 80 E9 90 1E
9EE0H: D2 EE F0 A3 EF F0 90 1E D1 E0 FF 7E 00 74 02 90
9EF0H: 82 00 12 2B 58 40 37 90 05 96 E4 F0 A3 04 F0 D3
9F00H: 90 05 97 E0 94 0C 90 05 96 E0 94 00 50 20 90 05
9F10H: 96 E0 FE A3 E0 FF 74 02 90 9A 8C 12 2B 58 50 02
9F20H: 80 0C 79 01 7A 05 7B 96 D3 12 46 3C 80 D1 D3 02
9F30H: 2B 7E 90 1D F2 E0 FE A3 E0 54 EF 90 1D F2 CE F0
9F40H: A3 EE F0 74 02 90 83 61 12 2B 58 C3 02 2B 7E 90
9F50H: 02 B7 EC F0 A3 ED F0 A3 EE F0 A3 EF F0 90 02 BD
9F60H: E0 FD A3 E0 FE A3 E0 90 02 AC CD F0 A3 EE F0 A3
9F70H: ED F0 90 02 B5 E4 F0 A3 F0 A3 E0 FC A3 E0 FD A3
9F80H: E0 FE A3 E0 FF 7B 00 7A 00 79 80 78 3F 74 03 12
9F90H: 41 08 60 03 02 A0 1C 90 02 B7 E0 FC A3 E0 FD A3
9FA0H: E0 FE A3 E0 FF 7B B7 7A 43 79 BA 78 51 74 03 12
9FB0H: 41 08 70 24 7F F9 7E 02 7D 15 7C 50 79 01 7A 02
9FC0H: 7B B7 90 3E 67 12 43 FF 90 02 B6 E0 24 0A F0 90
9FD0H: 02 B5 E0 34 00 F0 80 BF 90 02 B7 E0 FC A3 E0 FD
9FE0H: A3 E0 FE A3 E0 FF 7B 00 7A 00 79 20 78 41 74 03
9FF0H: 12 41 08 70 24 7F 00 7E 00 7D 20 7C 41 79 01 7A
A000H: 02 7B B7 90 3E 67 12 43 FF 90 02 B6 E0 04 F0 70
A010H: 06 90 02 B5 E0 04 F0 80 BF 02 A0 AC 90 02 B7 E0
A020H: FF A3 E0 4F 70 03 02 A0 AC 90 02 B7 E0 FC A3 E0
A030H: FD A3 E0 FE A3 E0 FF 7B FF 7A E6 79 DB 78 2E 74
A040H: 0F 12 41 08 70 24 7F F9 7E 02 7D 15 7C 50 79 01
A050H: 7A 02 7B B7 90 3C F9 12 43 FF 90 02 B6 E0 24 F6
A060H: F0 90 02 B5 E0 34 FF F0 80 BF 90 02 B7 E0 FC A3
A070H: E0 FD A3 E0 FE A3 E0 FF 7B 00 7A 00 79 80 78 3F
A080H: 74 0B 12 41 08 70 25 7F 00 7E 00 7D 20 7C 41 79
A090H: 01 7A 02 7B B7 90 3C F9 12 43 FF 90 02 B6 E0 14
A0A0H: F0 04 70 06 90 02 B5 E0 14 F0 80 BE 90 02 C1 E0
A0B0H: 60 66 90 02 BB E0 FE A3 E0 FF C3 90 02 B6 E0 9F
A0C0H: 90 02 B5 E0 64 80 CE 64 80 CE 9E 50 29 C3 A3 E0
A0D0H: 94 FC 90 02 B5 E0 64 80 94 7F 40 1A 90 02 C0 E4
A0E0H: F0 90 02 B5 E0 FE A3 E0 FF C3 90 02 BC E0 9F F0
A0F0H: 90 02 BB E0 9E F0 90 02 BC E0 14 F0 04 70 06 90
A100H: 02 BB E0 14 F0 90 02 C2 E0 60 07 90 02 C1 E4 F0
A110H: 80 06 90 02 C2 74 01 F0 90 02 C0 E0 60 0A 90 02
A120H: B3 E4 F0 A3 F0 02 A2 27 90 02 B5 E0 64 80 C3 94
A130H: 80 40 03 02 A2 12 90 02 AC E0 F9 A3 A3 E0 FB 24
A140H: 01 F0 90 02 AD E0 FA 34 00 F0 7F 30 12 44 41 90
A150H: 02 BB E0 FE A3 E0 90 02 AF FF EE F0 A3 EF F0 4E
A160H: 70 06 90 02 C2 E0 60 19 90 02 AC E0 F9 A3 A3 E0
A170H: FB 24 01 F0 90 02 AD E0 FA 34 00 F0 7F 2E 12 44
A180H: 41 90 02 B1 E4 F0 A3 F0 90 02 B2 E0 24 FF FF F0
A190H: 90 02 B1 E0 34 FF F0 FE C3 90 02 B6 E0 9F 90 02
A1A0H: B5 E0 64 80 CE 64 80 CE 9E 50 34 90 02 BB E0 FF
A1B0H: A3 E0 4F 60 2A 90 02 AC E0 F9 A3 A3 E0 FB 24 01
A1C0H: F0 90 02 AD E0 FA 34 00 F0 7F 30 12 44 41 90 02
A1D0H: BC E0 14 F0 04 70 06 90 02 BB E0 14 F0 80 A9 7F
A1E0H: FF 7E FF 90 02 AF E0 FA A3 E0 FB EF C3 9B FF EE
A1F0H: 9A FE C3 90 02 B6 E0 9F 90 02 B5 E0 64 80 CE 64
A200H: 80 CE 9E 50 03 02 A5 01 90 02 B3 E4 F0 A3 04 F0
A210H: 80 15 90 02 B5 E0 FE A3 E0 FF C3 E4 9F FF E4 9E
A220H: 90 02 B3 F0 A3 EF F0 90 02 B3 E0 FE A3 E0 90 02
A230H: B1 CE F0 A3 EE F0 90 02 BB E0 FE A3 E0 FF D3 90
A240H: 02 B2 E0 9F 90 02 B1 E0 64 80 CE 64 80 CE 9E 40
A250H: 03 02 A2 F4 90 02 B7 E0 FC A3 E0 FD A3 E0 FE A3
A260H: E0 FF 12 40 7B 90 02 AF EE F0 A3 EF F0 EE 33 95
A270H: E0 FD FC 12 40 B6 79 01 7A 02 7B B7 90 3F 76 12
A280H: 43 FF 7F 00 7E 00 7D 20 7C 41 79 01 7A 02 7B B7
A290H: 90 3C F9 12 43 FF 90 02 B0 E0 24 30 FF 90 02 AC
A2A0H: E0 F9 A3 A3 E0 FB 24 01 F0 90 02 AD E0 FA 34 00
A2B0H: F0 12 44 41 90 02 B2 E0 FF 24 01 F0 90 02 B1 E0
A2C0H: FE 34 00 F0 EF 4E 70 29 90 02 BB E0 FF A3 E0 4F
A2D0H: 70 06 90 02 C2 E0 60 19 90 02 AC E0 F9 A3 A3 E0
A2E0H: FB 24 01 F0 90 02 AD E0 FA 34 00 F0 7F 2E 12 44
A2F0H: 41 02 A2 36 90 02 B7 E0 FC A3 E0 FD A3 E0 FE A3
A300H: E0 FF 7B 00 7A 00 79 A0 78 40 74 03 12 41 08 60
A310H: 03 02 A5 01 90 02 AF E4 F0 A3 04 F0 90 02 AC E0
A320H: FD A3 E0 FE A3 E0 FF 7B FF 7A FF 74 01 12 46 21
A330H: FF EA FE EB CF 90 02 A9 ED F0 A3 EE F0 A3 EF F0
A340H: 90 02 A9 E0 F9 A3 E0 FA A3 E0 FB 12 44 F3 64 2E
A350H: 60 3B 90 02 A9 E0 F9 A3 E0 FA A3 E0 FB 12 44 F3
A360H: 90 02 B0 E0 2F 12 44 42 64 3A 70 1A 7F 30 90 02
A370H: A9 E0 F9 A3 E0 FA A3 E0 FB 12 44 41 90 02 AF E4
A380H: F0 A3 04 F0 80 07 90 02 AF E4 F0 A3 F0 90 02 A9
A390H: E0 FD A3 A3 E0 FF 24 FF F0 90 02 AA E0 FE 34 FF
A3A0H: F0 C3 90 02 BF E0 9F 90 02 BE E0 9E 40 92 90 02
A3B0H: AF E0 FF A3 E0 4F 70 03 02 A5 01 90 02 C0 E0 70
A3C0H: 03 02 A4 86 90 02 AC E0 FD A3 E0 FE A3 E0 90 02
A3D0H: A9 CD F0 A3 EE F0 A3 ED F0 90 02 BD E0 FD A3 E0
A3E0H: FE A3 E0 FF D3 90 02 AB E0 9F 90 02 AA E0 9E 50
A3F0H: 03 02 A4 76 90 02 A9 E0 F9 A3 E0 FA A3 E0 FB 24
A400H: FF FB EA 34 FF FA 12 44 F3 64 2E 70 34 90 02 A9
A410H: E0 F9 A3 E0 FA A3 E0 FB 24 FE FB EA 34 FF FA 12
A420H: 44 F3 90 02 A9 E0 F9 A3 E0 FA A3 E0 FB 12 44 41
A430H: 90 02 AB E0 14 F0 04 70 06 90 02 AA E0 14 F0 80
A440H: 23 90 02 A9 E0 F9 A3 E0 FA A3 E0 FB 24 FF FB EA
A450H: 34 FF FA 12 44 F3 90 02 A9 E0 F9 A3 E0 FA A3 E0
A460H: FB 12 44 41 90 02 AB E0 14 F0 04 70 06 90 02 AA
A470H: E0 14 F0 02 A3 D9 90 02 B6 E0 04 F0 70 06 90 02
A480H: B5 E0 04 F0 80 6B 90 02 AC E0 FD A3 A3 E0 24 01
A490H: FF F0 90 02 AD E0 34 00 F0 FE 90 02 A9 ED F0 A3
A4A0H: EE F0 A3 EF F0 90 02 BD E0 FD A3 E0 FE A3 E0 FF
A4B0H: D3 90 02 AB E0 9F 90 02 AA E0 9E 40 34 90 02 A9
A4C0H: E0 F9 A3 E0 FA A3 E0 FB 24 FF FB EA 34 FF FA 12
A4D0H: 44 F3 90 02 A9 E0 F9 A3 E0 FA A3 E0 FB 12 44 41
A4E0H: 90 02 AB E0 14 F0 04 70 06 90 02 AA E0 14 F0 80
A4F0H: B4 7F 31 90 02 BD E0 F9 A3 E0 FA A3 E0 FB 12 44
A500H: 41 90 02 C1 E0 60 52 90 02 AC E0 F9 A3 E0 FA A3
A510H: E0 FB 24 FF FB EA 34 FF FA 12 44 F3 64 30 70 11
A520H: 90 02 AE E0 14 F0 04 70 06 90 02 AD E0 14 F0 80
A530H: D6 90 02 AC E0 F9 A3 E0 FA A3 E0 FB 24 FF FB EA
A540H: 34 FF FA 12 44 F3 64 2E 70 0F 90 02 AE E0 14 F0
A550H: 04 70 06 90 02 AD E0 14 F0 90 02 C0 E0 70 03 02
A560H: A6 DE 90 02 AC E0 F9 A3 A3 E0 FB 24 01 F0 90 02
A570H: AD E0 FA 34 00 F0 90 02 C0 E0 FF 12 44 41 90 02
A580H: B5 E0 64 80 C3 94 80 50 2C 90 02 AC E0 F9 A3 A3
A590H: E0 FB 24 01 F0 90 02 AD E0 FA 34 00 F0 7F 2D 12
A5A0H: 44 41 90 02 B6 E0 FF E4 C3 9F F0 90 02 B5 E0 FE
A5B0H: E4 9E F0 80 19 90 02 AC E0 F9 A3 A3 E0 FB 24 01
A5C0H: F0 90 02 AD E0 FA 34 00 F0 7F 2B 12 44 41 90 02
A5D0H: AF E4 F0 A3 F0 90 02 AE E0 24 0A F0 90 02 AD E0
A5E0H: 34 00 F0 90 02 B0 E0 04 F0 70 06 90 02 AF E0 04
A5F0H: F0 90 02 B5 E0 FE A3 E0 FF 7B 0A 7A 00 12 3A E5
A600H: EF 24 30 FF 90 02 AC E0 F9 A3 A3 E0 FB 24 01 F0
A610H: 90 02 AD E0 FA 34 00 F0 12 44 41 7F 0A 7E 00 79
A620H: 01 7A 02 7B B5 90 3A BB 12 43 C9 90 02 B5 E0 FF
A630H: A3 E0 4F 70 AE C3 90 02 B0 E0 94 02 90 02 AF E0
A640H: 64 80 94 80 40 9D 90 02 AF E0 FE A3 E0 A3 CE F0
A650H: A3 EE F0 D3 90 02 B0 E0 94 00 90 02 AF E0 64 80
A660H: 94 80 40 6C 90 02 AC E0 FD A3 E0 FE A3 E0 FF A3
A670H: E0 FA A3 E0 FB EF C3 9B FF EE 9A FE FA ED F9 EF
A680H: FB EE CA 12 44 F3 90 02 B1 E0 FA A3 E0 FB 90 02
A690H: B0 E0 C3 9B FB 90 02 AF E0 9A CB 24 F5 CB 34 FF
A6A0H: CF C0 E0 EF FA 90 02 AC E0 FD A3 E0 FE A3 E0 FF
A6B0H: 74 01 12 46 21 F9 ED C9 FF D0 E0 CF 12 44 41 90
A6C0H: 02 B0 E0 14 F0 04 70 06 90 02 AF E0 14 F0 80 83
A6D0H: 90 02 AE E0 24 F6 F0 90 02 AD E0 34 FF F0 90 02
A6E0H: AC E0 FD A3 E0 FE A3 E0 FF 22 90 03 6D ED F0 A3
A6F0H: EE F0 A3 EF F0 90 02 CA E4 F0 A3 F0 90 03 6D E0
A700H: F9 A3 A3 E0 FB 24 01 F0 90 03 6E E0 FA 34 00 F0
A710H: 12 44 F3 90 02 C3 EF F0 64 25 60 73 90 02 C3 E0
A720H: 70 0B 90 02 CA E0 FE A3 E0 FF 02 2B 7E 90 03 70
A730H: E0 FD A3 E0 FE A3 E0 90 A7 7E C0 82 C0 83 F8 74
A740H: 02 C0 E0 E8 8E 83 F5 82 74 01 93 C0 E0 E4 93 C0
A750H: E0 ED C0 E0 74 03 93 C0 E0 74 02 93 C0 E0 90 03
A760H: 73 E0 FD A3 E0 FE A3 E0 D0 83 D0 82 A3 FF ED F0
A770H: A3 EE F0 A3 EF F0 90 02 C3 E0 FF 02 2B 7E 90 02
A780H: CB E0 04 F0 70 06 90 02 CA E0 04 F0 02 A6 FC 90
A790H: 03 6D E0 F9 A3 E0 FA A3 E0 FB 12 44 F3 64 25 70
A7A0H: 6D 90 03 6F E0 04 F0 70 06 90 03 6E E0 04 F0 90
A7B0H: 03 70 E0 FD A3 E0 FE A3 E0 90 A7 FD C0 82 C0 83
A7C0H: F8 74 02 C0 E0 E8 8E 83 F5 82 74 01 93 C0 E0 E4
A7D0H: 93 C0 E0 ED C0 E0 74 03 93 C0 E0 74 02 93 C0 E0
A7E0H: 90 03 73 E0 FD A3 E0 FE A3 E0 D0 83 D0 82 A3 FF
A7F0H: ED F0 A3 EE F0 A3 EF F0 7F 25 02 2B 7E 90 02 CB
A800H: E0 04 F0 70 06 90 02 CA E0 04 F0 02 A6 FC 90 02
A810H: E6 E4 F0 90 02 D0 F0 90 02 CD F0 90 02 CC F0 7D
A820H: 01 7E 02 74 E7 90 02 DD FF ED F0 A3 EE F0 A3 EF
A830H: F0 A3 CD F0 A3 EE F0 A3 ED F0 A3 74 02 F0 A3 74
A840H: 4E F0 A3 74 AA F0 90 03 6D E0 F9 A3 E0 FA A3 E0
A850H: FB 12 44 F3 12 41 AB A8 6A 20 A8 8F 23 A8 72 2B
A860H: A8 87 2D A8 97 30 00 00 A8 9F 90 02 CC E0 60 02
A870H: 80 2F 90 03 6D E0 F9 A3 E0 FA A3 E0 FB 12 44 F3
A880H: 90 02 CC EF F0 80 1A 90 02 CD E0 04 F0 80 12 90
A890H: 02 D0 E0 04 F0 80 0A 90 02 E6 E0 04 F0 80 02 80
A8A0H: 10 90 03 6F E0 04 F0 70 06 90 03 6E E0 04 F0 80
A8B0H: 95 90 03 6D E0 F9 A3 E0 FA A3 E0 FB 12 44 F3 64
A8C0H: 2A 70 4E 90 03 76 E0 F9 A3 E0 FA A3 E0 FB 90 00
A8D0H: 02 12 46 65 12 45 1A 90 02 C8 EE F0 A3 EF F0 90
A8E0H: 02 C8 E0 64 80 C3 94 80 50 17 90 02 C9 E0 FF E4
A8F0H: C3 9F F0 90 02 C8 E0 FE E4 9E F0 90 02 CD E0 04
A900H: F0 90 03 6F E0 04 F0 70 06 90 03 6E E0 04 F0 80
A910H: 6F 90 02 C8 E4 F0 A3 F0 90 03 6D E0 F9 A3 E0 FA
A920H: A3 E0 FB 12 44 F3 C3 94 30 40 55 90 03 6D E0 F9
A930H: A3 E0 FA A3 E0 FB 12 44 F3 C3 94 3A 50 42 90 03
A940H: 6D E0 F9 A3 A3 E0 FB 24 01 F0 90 03 6E E0 FA 34
A950H: 00 F0 12 44 F3 7E 00 74 D0 2F FF EE 34 FF FE 90
A960H: 02 C8 E0 FA A3 E0 75 F0 0A A4 CA AB F0 75 F0 0A
A970H: A4 2B CA 2F FF EE 3A 90 02 C8 F0 A3 EF F0 80 98
A980H: 90 03 6D E0 F9 A3 E0 FA A3 E0 FB 12 44 F3 64 2E
A990H: 60 03 02 AA 4D 90 03 6D E0 F9 A3 A3 E0 24 01 FB
A9A0H: F0 90 03 6E E0 34 00 F0 FA 12 44 F3 64 2A 70 2C
A9B0H: 90 03 76 E0 F9 A3 E0 FA A3 E0 FB 90 00 02 12 46
A9C0H: 65 12 45 1A 90 02 C4 EE F0 A3 EF F0 90 03 6F E0
A9D0H: 04 F0 70 06 90 03 6E E0 04 F0 80 6F 90 02 C4 E4
A9E0H: F0 A3 F0 90 03 6D E0 F9 A3 E0 FA A3 E0 FB 12 44
A9F0H: F3 C3 94 30 40 55 90 03 6D E0 F9 A3 E0 FA A3 E0
AA00H: FB 12 44 F3 C3 94 3A 50 42 90 03 6D E0 F9 A3 A3
AA10H: E0 FB 24 01 F0 90 03 6E E0 FA 34 00 F0 12 44 F3
AA20H: 7E 00 74 D0 2F FF EE 34 FF FE 90 02 C4 E0 FA A3
AA30H: E0 75 F0 0A A4 CA AB F0 75 F0 0A A4 2B CA 2F FF
AA40H: EE 3A 90 02 C4 F0 A3 EF F0 80 98 80 08 90 02 C4
AA50H: 74 FF F0 A3 F0 90 02 CF E4 F0 90 02 CE F0 90 03
AA60H: 6D E0 F9 A3 E0 FA A3 E0 FB 12 44 F3 64 4C 60 05
AA70H: EF 64 6C 70 16 90 02 CE E0 04 F0 90 03 6F E0 04
AA80H: F0 70 06 90 03 6E E0 04 F0 80 1B EF 64 68 70 16
AA90H: 90 02 CF E0 04 F0 90 03 6F E0 04 F0 70 06 90 03
AAA0H: 6E E0 04 F0 80 00 90 03 6D E0 F9 A3 A3 E0 FB 24
AAB0H: 01 F0 90 03 6E E0 FA 34 00 F0 12 44 F3 90 02 C3
AAC0H: EF F0 12 41 AB B0 63 00 AF 11 45 AE EB 47 AC 46
AAD0H: 58 AB 48 63 AC E8 64 AF 11 65 AF 0C 66 AE EB 67
AAE0H: AC E8 69 AA F9 6E AC 46 6F AC 46 70 AB 72 73 AC
AAF0H: 46 75 AC 38 78 00 00 B0 72 90 02 CE E0 60 27 90
AB00H: 02 CA E0 FE A3 E0 FF EE 33 95 E0 FD FC 90 03 76
AB10H: E0 F9 A3 E0 FA A3 E0 FB 90 00 03 12 46 65 12 45
AB20H: 4F 12 44 B7 80 1F 90 03 76 E0 F9 A3 E0 FA A3 E0
AB30H: FB 90 00 03 12 46 65 12 45 4F 90 02 CA E0 FE A3
AB40H: E0 FF 12 44 5E 02 A6 FC 90 03 76 E0 F9 A3 E0 FA
AB50H: A3 E0 FB 90 00 02 12 46 65 12 45 1A 90 02 E7 EF
AB60H: F0 90 02 E2 E0 04 F0 70 06 90 02 E1 E0 04 F0 02
AB70H: B0 9A 90 03 76 E0 F9 A3 E0 FA A3 E0 FB 90 00 03
AB80H: 12 46 65 12 45 90 90 02 DD ED F0 A3 EE F0 A3 EF
AB90H: F0 4D 4E 70 0E 90 02 DD 74 02 F0 A3 74 4E F0 A3
ABA0H: 74 BB F0 90 02 C4 E0 64 80 C3 94 80 50 0A 90 02
ABB0H: C4 74 27 F0 A3 74 10 F0 90 02 C6 E4 F0 A3 F0 90
ABC0H: 02 DD E0 F9 A3 A3 E0 FB 24 01 F0 90 02 DE E0 FA
ABD0H: 34 00 F0 12 44 F3 60 2A 90 02 C4 E0 FE A3 E0 FF
ABE0H: C3 A3 A3 E0 9F 90 02 C6 E0 64 80 CE 64 80 CE 9E
ABF0H: 50 10 90 02 C7 E0 04 F0 70 06 90 02 C6 E0 04 F0
AC00H: 80 BD 90 02 DD E0 FD A3 A3 E0 24 FF FF F0 90 02
AC10H: DE E0 34 FF F0 FE A3 A3 ED F0 A3 EE F0 A3 EF F0
AC20H: 90 02 C6 E0 FE A3 E0 FF C3 90 02 DF E0 9F F0 90
AC30H: 02 DE E0 9E F0 02 B0 9A 90 02 E3 74 02 F0 A3 74
AC40H: 4E F0 A3 74 CA F0 90 02 C3 E0 64 70 70 24 90 03
AC50H: 76 E0 F9 A3 E0 FA A3 E0 FB 90 00 03 12 46 65 12
AC60H: 45 90 E4 90 02 D1 F0 A3 ED F0 A3 EE F0 A3 EF F0
AC70H: 80 41 90 02 CE E0 60 16 90 03 76 E0 F9 A3 E0 FA
AC80H: A3 E0 FB 90 00 04 12 46 65 12 45 D5 80 17 90 03
AC90H: 76 E0 F9 A3 E0 FA A3 E0 FB 90 00 02 12 46 65 12
ACA0H: 45 1A E4 FD FC 90 02 D1 EC F0 A3 ED F0 A3 EE F0
ACB0H: A3 EF F0 90 02 C3 E0 64 6F 70 0A 7F 08 7E 00 7D
ACC0H: 00 7C 00 80 12 90 02 C3 E0 64 75 70 04 7F 0A 80
ACD0H: 02 7F 10 E4 FE FD FC 90 02 D5 EC F0 A3 ED F0 A3
ACE0H: EE F0 A3 EF F0 02 AD 6A 90 02 CE E0 60 16 90 03
ACF0H: 76 E0 F9 A3 E0 FA A3 E0 FB 90 00 04 12 46 65 12
AD00H: 45 D5 80 1A 90 03 76 E0 F9 A3 E0 FA A3 E0 FB 90
AD10H: 00 02 12 46 65 12 45 1A EE 33 95 E0 FD FC 90 02
AD20H: D1 EC F0 A3 ED F0 A3 EE F0 A3 EF F0 E4 FB FA F9
AD30H: F8 74 0A 12 3C 47 70 25 90 02 CC 74 2D F0 90 02
AD40H: D1 E0 FC A3 E0 FD A3 E0 FE A3 E0 FF 12 3C 29 90
AD50H: 02 D1 EC F0 A3 ED F0 A3 EE F0 A3 EF F0 90 02 D5
AD60H: E4 F0 A3 F0 A3 F0 A3 74 0A F0 7D 01 7E 03 74 6C
AD70H: 90 02 DD FF ED F0 A3 EE F0 A3 EF F0 A3 CD F0 A3
AD80H: EE F0 A3 ED F0 90 02 D1 E0 FC A3 E0 FD A3 E0 FE
AD90H: A3 E0 FF A3 E0 F8 A3 E0 F9 A3 E0 FA A3 E0 FB 12
ADA0H: 3B E0 90 02 E3 E0 F9 A3 E0 FA A3 E0 FB 74 01 12
ADB0H: 46 21 12 44 F3 90 02 DD E0 F9 A3 A3 E0 24 FF FB
ADC0H: F0 90 02 DE E0 34 FF F0 FA 12 44 41 90 02 D5 E0
ADD0H: FC A3 E0 FD A3 E0 FE A3 E0 FF 79 01 7A 02 7B D1
ADE0H: 90 3B 83 12 43 FF 70 9D 90 02 C4 E0 64 80 C3 94
ADF0H: 80 50 2A 90 02 E6 E0 60 24 90 02 CC E0 60 02 74
AE00H: 01 FF 7E 00 C3 E4 9F FF E4 9E FE 90 02 C9 E0 2F
AE10H: FF 90 02 C8 E0 3E 90 02 C4 F0 A3 EF F0 90 02 E0
AE20H: E0 FD A3 E0 FE A3 E0 FF 90 02 DD E0 F9 A3 E0 FA
AE30H: A3 E0 FB EF C3 9B FF EE 9A FE D3 90 02 C5 E0 9F
AE40H: 90 02 C4 E0 64 80 CE 64 80 CE 9E 40 1B 90 02 DD
AE50H: E0 F9 A3 A3 E0 24 FF FB F0 90 02 DE E0 34 FF F0
AE60H: FA 7F 30 12 44 41 80 B5 90 02 D0 E0 70 03 02 AE
AE70H: E8 90 02 DD E0 F9 A3 E0 FA A3 E0 FB 12 44 F3 64
AE80H: 30 60 65 90 02 C3 E0 64 78 60 05 E0 64 58 70 37
AE90H: 90 02 DD E0 F9 A3 A3 E0 24 FF FB F0 90 02 DE E0
AEA0H: 34 FF F0 FA 90 02 C3 E0 FF 12 44 41 90 02 DD E0
AEB0H: F9 A3 A3 E0 24 FF FB F0 90 02 DE E0 34 FF F0 FA
AEC0H: 7F 30 12 44 41 80 21 90 02 C3 E0 64 6F 70 19 90
AED0H: 02 DD E0 F9 A3 A3 E0 24 FF FB F0 90 02 DE E0 34
AEE0H: FF F0 FA 7F 30 12 44 41 02 B0 9A 90 02 C6 E4 F0
AEF0H: A3 04 F0 90 02 C3 E0 24 FE F0 A3 E0 FF A3 E0 4F
AF00H: 70 08 90 02 C4 E4 F0 A3 04 F0 80 0C 90 02 C3 E4
AF10H: F0 90 02 C6 E4 F0 A3 F0 90 02 C4 E0 64 80 C3 94
AF20H: 80 50 09 90 02 C4 E4 F0 A3 74 06 F0 90 03 76 E0
AF30H: F9 A3 E0 FA A3 E0 FB 90 00 04 12 46 65 12 45 D5
AF40H: 90 02 D9 EC F0 A3 ED F0 A3 EE F0 A3 EF F0 E4 FB
AF50H: FA F9 F8 74 0B 12 41 08 70 2A 90 02 CC 74 2D F0
AF60H: 90 02 D9 E0 FC A3 E0 FD A3 E0 FE A3 E0 FF EC 4D
AF70H: 60 04 CC 64 80 CC 90 02 D9 EC F0 A3 ED F0 A3 EE
AF80H: F0 A3 EF F0 90 02 C4 E0 FE A3 E0 90 02 BB CE F0
AF90H: A3 EE F0 90 02 C8 E0 FE A3 E0 FF 90 02 DD E0 FD
AFA0H: A3 A3 E0 2F FF F0 90 02 DE E0 3E F0 FE 90 02 BD
AFB0H: ED F0 A3 EE F0 A3 EF F0 90 02 C3 E0 90 02 C0 F0
AFC0H: 90 02 C7 E0 90 02 C1 F0 90 02 D0 E0 90 02 C2 F0
AFD0H: 90 02 D9 E0 FC A3 E0 FD A3 E0 FE A3 E0 FF 12 9F
AFE0H: 4F 90 02 E0 ED F0 A3 EE F0 A3 EF F0 90 02 E6 E0
AFF0H: 60 6F 90 02 CC E0 60 02 74 01 FF 7E 00 C3 E4 9F
B000H: FF E4 9E FE 90 02 C9 E0 2F FF 90 02 C8 E0 3E 90
B010H: 02 C4 F0 A3 EF F0 90 02 E0 E0 FD A3 E0 FE A3 E0
B020H: FF 90 02 DD E0 F9 A3 E0 FA A3 E0 FB EF C3 9B FF
B030H: EE 9A FE D3 90 02 C5 E0 9F 90 02 C4 E0 64 80 CE
B040H: 64 80 CE 9E 40 1B 90 02 DD E0 F9 A3 A3 E0 24 FF
B050H: FB F0 90 02 DE E0 34 FF F0 FA 7F 30 12 44 41 80
B060H: B5 80 37 90 03 6F E0 14 F0 04 70 06 90 03 6E E0
B070H: 14 F0 7D 02 7E 4E 74 DB 90 02 DD FF ED F0 A3 EE
B080H: F0 A3 EF F0 A3 CD F0 A3 EE F0 A3 ED F0 E0 24 03
B090H: F0 90 02 E1 E0 34 00 F0 80 00 90 02 E0 E0 FD A3
B0A0H: E0 FE A3 E0 FF 90 02 DD E0 F9 A3 E0 FA A3 E0 FB
B0B0H: EF C3 9B FF EE 9A 90 02 C4 F0 A3 FE EF F0 EE C3
B0C0H: 90 02 C9 E0 9F 90 02 C8 E0 64 80 CE 64 80 CE 9E
B0D0H: 50 09 90 02 C6 E4 F0 A3 F0 80 31 90 02 CC E0 60
B0E0H: 02 74 01 FF 7E 00 C3 E4 9F FF E4 9E FE 90 02 C9
B0F0H: E0 2F FF 90 02 C8 E0 3E FE 90 02 C4 E0 FA A3 E0
B100H: FB EF C3 9B FF EE 9A A3 F0 A3 EF F0 90 02 CD E0
B110H: 70 74 90 02 C7 E0 24 FF FF F0 90 02 C6 E0 34 FF
B120H: F0 64 80 C3 94 80 40 5E 90 03 70 E0 FD A3 E0 FE
B130H: A3 E0 90 B1 76 C0 82 C0 83 F8 74 02 C0 E0 E8 8E
B140H: 83 F5 82 74 01 93 C0 E0 E4 93 C0 E0 ED C0 E0 74
B150H: 03 93 C0 E0 74 02 93 C0 E0 90 03 73 E0 FD A3 E0
B160H: FE A3 E0 D0 83 D0 82 A3 FF ED F0 A3 EE F0 A3 EF
B170H: F0 7F 20 02 2B 7E 90 02 CB E0 04 F0 70 06 90 02
B180H: CA E0 04 F0 80 8C 90 02 CC E0 60 5F 90 03 70 E0
B190H: FD A3 E0 FE A3 E0 90 B1 DD C0 82 C0 83 F8 74 02
B1A0H: C0 E0 E8 8E 83 F5 82 74 01 93 C0 E0 E4 93 C0 E0
B1B0H: ED C0 E0 74 03 93 C0 E0 74 02 93 C0 E0 90 03 73
B1C0H: E0 FD A3 E0 FE A3 E0 D0 83 D0 82 A3 FF ED F0 A3
B1D0H: EE F0 A3 EF F0 90 02 CC E0 FF 02 2B 7E 90 02 CB
B1E0H: E0 04 F0 70 06 90 02 CA E0 04 F0 90 02 C5 E0 24
B1F0H: FF FF F0 90 02 C4 E0 34 FF F0 64 80 C3 94 80 40
B200H: 74 90 03 70 E0 FD A3 E0 FE A3 E0 90 B2 64 C0 82
B210H: C0 83 F8 74 02 C0 E0 E8 8E 83 F5 82 74 01 93 C0
B220H: E0 E4 93 C0 E0 ED C0 E0 74 03 93 C0 E0 74 02 93
B230H: C0 E0 90 03 73 E0 FD A3 E0 FE A3 E0 D0 83 D0 82
B240H: A3 FF ED F0 A3 EE F0 A3 EF F0 90 02 DD E0 F9 A3
B250H: A3 E0 FB 24 01 F0 90 02 DE E0 FA 34 00 F0 12 44
B260H: F3 02 2B 7E 90 02 CB E0 04 F0 70 06 90 02 CA E0
B270H: 04 F0 02 B1 EB 90 02 CD E0 60 74 90 02 C7 E0 24
B280H: FF FF F0 90 02 C6 E0 34 FF F0 64 80 C3 94 80 40
B290H: 5E 90 03 70 E0 FD A3 E0 FE A3 E0 90 B2 DF C0 82
B2A0H: C0 83 F8 74 02 C0 E0 E8 8E 83 F5 82 74 01 93 C0
B2B0H: E0 E4 93 C0 E0 ED C0 E0 74 03 93 C0 E0 74 02 93
B2C0H: C0 E0 90 03 73 E0 FD A3 E0 FE A3 E0 D0 83 D0 82
B2D0H: A3 FF ED F0 A3 EE F0 A3 EF F0 7F 20 02 2B 7E 90
B2E0H: 02 CB E0 04 F0 70 06 90 02 CA E0 04 F0 80 8C 02
B2F0H: A6 FC 90 00 55 EF F0 70 02 D3 22 7F 0C 74 02 90
B300H: F2 57 12 2B 58 40 08 90 21 4C E0 64 02 60 14 7F
B310H: 0D 74 02 90 F2 57 12 2B 58 40 2B 90 21 4C E0 64
B320H: 03 70 23 90 00 55 E0 64 09 70 17 90 00 22 74 03
B330H: F0 90 00 55 E0 FF 7E 00 74 04 90 93 32 12 2B 58
B340H: 80 02 D2 4A C3 22 90 21 4C E0 64 02 70 5A 90 00
B350H: 53 E4 F0 A3 F0 C3 90 00 54 E0 94 07 90 00 53 E0
B360H: 64 80 94 80 50 40 90 00 54 E0 C3 33 24 71 F5 82
B370H: E4 34 52 F5 83 E4 93 FF 90 00 55 E0 6F 70 1B 90
B380H: 00 54 E0 C3 33 24 72 F5 82 E4 34 52 F5 83 E4 93
B390H: 90 00 55 F0 70 02 D3 22 80 0C 79 01 7A 00 7B 53
B3A0H: D3 12 46 3C 80 AF 80 60 90 21 4C E0 64 03 70 58
B3B0H: 90 00 53 E4 F0 A3 F0 C3 90 00 54 E0 94 04 90 00
B3C0H: 53 E0 64 80 94 80 50 40 90 00 54 E0 C3 33 24 7F
B3D0H: F5 82 E4 34 52 F5 83 E4 93 FF 90 00 55 E0 6F 70
B3E0H: 1B 90 00 54 E0 C3 33 24 80 F5 82 E4 34 52 F5 83
B3F0H: E4 93 90 00 55 F0 70 02 D3 22 80 0C 79 01 7A 00
B400H: 7B 53 D3 12 46 3C 80 AF 90 00 22 74 03 F0 90 00
B410H: 55 E0 FF 7E 00 74 04 90 93 32 12 2B 58 C3 22 75
B420H: 52 04 75 53 00 75 54 00 75 55 00 75 56 00 75 57
B430H: 00 C2 44 90 11 66 74 03 F0 A3 74 2E F0 C2 45 75
B440H: C8 34 75 CB FF 75 CA CC D2 CA 75 98 70 D2 AC D3
B450H: 02 2B 7E 7D 01 7E 12 7F DE 90 0D 57 12 44 9C E4
B460H: FF FE FD 90 0E 5A 12 44 9C C2 6B 74 01 90 D4 5D
B470H: 12 2B 58 90 0E 5D EF F0 00 7D 01 7E 11 7F 68 74
B480H: 02 90 BE 5A 12 2B 58 40 04 C3 02 2B 7E 7D 01 7E
B490H: 11 7F 68 74 05 90 A2 92 12 2B 58 90 0D 55 EF F0
B4A0H: 30 48 36 74 01 90 D4 5D 12 2B 58 EF 14 60 1A 74
B4B0H: 01 90 D4 5D 12 2B 58 EF 64 04 60 0D 74 01 90 D4
B4C0H: 5D 12 2B 58 EF 64 07 70 10 90 0D 55 E0 64 09 70
B4D0H: 06 E5 53 60 02 80 A1 80 04 80 02 80 9B 90 00 55
B4E0H: E4 F0 A3 74 3D F0 7D 01 7E 11 7F 68 74 05 90 B2
B4F0H: D0 12 2B 58 90 0E 5A 12 44 9C 70 04 C3 02 2B 7E
B500H: 79 01 7A 0E 7B 5A 90 00 01 12 47 0F 90 0D 55 E0
B510H: 04 70 28 90 0E 5A 12 45 A6 74 05 90 A2 92 12 2B
B520H: 58 90 0D 56 EF F0 30 48 02 D2 4A 90 0D 56 E0 FF
B530H: 12 B2 F2 50 02 D2 4A C3 02 2B 7E 90 1E 23 E0 70
B540H: 03 02 B6 E3 90 0E 5A 12 45 A6 90 0E 66 12 44 9C
B550H: 90 0E 66 12 45 64 12 44 F3 64 2E 60 0E 79 01 7A
B560H: 0E 7B 66 90 00 01 12 47 0F 80 E5 90 0E 5A 12 45
B570H: 64 12 44 F3 7E 00 74 D0 2F FF EE 34 FF FE 33 95
B580H: E0 FD FC 90 0E 5E 12 44 D2 79 01 7A 0E 7B 5A 90
B590H: 00 01 12 47 0F 90 0E 66 E0 FD A3 E0 FE A3 E0 FF
B5A0H: 90 0E 5C E0 6F 70 0E 90 0E 5B E0 6E 70 07 90 0E
B5B0H: 5A E0 6D 60 46 7F 0A 7E 00 7D 00 7C 00 79 01 7A
B5C0H: 0E 7B 5E 90 3B 1F 12 43 FF 90 0E 5A 12 45 64 12
B5D0H: 44 F3 7E 00 74 D0 2F FF EE 34 FF FE 33 95 E0 FD
B5E0H: FC 79 01 7A 0E 7B 5E 90 3C 72 12 43 FF 79 01 7A
B5F0H: 0E 7B 5A 90 00 01 12 47 0F 80 9A 79 01 7A 0E 7B
B600H: 66 90 00 01 12 47 0F 90 0E 66 12 45 64 12 44 F3
B610H: 7E 00 74 D0 2F FF EE 34 FF FE 33 95 E0 FD FC 90
B620H: 0E 62 12 44 D2 79 01 7A 0E 7B 66 90 00 01 12 47
B630H: 0F 90 0E 66 12 45 64 12 44 F3 60 46 7F 0A 7E 00
B640H: 7D 00 7C 00 79 01 7A 0E 7B 62 90 3B 1F 12 43 FF
B650H: 90 0E 66 12 45 64 12 44 F3 7E 00 74 D0 2F FF EE
B660H: 34 FF FE 33 95 E0 FD FC 79 01 7A 0E 7B 62 90 3C
B670H: 72 12 43 FF 79 01 7A 0E 7B 66 90 00 01 12 47 0F
B680H: 80 AF 90 21 4C E0 64 03 70 14 7F 0A 7E 00 7D 00
B690H: 7C 00 79 01 7A 0E 7B 62 90 3B 1F 12 43 FF 90 0E
B6A0H: 5E E0 FF A3 E0 4F FF A3 E0 4F FF A3 E0 4F 70 18
B6B0H: A3 E0 FF A3 E0 4F FF A3 E0 4F FF A3 E0 4F 70 08
B6C0H: 90 1E 61 74 01 F0 80 18 90 0E 5E 12 45 F0 90 1E
B6D0H: 49 12 44 D2 90 0E 62 12 45 F0 90 1E 4D 12 44 D2
B6E0H: 02 B9 48 90 0D 55 E0 90 03 AC F0 A3 74 01 F0 A3
B6F0H: 74 0E F0 A3 74 5E F0 7F 03 74 05 90 9C B9 12 2B
B700H: 58 50 46 90 0E 5E E0 90 00 9C F0 7F 06 74 05 90
B710H: B2 23 12 2B 58 90 03 D5 12 44 9C 90 0E 5E E0 90
B720H: 03 D1 F0 90 0E 5A 12 45 A6 90 03 D2 12 44 9C 7F
B730H: 06 74 04 90 FA 91 12 2B 58 40 04 C3 02 2B 7E 90
B740H: 0E 5E E0 64 09 70 02 D2 46 7D 02 7E 48 7F 4E 90
B750H: 03 81 12 44 9C 7D 01 7E 0D 7F 5A 74 05 90 AD D7
B760H: 12 2B 58 90 21 4C E0 64 03 70 36 7D 02 7E 48 7F
B770H: 4F 90 03 81 12 44 9C 90 0D 55 E0 FF E4 90 03 84
B780H: F0 A3 EF F0 90 0E 5A 12 45 A6 90 03 86 12 44 9C
B790H: 7D 01 7E 0D 7F 5A 74 05 90 AD D7 12 2B 58 02 B8
B7A0H: BE 90 21 4C E0 64 02 60 03 02 B8 BE 90 0D 55 E0
B7B0H: 64 5B 70 5F 7F 0C 74 02 90 F2 57 12 2B 58 40 06
B7C0H: D2 4A D3 02 2B 7E 90 0E 5A 12 45 A6 74 04 90 EC
B7D0H: 73 12 2B 58 90 11 44 12 44 D2 7D 02 7E 48 7F 57
B7E0H: 90 03 81 12 44 9C 90 0D 55 E0 FF E4 90 03 84 F0
B7F0H: A3 EF F0 90 0E 5A 12 45 A6 90 03 86 12 44 9C 7D
B800H: 01 7E 11 7F B8 74 05 90 AD D7 12 2B 58 D2 4A C3
B810H: 02 2B 7E 90 0D 55 E0 64 5A 60 05 E0 64 09 70 6B
B820H: 90 0E 5D E0 60 0A E0 64 02 60 05 E0 64 05 70 5B
B830H: 7F 0C 74 02 90 F2 57 12 2B 58 40 0E 90 0D 55 E0
B840H: 64 5A 70 06 D2 4A D3 02 2B 7E 7D 02 7E 48 7F 60
B850H: 90 03 81 12 44 9C A3 74 01 F0 A3 74 11 F0 A3 74
B860H: B8 F0 90 0D 55 E0 FF E4 90 03 87 F0 A3 EF F0 90
B870H: 0E 5A 12 45 A6 90 03 89 12 44 9C 7D 01 7E 0D 7F
B880H: 5A 74 05 90 AD D7 12 2B 58 80 33 7D 02 7E 48 7F
B890H: 4F 90 03 81 12 44 9C 90 0D 55 E0 FF E4 90 03 84
B8A0H: F0 A3 EF F0 90 0E 5A 12 45 A6 90 03 86 12 44 9C
B8B0H: 7D 01 7E 0D 7F 5A 74 05 90 AD D7 12 2B 58 7D 01
B8C0H: 7E 0D 7F 5A 74 05 90 B2 7C 12 2B 58 90 0D 57 12
B8D0H: 45 64 74 01 12 46 21 8A 06 8B 07 89 05 79 01 7A
B8E0H: 13 7B DE D3 EF 9B EE 9A 40 28 90 00 22 74 03 F0
B8F0H: 7F 23 7E 00 74 04 90 93 32 12 2B 58 90 00 22 74
B900H: 01 F0 7F DA 7E 00 74 04 90 93 32 12 2B 58 C3 02
B910H: 2B 7E 79 01 7A 0D 7B 5A 90 0D 57 12 45 A6 12 42
B920H: 8F 90 00 55 E4 F0 A3 F0 90 0D 57 12 45 A6 74 05
B930H: 90 B2 D0 12 2B 58 90 0D 57 12 44 9C 7F 03 74 04
B940H: 90 8D 58 12 2B 58 92 6B 30 48 02 D2 4A D3 02 2B
B950H: 7E 90 0E 7B EF F0 A3 12 45 A6 90 0D 6B 12 44 9C
B960H: A3 74 01 F0 A3 74 0D F0 A3 74 76 F0 A3 74 01 F0
B970H: A3 74 0D F0 A3 74 74 F0 90 0E 7B E0 FF 74 03 90
B980H: D3 D8 12 2B 58 40 04 C3 02 2B 7E 90 0E 7C 12 45
B990H: 64 12 44 F3 12 41 AB BC 34 4C BC 56 4F B9 A7 52
B9A0H: BB 6B 57 00 00 BC 78 90 0D 75 E0 90 00 97 F0 90
B9B0H: 0E 7B E0 FF 74 05 90 B3 A4 12 2B 58 EF 64 0D 60
B9C0H: 03 02 BA 53 7D 02 7E 48 7F 6A 90 03 81 12 44 9C
B9D0H: 90 0E 7B E0 24 91 F5 82 E4 34 52 F5 83 E4 93 FF
B9E0H: E4 90 03 84 F0 A3 EF F0 90 0D 74 E0 FE A3 E0 90
B9F0H: 03 86 CE F0 A3 EE F0 7D 01 7E 12 7F DE 74 05 90
BA00H: AD D7 12 2B 58 90 00 55 E4 F0 A3 74 3D F0 7D 01
BA10H: 7E 12 7F DE 74 05 90 B2 D0 12 2B 58 7B 01 7A 00
BA20H: 74 01 12 46 21 8A 06 8B 07 90 0D 76 12 44 9C 90
BA30H: 0D 75 E0 90 05 54 F0 90 0D 76 12 45 A6 90 05 55
BA40H: 12 44 9C 90 0E 7B E0 FF 74 05 90 A4 95 12 2B 58
BA50H: 02 2B 7E 90 0D 75 E0 90 00 97 F0 90 0E 7B E0 FF
BA60H: 74 05 90 B4 48 12 2B 58 E4 FE 53 07 30 EF 64 10
BA70H: 4E 70 6D 7D 01 7E 0D 7F 79 90 05 87 12 44 9C 90
BA80H: 0D 75 E0 FF 74 02 90 C0 10 12 2B 58 40 04 C3 02
BA90H: 2B 7E 7D 02 7E 48 7F 71 90 03 81 12 44 9C 90 0E
BAA0H: 7B E0 24 91 F5 82 E4 34 52 F5 83 E4 93 FF E4 90
BAB0H: 03 84 F0 A3 EF F0 90 0D 75 E0 FF E4 90 03 86 F0
BAC0H: A3 EF F0 A3 74 01 F0 A3 74 0D F0 A3 74 79 F0 7D
BAD0H: 01 7E 12 7F DE 74 05 90 AD D7 12 2B 58 02 BB 66
BAE0H: 7D 02 7E 48 7F 6A 90 03 81 12 44 9C 90 0E 7B E0
BAF0H: 24 91 F5 82 E4 34 52 F5 83 E4 93 FF E4 90 03 84
BB00H: F0 A3 EF F0 90 0D 75 E0 FF E4 90 03 86 F0 A3 EF
BB10H: F0 7D 01 7E 12 7F DE 74 05 90 AD D7 12 2B 58 90
BB20H: 00 55 E4 F0 A3 74 3D F0 7D 01 7E 12 7F DE 74 05
BB30H: 90 B2 D0 12 2B 58 7B 01 7A 00 74 01 12 46 21 8A
BB40H: 06 8B 07 90 05 55 12 44 9C 90 0D 75 E0 90 05 54
BB50H: F0 90 0E 7B E0 FF 74 05 90 A4 95 12 2B 58 40 04
BB60H: C3 02 2B 7E C2 6B 80 00 02 BC 90 90 0D 75 E0 64
BB70H: FA 70 04 90 0D 74 E0 70 17 90 0D 76 12 45 A6 74
BB80H: 02 90 BD D1 12 2B 58 40 04 C3 02 2B 7E 02 BC 90
BB90H: 90 0D 75 E0 90 00 97 F0 90 0E 7B E0 FF 74 05 90
BBA0H: B4 48 12 2B 58 90 0E 79 EE F0 A3 EF F0 E4 FE 53
BBB0H: 07 0F EE 70 29 EF 64 0D 70 24 90 0D 75 E0 90 05
BBC0H: 88 F0 90 0D 76 12 45 A6 90 05 89 12 44 9C 90 0E
BBD0H: 7B E0 FF 74 05 90 9F 33 12 2B 58 02 2B 7E 90 0D
BBE0H: 76 12 45 A6 90 05 82 12 44 9C 90 0D 75 E0 FF 74
BBF0H: 02 90 BD FA 12 2B 58 40 04 C3 02 2B 7E 80 00 E4
BC00H: 90 0E 7A FE E0 54 30 64 10 4E 60 21 90 0D 75 E0
BC10H: 90 05 88 F0 90 0D 76 12 45 A6 90 05 89 12 44 9C
BC20H: 90 0E 7B E0 FF 74 05 90 9F 33 12 2B 58 90 12 DE
BC30H: E4 F0 80 5C 90 0D 75 E0 90 0D 59 F0 90 0E 7B E0
BC40H: FF 74 04 90 F5 20 12 2B 58 40 04 C3 02 2B 7E 90
BC50H: 12 DE E4 F0 80 3A 90 0D 75 E0 90 0D 5B F0 90 0E
BC60H: 7B E0 FF 74 05 90 9B 78 12 2B 58 40 04 C3 02 2B
BC70H: 7E 90 12 DE E4 F0 80 18 90 0E 7B E0 90 00 22 F0
BC80H: 7F 1E 7E 00 74 04 90 93 32 12 2B 58 C3 02 2B 7E
BC90H: D3 02 2B 7E 90 00 56 12 44 9C 90 00 52 12 44 9C
BCA0H: 90 00 56 12 45 A6 74 05 90 B2 7C 12 2B 58 90 00
BCB0H: 55 EF F0 C3 94 50 40 04 C3 02 2B 7E 90 00 55 E0
BCC0H: 60 2C 90 00 52 12 45 64 12 44 F3 E5 55 24 00 F5
BCD0H: 82 E4 34 0F F5 83 EF F0 79 01 7A 00 7B 52 90 00
BCE0H: 01 12 47 0F 05 55 90 00 55 E0 14 F0 80 CE E5 55
BCF0H: 24 00 F5 82 E4 34 0F F5 83 E5 52 F0 05 55 20 44
BD00H: 04 D2 44 D2 99 D3 02 2B 7E E4 FF FE FD 90 00 59
BD10H: 12 44 9C 90 11 66 E0 FE A3 E0 90 00 28 CE F0 A3
BD20H: EE F0 7F 05 12 31 E4 30 13 03 02 BD A5 E5 53 60
BD30H: 72 7D 01 7E 11 7F 68 74 02 90 BE 5A 12 2B 58 40
BD40H: 02 C3 22 7D 01 7E 11 7F 68 74 05 90 A2 92 12 2B
BD50H: 58 90 00 57 EF F0 90 00 55 E4 F0 A3 74 3D F0 7D
BD60H: 01 7E 11 7F 68 74 05 90 B2 D0 12 2B 58 90 00 59
BD70H: 12 44 9C 70 02 C3 22 79 01 7A 00 7B 59 90 00 01
BD80H: 12 47 0F 90 00 57 E0 04 70 19 90 00 59 12 45 A6
BD90H: 74 05 90 A2 92 12 2B 58 90 00 58 EF F0 E0 FF 12
BDA0H: B2 F2 22 80 82 90 00 22 74 03 F0 7F 17 7E 00 74
BDB0H: 04 90 93 32 12 2B 58 C3 22 E5 55 24 00 F5 82 E4
BDC0H: 34 0F F5 83 EF F0 05 55 20 44 04 D2 44 D2 99 D3
BDD0H: 22 8F 03 8E 02 8D 01 7D 01 7E 11 7F 68 12 42 8F
BDE0H: 7D 01 7E 11 7F 68 74 02 90 BC 94 12 2B 58 40 04
BDF0H: C3 02 2B 7E 12 BD 09 02 2B 7E 90 05 81 EF F0 7D
BE00H: 02 7E 48 7F 7A 90 03 81 12 44 9C 90 05 81 E0 FF
BE10H: E4 90 03 84 F0 A3 EF F0 7D 01 7E 11 7F 68 74 05
BE20H: 90 AD D7 12 2B 58 90 05 82 12 45 A6 90 03 B0 12
BE30H: 44 9C 7D 01 7E 11 7F 68 74 05 90 AE CC 12 2B 58
BE40H: 7D 01 7E 11 7F 68 74 02 90 BC 94 12 2B 58 40 04
BE50H: C3 02 2B 7E 12 BD 09 02 2B 7E 90 00 53 12 44 9C
BE60H: 90 00 52 E4 F0 E5 53 70 04 C3 02 2B 7E E5 56 24
BE70H: 00 F5 82 E4 34 10 F5 83 E0 65 52 60 3D 90 00 52
BE80H: E0 C3 94 50 40 04 C3 02 2B 7E E5 56 24 00 F5 82
BE90H: E4 34 10 F5 83 E0 FF 90 00 52 E0 FB 7A 00 C0 07
BEA0H: A3 12 45 A6 74 01 12 46 21 8D 01 D0 07 12 44 41
BEB0H: 90 00 52 E0 04 F0 05 56 80 B3 90 00 52 E0 FF 7E
BEC0H: 00 A3 12 45 64 74 01 12 46 21 7F 00 12 44 41 05
BED0H: 56 15 53 D3 02 2B 7E 90 00 D5 12 44 9C 90 00 D4
BEE0H: E4 F0 E5 56 65 57 70 02 C3 22 E5 56 24 00 F5 82
BEF0H: E4 34 10 F5 83 E0 FF 90 00 D5 12 45 64 12 44 41
BF00H: 05 56 D3 22 90 05 86 EF F0 E4 FF FE FD 90 05 83
BF10H: 12 44 9C 7D 02 7E 48 7F 7F 90 03 81 12 44 9C 90
BF20H: 05 86 E0 FF E4 90 03 84 F0 A3 EF F0 7D 01 7E 11
BF30H: 7F 68 74 05 90 AD D7 12 2B 58 7D 01 7E 11 7F 68
BF40H: 74 02 90 BC 94 12 2B 58 40 04 C3 02 2B 7E 90 11
BF50H: 66 E0 FE A3 E0 90 00 28 CE F0 A3 EE F0 7F 05 12
BF60H: 31 E4 E5 53 70 05 20 13 02 80 F7 30 13 16 90 00
BF70H: 22 74 03 F0 7F 17 7E 00 74 04 90 93 32 12 2B 58
BF80H: C3 02 2B 7E 7D 01 7E 11 7F 68 74 02 90 BE 5A 12
BF90H: 2B 58 40 04 C3 02 2B 7E 7D 01 7E 11 7F 68 74 05
BFA0H: 90 A2 92 12 2B 58 90 05 81 EF F0 90 00 55 E4 F0
BFB0H: A3 74 3D F0 7D 01 7E 11 7F 68 74 05 90 B2 D0 12
BFC0H: 2B 58 90 05 83 12 44 9C 70 04 C3 02 2B 7E 79 01
BFD0H: 7A 05 7B 83 90 00 01 12 47 0F 90 05 81 E0 04 70
BFE0H: 1B 90 05 83 12 45 A6 74 05 90 A2 92 12 2B 58 90
BFF0H: 05 82 EF F0 E0 FF 12 B2 F2 02 2B 7E 90 05 81 E0
C000H: FF 90 05 86 E0 6F 60 04 C3 02 2B 7E D3 02 2B 7E
C010H: 90 05 86 EF F0 E4 FF FE FD 90 05 83 12 44 9C 7D
C020H: 02 7E 48 7F 7F 90 03 81 12 44 9C 90 05 86 E0 FF
C030H: E4 90 03 84 F0 A3 EF F0 7D 01 7E 11 7F 68 74 05
C040H: 90 AD D7 12 2B 58 7D 01 7E 11 7F 68 74 02 90 BC
C050H: 94 12 2B 58 40 04 C3 02 2B 7E 90 11 66 E0 FE A3
C060H: E0 90 00 28 CE F0 A3 EE F0 7F 05 12 31 E4 E5 53
C070H: 70 05 20 13 02 80 F7 30 13 16 90 00 22 74 03 F0
C080H: 7F 17 7E 00 74 04 90 93 32 12 2B 58 C3 02 2B 7E
C090H: 7D 01 7E 11 7F 68 74 02 90 BE 5A 12 2B 58 40 04
C0A0H: C3 02 2B 7E 7D 01 7E 11 7F 68 74 05 90 A2 92 12
C0B0H: 2B 58 90 05 81 EF F0 90 00 55 E4 F0 A3 74 3D F0
C0C0H: 7D 01 7E 11 7F 68 74 05 90 B2 D0 12 2B 58 90 05
C0D0H: 83 12 44 9C 70 04 C3 02 2B 7E 79 01 7A 05 7B 83
C0E0H: 90 00 01 12 47 0F 90 05 81 E0 04 70 1B 90 05 83
C0F0H: 12 45 A6 74 05 90 A2 92 12 2B 58 90 05 82 EF F0
C100H: E0 FF 12 B2 F2 02 2B 7E 90 05 81 E0 FF 90 05 86
C110H: E0 6F 60 04 C3 02 2B 7E 90 05 83 12 45 64 90 05
C120H: 87 12 45 A6 12 42 8F D3 02 2B 7E 92 24 74 02 90
C130H: B4 1F 12 2B 58 A2 24 92 45 D3 02 2B 7E 90 00 DD
C140H: 7B 05 78 52 79 87 AE 83 AF 82 88 83 89 82 E4 93
C150H: A3 A8 83 A9 82 8E 83 8F 82 F0 A3 DB E9 90 00 D9
C160H: E4 F0 A3 F0 00 78 7D E6 70 03 02 C3 A4 7D 01 7E
C170H: 00 7F D8 90 00 B3 12 44 9C 7F 00 74 03 90 9A 2D
C180H: 12 2B 58 40 03 02 C3 A4 D3 90 00 DA E0 94 00 90
C190H: 00 D9 E0 64 80 94 80 50 03 02 C3 57 90 00 D8 E0
C1A0H: 24 14 F5 82 E4 34 67 F5 83 E4 93 54 02 60 09 90
C1B0H: 00 D8 E0 54 5F FF 80 05 90 00 D8 E0 FF 90 00 DA
C1C0H: E0 24 DD F5 82 E4 34 00 F5 83 E0 6F 60 03 02 C3
C1D0H: 08 90 00 D8 E0 FF A3 A3 E0 24 E2 F5 82 E4 34 00
C1E0H: F5 83 EF F0 79 01 7A 00 7B D9 D3 12 46 3C D3 90
C1F0H: 00 DA E0 94 03 90 00 D9 E0 64 80 94 80 50 03 02
C200H: C3 06 78 7D E6 70 02 80 F9 7D 01 7E 00 7F D8 90
C210H: 00 B3 12 44 9C 7F 00 74 03 90 9A 2D 12 2B 58 90
C220H: 00 D8 E0 FF A3 A3 E0 24 E2 F5 82 E4 34 00 F5 83
C230H: EF F0 79 01 7A 00 7B D9 D3 12 46 3C 90 00 D8 E0
C240H: FF 90 1E D6 E0 6F 60 19 90 00 D8 E0 64 04 60 11
C250H: E0 FF 90 1E D8 E0 6F 60 08 90 00 D8 E0 64 0D 70
C260H: 60 7F 10 7E 00 74 04 90 AE 88 12 2B 58 78 7D E6
C270H: 70 03 02 2B 7E 90 00 D8 E0 64 0D 70 44 78 7D E6
C280H: 14 70 3E 7D 01 7E 00 7F D8 90 00 B3 12 44 9C 7F
C290H: 00 74 03 90 9A 2D 12 2B 58 90 00 D8 E0 FF A3 A3
C2A0H: E0 24 E2 F5 82 E4 34 00 F5 83 EF F0 79 01 7A 00
C2B0H: 7B D9 D3 12 46 3C 90 00 D8 E0 64 0A 70 03 02 2B
C2C0H: 7E 90 00 DB E4 F0 A3 F0 90 00 D9 E0 FE A3 E0 FF
C2D0H: C3 A3 A3 E0 9F 90 00 DB E0 64 80 63 06 80 9E 50
C2E0H: 1E 90 00 DC E0 24 E2 F5 82 E4 34 00 F5 83 E0 FF
C2F0H: 12 BD B9 79 01 7A 00 7B DB D3 12 46 3C 80 C9 90
C300H: 00 D9 E4 F0 A3 F0 80 4D 90 00 DB E4 F0 A3 F0 90
C310H: 00 D9 E0 FE A3 E0 FF C3 A3 A3 E0 9F 90 00 DB E0
C320H: 64 80 63 06 80 9E 50 1E 90 00 DC E0 24 E2 F5 82
C330H: E4 34 00 F5 83 E0 FF 12 BD B9 79 01 7A 00 7B DB
C340H: D3 12 46 3C 80 C9 90 00 D8 E0 FF 12 BD B9 90 00
C350H: D9 E4 F0 A3 F0 80 4D 90 00 D8 E0 24 14 F5 82 E4
C360H: 34 67 F5 83 E4 93 54 02 60 09 90 00 D8 E0 54 5F
C370H: FF 80 05 90 00 D8 E0 FF EF 64 50 70 1F 90 00 D8
C380H: E0 FF A3 A3 E0 24 E2 F5 82 E4 34 00 F5 83 EF F0
C390H: 79 01 7A 00 7B D9 D3 12 46 3C 80 08 90 00 D8 E0
C3A0H: FF 12 BD B9 7D 01 7E 00 7F D8 12 BE D7 50 12 90
C3B0H: 00 D8 E0 90 00 B0 F0 7F 00 74 03 90 97 69 12 2B
C3C0H: 58 02 C1 64 90 02 2D ED F0 A3 EE F0 A3 EF F0 90
C3D0H: 02 2B E4 F0 A3 F0 90 02 2D E0 F9 A3 E0 FA A3 E0
C3E0H: FB 12 45 4F 12 44 F3 24 14 F5 82 E4 34 67 F5 83
C3F0H: E4 93 54 04 60 75 90 02 30 E0 F9 A3 E0 FA A3 E0
C400H: FB 12 45 1A 60 65 90 02 2D E0 F9 A3 E0 FA A3 E0
C410H: FB 90 00 01 12 46 65 12 44 F3 7E 00 90 02 2B E0
C420H: FA A3 E0 75 F0 0A A4 CA AB F0 75 F0 0A A4 2B CA
C430H: 2F FF EE 3A CF 24 D0 CF 34 FF 90 02 2B F0 A3 FE
C440H: EF F0 EE D3 FE EF 94 E8 EE 64 80 94 83 40 0A 90
C450H: 02 2B 74 03 F0 A3 74 E8 F0 90 02 30 E0 F9 A3 E0
C460H: FA A3 E0 FB C3 12 46 3C 02 C3 D6 90 02 2B E0 FE
C470H: A3 E0 FF 22 90 02 2C ED F0 A3 EE F0 A3 EF F0 FA
C480H: ED F9 EF FB EE CA 12 45 4F 12 44 F3 90 02 2B EF
C490H: F0 90 02 2B E0 24 14 F5 82 E4 34 67 F5 83 E4 93
C4A0H: 54 08 60 1B 90 02 2C E0 F9 A3 E0 FA A3 E0 FB 90
C4B0H: 00 01 12 46 ED 12 44 F3 90 02 2B EF F0 80 D2 90
C4C0H: 02 2B E0 FF 22 90 02 2B EF F0 24 14 F5 82 E4 34
C4D0H: 67 F5 83 E4 93 54 02 60 09 90 02 2B E0 54 5F FF
C4E0H: 80 05 90 02 2B E0 FF 90 02 2B EF F0 E0 C3 94 41
C4F0H: 40 11 E0 C3 94 5B 50 0B 90 02 2B E0 24 BF 24 0A
C500H: F0 80 1F 90 02 2B E0 24 14 F5 82 E4 34 67 F5 83
C510H: E4 93 54 04 60 09 90 02 2B E0 24 D0 F0 80 03 7F
C520H: 64 22 90 02 2B E0 FF A3 E0 D3 9F 50 03 7F 64 22
C530H: 90 02 2B E0 FF 22 90 02 30 ED F0 A3 EE F0 A3 EF
C540H: F0 90 02 30 E0 FD A3 E0 FE A3 E0 FF 12 C4 74 90
C550H: 02 2F EF F0 64 2B 60 05 E0 64 2D 70 50 90 02 36
C560H: E0 F9 A3 E0 FA A3 E0 FB 12 45 1A 60 40 90 02 36
C570H: E0 F9 A3 E0 FA A3 E0 FB C3 12 46 3C 90 02 2F E0
C580H: 64 2D 70 10 7F 01 90 02 33 E0 F9 A3 E0 FA A3 E0
C590H: FB 12 44 41 90 02 30 E0 F9 A3 E0 FA A3 E0 FB 90
C5A0H: 00 01 12 46 ED 12 44 F3 90 02 2F EF F0 90 02 2F
C5B0H: E0 FF 22 90 02 2B EF F0 90 02 2D E0 F9 A3 E0 FA
C5C0H: A3 E0 FB 12 44 F3 90 02 2B E0 6F 70 06 90 02 2C
C5D0H: E0 FF 22 90 02 2D E0 F9 A3 A3 E0 24 01 FB F0 90
C5E0H: 02 2E E0 34 00 F0 FA 12 44 F3 60 12 90 02 2D E0
C5F0H: F9 A3 E0 FA A3 E0 FB 12 44 F3 64 5D 70 BA 90 02
C600H: 2C E0 60 02 74 FF 04 FF 22 90 02 33 EE F0 A3 EF
C610H: F0 90 02 2B 74 41 F0 A3 74 20 F0 A3 E4 F0 A3 F0
C620H: A3 74 3F F0 A3 74 80 F0 A3 E4 F0 A3 F0 90 02 33
C630H: E0 FF A3 E0 4F 60 4E 90 02 34 E0 54 01 60 1A 90
C640H: 02 2B E0 FC A3 E0 FD A3 E0 FE A3 E0 FF 79 01 7A
C650H: 02 7B 2F 90 3C F9 12 43 FF 90 02 33 E0 A2 E7 13
C660H: F0 FE A3 E0 13 F0 4E 60 1A 90 02 2B E0 FC A3 E0
C670H: FD A3 E0 FE A3 E0 FF 79 01 7A 02 7B 2B 90 3C F9
C680H: 12 43 FF 80 A8 90 02 2F E0 FC A3 E0 FD A3 E0 FE
C690H: A3 E0 FF 22 90 02 5A ED F0 A3 EE F0 A3 EF F0 FA
C6A0H: ED F9 EF FB EE CA 12 45 90 90 02 4C ED F0 A3 EE
C6B0H: F0 A3 EF F0 90 02 41 E4 F0 A3 F0 90 02 5D E0 F9
C6C0H: A3 E0 FA A3 E0 FB 12 45 4F 12 44 F3 90 02 3A EF
C6D0H: F0 70 03 02 D3 BC 90 02 3A E0 24 14 F5 82 E4 34
C6E0H: 67 F5 83 E4 93 54 08 60 46 90 02 5A E0 F9 A3 E0
C6F0H: FA A3 E0 FB 12 45 4F 12 44 F3 24 14 F5 82 E4 34
C700H: 67 F5 83 E4 93 54 08 60 13 90 02 5A E0 F9 A3 E0
C710H: FA A3 E0 FB 90 00 01 12 47 0F 80 CD 90 02 5D E0
C720H: F9 A3 E0 FA A3 E0 FB 90 00 01 12 47 0F 80 8C 90
C730H: 02 5A E0 F9 A3 E0 FA A3 E0 FB 12 45 4F 12 44 F3
C740H: 70 03 02 D3 68 90 02 3A E0 64 25 60 3D 90 02 5D
C750H: E0 F9 A3 E0 FA A3 E0 FB 90 00 01 12 47 0F 90 02
C760H: 5A E0 FD A3 E0 FE A3 E0 FF 12 C4 74 90 02 3A E0
C770H: 6F 60 03 02 D3 BC 90 02 5A E0 F9 A3 E0 FA A3 E0
C780H: FB 90 00 01 12 47 0F 02 C6 BB 90 02 3B E4 F0 90
C790H: 02 5D E0 F9 A3 E0 FA A3 E0 FB 90 00 01 12 46 ED
C7A0H: 12 44 F3 90 02 3A EF F0 64 2A 70 20 90 02 5D E0
C7B0H: F9 A3 E0 FA A3 E0 FB 90 00 01 12 46 ED 12 44 F3
C7C0H: 90 02 3A EF F0 90 02 39 E4 F0 80 06 90 02 39 74
C7D0H: 01 F0 90 02 3A E0 24 14 F5 82 E4 34 67 F5 83 E4
C7E0H: 93 54 04 60 44 90 02 43 74 02 F0 A3 E4 F0 90 02
C7F0H: 30 04 F0 A3 74 02 F0 A3 74 43 F0 90 02 5D E0 FD
C800H: A3 E0 FE A3 E0 FF 12 C3 C4 90 02 45 EE F0 A3 EF
C810H: F0 90 02 5D E0 F9 A3 E0 FA A3 E0 FB 12 45 4F 12
C820H: 44 F3 90 02 3A EF F0 80 09 90 02 45 74 02 F0 A3
C830H: E4 F0 90 02 3A E0 64 6C 60 05 E0 64 4C 70 21 90
C840H: 02 47 74 01 F0 90 02 5D E0 F9 A3 E0 FA A3 E0 FB
C850H: 90 00 01 12 46 ED 12 44 F3 90 02 3A EF F0 80 26
C860H: 90 02 3A E0 64 68 70 19 90 02 5D E0 F9 A3 E0 FA
C870H: A3 E0 FB 90 00 01 12 46 ED 12 44 F3 90 02 3A EF
C880H: F0 90 02 47 E4 F0 90 02 5D E0 F9 A3 E0 FA A3 E0
C890H: FB 90 00 01 12 47 0F 90 02 3A E0 FF 12 41 AB D3
C8A0H: 4D 25 C8 D9 45 C8 D9 47 CD 92 58 D0 1B 5B D1 74
C8B0H: 63 CE 9C 64 C8 D9 65 C8 D9 66 C8 D9 67 CE 9C 68
C8C0H: CD 9D 69 D3 13 6E CD 86 6F CE 96 70 D2 2D 73 CE
C8D0H: 9C 75 CD 92 78 00 00 D3 AE 90 02 33 74 01 F0 A3
C8E0H: 74 02 F0 A3 74 3B F0 A3 74 01 F0 A3 74 02 F0 A3
C8F0H: 74 45 F0 90 02 5A E0 FD A3 E0 FE A3 E0 FF 12 C5
C900H: 36 90 02 3A EF F0 90 02 4F E4 F0 A3 F0 A3 F0 A3
C910H: F0 90 02 45 E0 FE A3 E0 90 02 43 CE F0 A3 EE F0
C920H: 90 02 58 74 FF F0 A3 F0 90 02 45 E0 FF A3 E0 4F
C930H: 60 32 90 02 3A E0 64 30 70 2A 90 02 46 E0 14 F0
C940H: 04 70 06 90 02 45 E0 14 F0 90 02 5A E0 F9 A3 E0
C950H: FA A3 E0 FB 90 00 01 12 46 ED 12 44 F3 90 02 3A
C960H: EF F0 80 C4 90 02 45 E0 FF A3 E0 4F 70 03 02 CA
C970H: 22 90 02 3A E0 24 14 F5 82 E4 34 67 F5 83 E4 93
C980H: 54 04 70 03 02 CA 22 90 02 59 E0 24 01 FF F0 90
C990H: 02 58 E0 34 00 F0 FE EF 64 26 4E 70 03 02 D3 68
C9A0H: 90 02 46 E0 14 F0 04 70 06 90 02 45 E0 14 F0 90
C9B0H: 02 3A E0 24 D0 FF E4 34 FF FE 33 95 E0 FD FC 12
C9C0H: 40 B6 CC C0 E0 ED C0 E0 EE C0 E0 EF C0 E0 EC 90
C9D0H: 02 4F E0 FC A3 E0 FD A3 E0 FE A3 E0 FF 7B 00 7A
C9E0H: 00 79 20 78 41 12 3C F9 F8 D0 E0 FB D0 E0 FA D0
C9F0H: E0 F9 D0 E0 C8 12 3F 7A 90 02 4F EC F0 A3 ED F0
CA00H: A3 EE F0 A3 EF F0 90 02 5A E0 F9 A3 E0 FA A3 E0
CA10H: FB 90 00 01 12 46 ED 12 44 F3 90 02 3A EF F0 02
CA20H: C9 64 90 02 3A E0 64 2E 60 03 02 CB 0D 90 02 45
CA30H: E0 FF A3 E0 4F 70 03 02 CB 0D 90 02 53 74 3F F0
CA40H: A3 74 80 F0 A3 E4 F0 A3 F0 90 02 46 E0 14 F0 04
CA50H: 70 06 90 02 45 E0 14 F0 90 02 44 E0 14 F0 04 70
CA60H: 06 90 02 43 E0 14 F0 90 02 45 E0 FF A3 E0 4F 70
CA70H: 03 02 CB 0D 90 02 5A E0 F9 A3 E0 FA A3 E0 FB 90
CA80H: 00 01 12 46 ED 12 44 F3 90 02 3A EF F0 24 14 F5
CA90H: 82 E4 34 67 F5 83 E4 93 54 04 60 71 90 02 46 E0
CAA0H: 14 F0 04 70 06 90 02 45 E0 14 F0 90 02 3A E0 24
CAB0H: D0 FF E4 34 FF FE 33 95 E0 FD FC 12 40 B6 CC C0
CAC0H: E0 ED C0 E0 EE C0 E0 EF C0 E0 EC 7F CD 7E CC 7D
CAD0H: CC 7C 3D 79 01 7A 02 7B 53 90 3C F9 12 43 FF F8
CAE0H: D0 E0 FB D0 E0 FA D0 E0 F9 D0 E0 C8 12 3C F9 79
CAF0H: 01 7A 02 7B 4F 90 3F 7A 12 43 FF 60 0D 90 02 53
CB00H: E0 FF A3 E0 4F 70 03 02 D3 68 02 CA 67 90 02 45
CB10H: E0 FE A3 E0 FF 90 02 44 E0 6F 70 05 90 02 43 E0
CB20H: 6E 70 03 02 D3 68 90 02 46 E0 FF 24 FF F0 90 02
CB30H: 45 E0 FE 34 FF F0 EF 4E 70 03 02 CD 2C 90 02 3A
CB40H: E0 24 14 F5 82 E4 34 67 F5 83 E4 93 54 01 60 09
CB50H: 90 02 3A E0 44 20 FF 80 05 90 02 3A E0 FF EF 64
CB60H: 65 60 03 02 CD 2C 90 02 5A E0 F9 A3 E0 FA A3 E0
CB70H: FB 90 00 01 12 47 0F 90 02 57 E4 F0 90 02 33 04
CB80H: F0 A3 74 02 F0 A3 74 57 F0 A3 74 01 F0 A3 74 02
CB90H: F0 A3 74 45 F0 90 02 5A E0 FD A3 E0 FE A3 E0 FF
CBA0H: 12 C5 36 EF 24 14 F5 82 E4 34 67 F5 83 E4 93 54
CBB0H: 04 70 03 02 D3 68 90 02 30 74 01 F0 A3 74 02 F0
CBC0H: A3 74 45 F0 90 02 5A E0 FD A3 E0 FE A3 E0 FF 12
CBD0H: C3 C4 90 02 43 EE F0 A3 EF F0 90 02 57 E0 70 03
CBE0H: 02 CC 69 90 02 4F E0 FC A3 E0 FD A3 E0 FE A3 E0
CBF0H: A3 CC F0 A3 ED F0 A3 EE F0 A3 EC F0 D3 90 02 44
CC00H: E0 94 26 90 02 43 E0 64 80 94 80 40 03 02 D3 68
CC10H: 90 02 43 E0 FE A3 E0 FF 12 C6 09 79 01 7A 02 7B
CC20H: 4F 90 3E 67 12 43 FF 90 02 53 E0 FF A3 E0 4F 60
CC30H: 0D 90 02 4F E0 FF A3 E0 4F 70 03 02 D3 68 80 26
CC40H: 90 02 47 E0 70 20 90 02 4F E0 FC A3 E0 FD A3 E0
CC50H: FE A3 E0 FF 7B 00 7A 00 79 80 78 00 74 0B 12 41
CC60H: 08 70 03 02 D3 68 02 CD 2C 90 02 53 74 7F F0 A3
CC70H: F0 A3 74 FF F0 A3 F0 90 02 3F 04 F0 A3 74 26 F0
CC80H: 90 02 58 E0 A3 FE E0 FF 90 02 44 E0 2F FF 90 02
CC90H: 43 E0 3E FE C3 90 02 40 E0 9F 90 02 3F E0 64 80
CCA0H: CE 64 80 CE 9E 50 03 02 D3 68 90 02 58 E0 A3 FE
CCB0H: E0 FF 90 02 44 E0 2F FF 90 02 43 E0 3E FE 90 02
CCC0H: 40 E0 6F 70 05 90 02 3F E0 6E 70 49 90 02 58 E0
CCD0H: FE A3 E0 FF 90 02 40 E0 C3 9F FF 90 02 3F E0 9E
CCE0H: FE 12 C6 09 EF FB EE FA ED F9 EC F8 90 02 53 E0
CCF0H: FC A3 E0 FD A3 E0 FE A3 E0 FF 12 3E 67 90 02 4F
CD00H: E0 F8 A3 E0 F9 A3 E0 FA A3 E0 FB 74 0B 12 41 08
CD10H: 70 03 02 D3 68 90 02 43 E0 FE A3 E0 FF 12 C6 09
CD20H: 79 01 7A 02 7B 4F 90 3C F9 12 43 FF 90 02 39 E0
CD30H: 60 51 90 02 3B E0 60 18 90 02 4F E0 FC A3 E0 FD
CD40H: A3 E0 FE A3 E0 FF EC 4D 60 04 CC 64 80 CC 80 0E
CD50H: 90 02 4F E0 FC A3 E0 FD A3 E0 FE A3 E0 FF 90 02
CD60H: 60 E0 F9 A3 E0 FA A3 E0 FB 90 00 03 12 46 65 12
CD70H: 45 4F 12 44 B7 90 02 42 E0 04 F0 70 06 90 02 41
CD80H: E0 04 F0 02 C6 BB 90 02 3F E4 F0 A3 74 08 F0 02
CD90H: CE A5 90 02 3F E4 F0 A3 74 10 F0 80 09 90 02 3F
CDA0H: E4 F0 A3 74 0A F0 90 02 33 74 01 F0 A3 74 02 F0
CDB0H: A3 74 3B F0 A3 74 01 F0 A3 74 02 F0 A3 74 45 F0
CDC0H: 90 02 5A E0 FD A3 E0 FE A3 E0 FF 12 C5 36 90 02
CDD0H: 3A EF F0 E0 64 30 60 03 02 CE 94 90 02 45 E0 FF
CDE0H: A3 E0 4F 70 03 02 CE 94 90 02 5A E0 F9 A3 E0 FA
CDF0H: A3 E0 FB 12 45 4F 74 01 12 44 EE 24 14 F5 82 E4
CE00H: 34 67 F5 83 E4 93 54 01 60 18 90 02 5A E0 F9 A3
CE10H: E0 FA A3 E0 FB 12 45 4F 74 01 12 44 EE 44 20 FF
CE20H: 80 13 90 02 5A E0 F9 A3 E0 FA A3 E0 FB 12 45 4F
CE30H: 74 01 12 44 EE EF 64 78 70 43 D3 90 02 46 E0 94
CE40H: 01 90 02 45 E0 64 80 94 80 40 32 90 02 5A E0 F9
CE50H: A3 E0 FA A3 E0 FB 90 00 02 12 46 ED 12 44 F3 90
CE60H: 02 3A EF F0 90 02 3F E4 F0 A3 74 10 F0 90 02 46
CE70H: E0 24 FE F0 90 02 45 E0 34 FF F0 80 17 90 02 40
CE80H: E0 64 0A 70 04 90 02 3F E0 70 09 90 02 3F E4 F0
CE90H: A3 74 08 F0 80 3C 90 02 47 74 01 F0 90 02 3F E4
CEA0H: F0 A3 74 0A F0 90 02 33 74 01 F0 A3 74 02 F0 A3
CEB0H: 74 3B F0 A3 74 01 F0 A3 74 02 F0 A3 74 45 F0 90
CEC0H: 02 5A E0 FD A3 E0 FE A3 E0 FF 12 C5 36 90 02 3A
CED0H: EF F0 90 02 45 E0 FF A3 E0 4F 60 15 90 02 40 E0
CEE0H: 90 02 2C F0 90 02 3A E0 FF 12 C4 C5 EF 64 64 70
CEF0H: 03 02 D3 68 90 02 48 E4 F0 A3 F0 A3 F0 A3 F0 90
CF00H: 02 40 E0 90 02 2C F0 90 02 5A E0 F9 A3 E0 FA A3
CF10H: E0 FB 12 45 4F 12 44 F3 12 C4 C5 E4 90 02 43 F0
CF20H: A3 FE EF F0 EE EF 64 64 4E 60 65 A3 A3 E0 FF 24
CF30H: FF F0 90 02 45 E0 FE 34 FF F0 EF 4E 60 52 90 02
CF40H: 3F E0 FE A3 E0 FF EE 33 95 E0 FD FC 90 02 48 E0
CF50H: F8 A3 E0 F9 A3 E0 FA A3 E0 FB 12 3B 1F 90 02 43
CF60H: E0 FA A3 E0 FB EA 33 95 E0 F9 F8 12 3C 72 90 02
CF70H: 48 EC F0 A3 ED F0 A3 EE F0 A3 EF F0 90 02 5A E0
CF80H: F9 A3 E0 FA A3 E0 FB 90 00 01 12 47 0F 02 CE FF
CF90H: 90 02 39 E0 70 03 02 D0 18 90 02 3B E0 60 1F 90
CFA0H: 02 48 E0 FC A3 E0 FD A3 E0 FE A3 E0 FF 12 3C 29
CFB0H: 90 02 48 EC F0 A3 ED F0 A3 EE F0 A3 EF F0 90 02
CFC0H: 47 E0 60 27 90 02 60 E0 F9 A3 E0 FA A3 E0 FB 90
CFD0H: 00 03 12 46 65 12 45 4F 90 02 48 E0 FC A3 E0 FD
CFE0H: A3 E0 FE A3 E0 FF 12 44 B7 80 1F 90 02 60 E0 F9
CFF0H: A3 E0 FA A3 E0 FB 90 00 03 12 46 65 12 45 4F 90
D000H: 02 4A E0 FE A3 E0 FF 12 44 5E 90 02 42 E0 04 F0
D010H: 70 06 90 02 41 E0 04 F0 02 C6 BB 90 02 39 E0 60
D020H: 1F 90 02 60 E0 F9 A3 E0 FA A3 E0 FB 90 00 03 12
D030H: 46 65 12 45 90 90 02 3C ED F0 A3 EE F0 A3 EF F0
D040H: 90 02 5D E0 F9 A3 E0 FA A3 E0 FB 12 45 4F 12 44
D050H: F3 90 02 3A EF F0 64 5E 70 20 90 02 3B E4 F0 90
D060H: 02 5D E0 F9 A3 E0 FA A3 E0 FB 90 00 01 12 46 ED
D070H: 12 44 F3 90 02 3A EF F0 80 06 90 02 3B 74 01 F0
D080H: 90 02 3A E0 70 03 02 D1 71 90 02 46 E0 FF 24 FF
D090H: F0 90 02 45 E0 FE 34 FF F0 EF 4E 70 03 02 D1 39
D0A0H: 90 02 5A E0 F9 A3 E0 FA A3 E0 FB 12 45 4F 12 44
D0B0H: F3 70 03 02 D1 39 90 02 3B E0 90 02 2C F0 90 02
D0C0H: 5D E0 F9 A3 E0 FA A3 E0 FB 12 45 90 90 02 2D ED
D0D0H: F0 A3 EE F0 A3 EF F0 90 02 5A E0 F9 A3 E0 FA A3
D0E0H: E0 FB 12 45 4F 12 44 F3 12 C5 B3 EF 60 41 90 02
D0F0H: 39 E0 60 28 90 02 5A E0 F9 A3 E0 FA A3 E0 FB 12
D100H: 45 4F 12 44 F3 90 02 3C E0 F9 A3 A3 E0 FB 24 01
D110H: F0 90 02 3D E0 FA 34 00 F0 12 44 41 90 02 5A E0
D120H: F9 A3 E0 FA A3 E0 FB 90 00 01 12 47 0F 80 07 90
D130H: 02 39 E4 F0 80 03 02 D0 89 90 02 5D E0 F9 A3 E0
D140H: FA A3 E0 FB 90 00 01 12 46 ED 12 44 F3 90 02 3A
D150H: EF F0 60 1D 90 02 3A E0 64 5D 70 13 90 02 5D E0
D160H: F9 A3 E0 FA A3 E0 FB 90 00 01 12 47 0F 80 02 80
D170H: C8 02 D2 EC 90 02 39 E0 60 1F 90 02 60 E0 F9 A3
D180H: E0 FA A3 E0 FB 90 00 03 12 46 65 12 45 90 90 02
D190H: 3C ED F0 A3 EE F0 A3 EF F0 90 02 46 E0 70 06 90
D1A0H: 02 45 E0 64 02 70 08 90 02 45 E4 F0 A3 04 F0 90
D1B0H: 02 46 E0 FF 24 FF F0 90 02 45 E0 FE 34 FF F0 EF
D1C0H: 4E 60 54 90 02 5A E0 F9 A3 E0 FA A3 E0 FB 12 45
D1D0H: 4F 12 44 F3 60 41 90 02 39 E0 60 28 90 02 5A E0
D1E0H: F9 A3 E0 FA A3 E0 FB 12 45 4F 12 44 F3 90 02 3C
D1F0H: E0 F9 A3 A3 E0 FB 24 01 F0 90 02 3D E0 FA 34 00
D200H: F0 12 44 41 90 02 5A E0 F9 A3 E0 FA A3 E0 FB 90
D210H: 00 01 12 47 0F 80 98 90 02 39 E0 FF 7E 00 90 02
D220H: 42 E0 2F F0 90 02 41 E0 3E F0 02 C6 BB 90 02 39
D230H: E0 60 1F 90 02 60 E0 F9 A3 E0 FA A3 E0 FB 90 00
D240H: 03 12 46 65 12 45 90 90 02 3C ED F0 A3 EE F0 A3
D250H: EF F0 90 02 5A E0 FD A3 E0 FE A3 E0 FF 12 C4 74
D260H: 90 02 46 E0 FF 24 FF F0 90 02 45 E0 FE 34 FF F0
D270H: EF 4E 70 03 02 D2 EC 90 02 5A E0 F9 A3 E0 FA A3
D280H: E0 FB 12 45 4F 12 44 F3 60 62 90 02 5A E0 F9 A3
D290H: E0 FA A3 E0 FB 12 45 4F 12 44 F3 24 14 F5 82 E4
D2A0H: 34 67 F5 83 E4 93 54 08 70 42 90 02 39 E0 60 28
D2B0H: 90 02 5A E0 F9 A3 E0 FA A3 E0 FB 12 45 4F 12 44
D2C0H: F3 90 02 3C E0 F9 A3 A3 E0 FB 24 01 F0 90 02 3D
D2D0H: E0 FA 34 00 F0 12 44 41 90 02 5A E0 F9 A3 E0 FA
D2E0H: A3 E0 FB 90 00 01 12 47 0F 02 D2 60 90 02 39 E0
D2F0H: 60 1E 90 02 42 E0 04 F0 70 06 90 02 41 E0 04 F0
D300H: 7F 00 90 02 3C E0 F9 A3 E0 FA A3 E0 FB 12 44 41
D310H: 02 C6 BB 90 02 5A E0 F9 A3 E0 FA A3 E0 FB 12 45
D320H: 90 90 02 4C E0 F9 A3 E0 FA A3 E0 FB EF C3 9B FF
D330H: EE 9A FE 90 02 60 E0 F9 A3 E0 FA A3 E0 FB 90 00
D340H: 03 12 46 65 12 45 4F 12 44 5E 02 C6 BB 90 02 5A
D350H: E0 F9 A3 E0 FA A3 E0 FB 90 00 01 12 46 65 12 44
D360H: F3 64 25 70 03 02 C6 BB 90 02 5A E0 F9 A3 E0 FA
D370H: A3 E0 FB 12 45 4F 12 44 F3 70 33 90 02 5D E0 F9
D380H: A3 E0 FA A3 E0 FB 12 45 4F 12 44 F3 24 14 F5 82
D390H: E4 34 67 F5 83 E4 93 54 08 60 13 90 02 5D E0 F9
D3A0H: A3 E0 FA A3 E0 FB 90 00 01 12 47 0F 80 CD 90 02
D3B0H: 41 E0 FE A3 E0 FF 02 2B 7E 02 C6 BB 90 02 41 E0
D3C0H: FE A3 E0 FF 02 2B 7E 74 03 90 B1 B6 12 2B 58 EF
D3D0H: 14 60 17 90 00 22 74 01 F0 7F 02 7E 00 74 04 90
D3E0H: 93 32 12 2B 58 7F 7F 02 2B 7E 7D 02 7E 4B 7F 5E
D3F0H: 90 00 63 12 44 9C 7F 04 74 05 90 87 05 12 2B 58
D400H: 40 05 7F 7F 02 2B 7E 7D 02 7E 4B 7F 60 90 00 63
D410H: 12 44 9C 7F 05 74 05 90 87 05 12 2B 58 40 05 7F
D420H: 7F 02 2B 7E 7F 08 74 02 90 F2 57 12 2B 58 50 2F
D430H: 90 1E D9 E0 60 29 90 00 53 74 FA F0 A3 74 04 F0
D440H: A3 74 02 F0 A3 74 4B F0 A3 74 63 F0 7F 04 74 05
D450H: 90 B3 6A 12 2B 58 40 05 7F 7F 02 2B 7E 80 26 90
D460H: 00 53 74 FA F0 A3 74 03 F0 A3 14 F0 A3 74 4B F0
D470H: A3 74 68 F0 7F 04 74 05 90 B3 6A 12 2B 58 40 05
D480H: 7F 7F 02 2B 7E 90 16 6A 74 01 F0 FF 02 2B 7E 90
D490H: 0B D3 12 44 D2 90 1E 75 E0 FF A3 E0 4F FF A3 E0
D4A0H: 4F FF A3 E0 4F 70 15 90 1E 79 E0 FF A3 E0 4F FF
D4B0H: A3 E0 4F FF A3 E0 4F 70 03 02 D6 0E 90 1E 79 12
D4C0H: 45 F0 90 1E 75 E0 F8 A3 E0 F9 A3 E0 FA A3 E0 FB
D4D0H: 12 3F 76 90 0B CF 12 44 D2 90 0B CF 12 45 F0 E4
D4E0H: FB FA F9 F8 74 0B 12 41 08 70 16 7F 00 7E 00 7D
D4F0H: C8 7C 43 79 01 7A 0B 7B CF 90 3F 7A 12 43 FF 80
D500H: D8 7F 00 7E 00 7D C8 7C 43 90 03 C9 12 44 D2 90
D510H: 0B CF 12 45 F0 74 05 90 AD 36 12 2B 58 90 0B CF
D520H: 12 44 D2 7B 00 7A 00 79 00 78 40 12 3E 67 90 0B
D530H: D7 E0 F8 A3 E0 F9 A3 E0 FA A3 E0 FB 12 3F 7A 90
D540H: 1E 79 12 44 D2 90 1E 79 12 45 F0 E4 FB FA F9 F8
D550H: 74 0B 12 41 08 70 19 90 1E 79 12 45 F0 7B 00 7A
D560H: 00 79 C8 78 43 12 3F 7A 90 1E 79 12 44 D2 80 D5
D570H: 7F 00 7E 00 7D C8 7C 43 90 03 C9 12 44 D2 90 1E
D580H: 79 12 45 F0 74 05 90 AD 36 12 2B 58 90 1E 79 12
D590H: 44 D2 90 0B CF 12 45 F0 7B 00 7A 00 79 00 78 40
D5A0H: 12 3E 67 EC 4D 60 03 63 04 80 90 0B D7 E0 F8 A3
D5B0H: E0 F9 A3 E0 FA A3 E0 FB 12 3F 7A 90 1E 75 12 44
D5C0H: D2 90 1E 75 12 45 F0 E4 FB FA F9 F8 74 0B 12 41
D5D0H: 08 70 19 90 1E 75 12 45 F0 7B 00 7A 00 79 C8 78
D5E0H: 43 12 3F 7A 90 1E 75 12 44 D2 80 D5 7F 00 7E 00
D5F0H: 7D C8 7C 43 90 03 C9 12 44 D2 90 1E 75 12 45 F0
D600H: 74 05 90 AD 36 12 2B 58 90 1E 75 12 44 D2 90 1E
D610H: 7D E0 FF A3 E0 4F FF A3 E0 4F FF A3 E0 4F 70 15
D620H: 90 1E 81 E0 FF A3 E0 4F FF A3 E0 4F FF A3 E0 4F
D630H: 70 03 02 D7 90 90 1E 81 12 45 F0 90 1E 7D E0 F8
D640H: A3 E0 F9 A3 E0 FA A3 E0 FB 12 3F 76 90 1E 85 12
D650H: 44 D2 90 1E 85 12 45 F0 E4 FB FA F9 F8 74 0B 12
D660H: 41 08 70 19 90 1E 85 12 45 F0 7B 00 7A 00 79 C8
D670H: 78 43 12 3F 7A 90 1E 85 12 44 D2 80 D5 7F 00 7E
D680H: 00 7D C8 7C 43 90 03 C9 12 44 D2 90 1E 85 12 45
D690H: F0 74 05 90 AD 36 12 2B 58 90 1E 85 12 44 D2 90
D6A0H: 1E 85 12 45 F0 7B 00 7A 00 79 00 78 40 12 3E 67
D6B0H: EC 4D 60 03 63 04 80 90 0B D3 E0 F8 A3 E0 F9 A3
D6C0H: E0 FA A3 E0 FB 12 3F 7A 90 1E 7D 12 44 D2 90 1E
D6D0H: 7D 12 45 F0 E4 FB FA F9 F8 74 0B 12 41 08 70 19
D6E0H: 90 1E 7D 12 45 F0 7B 00 7A 00 79 C8 78 43 12 3F
D6F0H: 7A 90 1E 7D 12 44 D2 80 D5 7F 00 7E 00 7D C8 7C
D700H: 43 90 03 C9 12 44 D2 90 1E 7D 12 45 F0 74 05 90
D710H: AD 36 12 2B 58 90 1E 7D 12 44 D2 90 1E 85 12 45
D720H: F0 7B 00 7A 00 79 00 78 40 12 3E 67 90 0B D3 E0
D730H: F8 A3 E0 F9 A3 E0 FA A3 E0 FB 12 3F 7A 90 1E 81
D740H: 12 44 D2 90 1E 81 12 45 F0 E4 FB FA F9 F8 74 0B
D750H: 12 41 08 70 19 90 1E 81 12 45 F0 7B 00 7A 00 79
D760H: C8 78 43 12 3F 7A 90 1E 81 12 44 D2 80 D5 7F 00
D770H: 7E 00 7D C8 7C 43 90 03 C9 12 44 D2 90 1E 81 12
D780H: 45 F0 74 05 90 AD 36 12 2B 58 90 1E 81 12 44 D2
D790H: 02 2B 7E 90 0C 81 12 44 D2 90 1E 75 12 45 F0 90
D7A0H: 1E 79 E0 F8 A3 E0 F9 A3 E0 FA A3 E0 FB 74 0B 12
D7B0H: 41 08 70 3A 90 0C 85 12 45 F0 90 1E 75 E0 F8 A3
D7C0H: E0 F9 A3 E0 FA A3 E0 FB 74 03 12 41 08 70 1B 90
D7D0H: 0C 85 12 45 F0 90 1E 79 E0 F8 A3 E0 F9 A3 E0 FA
D7E0H: A3 E0 FB 74 07 12 41 08 70 04 C3 02 2B 7E 90 1E
D7F0H: 81 12 45 F0 90 1E 7D E0 F8 A3 E0 F9 A3 E0 FA A3
D800H: E0 FB 74 07 12 41 08 70 3C 90 0C 81 12 45 F0 90
D810H: 1E 7D E0 F8 A3 E0 F9 A3 E0 FA A3 E0 FB 74 03 12
D820H: 41 08 70 1B 90 0C 81 12 45 F0 90 1E 81 E0 F8 A3
D830H: E0 F9 A3 E0 FA A3 E0 FB 74 07 12 41 08 70 04 C3
D840H: 02 2B 7E 80 3A 90 0C 81 12 45 F0 90 1E 7D E0 F8
D850H: A3 E0 F9 A3 E0 FA A3 E0 FB 74 0B 12 41 08 70 1F
D860H: 90 0C 81 12 45 F0 90 1E 81 E0 F8 A3 E0 F9 A3 E0
D870H: FA A3 E0 FB 74 07 12 41 08 70 04 C3 02 2B 7E D3
D880H: 02 2B 7E E4 90 1D F3 FE E0 54 02 4E 60 08 E4 FE
D890H: E0 54 01 4E 70 17 90 00 22 74 01 F0 7F F4 7E 00
D8A0H: 74 04 90 93 32 12 2B 58 7F 7F 02 2B 7E 7D 02 7E
D8B0H: 4B 7F 5E 90 00 63 12 44 9C 7F 04 74 05 90 87 05
D8C0H: 12 2B 58 40 05 7F 7F 02 2B 7E 90 00 53 74 D2 F0
D8D0H: A3 74 04 F0 A3 74 01 F0 A3 74 1B F0 A3 74 FA F0
D8E0H: 7F 02 74 05 90 B3 6A 12 2B 58 40 05 7F 7F 02 2B
D8F0H: 7E 90 00 53 74 D3 F0 A3 74 04 F0 A3 74 01 F0 A3
D900H: 74 11 F0 A3 74 10 F0 7F 02 74 05 90 B3 6A 12 2B
D910H: 58 40 05 7F 7F 02 2B 7E 90 11 02 E0 FF 74 03 90
D920H: AF 2E 12 2B 58 40 05 7F 7F 02 2B 7E 90 1D F3 E0
D930H: 54 08 60 1D 7D 02 7E 4B 7F 60 90 00 63 12 44 9C
D940H: 7F 05 74 05 90 87 05 12 2B 58 40 05 7F 7F 02 2B
D950H: 7E 90 16 6A E4 F0 C2 69 7F 01 02 2B 7E 90 0B E3
D960H: 12 44 9C AB 07 AA 06 A9 05 12 44 F3 90 14 E3 EF
D970H: F0 E4 90 1D F3 FE E0 54 02 4E 60 10 E4 FE E0 54
D980H: 08 4E 60 08 E4 FE E0 54 01 4E 70 17 90 00 22 74
D990H: 01 F0 7F F4 7E 00 74 04 90 93 32 12 2B 58 7F 7F
D9A0H: 02 2B 7E 90 14 E3 E0 70 17 90 00 22 74 01 F0 7F
D9B0H: 23 7E 00 74 04 90 93 32 12 2B 58 7F 7F 02 2B 7E
D9C0H: 20 48 03 02 DA 21 90 14 E3 E0 64 30 60 53 E0 64
D9D0H: 31 60 4E E0 64 33 60 49 E0 64 34 60 44 E0 64 36
D9E0H: 60 3F E0 64 39 60 3A E0 64 35 60 35 E0 64 32 60
D9F0H: 30 E0 64 47 60 2B E0 64 4C 60 26 E0 64 52 60 21
DA00H: E0 64 54 60 1C E0 64 42 60 17 90 00 22 74 01 F0
DA10H: 7F 1E 7E 00 74 04 90 93 32 12 2B 58 7F 7F 02 2B
DA20H: 7E 90 27 C7 E0 70 24 90 14 E3 E0 64 37 60 05 E0
DA30H: 64 38 70 17 90 00 22 74 01 F0 7F 1E 7E 00 74 04
DA40H: 90 93 32 12 2B 58 7F 7F 02 2B 7E 90 14 E3 E0 FF
DA50H: 12 41 AB DA 84 30 DA 8F 31 DA 9A 32 DB 33 33 DB
DA60H: F5 34 DC 89 35 DD 5E 36 DE 34 37 DE 3D 38 DE 45
DA70H: 39 DF 7F 42 DE 7C 47 DF 7F 4C DF 7F 52 DF 7F 54
DA80H: 00 00 E0 A3 74 02 90 D8 83 12 2B 58 02 2B 7E 74
DA90H: 02 90 D3 C7 12 2B 58 02 2B 7E 74 03 90 B1 B6 12
DAA0H: 2B 58 EF 14 60 17 90 00 22 74 01 F0 7F 02 7E 00
DAB0H: 74 04 90 93 32 12 2B 58 7F 7F 02 2B 7E 7D 02 7E
DAC0H: 4B 7F 5E 90 00 63 12 44 9C 7F 04 74 05 90 87 05
DAD0H: 12 2B 58 40 05 7F 7F 02 2B 7E 7D 02 7E 4B 7F 60
DAE0H: 90 00 63 12 44 9C 7F 05 74 05 90 87 05 12 2B 58
DAF0H: 40 05 7F 7F 02 2B 7E 90 00 53 74 FA F0 A3 74 02
DB00H: F0 A3 F0 A3 74 4B F0 A3 74 6C F0 7F 04 74 05 90
DB10H: B3 6A 12 2B 58 40 05 7F 7F 02 2B 7E 90 16 6A 74
DB20H: 03 F0 90 16 6B E0 04 F0 90 16 7A E0 04 F0 7F 00
DB30H: 02 2B 7E 74 03 90 B1 B6 12 2B 58 EF 64 02 60 17
DB40H: 90 00 22 74 01 F0 7F 02 7E 00 74 04 90 93 32 12
DB50H: 2B 58 7F 7F 02 2B 7E 7D 02 7E 4B 7F 5E 90 00 63
DB60H: 12 44 9C 7F 04 74 05 90 87 05 12 2B 58 40 05 7F
DB70H: 7F 02 2B 7E 7D 02 7E 4B 7F 6F 90 00 63 12 44 9C
DB80H: 7F 05 74 05 90 87 05 12 2B 58 40 05 7F 7F 02 2B
DB90H: 7E 7F 08 74 02 90 F2 57 12 2B 58 50 2F 90 1E D9
DBA0H: E0 60 29 90 00 53 74 FA F0 A3 74 04 F0 A3 74 02
DBB0H: F0 A3 74 4B F0 A3 74 63 F0 7F 04 74 05 90 B3 6A
DBC0H: 12 2B 58 40 05 7F 7F 02 2B 7E 80 26 90 00 53 74
DBD0H: FA F0 A3 74 03 F0 A3 14 F0 A3 74 4B F0 A3 74 68
DBE0H: F0 7F 04 74 05 90 B3 6A 12 2B 58 40 05 7F 7F 02
DBF0H: 2B 7E 02 E0 B5 74 03 90 B1 B6 12 2B 58 EF 64 02
DC00H: 60 17 90 00 22 74 01 F0 7F 02 7E 00 74 04 90 93
DC10H: 32 12 2B 58 7F 7F 02 2B 7E 7D 02 7E 4B 7F 5E 90
DC20H: 00 63 12 44 9C 7F 04 74 05 90 87 05 12 2B 58 40
DC30H: 05 7F 7F 02 2B 7E 7D 02 7E 4B 7F 6F 90 00 63 12
DC40H: 44 9C 7F 05 74 05 90 87 05 12 2B 58 40 05 7F 7F
DC50H: 02 2B 7E 90 00 53 74 FA F0 A3 74 02 F0 A3 F0 A3
DC60H: 74 4B F0 A3 74 6C F0 7F 04 74 05 90 B3 6A 12 2B
DC70H: 58 40 05 7F 7F 02 2B 7E 90 16 6B E0 04 F0 90 16
DC80H: 7A E0 04 F0 7F 00 02 2B 7E 74 03 90 B1 B6 12 2B
DC90H: 58 EF 14 60 17 90 00 22 74 01 F0 7F 02 7E 00 74
DCA0H: 04 90 93 32 12 2B 58 7F 7F 02 2B 7E 7D 02 7E 4B
DCB0H: 7F 5E 90 00 63 12 44 9C 7F 04 74 05 90 87 05 12
DCC0H: 2B 58 40 05 7F 7F 02 2B 7E 7D 02 7E 4B 7F 60 90
DCD0H: 00 63 12 44 9C 7F 05 74 05 90 87 05 12 2B 58 40
DCE0H: 05 7F 7F 02 2B 7E 7F 08 74 02 90 F2 57 12 2B 58
DCF0H: 50 2E 90 1E D9 E0 60 28 90 00 53 74 FA F0 A3 74
DD00H: 03 F0 A3 14 F0 A3 74 4B F0 A3 74 72 F0 7F 04 74
DD10H: 05 90 B3 6A 12 2B 58 40 05 7F 7F 02 2B 7E 80 25
DD20H: 90 00 53 74 FA F0 A3 74 02 F0 A3 F0 A3 74 4B F0
DD30H: A3 74 76 F0 7F 04 74 05 90 B3 6A 12 2B 58 40 05
DD40H: 7F 7F 02 2B 7E 90 16 6B E0 04 F0 90 16 7A E0 04
DD50H: F0 30 66 05 7F 00 02 2B 7E 7F 01 02 2B 7E 74 03
DD60H: 90 B1 B6 12 2B 58 EF 64 02 60 17 90 00 22 74 01
DD70H: F0 7F 02 7E 00 74 04 90 93 32 12 2B 58 7F 7F 02
DD80H: 2B 7E 7D 02 7E 4B 7F 5E 90 00 63 12 44 9C 7F 04
DD90H: 74 05 90 87 05 12 2B 58 40 05 7F 7F 02 2B 7E 7D
DDA0H: 02 7E 4B 7F 6F 90 00 63 12 44 9C 7F 05 74 05 90
DDB0H: 87 05 12 2B 58 40 05 7F 7F 02 2B 7E 7F 08 74 02
DDC0H: 90 F2 57 12 2B 58 50 2E 90 1E D9 E0 60 28 90 00
DDD0H: 53 74 FA F0 A3 74 03 F0 A3 14 F0 A3 74 4B F0 A3
DDE0H: 74 72 F0 7F 04 74 05 90 B3 6A 12 2B 58 40 05 7F
DDF0H: 7F 02 2B 7E 80 25 90 00 53 74 FA F0 A3 74 02 F0
DE00H: A3 F0 A3 74 4B F0 A3 74 76 F0 7F 04 74 05 90 B3
DE10H: 6A 12 2B 58 40 05 7F 7F 02 2B 7E 90 16 6B E0 04
DE20H: F0 90 16 7A E0 04 F0 30 66 05 7F 00 02 2B 7E 7F
DE30H: 01 02 2B 7E 90 1E D9 74 01 F0 02 E0 B5 90 1E D9
DE40H: E4 F0 02 E0 B5 7D 01 7E 0B 7F DF 90 05 30 12 44
DE50H: 9C 7D 01 7E 0B 7F DB 74 04 90 CE E5 12 2B 58 90
DE60H: 0B DF 12 45 F0 90 0B D7 12 44 D2 90 0B DB 12 45
DE70H: F0 74 02 90 D4 8F 12 2B 58 02 E0 B5 30 48 4D 7D
DE80H: 02 7E 4B 7F 79 90 03 81 12 44 9C 90 1E 75 12 45
DE90H: F0 90 03 84 12 44 D2 90 1E 79 12 45 F0 90 03 88
DEA0H: 12 44 D2 90 1E 7D 12 45 F0 90 03 8C 12 44 D2 90
DEB0H: 1E 81 12 45 F0 90 03 90 12 44 D2 7D 01 7E 12 7F
DEC0H: DE 74 05 90 AD D7 12 2B 58 02 DF 4E 7D 02 7E 4B
DED0H: 7F 9D 90 03 81 12 44 9C 90 52 92 E4 93 FF E4 90
DEE0H: 03 84 F0 A3 EF F0 90 1E 75 12 45 F0 90 03 86 12
DEF0H: 44 D2 90 52 92 E4 93 FF E4 90 03 8A F0 A3 EF F0
DF00H: 90 1E 79 12 45 F0 90 03 8C 12 44 D2 90 52 92 E4
DF10H: 93 FF E4 90 03 90 F0 A3 EF F0 90 1E 7D 12 45 F0
DF20H: 90 03 92 12 44 D2 90 52 92 E4 93 FF E4 90 03 96
DF30H: F0 A3 EF F0 90 1E 81 12 45 F0 90 03 98 12 44 D2
DF40H: 7D 01 7E 12 7F DE 74 05 90 AD D7 12 2B 58 7D 01
DF50H: 7E 12 7F DE 90 01 FA 12 44 9C 7F 00 74 03 90 EF
DF60H: 82 12 2B 58 40 05 7F 7F 02 2B 7E 7F 00 74 05 90
DF70H: 82 4D 12 2B 58 40 05 7F 7F 02 2B 7E 02 E0 B5 90
DF80H: 0B E3 12 45 64 12 44 F3 70 03 02 E0 65 90 0B E3
DF90H: 12 45 64 12 44 F3 12 41 AB E0 2B 42 DF A9 4C DF
DFA0H: D5 52 E0 00 54 00 00 E0 56 90 05 88 74 43 F0 90
DFB0H: 0B E3 12 45 A6 7B 01 7A 00 74 01 12 46 21 8A 06
DFC0H: 8B 07 90 05 89 12 44 9C 7F 01 74 05 90 9F 33 12
DFD0H: 2B 58 02 E0 56 90 05 88 74 44 F0 90 0B E3 12 45
DFE0H: A6 7B 01 7A 00 74 01 12 46 21 8A 06 8B 07 90 05
DFF0H: 89 12 44 9C 7F 01 74 05 90 9F 33 12 2B 58 80 56
E000H: 90 05 88 74 41 F0 90 0B E3 12 45 A6 7B 01 7A 00
E010H: 74 01 12 46 21 8A 06 8B 07 90 05 89 12 44 9C 7F
E020H: 01 74 05 90 9F 33 12 2B 58 80 2B 90 05 88 74 42
E030H: F0 90 0B E3 12 45 A6 7B 01 7A 00 74 01 12 46 21
E040H: 8A 06 8B 07 90 05 89 12 44 9C 7F 01 74 05 90 9F
E050H: 33 12 2B 58 80 00 79 01 7A 0B 7B E3 90 00 01 12
E060H: 47 0F 02 DF 7F 90 1E 75 E0 FF A3 E0 4F FF A3 E0
E070H: 4F FF A3 E0 4F 70 0C 90 27 BA 12 45 F0 90 1E 75
E080H: 12 44 D2 90 1E 79 E0 FF A3 E0 4F FF A3 E0 4F FF
E090H: A3 E0 4F 70 0C 90 27 BE 12 45 F0 90 1E 79 12 44
E0A0H: D2 80 12 90 00 22 74 01 F0 7F 23 7E 00 74 04 90
E0B0H: 93 32 12 2B 58 7F 01 02 2B 7E 7F 04 74 04 90 98
E0C0H: 27 12 2B 58 90 00 82 EE F0 A3 EF F0 EE 70 50 EF
E0D0H: 64 9F 70 3A 90 14 E3 E0 FF 12 41 AB E0 EC 32 E0
E0E0H: F4 34 E0 FC 35 E1 04 36 00 00 E1 0C 90 16 6A 74
E0F0H: 03 F0 80 18 90 16 6A 74 04 F0 80 10 90 16 6A 74
E100H: 05 F0 80 08 90 16 6A 74 06 F0 80 00 80 16 EF 64
E110H: 9E 60 05 EF 64 A1 70 07 90 16 6A E4 F0 80 05 7F
E120H: 82 02 2B 7E 7F 01 02 2B 7E EF 60 1B 7D 02 7E 4B
E130H: 7F 5E 90 00 63 12 44 9C 7F 04 74 05 90 87 05 12
E140H: 2B 58 90 16 6A E4 F0 90 16 6B E0 60 06 90 16 6B
E150H: E0 14 F0 90 16 7A E0 60 06 90 16 7A E0 14 F0 7F
E160H: 00 02 2B 7E 90 0E 85 12 44 9C 8F 03 8E 02 8D 01
E170H: 7D 01 7E 13 7F F9 7C 02 75 F0 01 12 43 6C 90 0E
E180H: 85 12 45 64 12 44 F3 F4 70 1D 90 13 DE E0 FF 74
E190H: 04 90 94 93 12 2B 58 90 13 DE E0 FF 74 05 90 82
E1A0H: 4D 12 2B 58 02 E2 A8 EF 60 03 02 E2 32 90 16 78
E1B0H: E0 FF A3 E0 4F 60 0C 7F 09 12 32 DE 90 16 78 E4
E1C0H: F0 A3 F0 7D 01 7E 11 7F DE 74 05 90 82 6F 12 2B
E1D0H: 58 92 3D 74 03 90 C8 4A 12 2B 58 40 52 20 49 4F
E1E0H: 20 4A 4C 90 13 DE E0 FF 74 04 90 94 93 12 2B 58
E1F0H: 50 12 20 4A 0D 90 13 DE E0 FF 74 05 90 82 4D 12
E200H: 2B 58 80 2B 7D 01 7E 12 7F DE 90 01 FA 12 44 9C
E210H: 90 13 DE E0 FF 74 03 90 EF 82 12 2B 58 50 10 20
E220H: 4A 0D 90 13 DE E0 FF 74 05 90 82 4D 12 2B 58 02
E230H: E2 A8 EF 64 01 60 03 02 E2 A8 90 0E 85 12 45 A6
E240H: 74 05 90 A9 1B 12 2B 58 92 3D 74 03 90 C8 4A 12
E250H: 2B 58 40 52 20 49 4F 20 4A 4C 90 13 DE E0 FF 74
E260H: 04 90 94 93 12 2B 58 50 12 20 4A 0D 90 13 DE E0
E270H: FF 74 05 90 82 4D 12 2B 58 80 2B 7D 01 7E 12 7F
E280H: DE 90 01 FA 12 44 9C 90 13 DE E0 FF 74 03 90 EF
E290H: 82 12 2B 58 50 10 20 4A 0D 90 13 DE E0 FF 74 05
E2A0H: 90 82 4D 12 2B 58 80 00 7F 00 90 0E 85 12 45 64
E2B0H: 74 01 12 44 3C C2 6B C2 4A 90 13 DF 74 FF F0 74
E2C0H: 04 90 98 1F 12 2B 58 D3 22 C2 3E 90 1E 61 74 01
E2D0H: F0 90 1E 60 F0 C3 74 05 90 B5 0F 12 2B 58 90 1E
E2E0H: F6 E0 F5 5D A3 E0 F5 5E C2 75 C2 70 90 13 FB E0
E2F0H: 70 03 02 E6 15 7D 01 7E 0E 7F 94 74 04 90 D2 AE
E300H: 12 2B 58 7D 02 7E 49 7F 59 90 00 63 12 44 9C 7F
E310H: 04 74 05 90 87 05 12 2B 58 90 00 53 74 FA F0 A3
E320H: 74 07 F0 A3 74 01 F0 A3 74 0E F0 A3 74 94 F0 7F
E330H: 04 74 05 90 B3 6A 12 2B 58 90 1E 23 74 01 F0 90
E340H: 1E 5E E4 F0 90 1E 5F F0 30 92 03 20 90 1D 90 0E
E350H: 88 74 01 F0 A3 74 0C F0 7D 01 7E 0E 7F 88 12 E1
E360H: 64 90 1E 61 74 01 F0 90 1E 60 F0 90 1E 23 E0 70
E370H: 03 02 E6 12 90 00 04 E0 54 02 60 05 E0 54 04 70
E380H: 1D 7F 02 74 04 90 E9 85 12 2B 58 74 02 90 83 61
E390H: 12 2B 58 74 04 90 EF 5F 12 2B 58 00 80 FD 30 4C
E3A0H: 08 74 03 90 83 54 12 2B 58 90 11 3D E0 60 1B 7F
E3B0H: 00 74 03 90 9C 4D 12 2B 58 50 0C 90 11 3D E4 F0
E3C0H: 90 1E 65 04 F0 80 03 02 E6 12 90 15 40 E0 60 1B
E3D0H: 7F 07 74 03 90 9C 4D 12 2B 58 50 0C 90 15 40 E4
E3E0H: F0 90 1E 65 04 F0 80 03 02 E6 12 74 04 90 F9 3F
E3F0H: 12 2B 58 40 02 80 F4 20 97 2A 90 0E 88 74 01 F0
E400H: A3 74 0A F0 7D 01 7E 0E 7F 88 12 E1 64 90 1E 5E
E410H: 74 01 F0 90 1E 60 E0 60 09 90 1E 5E E4 F0 90 1E
E420H: 60 F0 80 06 90 1E 60 74 01 F0 90 1E 5E E0 60 29
E430H: 74 04 90 F9 64 12 2B 58 50 10 90 1E 2A E0 04 F0
E440H: 70 06 90 1E 29 E0 04 F0 80 0F 90 1E 2A E0 14 F0
E450H: 04 70 06 90 1E 29 E0 14 F0 74 04 90 F9 64 12 2B
E460H: 58 40 02 80 F4 90 21 4C E0 64 03 60 05 E0 64 02
E470H: 70 28 D2 B3 90 0E 92 E4 F0 A3 F0 C3 90 0E 93 E0
E480H: 94 1E 90 0E 92 E0 64 80 94 80 50 0C 79 01 7A 0E
E490H: 7B 92 D3 12 46 3C 80 E3 C2 B3 90 1C 40 E0 70 19
E4A0H: 90 00 0D E0 54 40 60 08 A2 B3 B3 E4 33 FF 80 06
E4B0H: A2 B5 B3 E4 33 FF EF 70 0A E5 53 60 30 90 1C 40
E4C0H: E0 60 2A 90 0E 88 74 01 F0 A3 74 0B F0 7D 01 7E
E4D0H: 0E 7F 88 12 E1 64 90 1E 5F 74 01 F0 90 1E 61 E0
E4E0H: 60 09 90 1E 5F E4 F0 90 1E 61 F0 80 06 90 1E 61
E4F0H: 74 01 F0 74 04 90 FA 1B 12 2B 58 90 1E 24 E0 70
E500H: 09 90 1E 65 E0 70 03 02 E5 99 7D 01 7E 1E 7F 35
E510H: 90 0D 8C 12 44 9C 7F 00 74 04 90 B7 AA 12 2B 58
E520H: 90 1E 65 E4 F0 90 1E 5E E0 60 4C 90 1E 5F E0 60
E530H: 46 74 04 90 F9 89 12 2B 58 50 1E 90 1E 2A E0 04
E540H: F0 70 06 90 1E 29 E0 04 F0 90 1E 2C E0 04 F0 70
E550H: 06 90 1E 2B E0 04 F0 80 1E 90 1E 2A E0 14 F0 04
E560H: 70 06 90 1E 29 E0 14 F0 90 1E 2C E0 14 F0 04 70
E570H: 06 90 1E 2B E0 14 F0 74 04 90 F9 89 12 2B 58 40
E580H: 02 80 F4 90 00 0E 74 80 F0 7F 00 74 05 90 82 4D
E590H: 12 2B 58 90 00 0F 74 80 F0 74 04 90 F9 AE 12 2B
E5A0H: 58 40 02 80 F4 90 16 74 E0 FF A3 E0 4F 60 58 74
E5B0H: 04 90 F7 F2 12 2B 58 90 0E 9C EE F0 A3 EF F0 7F
E5C0H: 00 7E 00 7D A0 7C 40 79 01 7A 16 7B 74 90 3C F9
E5D0H: 12 43 FF 90 0E 9C E0 FE A3 E0 FF 74 04 90 F9 D3
E5E0H: 12 2B 58 40 02 80 EC 90 16 74 12 45 F0 12 40 7B
E5F0H: 90 1E 28 E0 2F F0 90 1E 27 E0 3E F0 E4 FF FE FD
E600H: FC 90 16 74 12 44 D2 74 04 90 FA 64 12 2B 58 02
E610H: E3 3F 02 EA 7C 90 1E 64 E0 70 05 90 13 FC E4 F0
E620H: 90 1E 5E E4 F0 90 1E 5F F0 90 1E 23 E0 70 03 02
E630H: EA 7C 90 00 04 E0 54 02 60 05 E0 54 04 70 1D 7F
E640H: 02 74 04 90 E9 85 12 2B 58 74 02 90 83 61 12 2B
E650H: 58 74 04 90 EF 5F 12 2B 58 00 80 FD 30 4C 08 74
E660H: 03 90 83 54 12 2B 58 90 11 3D E0 60 1B 7F 00 74
E670H: 03 90 9C 4D 12 2B 58 50 0C 90 11 3D E4 F0 90 1E
E680H: 65 04 F0 80 03 02 EA 7C 90 15 40 E0 60 1B 7F 07
E690H: 74 03 90 9C 4D 12 2B 58 50 0C 90 15 40 E4 F0 90
E6A0H: 1E 65 04 F0 80 03 02 EA 7C 30 92 03 20 90 1D 90
E6B0H: 0E 88 74 01 F0 A3 74 0C F0 7D 01 7E 0E 7F 88 12
E6C0H: E1 64 90 1E 61 74 01 F0 90 1E 60 F0 90 1E 62 E0
E6D0H: 70 03 02 E8 55 30 69 0E 90 13 FC E4 F0 D2 3E 90
E6E0H: 1E 64 F0 02 E8 55 20 3E 0A 90 1E 64 E0 14 60 03
E6F0H: 02 E8 55 90 13 FC E0 04 F0 E0 14 70 2E 7F 20 7E
E700H: 00 7D 00 7C 00 90 1E 35 12 44 D2 7D 01 7E 1E 7F
E710H: 35 90 0D 8C 12 44 9C 7F 00 74 04 90 B7 AA 12 2B
E720H: 58 7F 00 74 05 90 82 4D 12 2B 58 90 13 FC E0 14
E730H: 60 03 02 E7 BA 90 1E 63 E0 04 70 03 02 E7 BA 90
E740H: 1E 23 E4 F0 30 97 02 80 FB 90 0E 88 74 01 F0 A3
E750H: 74 0A F0 7D 01 7E 0E 7F 88 12 E1 64 7D 01 7E 0E
E760H: 7F 8E 90 05 30 12 44 9C 7D 01 7E 0E 7F 8A 74 04
E770H: 90 CE E5 12 2B 58 90 0E 8E 12 45 F0 90 0C 85 12
E780H: 44 D2 90 0E 8A 12 45 F0 74 02 90 D7 93 12 2B 58
E790H: 40 1A 90 0E 8E 12 45 F0 90 0B D7 12 44 D2 90 0E
E7A0H: 8A 12 45 F0 74 02 90 D4 8F 12 2B 58 90 1E 63 E0
E7B0H: 70 06 90 1E 63 74 02 F0 80 0D 90 13 FC E0 14 70
E7C0H: 06 90 13 FC 74 02 F0 90 13 FC E0 14 70 3C 90 1E
E7D0H: 23 E4 F0 90 1E 64 04 F0 7D 02 7E 49 7F 5B 90 03
E7E0H: 81 12 44 9C 90 1E 63 E0 FF E4 90 03 84 F0 A3 EF
E7F0H: F0 7D 01 7E 11 7F DE 74 05 90 AD D7 12 2B 58 90
E800H: 13 DE 74 FE F0 D2 49 02 EA 7C 90 13 FC E0 64 02
E810H: 70 2F 90 1E 23 E4 F0 90 1E 64 04 F0 7D 02 7E 49
E820H: 7F 63 90 03 81 12 44 9C 7D 01 7E 11 7F DE 74 05
E830H: 90 AD D7 12 2B 58 90 13 DE 74 FE F0 D2 49 02 EA
E840H: 7C 90 13 FC E0 C3 94 03 40 0B 90 13 FC E4 F0 C2
E850H: 3E 90 1E 64 F0 74 04 90 F9 3F 12 2B 58 40 02 80
E860H: F4 20 97 2A 90 0E 88 74 01 F0 A3 74 0A F0 7D 01
E870H: 7E 0E 7F 88 12 E1 64 90 1E 5E 74 01 F0 90 1E 60
E880H: E0 60 09 90 1E 5E E4 F0 90 1E 60 F0 80 06 90 1E
E890H: 60 74 01 F0 90 1E 5E E0 60 29 74 04 90 F9 64 12
E8A0H: 2B 58 50 10 90 1E 2A E0 04 F0 70 06 90 1E 29 E0
E8B0H: 04 F0 80 0F 90 1E 2A E0 14 F0 04 70 06 90 1E 29
E8C0H: E0 14 F0 74 04 90 F9 64 12 2B 58 40 02 80 F4 90
E8D0H: 21 4C E0 64 03 60 05 E0 64 02 70 28 D2 B3 90 0E
E8E0H: 92 E4 F0 A3 F0 C3 90 0E 93 E0 94 1E 90 0E 92 E0
E8F0H: 64 80 94 80 50 0C 79 01 7A 0E 7B 92 D3 12 46 3C
E900H: 80 E3 C2 B3 90 1C 40 E0 70 19 90 00 0D E0 54 40
E910H: 60 08 A2 B3 B3 E4 33 FF 80 06 A2 B5 B3 E4 33 FF
E920H: EF 70 0A E5 53 60 30 90 1C 40 E0 60 2A 90 0E 88
E930H: 74 01 F0 A3 74 0B F0 7D 01 7E 0E 7F 88 12 E1 64
E940H: 90 1E 5F 74 01 F0 90 1E 61 E0 60 09 90 1E 5F E4
E950H: F0 90 1E 61 F0 80 06 90 1E 61 74 01 F0 74 04 90
E960H: FA 1B 12 2B 58 90 1E 24 E0 70 09 90 1E 65 E0 70
E970H: 03 02 EA 03 7D 01 7E 1E 7F 35 90 0D 8C 12 44 9C
E980H: 7F 00 74 04 90 B7 AA 12 2B 58 90 1E 65 E4 F0 90
E990H: 1E 5E E0 60 4C 90 1E 5F E0 60 46 74 04 90 F9 89
E9A0H: 12 2B 58 50 1E 90 1E 2A E0 04 F0 70 06 90 1E 29
E9B0H: E0 04 F0 90 1E 2C E0 04 F0 70 06 90 1E 2B E0 04
E9C0H: F0 80 1E 90 1E 2A E0 14 F0 04 70 06 90 1E 29 E0
E9D0H: 14 F0 90 1E 2C E0 14 F0 04 70 06 90 1E 2B E0 14
E9E0H: F0 74 04 90 F9 89 12 2B 58 40 02 80 F4 90 00 0E
E9F0H: 74 80 F0 7F 00 74 05 90 82 4D 12 2B 58 90 00 0F
EA00H: 74 80 F0 74 04 90 F9 AE 12 2B 58 40 02 80 F4 90
EA10H: 16 74 E0 FF A3 E0 4F 60 58 74 04 90 F7 F2 12 2B
EA20H: 58 90 0E 94 EE F0 A3 EF F0 7F 00 7E 00 7D A0 7C
EA30H: 40 79 01 7A 16 7B 74 90 3C F9 12 43 FF 90 0E 94
EA40H: E0 FE A3 E0 FF 74 04 90 F9 D3 12 2B 58 40 02 80
EA50H: EC 90 16 74 12 45 F0 12 40 7B 90 1E 28 E0 2F F0
EA60H: 90 1E 27 E0 3E F0 E4 FF FE FD FC 90 16 74 12 44
EA70H: D2 74 04 90 FA 64 12 2B 58 02 E6 20 90 1E 23 E4
EA80H: F0 7D 00 7E 00 7F 00 D3 74 05 90 B5 0F 12 2B 58
EA90H: 20 69 55 90 00 99 74 D2 F0 7F 02 74 05 90 8D AF
EAA0H: 12 2B 58 90 00 54 EF F0 90 00 53 74 D2 F0 7D 01
EAB0H: 7E 1B 7F FA 90 00 55 12 44 9C 7F 02 74 05 90 B3
EAC0H: 6A 12 2B 58 40 00 90 00 53 74 D3 F0 A3 74 04 F0
EAD0H: A3 74 01 F0 A3 74 11 F0 A3 74 10 F0 7F 02 74 05
EAE0H: 90 B3 6A 12 2B 58 40 00 74 01 90 C4 9E 12 2B 58
EAF0H: 90 1E 64 E0 70 22 7F 00 74 01 90 C6 CF 12 2B 58
EB00H: 7F 01 74 03 90 AF 6C 12 2B 58 90 15 65 E0 64 02
EB10H: 70 06 75 5D 00 75 5E F4 D2 75 D2 70 02 2B 7E 74
EB20H: 03 90 8B 83 12 2B 58 90 1E 22 E0 14 70 15 90 1E
EB30H: 23 E0 14 70 0E 74 02 90 E2 C9 12 2B 58 30 49 03
EB40H: 02 ED 93 90 11 CC E0 60 0F 90 0E 9E 74 FF F0 7D
EB50H: 01 7E 0E 7F 9E 12 E1 64 30 64 18 90 0E 9E 74 01
EB60H: F0 A3 04 F0 7D 01 7E 0E 7F 9E 12 E1 64 30 49 03
EB70H: 02 ED 93 30 4E 19 90 0E 9E 74 01 F0 A3 74 04 F0
EB80H: 7D 01 7E 0E 7F 9E 12 E1 64 30 49 03 02 ED 93 30
EB90H: 4C 19 90 0E 9E 74 01 F0 A3 74 05 F0 7D 01 7E 0E
EBA0H: 7F 9E 12 E1 64 30 49 03 02 ED 93 30 4B 19 90 0E
EBB0H: 9E 74 01 F0 A3 74 06 F0 7D 01 7E 0E 7F 9E 12 E1
EBC0H: 64 30 49 03 02 ED 93 30 4D 19 90 0E 9E 74 01 F0
EBD0H: A3 74 07 F0 7D 01 7E 0E 7F 9E 12 E1 64 30 49 03
EBE0H: 02 ED 93 90 11 3D E0 60 2E 90 1E FF E0 14 70 0E
EBF0H: 90 15 69 E0 64 0A 70 06 90 1B 7D 74 01 F0 90 0E
EC00H: 9E 74 01 F0 A3 74 08 F0 7D 01 7E 0E 7F 9E 12 E1
EC10H: 64 30 49 03 02 ED 93 90 15 40 E0 60 19 90 0E 9E
EC20H: 74 01 F0 A3 74 09 F0 7D 01 7E 0E 7F 9E 12 E1 64
EC30H: 30 49 03 02 ED 93 90 1D F3 E0 54 02 60 1F 30 92
EC40H: 03 20 90 19 90 0E 9E 74 01 F0 A3 74 0C F0 7D 01
EC50H: 7E 0E 7F 9E 12 E1 64 30 49 03 02 ED 93 90 1D F3
EC60H: E0 54 04 60 42 90 1C 40 E0 70 19 90 00 0D E0 54
EC70H: 40 60 08 A2 B3 B3 E4 33 FF 80 06 A2 B5 B3 E4 33
EC80H: FF EF 70 0A E5 53 60 1F 90 1C 40 E0 60 19 90 0E
EC90H: 9E 74 01 F0 A3 74 0B F0 7D 01 7E 0E 7F 9E 12 E1
ECA0H: 64 30 49 03 02 ED 93 90 1D F3 E0 54 01 60 1C 20
ECB0H: 97 19 90 0E 9E 74 01 F0 A3 74 0A F0 7D 01 7E 0E
ECC0H: 7F 9E 12 E1 64 30 49 03 02 ED 93 30 12 19 90 0E
ECD0H: 9E 74 01 F0 A3 74 0D F0 7D 01 7E 0E 7F 9E 12 E1
ECE0H: 64 30 49 03 02 ED 93 30 14 19 90 0E 9E 74 01 F0
ECF0H: A3 74 0E F0 7D 01 7E 0E 7F 9E 12 E1 64 30 49 03
ED00H: 02 ED 93 30 17 3A 90 13 E3 E0 60 17 90 13 E3 E0
ED10H: 14 F0 90 00 28 74 BE F0 A3 74 BC F0 7F 09 12 31
ED20H: E4 80 1D 30 52 0A 7F 03 74 04 90 E9 85 12 2B 58
ED30H: 90 13 E1 E0 FE A3 E0 FF 74 04 90 EF 86 12 2B 58
ED40H: 30 15 2A 90 13 E4 E0 60 17 90 13 E4 E0 14 F0 90
ED50H: 00 28 74 BE F0 A3 74 BC F0 7F 07 12 31 E4 80 0D
ED60H: 74 02 90 83 61 12 2B 58 7F 07 12 32 DE 30 67 20
ED70H: C2 67 90 15 64 E0 70 18 90 15 65 E0 70 12 7F 01
ED80H: 74 04 90 E9 85 12 2B 58 74 04 90 EF 5F 12 2B 58
ED90H: 02 EB 27 30 49 12 90 0E 9E E4 F0 A3 74 03 F0 7D
EDA0H: 01 7E 0E 7F 9E 12 E1 64 02 EB 27 90 00 6C 12 44
EDB0H: 9C 79 01 7A 13 7B F9 90 00 6C 12 45 A6 7C 02 75
EDC0H: F0 01 12 43 6C 02 2B 7E E4 90 1E E1 FE E0 54 01
EDD0H: 4E 60 13 90 1E E8 E0 FE A3 E0 44 01 90 1E E8 CE
EDE0H: F0 A3 EE F0 80 11 90 1E E8 E0 FE A3 E0 54 FE 90
EDF0H: 1E E8 CE F0 A3 EE F0 90 1E E4 E0 FE A3 E0 FF 90
EE00H: 1E E0 E0 52 06 A3 E0 52 07 E4 FE 53 07 02 EF 4E
EE10H: 60 13 90 1E E8 E0 FE A3 E0 44 02 90 1E E8 CE F0
EE20H: A3 EE F0 80 11 90 1E E8 E0 FE A3 E0 54 FD 90 1E
EE30H: E8 CE F0 A3 EE F0 E4 90 1E E1 FE E0 54 04 4E 60
EE40H: 13 90 1E E8 E0 FE A3 E0 44 04 90 1E E8 CE F0 A3
EE50H: EE F0 80 11 90 1E E8 E0 FE A3 E0 54 FB 90 1E E8
EE60H: CE F0 A3 EE F0 E4 90 1E E1 FE E0 54 08 4E 60 13
EE70H: 90 1E E8 E0 FE A3 E0 44 08 90 1E E8 CE F0 A3 EE
EE80H: F0 80 11 90 1E E8 E0 FE A3 E0 54 F7 90 1E E8 CE
EE90H: F0 A3 EE F0 E4 90 1E E1 FE E0 54 10 4E 60 13 90
EEA0H: 1E E8 E0 FE A3 E0 44 10 90 1E E8 CE F0 A3 EE F0
EEB0H: 80 11 90 1E E8 E0 FE A3 E0 54 EF 90 1E E8 CE F0
EEC0H: A3 EE F0 90 1E E4 E0 FE A3 E0 FF 90 1E E0 E0 62
EED0H: 06 A3 E0 62 07 E4 FE 53 07 20 EF 4E 70 13 90 1E
EEE0H: E8 E0 FE A3 E0 44 20 90 1E E8 CE F0 A3 EE F0 80
EEF0H: 11 90 1E E8 E0 FE A3 E0 54 DF 90 1E E8 CE F0 A3
EF00H: EE F0 90 1E E4 E0 FE A3 E0 FF 90 1E E0 E0 52 06
EF10H: A3 E0 52 07 E4 FE 53 07 40 EF 4E 60 13 90 1E E8
EF20H: E0 FE A3 E0 44 40 90 1E E8 CE F0 A3 EE F0 80 11
EF30H: 90 1E E8 E0 FE A3 E0 54 BF 90 1E E8 CE F0 A3 EE
EF40H: F0 E4 90 1E E1 FE E0 54 80 4E 60 13 90 1E E8 E0
EF50H: FE A3 E0 44 80 90 1E E8 CE F0 A3 EE F0 80 11 90
EF60H: 1E E8 E0 FE A3 E0 54 7F 90 1E E8 CE F0 A3 EE F0
EF70H: 90 1E E4 E0 FE A3 E0 FF 90 1E E0 E0 52 06 A3 E0
EF80H: 52 07 53 06 01 E4 4E 60 13 90 1E E8 E0 44 01 FE
EF90H: A3 E0 90 1E E8 CE F0 A3 EE F0 80 11 90 1E E8 E0
EFA0H: 54 FE FE A3 E0 90 1E E8 CE F0 A3 EE F0 90 1E E4
EFB0H: E0 FE A3 E0 FF 90 1E E0 E0 52 06 A3 E0 52 07 53
EFC0H: 06 02 E4 4E 60 13 90 1E E8 E0 44 02 FE A3 E0 90
EFD0H: 1E E8 CE F0 A3 EE F0 80 11 90 1E E8 E0 54 FD FE
EFE0H: A3 E0 90 1E E8 CE F0 A3 EE F0 90 1E E4 E0 FE A3
EFF0H: E0 FF 90 1E E0 E0 52 06 A3 E0 52 07 53 06 04 E4
F000H: 4E 60 13 90 1E E8 E0 44 04 FE A3 E0 90 1E E8 CE
F010H: F0 A3 EE F0 80 11 90 1E E8 E0 54 FB FE A3 E0 90
F020H: 1E E8 CE F0 A3 EE F0 90 1E E4 E0 FE A3 E0 FF 90
F030H: 1E E0 E0 52 06 A3 E0 52 07 53 06 08 E4 4E 60 13
F040H: 90 1E E8 E0 44 08 FE A3 E0 90 1E E8 CE F0 A3 EE
F050H: F0 80 11 90 1E E8 E0 54 F7 FE A3 E0 90 1E E8 CE
F060H: F0 A3 EE F0 90 1E E4 E0 FE A3 E0 FF 90 1E E0 E0
F070H: 52 06 A3 E0 52 07 53 06 10 E4 4E 60 13 90 1E E8
F080H: E0 44 10 FE A3 E0 90 1E E8 CE F0 A3 EE F0 80 11
F090H: 90 1E E8 E0 54 EF FE A3 E0 90 1E E8 CE F0 A3 EE
F0A0H: F0 90 1E E4 E0 FE A3 E0 FF 90 1E E0 E0 52 06 A3
F0B0H: E0 52 07 53 06 20 E4 4E 60 13 90 1E E8 E0 44 20
F0C0H: FE A3 E0 90 1E E8 CE F0 A3 EE F0 80 11 90 1E E8
F0D0H: E0 54 DF FE A3 E0 90 1E E8 CE F0 A3 EE F0 90 1E
F0E0H: E4 E0 FE A3 E0 FF 90 1E E0 E0 52 06 A3 E0 52 07
F0F0H: 53 06 40 E4 4E 60 13 90 1E E8 E0 44 40 FE A3 E0
F100H: 90 1E E8 CE F0 A3 EE F0 80 11 90 1E E8 E0 54 BF
F110H: FE A3 E0 90 1E E8 CE F0 A3 EE F0 90 1E E6 E0 FE
F120H: A3 E0 FF 90 1E E2 E0 52 06 A3 E0 52 07 E4 FE 53
F130H: 07 01 EF 4E 60 13 90 1E EA E0 FE A3 E0 44 01 90
F140H: 1E EA CE F0 A3 EE F0 80 11 90 1E EA E0 FE A3 E0
F150H: 54 FE 90 1E EA CE F0 A3 EE F0 90 1E E6 E0 FE A3
F160H: E0 FF 90 1E E2 E0 52 06 A3 E0 52 07 E4 FE 53 07
F170H: 02 EF 4E 60 13 90 1E EA E0 FE A3 E0 44 02 90 1E
F180H: EA CE F0 A3 EE F0 80 11 90 1E EA E0 FE A3 E0 54
F190H: FD 90 1E EA CE F0 A3 EE F0 90 1E E6 E0 FE A3 E0
F1A0H: FF 90 1E E2 E0 52 06 A3 E0 52 07 E4 FE 53 07 04
F1B0H: EF 4E 60 13 90 1E EA E0 FE A3 E0 44 04 90 1E EA
F1C0H: CE F0 A3 EE F0 80 11 90 1E EA E0 FE A3 E0 54 FB
F1D0H: 90 1E EA CE F0 A3 EE F0 90 1E E6 E0 FE A3 E0 FF
F1E0H: 90 1E E2 E0 52 06 A3 E0 52 07 E4 FE 53 07 08 EF
F1F0H: 4E 60 13 90 1E EA E0 FE A3 E0 44 08 90 1E EA CE
F200H: F0 A3 EE F0 80 11 90 1E EA E0 FE A3 E0 54 F7 90
F210H: 1E EA CE F0 A3 EE F0 90 1E E6 E0 FE A3 E0 FF 90
F220H: 1E E2 E0 52 06 A3 E0 52 07 E4 FE 53 07 10 EF 4E
F230H: 60 13 90 1E EA E0 FE A3 E0 44 10 90 1E EA CE F0
F240H: A3 EE F0 80 11 90 1E EA E0 FE A3 E0 54 EF 90 1E
F250H: EA CE F0 A3 EE F0 22 7E 00 12 41 6A 01 00 14 00
F260H: F4 03 F2 8C F2 9D F2 AE F2 BF F2 D0 F2 E1 F2 F2
F270H: F3 03 F3 14 F3 25 F3 36 F3 47 F3 58 F3 69 F3 7A
F280H: F3 8B F3 AE F3 BF F3 D0 F3 E1 F3 F2 E4 90 1E E9
F290H: FE E0 54 01 4E 60 02 74 01 13 02 2B 7E E4 90 1E
F2A0H: E9 FE E0 54 02 4E 60 02 74 01 13 02 2B 7E E4 90
F2B0H: 1E E9 FE E0 54 04 4E 60 02 74 01 13 02 2B 7E E4
F2C0H: 90 1E E9 FE E0 54 08 4E 60 02 74 01 13 02 2B 7E
F2D0H: E4 90 1E E9 FE E0 54 10 4E 60 02 74 01 13 02 2B
F2E0H: 7E E4 90 1E E9 FE E0 54 20 4E 60 02 74 01 13 02
F2F0H: 2B 7E E4 90 1E E9 FE E0 54 40 4E 60 02 74 01 13
F300H: 02 2B 7E E4 90 1E E9 FE E0 54 80 4E 60 02 74 01
F310H: 13 02 2B 7E 90 1E E8 E0 54 01 FE E4 4E 60 02 74
F320H: 01 13 02 2B 7E 90 1E E8 E0 54 02 FE E4 4E 60 02
F330H: 74 01 13 02 2B 7E 90 1E E8 E0 54 04 FE E4 4E 60
F340H: 02 74 01 13 02 2B 7E 90 1E E8 E0 54 08 FE E4 4E
F350H: 60 02 74 01 13 02 2B 7E 90 1E E8 E0 54 10 FE E4
F360H: 4E 60 02 74 01 13 02 2B 7E 90 1E E8 E0 54 20 FE
F370H: E4 4E 60 02 74 01 13 02 2B 7E 90 1E E8 E0 54 40
F380H: FE E4 4E 60 02 74 01 13 02 2B 7E 90 1E E8 E0 FE
F390H: A3 E0 FF EE E4 FD FC 7B 00 7A 80 79 00 78 00 12
F3A0H: 3C 93 EF 4E 4D 4C 60 02 74 01 13 02 2B 7E E4 90
F3B0H: 1E EB FE E0 54 01 4E 60 02 74 01 13 02 2B 7E E4
F3C0H: 90 1E EB FE E0 54 02 4E 60 02 74 01 13 02 2B 7E
F3D0H: E4 90 1E EB FE E0 54 04 4E 60 02 74 01 13 02 2B
F3E0H: 7E E4 90 1E EB FE E0 54 08 4E 60 02 74 01 13 02
F3F0H: 2B 7E E4 90 1E EB FE E0 54 10 4E 60 02 74 01 13
F400H: 02 2B 7E C3 02 2B 7E EF 64 01 70 32 90 0B E7 E0
F410H: 14 70 13 90 1E E0 E0 FE A3 E0 44 01 90 1E E0 CE
F420H: F0 A3 EE F0 80 11 90 1E E0 E0 FE A3 E0 54 FE 90
F430H: 1E E0 CE F0 A3 EE F0 12 ED C8 D3 02 2B 7E C3 02
F440H: 2B 7E EF 64 52 70 2B 7D 02 7E 4E 7F 46 90 03 81
F450H: 12 44 9C 90 1E E0 E0 FE A3 E0 90 03 84 CE F0 A3
F460H: EE F0 90 0D 11 12 45 A6 74 05 90 AD D7 12 2B 58
F470H: 80 16 90 00 22 74 01 F0 7F 1E 7E 00 74 04 90 93
F480H: 32 12 2B 58 C3 02 2B 7E D3 02 2B 7E EF 64 52 70
F490H: 2B 7D 02 7E 4E 7F 46 90 03 81 12 44 9C 90 1E E2
F4A0H: E0 FE A3 E0 90 03 84 CE F0 A3 EE F0 90 0D 0D 12
F4B0H: 45 A6 74 05 90 AD D7 12 2B 58 80 16 90 00 22 74
F4C0H: 01 F0 7F 1E 7E 00 74 04 90 93 32 12 2B 58 C3 02
F4D0H: 2B 7E D3 02 2B 7E EF 64 52 70 2C 7D 02 7E 4E 7F
F4E0H: 46 90 03 81 12 44 9C 90 1E E4 E0 FE A3 E0 90 03
F4F0H: 84 CE F0 A3 EE F0 90 0D 09 12 45 A6 74 05 90 AD
F500H: D7 12 2B 58 02 F5 A4 EF 64 57 60 03 02 F5 8E E4
F510H: FF FE FD 90 0C FF 12 44 9C A3 E4 F0 A3 74 0A F0
F520H: 90 0D 09 12 45 A6 74 04 90 9A B5 12 2B 58 90 1E
F530H: E4 EE F0 A3 EF F0 12 ED C8 E4 90 1E E9 FE E0 54
F540H: 20 4E 70 10 74 02 90 83 61 12 2B 58 74 04 90 EF
F550H: 5F 12 2B 58 90 21 4C E0 64 03 70 0B 90 1E E8 E0
F560H: 54 10 FE E4 4E 60 13 90 21 4C E0 64 04 70 1D E4
F570H: 90 1E E9 FE E0 54 08 4E 70 12 90 00 22 74 03 F0
F580H: 7F 2D 7E 00 74 04 90 93 32 12 2B 58 80 16 90 00
F590H: 22 74 01 F0 7F 1E 7E 00 74 04 90 93 32 12 2B 58
F5A0H: C3 02 2B 7E D3 02 2B 7E EF 64 52 70 2B 7D 02 7E
F5B0H: 4E 7F 46 90 03 81 12 44 9C 90 1E E6 E0 FE A3 E0
F5C0H: 90 03 84 CE F0 A3 EE F0 90 0D 05 12 45 A6 74 05
F5D0H: 90 AD D7 12 2B 58 80 47 EF 64 57 70 2C E4 FF FE
F5E0H: FD 90 0C FF 12 44 9C A3 E4 F0 A3 74 0A F0 90 0D
F5F0H: 05 12 45 A6 74 04 90 9A B5 12 2B 58 90 1E E6 EE
F600H: F0 A3 EF F0 12 ED C8 80 16 90 00 22 74 01 F0 7F
F610H: 1E 7E 00 74 04 90 93 32 12 2B 58 C3 02 2B 7E D3
F620H: 02 2B 7E 90 05 81 EF F0 70 07 90 1E E0 E4 F0 A3
F630H: F0 90 05 81 E0 60 04 E0 14 70 42 7D 02 7E 4E 7F
F640H: 49 90 00 89 12 44 9C 7D 01 7E 1E 7F AF 74 05 90
F650H: A8 45 12 2B 58 EF 4E 70 13 90 1E E0 E0 FE A3 E0
F660H: 44 01 90 1E E0 CE F0 A3 EE F0 80 11 90 1E E0 E0
F670H: FE A3 E0 54 FE 90 1E E0 CE F0 A3 EE F0 90 05 81
F680H: E0 60 05 E0 64 02 70 11 90 1E E0 E0 FE A3 E0 54
F690H: FD 90 1E E0 CE F0 A3 EE F0 90 05 81 E0 60 05 E0
F6A0H: 64 03 70 2B 90 21 4C E0 14 70 13 90 1E E0 E0 FE
F6B0H: A3 E0 44 04 90 1E E0 CE F0 A3 EE F0 80 11 90 1E
F6C0H: E0 E0 FE A3 E0 54 FB 90 1E E0 CE F0 A3 EE F0 90
F6D0H: 05 81 E0 60 05 E0 64 04 70 11 90 1E E0 E0 FE A3
F6E0H: E0 44 08 90 1E E0 CE F0 A3 EE F0 90 05 81 E0 60
F6F0H: 05 E0 64 05 70 35 74 05 90 94 00 12 2B 58 C3 EF
F700H: 94 02 EE 94 00 40 13 90 1E E0 E0 FE A3 E0 44 10
F710H: 90 1E E0 CE F0 A3 EE F0 80 11 90 1E E0 E0 FE A3
F720H: E0 54 EF 90 1E E0 CE F0 A3 EE F0 90 05 81 E0 60
F730H: 05 E0 64 06 70 46 79 02 7A 4E 7B 4E 7D 01 7E 22
F740H: 7F 25 12 41 D1 60 11 79 02 7A 4E 7B 52 7D 01 7E
F750H: 22 7F 25 12 41 D1 70 13 90 1E E0 E0 FE A3 E0 44
F760H: 20 90 1E E0 CE F0 A3 EE F0 80 11 90 1E E0 E0 FE
F770H: A3 E0 54 DF 90 1E E0 CE F0 A3 EE F0 90 05 81 E0
F780H: 60 05 E0 64 07 70 11 90 1E E0 E0 FE A3 E0 44 40
F790H: 90 1E E0 CE F0 A3 EE F0 90 05 81 E0 60 05 E0 64
F7A0H: 08 70 2A 90 27 C7 E0 60 13 90 1E E0 E0 FE A3 E0
F7B0H: 44 80 90 1E E0 CE F0 A3 EE F0 80 11 90 1E E0 E0
F7C0H: FE A3 E0 54 7F 90 1E E0 CE F0 A3 EE F0 90 05 81
F7D0H: E0 60 05 E0 64 09 70 11 90 1E E0 E0 44 01 FE A3
F7E0H: E0 90 1E E0 CE F0 A3 EE F0 90 05 81 E0 60 05 E0
F7F0H: 64 0A 70 11 90 1E E0 E0 44 02 FE A3 E0 90 1E E0
F800H: CE F0 A3 EE F0 90 05 81 E0 60 05 E0 64 0B 70 2B
F810H: 90 27 C8 E0 14 70 13 90 1E E0 E0 44 04 FE A3 E0
F820H: 90 1E E0 CE F0 A3 EE F0 80 11 90 1E E0 E0 54 FB
F830H: FE A3 E0 90 1E E0 CE F0 A3 EE F0 90 05 81 E0 60
F840H: 05 E0 64 0C 70 2C 90 21 4C E0 64 02 70 13 90 1E
F850H: E0 E0 44 08 FE A3 E0 90 1E E0 CE F0 A3 EE F0 80
F860H: 11 90 1E E0 E0 54 F7 FE A3 E0 90 1E E0 CE F0 A3
F870H: EE F0 90 05 81 E0 60 05 E0 64 0D 70 2C 90 21 4C
F880H: E0 64 03 70 13 90 1E E0 E0 44 10 FE A3 E0 90 1E
F890H: E0 CE F0 A3 EE F0 80 11 90 1E E0 E0 54 EF FE A3
F8A0H: E0 90 1E E0 CE F0 A3 EE F0 90 05 81 E0 60 05 E0
F8B0H: 64 0E 70 11 90 1E E0 E0 44 20 FE A3 E0 90 1E E0
F8C0H: CE F0 A3 EE F0 90 05 81 E0 60 05 E0 64 0F 70 11
F8D0H: 90 1E E0 E0 44 40 FE A3 E0 90 1E E0 CE F0 A3 EE
F8E0H: F0 90 1E E0 E0 44 80 FE A3 E0 90 1E E0 CE F0 A3
F8F0H: EE F0 90 05 81 E0 60 05 E0 64 11 70 11 90 1E E2
F900H: E0 FE A3 E0 54 FE 90 1E E2 CE F0 A3 EE F0 90 05
F910H: 81 E0 60 05 E0 64 12 70 11 90 1E E2 E0 FE A3 E0
F920H: 54 FD 90 1E E2 CE F0 A3 EE F0 90 05 81 E0 60 05
F930H: E0 64 13 70 11 90 1E E2 E0 FE A3 E0 54 FB 90 1E
F940H: E2 CE F0 A3 EE F0 90 05 81 E0 60 05 E0 64 14 70
F950H: 2C 90 21 4C E0 64 04 70 13 90 1E E2 E0 FE A3 E0
F960H: 44 08 90 1E E2 CE F0 A3 EE F0 80 11 90 1E E2 E0
F970H: FE A3 E0 54 F7 90 1E E2 CE F0 A3 EE F0 90 05 81
F980H: E0 60 05 E0 64 15 70 11 90 1E E2 E0 FE A3 E0 44
F990H: 10 90 1E E2 CE F0 A3 EE F0 90 1E E0 E0 FE A3 E0
F9A0H: 90 1E E4 CE F0 A3 EE F0 90 1E E2 E0 FE A3 E0 90
F9B0H: 1E E6 CE F0 A3 EE F0 12 ED C8 02 2B 7E 90 05 6D
F9C0H: EF F0 64 52 70 38 7D 01 7E 11 7F 28 90 03 AD 12
F9D0H: 44 9C 7D 01 7E 11 7F 10 12 29 B7 90 03 EC 74 09
F9E0H: F0 90 05 6E 12 45 A6 90 03 ED 12 44 9C 90 11 28
F9F0H: 12 45 F0 74 04 90 8A 35 12 2B 58 02 FA 7F 90 05
FA00H: 6D E0 64 57 70 63 90 03 C9 74 09 F0 A3 74 01 F0
FA10H: A3 74 11 F0 A3 74 28 F0 90 05 6E 12 45 A6 74 04
FA20H: 90 88 8D 12 2B 58 7D 01 7E 1B 7F FE 90 03 AD 12
FA30H: 44 9C 7D 01 7E 11 7F 28 12 2A 1A 90 11 16 E4 F0
FA40H: A3 F0 FF FE FD FC 90 11 20 12 44 D2 90 1C 15 E0
FA50H: FE A3 E0 90 1C 11 CE F0 A3 EE F0 90 1B FE 12 45
FA60H: F0 90 11 10 12 44 D2 80 16 90 00 22 74 01 F0 7F
FA70H: 1E 7E 00 74 04 90 93 32 12 2B 58 C3 02 2B 7E D3
FA80H: 02 2B 7E E4 90 1C 12 FE E0 54 01 FF E4 90 1C 16
FA90H: FA E0 54 01 FB EF C3 9B FF EE 9A FE 90 21 04 E0
FAA0H: FA A3 E0 FB 12 3A A6 90 11 16 EE F0 A3 EF F0 E4
FAB0H: 90 1C 12 FE E0 54 02 FF E4 90 1C 16 FA E0 54 02
FAC0H: FB EF C3 9B FF EE 9A A2 E7 13 FE EF 13 FF 90 21
FAD0H: 06 E0 FA A3 E0 FB 12 3A A6 90 11 17 E0 2F F0 90
FAE0H: 11 16 E0 3E F0 E4 90 1C 12 FE E0 54 04 FF E4 90
FAF0H: 1C 16 FA E0 54 04 FB EF C3 9B FF EE 9A 7E 02 A2
FB00H: E7 13 CF 13 CF DE F8 FE 90 21 12 E0 FA A3 E0 FB
FB10H: 12 3A A6 90 11 17 E0 2F F0 90 11 16 E0 3E F0 E4
FB20H: 90 1C 12 FE E0 54 08 FF E4 90 1C 16 FA E0 54 08
FB30H: FB EF C3 9B FF EE 9A 7E 03 A2 E7 13 CF 13 CF DE
FB40H: F8 FE 90 21 08 E0 FA A3 E0 FB 12 3A A6 90 11 17
FB50H: E0 2F F0 90 11 16 E0 3E F0 E4 90 1C 12 FE E0 54
FB60H: 10 FF E4 90 1C 16 FA E0 54 10 FB EF C3 9B FF EE
FB70H: 9A 7E 04 A2 E7 13 CF 13 CF DE F8 FE 90 21 0A E0
FB80H: FA A3 E0 FB 12 3A A6 90 11 17 E0 2F F0 90 11 16
FB90H: E0 3E F0 E4 90 1C 12 FE E0 54 20 FF E4 90 1C 16
FBA0H: FA E0 54 20 FB EF C3 9B FF EE 9A 7E 05 A2 E7 13
FBB0H: CF 13 CF DE F8 FE 90 21 0C E0 FA A3 E0 FB 12 3A
FBC0H: A6 90 11 17 E0 2F F0 90 11 16 E0 3E F0 90 1C 11
FBD0H: E0 54 01 FE E4 FF 90 1C 15 E0 54 01 FA E4 FB EF
FBE0H: C3 9B FF EE 9A FF 33 95 E0 FE 90 21 04 E0 FA A3
FBF0H: E0 FB 12 3A A6 C3 90 11 17 E0 9F F0 90 11 16 E0
FC00H: 9E F0 90 1C 11 E0 54 02 FE E4 FF 90 1C 15 E0 54
FC10H: 02 FA E4 FB EF C3 9B FF EE 9A 7E 09 A2 E7 13 CF
FC20H: 13 CF DE F8 FE 90 21 06 E0 FA A3 E0 FB 12 3A A6
FC30H: C3 90 11 17 E0 9F F0 90 11 16 E0 9E F0 90 1C 11
FC40H: E0 54 04 FE E4 FF 90 1C 15 E0 54 04 FA E4 FB EF
FC50H: C3 9B FF EE 9A 7E 0A A2 E7 13 CF 13 CF DE F8 FE
FC60H: 90 21 12 E0 FA A3 E0 FB 12 3A A6 C3 90 11 17 E0
FC70H: 9F F0 90 11 16 E0 9E F0 90 1C 11 E0 54 08 FE E4
FC80H: FF 90 1C 15 E0 54 08 FA E4 FB EF C3 9B FF EE 9A
FC90H: 7E 0B A2 E7 13 CF 13 CF DE F8 FE 90 21 08 E0 FA
FCA0H: A3 E0 FB 12 3A A6 C3 90 11 17 E0 9F F0 90 11 16
FCB0H: E0 9E F0 90 1C 11 E0 54 10 FE E4 FF 90 1C 15 E0
FCC0H: 54 10 FA E4 FB EF C3 9B FF EE 9A 7E 0C A2 E7 13
FCD0H: CF 13 CF DE F8 FE 90 21 0A E0 FA A3 E0 FB 12 3A
FCE0H: A6 C3 90 11 17 E0 9F F0 90 11 16 E0 9E F0 90 1C
FCF0H: 11 E0 54 20 FE E4 FF 90 1C 15 E0 54 20 FA E4 FB
FD00H: EF C3 9B FF EE 9A 7E 0D A2 E7 13 CF 13 CF DE F8
FD10H: FE 90 21 0C E0 FA A3 E0 FB 12 3A A6 C3 90 11 17
FD20H: E0 9F F0 90 11 16 E0 9E F0 E0 FE A3 E0 FF EE 33
FD30H: 95 E0 FD FC 12 40 B6 7B 00 7A 40 79 1C 78 46 12
FD40H: 3E 67 90 11 18 12 44 D2 90 03 E5 74 09 F0 A3 74
FD50H: 01 F0 A3 74 11 F0 A3 74 2C F0 90 11 18 12 45 F0
FD60H: 74 04 90 8C 8B 12 2B 58 7D 01 7E 11 7F 20 90 03
FD70H: AD 12 44 9C 7D 01 7E 11 7F 2C 12 2A 1A 90 11 16
FD80H: E0 FE A3 E0 90 11 14 CE F0 A3 EE F0 90 11 18 12
FD90H: 45 F0 90 11 1C 12 44 D2 90 11 20 12 45 F0 90 11
FDA0H: 24 12 44 D2 90 1B FE 12 45 F0 90 11 20 E0 F8 A3
FDB0H: E0 F9 A3 E0 FA A3 E0 FB 12 3C 72 90 11 10 12 44
FDC0H: D2 90 1C 06 12 45 F0 90 11 24 E0 F8 A3 E0 F9 A3
FDD0H: E0 FA A3 E0 FB 12 3C 72 90 1C 17 12 44 D2 02 2B
FDE0H: 7E 90 05 71 EF F0 64 52 60 03 02 FE 85 90 05 72
FDF0H: 12 45 64 12 44 F3 60 16 90 00 22 74 01 F0 7F 23
FE00H: 7E 00 74 04 90 93 32 12 2B 58 C3 02 2B 7E 7D 02
FE10H: 7E 47 7F 56 90 03 81 12 44 9C 90 21 04 E0 FE A3
FE20H: E0 90 03 84 CE F0 A3 EE F0 90 21 06 E0 FE A3 E0
FE30H: 90 03 86 CE F0 A3 EE F0 90 21 08 E0 FE A3 E0 90
FE40H: 03 88 CE F0 A3 EE F0 90 21 0A E0 FE A3 E0 90 03
FE50H: 8A CE F0 A3 EE F0 90 21 0C E0 FE A3 E0 90 03 8C
FE60H: CE F0 A3 EE F0 90 21 12 E0 FE A3 E0 90 03 8E CE
FE70H: F0 A3 EE F0 90 05 72 12 45 A6 74 05 90 AD D7 12
FE80H: 2B 58 02 FF 26 90 05 71 E0 64 57 60 03 02 FF 10
FE90H: 7D 02 7E 47 7F 56 90 02 6B 12 44 9C A3 74 01 F0
FEA0H: A3 74 21 F0 A3 74 04 F0 A3 74 01 F0 A3 74 21 F0
FEB0H: A3 74 06 F0 A3 74 01 F0 A3 74 21 F0 A3 74 08 F0
FEC0H: A3 74 01 F0 A3 74 21 F0 A3 74 0A F0 A3 74 01 F0
FED0H: A3 74 21 F0 A3 74 0C F0 A3 74 01 F0 A3 74 21 F0
FEE0H: A3 74 12 F0 90 05 72 12 45 A6 74 05 90 B0 FC 12
FEF0H: 2B 58 EF 64 06 4E 60 16 90 00 22 74 01 F0 7F 23
FF00H: 7E 00 74 04 90 93 32 12 2B 58 C3 02 2B 7E 80 16
FF10H: 90 00 22 74 01 F0 7F 1E 7E 00 74 04 90 93 32 12
FF20H: 2B 58 C3 02 2B 7E 74 02 90 FA 83 12 2B 58 90 00
FF30H: 99 74 D2 F0 7F 02 74 05 90 8D AF 12 2B 58 90 00
FF40H: 54 EF F0 90 00 53 74 D2 F0 7D 01 7E 1C 7F 02 90
FF50H: 00 55 12 44 9C 7F 02 74 05 90 B3 6A 12 2B 58 40
FF60H: 04 C3 02 2B 7E 90 00 53 74 D3 F0 A3 74 04 F0 A3
FF70H: 74 01 F0 A3 74 1C F0 A3 74 17 F0 7F 02 74 05 90
FF80H: B3 6A 12 2B 58 40 04 C3 02 2B 7E D3 02 2B 7E 90
FF90H: 21 04 E4 F0 A3 74 0E F0 90 21 06 E4 F0 A3 74 2B
FFA0H: F0 90 21 08 E4 F0 A3 74 10 F0 90 21 0A E4 F0 A3
FFB0H: 74 2B F0 90 21 0C E4 F0 A3 74 1E F0 90 21 12 E4
FFC0H: F0 A3 74 25 F0 02 2B 7E 90 11 16 E4 F0 A3 F0 FF
FFD0H: FE FD FC 90 11 20 12 44 D2 90 1C 15 E0 FE A3 E0
FFE0H: 90 1C 11 CE F0 A3 EE F0 90 1B FE 12 45 F0 90 11
FFF0H: 10 12 44 D2 02 2B 7E 00 00 00 00 00 00 00 00 00
Bank # 

8000H: 90 1B 78 EF F0 90 07 0C E0 90 1B 79 F0 90 07 0D
8010H: E0 90 1B 7A F0 D3 02 2B 7E 90 0D 7B 12 44 9C 90
8020H: 1E AA E0 60 3C 90 0D 7B 12 45 64 12 44 F3 64 50
8030H: 70 2F 90 0D 7B 12 45 64 74 01 12 44 EE 64 56 70
8040H: 20 90 0D 7B 12 45 64 74 02 12 44 EE 64 2C 70 11
8050H: 90 0D 7B 12 45 64 74 03 12 44 EE 64 32 70 02 C2
8060H: 7C 90 0D 7B 12 45 A6 90 0D 6B 12 44 9C A3 74 01
8070H: F0 A3 74 0D F0 A3 74 76 F0 A3 74 01 F0 A3 74 0D
8080H: F0 A3 74 74 F0 7F 01 74 03 90 D3 D8 12 2B 58 40
8090H: 04 C3 02 2B 7E 90 13 DF 74 01 F0 90 0D 7B 12 45
80A0H: 64 12 44 F3 12 41 AB 80 B7 3F 82 E1 50 81 29 52
80B0H: 81 97 57 00 00 83 02 90 0D 77 E0 FF A3 E0 4F 70
80C0H: 0E 90 0D 75 E0 04 70 07 90 0D 74 E0 04 60 16 90
80D0H: 00 22 74 01 F0 7F 1E 7E 00 74 04 90 93 32 12 2B
80E0H: 58 C3 02 2B 7E 7D 02 7E 66 7F F1 90 00 ED 12 44
80F0H: 9C 90 13 DE E0 FF 74 03 90 99 C4 12 2B 58 90 00
8100H: B0 74 0D F0 90 13 DE E0 FF 74 03 90 97 69 12 2B
8110H: 58 90 00 B0 74 FF F0 90 13 DE E0 FF 74 03 90 97
8120H: 69 12 2B 58 D2 4A 02 83 18 7D 02 7E 4C 7F BF 90
8130H: 03 81 12 44 9C 90 0D 74 E0 FE A3 E0 90 03 84 CE
8140H: F0 A3 EE F0 7D 01 7E 12 7F DE 74 05 90 AD D7 12
8150H: 2B 58 90 00 55 E4 F0 A3 74 3D F0 7D 01 7E 12 7F
8160H: DE 74 05 90 B2 D0 12 2B 58 7B 01 7A 00 74 01 12
8170H: 46 21 8A 06 8B 07 90 05 55 12 44 9C 90 0D 75 E0
8180H: 90 05 54 F0 7F 01 74 05 90 A4 95 12 2B 58 40 04
8190H: C3 02 2B 7E 02 83 18 90 0D 76 12 45 A6 74 05 90
81A0H: A2 92 12 2B 58 90 0D 79 EE F0 A3 EF F0 7D 02 7E
81B0H: 4C 7F C5 90 00 55 12 44 9C A3 E4 F0 A3 74 03 F0
81C0H: 7D 01 7E 21 7F F2 74 05 90 A7 6E 12 2B 58 EF 4E
81D0H: 60 72 7D 02 7E 4C 7F C9 90 00 55 12 44 9C A3 E4
81E0H: F0 A3 74 03 F0 7D 01 7E 21 7F F2 74 05 90 A7 6E
81F0H: 12 2B 58 EF 4E 60 4D 7D 02 7E 4C 7F CD 90 00 55
8200H: 12 44 9C A3 E4 F0 A3 74 03 F0 7D 01 7E 21 7F F2
8210H: 74 05 90 A7 6E 12 2B 58 EF 4E 60 28 7D 02 7E 4C
8220H: 7F D1 90 00 55 12 44 9C A3 E4 F0 A3 74 03 F0 7D
8230H: 01 7E 21 7F F2 74 05 90 A7 6E 12 2B 58 EF 4E 60
8240H: 03 02 82 BB 90 0D 75 E0 64 73 70 06 90 0D 74 E0
8250H: 60 0E 90 0D 75 E0 64 74 70 04 90 0D 74 E0 70 5B
8260H: 90 0D 7A E0 54 08 60 11 90 0D 79 E0 FE A3 E0 54
8270H: F7 90 0D 79 CE F0 A3 EE F0 90 0D 7A E0 54 10 60
8280H: 11 90 0D 79 E0 FE A3 E0 54 EF 90 0D 79 CE F0 A3
8290H: EE F0 7D 02 7E 4C 7F D5 90 03 81 12 44 9C 90 0D
82A0H: 79 E0 FE A3 E0 90 03 84 CE F0 A3 EE F0 90 0D 76
82B0H: 12 45 A6 74 05 90 AD D7 12 2B 58 90 0D 75 E0 90
82C0H: 05 88 F0 90 0D 76 12 45 A6 90 05 89 12 44 9C 7F
82D0H: 01 74 05 90 9F 33 12 2B 58 40 04 C3 02 2B 7E 80
82E0H: 37 90 0D 76 12 45 A6 90 0D 63 12 44 9C 90 0D 75
82F0H: E0 FF 74 03 90 C6 5A 12 2B 58 40 04 C3 02 2B 7E
8300H: 80 16 90 00 22 74 01 F0 7F 1E 7E 00 74 04 90 93
8310H: 32 12 2B 58 C3 02 2B 7E D3 02 2B 7E 20 48 2D 7D
8320H: 02 7E 4C 7F D8 90 03 81 12 44 9C A2 4F E4 33 FF
8330H: E4 A3 F0 A3 EF F0 7D 01 7E 12 7F DE 74 05 90 AD
8340H: D7 12 2B 58 90 13 DF 74 03 F0 80 02 D2 4A C2 4E
8350H: D3 02 2B 7E 90 00 04 E0 54 01 60 03 02 84 41 74
8360H: 04 90 F2 4F 12 2B 58 74 01 90 C4 9E 12 2B 58 90
8370H: 1C 40 E0 60 18 7D 02 7E 4C 7F DF 90 00 63 12 44
8380H: 9C 7F 03 74 05 90 87 05 12 2B 58 80 2C 7D 02 7E
8390H: 4C 7F E3 90 00 63 12 44 9C 7F 03 74 05 90 87 05
83A0H: 12 2B 58 7D 02 7E 4C 7F E5 90 00 63 12 44 9C 7F
83B0H: 03 74 05 90 87 05 12 2B 58 74 03 90 B2 10 12 2B
83C0H: 58 74 03 90 A8 B8 12 2B 58 20 48 1C 7D 02 7E 4C
83D0H: 7F E7 90 03 81 12 44 9C 7D 01 7E 12 7F DE 74 05
83E0H: 90 AD D7 12 2B 58 80 1A 7D 02 7E 4C 7F EE 90 03
83F0H: 81 12 44 9C 7D 01 7E 12 7F DE 74 05 90 AD D7 12
8400H: 2B 58 7D 01 7E 12 7F DE 90 01 FA 12 44 9C 7F 00
8410H: 74 03 90 EF 82 12 2B 58 7F 00 74 05 90 82 4D 12
8420H: 2B 58 7F 5C 7E 06 74 04 90 AE 88 12 2B 58 74 02
8430H: 90 83 61 12 2B 58 74 04 90 EF 5F 12 2B 58 00 80
8440H: FD D2 4A C2 4C D3 02 2B 7E 90 0D 55 E4 F0 C2 4B
8450H: 7F 08 FE 74 04 90 AE 88 12 2B 58 90 00 04 E0 54
8460H: 04 60 05 D2 4A 02 86 04 90 1B 78 E0 70 1D 7F 02
8470H: 74 04 90 E9 85 12 2B 58 74 02 90 83 61 12 2B 58
8480H: 74 04 90 EF 5F 12 2B 58 00 80 FD 20 48 03 02 85
8490H: 49 D2 4A 90 1B 7A E0 70 03 02 85 46 90 0D 55 E4
84A0H: F0 C2 3A 90 00 04 E0 54 04 70 2B 7F 04 7E 00 74
84B0H: 04 90 AE 88 12 2B 58 90 0D 55 E0 04 F0 E0 FF 90
84C0H: 27 C6 E0 6F 70 0E D2 3A 7F 01 74 04 90 E9 85 12
84D0H: 2B 58 80 02 80 CD 74 04 90 86 97 12 2B 58 E4 90
84E0H: 0D 56 F0 A3 EF F0 30 3A 10 90 0D 57 E0 24 00 F0
84F0H: 90 0D 56 E0 34 02 F0 80 0E 90 0D 57 E0 24 00 F0
8500H: 90 0D 56 E0 34 01 F0 7D 02 7E 4C 7F F0 90 03 81
8510H: 12 44 9C 90 0D 56 E0 FE A3 E0 90 03 84 CE F0 A3
8520H: EE F0 7D 01 7E 12 7F DE 74 05 90 AD D7 12 2B 58
8530H: 7D 01 7E 12 7F DE 90 01 FA 12 44 9C 7F 00 74 03
8540H: 90 EF 82 12 2B 58 02 86 04 90 1D F3 E0 54 40 70
8550H: 0B 90 1D F2 E0 54 02 FE E4 4E 60 43 90 1D F3 E0
8560H: 54 80 60 19 90 1E 96 E0 70 13 74 02 90 83 61 12
8570H: 2B 58 74 04 90 EF 5F 12 2B 58 00 80 FD 7D 02 7E
8580H: 4C 7F F6 90 03 81 12 44 9C 7D 01 7E 12 7F DE 74
8590H: 05 90 AD D7 12 2B 58 90 13 DF 74 01 F0 80 65 90
85A0H: 0D 55 E4 F0 C2 3A 90 00 04 E0 54 04 70 2B 7F 04
85B0H: 7E 00 74 04 90 AE 88 12 2B 58 90 0D 55 E0 04 F0
85C0H: E0 FF 90 27 C6 E0 6F 70 0E D2 3A 7F 01 74 04 90
85D0H: E9 85 12 2B 58 80 02 80 CD 7D 02 7E 4C 7F FD 90
85E0H: 03 81 12 44 9C A2 3A E4 33 FF E4 A3 F0 A3 EF F0
85F0H: 7D 01 7E 12 7F DE 74 05 90 AD D7 12 2B 58 90 13
8600H: DF 74 01 F0 D3 02 2B 7E C2 4D 30 48 0E 90 1D F2
8610H: E0 54 01 FE E4 4E 70 03 02 86 A1 7F 21 7E 00 74
8620H: 04 90 AE 88 12 2B 58 90 00 04 E0 54 02 70 72 90
8630H: 1D F2 E0 54 01 FE E4 4E 60 19 90 1E 96 E0 60 13
8640H: 74 02 90 83 61 12 2B 58 74 04 90 EF 5F 12 2B 58
8650H: 00 80 FD 90 1E 96 E0 70 24 7D 02 7E 4C 7F F6 90
8660H: 03 81 12 44 9C 7D 01 7E 12 7F DE 74 05 90 AD D7
8670H: 12 2B 58 90 13 DF 74 01 F0 D3 02 2B 7E 7D 02 7E
8680H: 4D 7F 05 90 03 81 12 44 9C 7D 01 7E 12 7F DE 74
8690H: 05 90 AD D7 12 2B 58 90 13 DF 74 01 F0 D3 02 2B
86A0H: 7E D2 4A D3 02 2B 7E 90 07 12 12 44 9C 90 07 0B
86B0H: 12 44 9C 90 07 11 E4 F0 FF 90 07 15 12 45 64 12
86C0H: 44 41 90 07 12 12 45 64 12 44 F3 64 50 60 10 90
86D0H: 07 12 12 45 64 12 44 F3 64 70 60 03 02 87 A5 90
86E0H: 07 12 12 45 64 74 01 12 44 EE 64 56 60 12 90 07
86F0H: 12 12 45 64 74 01 12 44 EE 64 76 60 03 02 87 A5
8700H: 90 07 12 12 45 64 74 02 12 44 EE 64 2C 60 03 02
8710H: 87 A5 90 07 0D E0 24 03 F0 90 07 0C E0 34 00 F0
8720H: 90 07 11 E4 F0 90 07 0E F0 A3 F0 A3 F0 90 07 0B
8730H: 12 45 64 12 44 F3 64 3D 60 3B 90 07 0B 12 45 64
8740H: 12 44 F3 60 30 79 01 7A 07 7B 0B 90 00 01 12 46
8750H: 65 12 44 F3 90 07 11 E0 04 F0 14 24 0E F5 82 E4
8760H: 34 07 F5 83 EF F0 90 07 11 E0 C3 94 03 40 04 C3
8770H: 02 2B 7E 80 B8 7D 01 7E 07 7F 0E 74 05 90 A2 92
8780H: 12 2B 58 90 07 15 12 45 64 12 44 41 90 07 0B 12
8790H: 45 64 12 44 F3 64 3D 70 0C 79 01 7A 07 7B 0B 90
87A0H: 00 01 12 47 0F 7F 00 90 07 18 12 45 64 12 44 41
87B0H: 90 07 0C E0 FF A3 E0 4F 70 03 02 88 36 90 07 11
87C0H: E4 F0 90 07 0E F0 A3 F0 A3 F0 90 07 0B 12 45 64
87D0H: 12 44 F3 60 4A 90 07 0B 12 45 64 12 44 F3 64 23
87E0H: 60 3D 90 07 0B 12 45 64 12 44 F3 64 20 60 30 79
87F0H: 01 7A 07 7B 0B 90 00 01 12 46 65 12 44 F3 90 07
8800H: 11 E0 04 F0 14 24 0E F5 82 E4 34 07 F5 83 EF F0
8810H: 90 07 11 E0 C3 94 03 40 04 C3 02 2B 7E 80 AB 7D
8820H: 01 7E 07 7F 0E 74 05 90 A2 92 12 2B 58 90 07 18
8830H: 12 45 64 12 44 41 7F 00 90 07 1E 12 45 64 12 44
8840H: 41 7F 00 90 07 1B 12 45 64 12 44 41 90 07 0B 12
8850H: 45 64 12 44 F3 64 23 60 03 02 89 81 79 01 7A 07
8860H: 7B 0B 90 00 01 12 47 0F 90 07 0B 12 45 64 12 44
8870H: F3 60 23 90 07 0B 12 45 64 12 44 F3 E4 90 00 55
8880H: F0 A3 EF F0 7D 02 7E 4D 7F 0C 74 05 90 B2 D0 12
8890H: 2B 58 EF 4E 70 16 90 00 22 74 01 F0 7F 23 7E 00
88A0H: 74 04 90 93 32 12 2B 58 D3 02 2B 7E 90 07 0B 12
88B0H: 45 64 12 44 F3 64 42 60 0D 90 07 0B 12 45 64 12
88C0H: 44 F3 64 62 70 17 7F 01 90 07 1B 12 45 64 12 44
88D0H: 41 79 01 7A 07 7B 0B 90 00 01 12 47 0F 90 07 0B
88E0H: 12 45 64 12 44 F3 64 50 60 10 90 07 0B 12 45 64
88F0H: 12 44 F3 64 70 60 03 02 89 74 79 01 7A 07 7B 0B
8900H: 90 00 01 12 47 0F 74 05 90 A2 92 12 2B 58 90 07
8910H: 1E 12 45 64 12 44 41 90 07 1E 12 45 64 12 44 F3
8920H: 60 1B 90 07 1E 12 45 64 12 44 F3 C3 94 06 40 11
8930H: 90 07 1E 12 45 64 12 44 F3 64 08 60 04 C3 02 2B
8940H: 7E 79 01 7A 07 7B 0B 90 00 01 12 47 0F 90 07 0B
8950H: 12 45 64 12 44 F3 64 42 60 0D 90 07 0B 12 45 64
8960H: 12 44 F3 64 62 70 0B 7F 01 90 07 1B 12 45 64 12
8970H: 44 41 80 0B 7F 05 90 07 1E 12 45 64 12 44 41 80
8980H: 2B 90 1C 16 E0 54 01 70 0B 90 1C 15 E0 54 01 FE
8990H: E4 4E 60 0D 7F 01 90 07 1E 12 45 64 12 44 41 80
89A0H: 0B 7F 05 90 07 1E 12 45 64 12 44 41 D3 02 2B 7E
89B0H: 90 07 0B EF F0 70 03 02 8A F7 E4 90 1D F1 FE E0
89C0H: 54 20 4E 70 03 02 8A 57 90 1C 15 E0 FE E4 CE F0
89D0H: A3 EE F0 90 07 0B E0 14 70 13 90 1C 15 E0 FE A3
89E0H: E0 44 01 90 1C 15 CE F0 A3 EE F0 80 6A 90 07 0B
89F0H: E0 64 02 70 13 90 1C 15 E0 FE A3 E0 44 02 90 1C
8A00H: 15 CE F0 A3 EE F0 80 4F 90 07 0B E0 64 03 70 13
8A10H: 90 1C 15 E0 FE A3 E0 44 08 90 1C 15 CE F0 A3 EE
8A20H: F0 80 34 90 07 0B E0 64 04 70 13 90 1C 15 E0 FE
8A30H: A3 E0 44 10 90 1C 15 CE F0 A3 EE F0 80 19 90 07
8A40H: 0B E0 64 05 70 11 90 1C 15 E0 FE A3 E0 44 20 90
8A50H: 1C 15 CE F0 A3 EE F0 E4 90 1D F1 FE E0 54 40 4E
8A60H: 70 03 02 8A F7 E4 90 1C 16 FE E0 90 1C 15 CE F0
8A70H: A3 EE F0 90 07 0B E0 14 70 13 90 1C 15 E0 44 01
8A80H: FE A3 E0 90 1C 15 CE F0 A3 EE F0 80 6A 90 07 0B
8A90H: E0 64 02 70 13 90 1C 15 E0 44 02 FE A3 E0 90 1C
8AA0H: 15 CE F0 A3 EE F0 80 4F 90 07 0B E0 64 03 70 13
8AB0H: 90 1C 15 E0 44 08 FE A3 E0 90 1C 15 CE F0 A3 EE
8AC0H: F0 80 34 90 07 0B E0 64 04 70 13 90 1C 15 E0 44
8AD0H: 10 FE A3 E0 90 1C 15 CE F0 A3 EE F0 80 19 90 07
8AE0H: 0B E0 64 05 70 11 90 1C 15 E0 44 20 FE A3 E0 90
8AF0H: 1C 15 CE F0 A3 EE F0 74 02 90 FA 83 12 2B 58 D3
8B00H: 02 2B 7E 7F 30 74 04 90 E9 F0 12 2B 58 90 00 04
8B10H: 74 80 F0 90 00 02 74 40 F0 74 50 F0 74 20 F0 74
8B20H: 30 F0 74 10 F0 74 05 F0 90 00 00 74 13 F0 74 07
8B30H: F0 A3 74 BB F0 90 00 0A 74 40 F0 74 50 F0 74 20
8B40H: F0 74 30 F0 74 10 F0 74 05 F0 90 00 08 74 13 F0
8B50H: 74 07 F0 A3 74 BB F0 90 11 CC E4 F0 78 20 76 C4
8B60H: C2 6D C2 6E C2 6F D2 70 C2 72 C2 73 C2 74 D2 75
8B70H: 00 D2 01 D2 05 78 20 E6 90 00 05 F0 90 00 04 74
8B80H: 07 F0 22 75 89 10 D2 8C 75 F9 00 75 E9 00 75 D9
8B90H: 04 75 D8 00 75 DA 00 75 DB 00 75 DC 00 75 DD 00
8BA0H: 75 DE 49 75 EE 01 75 FE 00 D2 DE D2 A8 D2 AE D2
8BB0H: AF 7F 46 7E 01 74 04 90 A9 9A 12 2B 58 75 5F 00
8BC0H: 75 60 0A 75 61 06 75 62 5C 90 1E AA E4 F0 C2 76
8BD0H: C2 45 C2 6B C2 6C C2 51 12 8B 03 74 04 90 F2 4F
8BE0H: 12 2B 58 90 1C 15 E0 FE A3 E0 90 11 0E CE F0 A3
8BF0H: EE F0 90 1C 15 E4 F0 A3 F0 D2 52 C2 3C 74 04 90
8C00H: 9E B4 12 2B 58 EF 70 14 7F 00 74 05 90 80 4C 12
8C10H: 2B 58 74 04 90 9E BC 12 2B 58 D2 3C 90 1C 40 E0
8C20H: 60 08 74 02 90 B4 1F 12 2B 58 75 61 26 75 62 26
8C30H: 7F 06 74 02 90 F6 23 12 2B 58 90 1C 0E E0 F5 4F
8C40H: A3 E0 F5 50 7F 01 74 04 90 E9 85 12 2B 58 C3 74
8C50H: 04 90 AF 05 12 2B 58 90 1C 2C E4 F0 A3 F0 74 04
8C60H: 90 BF 94 12 2B 58 90 1D F2 E4 F0 A3 F0 90 1D F0
8C70H: E0 FE A3 E0 54 9F 90 1D F0 CE F0 A3 EE F0 C2 66
8C80H: 90 1E D8 74 3E F0 90 1E 22 E4 F0 90 1E 23 F0 90
8C90H: 1E 6C F0 90 1E 64 F0 74 05 90 94 00 12 2B 58 C3
8CA0H: EF 94 02 EE 94 00 50 23 90 1F FE E4 F0 90 00 0D
8CB0H: E0 54 10 70 07 90 1F FE E0 44 80 F0 90 00 0D E0
8CC0H: 54 20 70 07 90 1F FE E0 44 40 F0 90 1F FE E0 54
8CD0H: 80 70 03 02 8E AF 74 03 90 F2 2D 12 2B 58 90 0D
8CE0H: 7B EE F0 A3 EF F0 90 1C 41 74 02 F0 90 1E AE E0
8CF0H: 70 03 02 8D E2 E4 90 0D 7C FE E0 54 60 4E 60 03
8D00H: 02 8D E2 E4 90 0D 7C FE E0 54 20 4E 60 13 90 1D
8D10H: F0 E0 FE A3 E0 44 20 90 1D F0 CE F0 A3 EE F0 80
8D20H: 11 90 1D F0 E0 FE A3 E0 54 DF 90 1D F0 CE F0 A3
8D30H: EE F0 E4 90 0D 7C FE E0 54 40 4E 60 13 90 1D F0
8D40H: E0 FE A3 E0 44 40 90 1D F0 CE F0 A3 EE F0 80 11
8D50H: 90 1D F0 E0 FE A3 E0 54 BF 90 1D F0 CE F0 A3 EE
8D60H: F0 C3 74 04 90 84 84 12 2B 58 90 00 0D E0 54 10
8D70H: 70 02 80 F6 90 16 78 E4 F0 A3 F0 85 61 5F 85 62
8D80H: 60 90 15 64 F0 90 15 65 74 02 F0 90 15 66 E4 F0
8D90H: 90 1B 7D F0 90 1B 84 F0 90 15 67 F0 90 1E D7 74
8DA0H: 04 F0 90 1E D6 F0 C2 65 90 15 42 74 01 F0 C2 05
8DB0H: 00 D2 01 78 20 E6 90 00 05 F0 7F 07 74 03 90 96
8DC0H: 19 12 2B 58 90 15 40 E4 F0 D2 68 C2 67 74 02 90
8DD0H: 8A 48 12 2B 58 40 08 74 04 90 EF 5F 12 2B 58 02
8DE0H: 8E AC 90 00 0D E0 54 10 70 02 80 F6 90 1E AE E4
8DF0H: F0 90 1D F2 E0 FE A3 E0 90 0D 79 CE F0 A3 EE F0
8E00H: 90 1D F2 E0 FE A3 E0 44 10 90 1D F2 CE F0 A3 EE
8E10H: F0 90 15 42 74 01 F0 7D 02 7E 49 7F 16 90 01 FA
8E20H: 12 44 9C 7F 07 74 03 90 EF 82 12 2B 58 90 00 B0
8E30H: 74 FF F0 7F 07 74 03 90 97 69 12 2B 58 90 15 42
8E40H: E4 F0 90 0D 79 E0 FE A3 E0 90 1D F2 CE F0 A3 EE
8E50H: F0 90 15 64 74 01 F0 90 15 65 F0 90 16 78 14 F0
8E60H: A3 F0 D2 48 20 3C 22 74 03 90 F2 2D 12 2B 58 EF
8E70H: 4E 70 16 7D 02 7E 66 7F F1 90 01 FA 12 44 9C 7F
8E80H: 00 74 03 90 EF 82 12 2B 58 7F 10 7E 00 74 04 90
8E90H: AE 88 12 2B 58 74 03 90 F4 03 12 2B 58 90 16 78
8EA0H: E4 F0 A3 F0 D2 67 90 13 E4 74 02 F0 02 90 64 90
8EB0H: 1F FE E0 54 40 70 03 02 8F A8 74 03 90 F2 2D 12
8EC0H: 2B 58 90 0D 7B EE F0 A3 EF F0 90 1C 41 74 01 F0
8ED0H: 74 03 90 F4 03 12 2B 58 E4 90 0D 7C FE E0 54 20
8EE0H: 4E 60 13 90 1D F0 E0 FE A3 E0 44 20 90 1D F0 CE
8EF0H: F0 A3 EE F0 80 11 90 1D F0 E0 FE A3 E0 54 DF 90
8F00H: 1D F0 CE F0 A3 EE F0 E4 90 0D 7C FE E0 54 40 4E
8F10H: 60 13 90 1D F0 E0 FE A3 E0 44 40 90 1D F0 CE F0
8F20H: A3 EE F0 80 11 90 1D F0 E0 FE A3 E0 54 BF 90 1D
8F30H: F0 CE F0 A3 EE F0 C3 74 04 90 84 84 12 2B 58 90
8F40H: 00 0D E0 54 20 70 02 80 F6 90 16 78 E4 F0 A3 F0
8F50H: 85 61 5F 85 62 60 90 1E AE F0 90 1E D6 74 04 F0
8F60H: 90 15 64 E4 F0 90 15 65 74 02 F0 90 15 66 E4 F0
8F70H: 90 15 67 04 F0 90 1B 7D F0 00 C2 01 D2 05 78 20
8F80H: E6 90 00 05 F0 7F 07 74 03 90 96 19 12 2B 58 D2
8F90H: 68 C2 67 74 02 90 8A 48 12 2B 58 40 08 74 04 90
8FA0H: EF 5F 12 2B 58 02 90 64 90 1C 41 E4 F0 90 1E AE
8FB0H: F0 90 1D F2 E0 FE A3 E0 90 0D 79 CE F0 A3 EE F0
8FC0H: 90 1D F2 E0 FE A3 E0 44 10 90 1D F2 CE F0 A3 EE
8FD0H: F0 90 15 42 74 01 F0 7D 02 7E 49 7F 16 90 01 FA
8FE0H: 12 44 9C 7F 07 74 03 90 EF 82 12 2B 58 90 00 B0
8FF0H: 74 FF F0 7F 07 74 03 90 97 69 12 2B 58 90 15 42
9000H: E4 F0 90 0D 79 E0 FE A3 E0 90 1D F2 CE F0 A3 EE
9010H: F0 74 03 90 F2 2D 12 2B 58 90 0D 7B EE F0 A3 EF
9020H: F0 74 03 90 F4 03 12 2B 58 E4 90 0D 7C FE E0 54
9030H: 60 FF 90 1D F0 E0 42 06 A3 E0 42 07 90 1D F0 EE
9040H: F0 A3 EF F0 90 16 78 74 E4 F0 A3 74 E2 F0 90 13
9050H: E1 E4 F0 A3 74 03 F0 C2 67 C2 68 90 13 E3 14 F0
9060H: 90 13 E4 F0 30 67 24 90 15 64 E0 14 70 1D 90 15
9070H: 65 E0 14 70 16 7D 02 7E 66 7F F1 90 01 FA 12 44
9080H: 9C 7F 00 74 03 90 EF 82 12 2B 58 7F 00 74 05 90
9090H: 80 2A 12 2B 58 EF 04 70 05 00 C2 01 80 03 00 D2
90A0H: 01 7F 01 74 05 90 80 2A 12 2B 58 EF 04 70 04 C2
90B0H: 05 80 02 D2 05 78 20 E6 90 00 05 F0 90 15 64 E0
90C0H: 70 07 90 16 78 E4 F0 A3 F0 D3 74 04 90 AF 05 12
90D0H: 2B 58 20 68 13 E4 90 1D F1 FE E0 54 10 4E 60 08
90E0H: 74 02 90 82 B9 12 2B 58 74 02 90 FA 83 12 2B 58
90F0H: 74 03 90 B2 32 12 2B 58 D3 74 04 90 AF 05 12 2B
9100H: 58 74 01 90 DE C3 12 2B 58 D3 74 04 90 AF 05 12
9110H: 2B 58 7F 03 74 05 90 AC 03 12 2B 58 50 56 E4 90
9120H: 1D F5 FE E0 54 10 4E 60 4B 90 15 64 E0 60 45 90
9130H: 15 65 E0 64 02 60 3D 90 1C 40 E0 60 18 7D 02 7E
9140H: 49 7F 1B 90 00 63 12 44 9C 7F 03 74 05 90 87 05
9150H: 12 2B 58 80 1F 90 00 53 74 FA F0 A3 74 01 F0 A3
9160H: 04 F0 A3 74 49 F0 A3 74 1F F0 7F 03 74 05 90 B3
9170H: 6A 12 2B 58 74 03 90 A8 E1 12 2B 58 D3 74 04 90
9180H: AF 05 12 2B 58 74 04 90 DD B9 12 2B 58 7D 02 7E
9190H: 49 7F 21 90 00 55 12 44 9C A3 E4 F0 A3 74 03 F0
91A0H: 7D 01 7E 21 7F F2 74 05 90 A7 6E 12 2B 58 EF 4E
91B0H: 60 6F 7D 02 7E 49 7F 25 90 00 55 12 44 9C A3 E4
91C0H: F0 A3 74 03 F0 7D 01 7E 21 7F F2 74 05 90 A7 6E
91D0H: 12 2B 58 EF 4E 60 4A 7D 02 7E 49 7F 29 90 00 55
91E0H: 12 44 9C A3 E4 F0 A3 74 03 F0 7D 01 7E 21 7F F2
91F0H: 74 05 90 A7 6E 12 2B 58 EF 4E 60 25 7D 02 7E 49
9200H: 7F 2D 90 00 55 12 44 9C A3 E4 F0 A3 74 03 F0 7D
9210H: 01 7E 21 7F F2 74 05 90 A7 6E 12 2B 58 EF 4E 70
9220H: 22 90 1D F2 E0 FE A3 E0 54 F7 90 1D F2 CE F0 A3
9230H: EE F0 90 1D F4 E0 FE A3 E0 54 F7 90 1D F4 CE F0
9240H: A3 EE F0 D3 74 04 90 AF 05 12 2B 58 20 68 0B 20
9250H: 3C 08 74 02 90 9E 1D 12 2B 58 7D 02 7E 49 7F 21
9260H: 90 00 55 12 44 9C A3 E4 F0 A3 74 03 F0 7D 01 7E
9270H: 21 7F F2 74 05 90 A7 6E 12 2B 58 EF 4E 60 6F 7D
9280H: 02 7E 49 7F 25 90 00 55 12 44 9C A3 E4 F0 A3 74
9290H: 03 F0 7D 01 7E 21 7F F2 74 05 90 A7 6E 12 2B 58
92A0H: EF 4E 60 4A 7D 02 7E 49 7F 29 90 00 55 12 44 9C
92B0H: A3 E4 F0 A3 74 03 F0 7D 01 7E 21 7F F2 74 05 90
92C0H: A7 6E 12 2B 58 EF 4E 60 25 7D 02 7E 49 7F 2D 90
92D0H: 00 55 12 44 9C A3 E4 F0 A3 74 03 F0 7D 01 7E 21
92E0H: 7F F2 74 05 90 A7 6E 12 2B 58 EF 4E 70 22 90 1D
92F0H: F4 E0 FE A3 E0 54 EF 90 1D F4 CE F0 A3 EE F0 90
9300H: 1D F2 E0 FE A3 E0 54 EF 90 1D F2 CE F0 A3 EE F0
9310H: 20 67 03 30 3C 0A 74 02 90 83 61 12 2B 58 80 3B
9320H: 20 68 38 90 15 64 E0 60 2A 74 02 90 87 AE 12 2B
9330H: 58 50 16 90 16 78 E0 FE A3 E0 90 00 28 CE F0 A3
9340H: EE F0 7F 07 12 31 E4 80 08 74 02 90 83 61 12 2B
9350H: 58 80 08 74 02 90 83 61 12 2B 58 D3 74 04 90 AF
9360H: 05 12 2B 58 90 1C 10 E0 FF 74 04 90 EA B9 12 2B
9370H: 58 74 04 90 F2 4F 12 2B 58 90 15 64 E0 60 02 D2
9380H: 7C D2 78 C2 79 C2 7B 74 04 90 98 1F 12 2B 58 C2
9390H: 63 C2 6B C2 76 90 1E FC E0 FE A3 E0 FF 74 04 90
93A0H: A9 9A 12 2B 58 90 1E F8 E0 F5 5F A3 E0 F5 60 90
93B0H: 1E FA E0 F5 61 A3 E0 F5 62 90 1E F6 E0 F5 5D A3
93C0H: E0 F5 5E 7F 02 74 05 90 AC 03 12 2B 58 40 03 02
93D0H: 94 75 74 04 90 B2 E6 12 2B 58 E4 90 1D F1 FE E0
93E0H: 54 60 90 0D 7B CE F0 A3 EE F0 74 03 90 AB 35 12
93F0H: 2B 58 D3 90 0D 7C E0 6F 70 08 90 0D 7B E0 6E 70
9400H: 01 C3 E4 33 13 92 3D 74 03 90 AB 23 12 2B 58 EF
9410H: 54 10 60 02 74 01 13 92 3E 74 03 90 AB 23 12 2B
9420H: 58 EF 54 40 60 02 74 01 13 92 3F 90 1C 42 E4 F0
9430H: 30 3E 2E 30 3F 2B 20 3D 0C 7F C0 74 03 90 AE 68
9440H: 12 2B 58 80 1A 90 1C 42 74 01 F0 7F 00 74 03 90
9450H: AB 2B 12 2B 58 7F 00 74 03 90 AE 68 12 2B 58 80
9460H: 14 7F 00 74 03 90 AB 2B 12 2B 58 7F 00 74 03 90
9470H: AE 68 12 2B 58 7F 03 74 05 90 AC 03 12 2B 58 50
9480H: 10 A2 93 B3 92 4F 75 DA 31 A2 4F E4 33 90 13 E0
9490H: F0 90 15 64 E0 60 0A 7F 31 74 04 90 E9 F0 12 2B
94A0H: 58 30 68 28 75 5D 00 75 5E F4 7F 00 74 03 90 96
94B0H: 19 12 2B 58 20 3C 05 30 66 02 80 0E 7D 02 7E 49
94C0H: 7F 31 74 02 90 85 10 12 2B 58 80 14 7F 00 74 03
94D0H: 90 96 19 12 2B 58 7F 00 74 05 90 82 4D 12 2B 58
94E0H: 90 11 3D E4 F0 90 15 40 F0 C2 71 74 03 90 EA 09
94F0H: 12 2B 58 30 3C 03 02 95 6E 90 16 78 E0 FE A3 E0
9500H: 90 00 28 CE F0 A3 EE F0 7F 09 12 31 E4 90 15 64
9510H: E0 60 5B 90 15 65 E0 64 02 60 53 7F 02 74 04 90
9520H: E9 85 12 2B 58 7F 03 74 05 90 AC 03 12 2B 58 50
9530H: 3D 90 1C 40 E0 60 18 7D 02 7E 49 7F 32 90 00 63
9540H: 12 44 9C 7F 03 74 05 90 87 05 12 2B 58 80 1F 90
9550H: 00 53 74 FA F0 A3 74 01 F0 A3 04 F0 A3 74 49 F0
9560H: A3 74 36 F0 7F 03 74 05 90 B3 6A 12 2B 58 74 03
9570H: 90 F8 11 12 2B 58 7F 02 74 05 90 AC 03 12 2B 58
9580H: 50 0F 30 48 0C 7F 01 74 03 90 AF 6C 12 2B 58 40
9590H: 00 90 1F FE E0 54 40 60 0A 7F 00 74 05 90 80 4C
95A0H: 12 2B 58 20 3C 3D 30 66 3A 7D 02 7E 49 7F 38 90
95B0H: 03 81 12 44 9C 7D 01 7E 12 7F DE 74 05 90 AD D7
95C0H: 12 2B 58 7D 01 7E 12 7F DE 90 01 FA 12 44 9C 7F
95D0H: 00 74 03 90 EF 82 12 2B 58 7F 00 74 05 90 82 4D
95E0H: 12 2B 58 02 2B 7E 90 00 AA EF F0 70 12 C2 A8 78
95F0H: 7D 76 00 78 7B 76 00 78 7C 76 00 D2 A8 80 17 90
9600H: 00 AA E0 14 70 10 C2 A8 78 83 76 00 78 81 76 00
9610H: 78 82 76 00 D2 A8 02 2B 7E 90 00 AC EF F0 E0 FF
9620H: 74 05 90 80 00 12 2B 58 90 00 AB EF F0 70 0E C2
9630H: 67 7F 00 74 03 90 95 E6 12 2B 58 80 15 EF 64 01
9640H: 70 0E C2 68 7F 01 74 03 90 95 E6 12 2B 58 80 02
9650H: 80 00 02 2B 7E 90 00 AC EF F0 E0 FF 74 05 90 80
9660H: 00 12 2B 58 90 00 AB EF F0 70 02 80 1D EF 64 01
9670H: 70 02 80 16 90 00 22 74 01 F0 7F DB 7E 00 74 04
9680H: 90 93 32 12 2B 58 C3 02 2B 7E AF 62 E5 61 90 00
9690H: 28 F0 A3 EF F0 7F 02 12 31 E4 90 00 AB E0 70 23
96A0H: 78 80 E6 04 70 1B 30 10 16 90 00 22 74 01 F0 7F
96B0H: 15 7E 00 74 04 90 93 32 12 2B 58 C3 02 2B 7E 80
96C0H: DF 80 28 90 00 AB E0 14 70 21 78 86 E6 04 70 1B
96D0H: 30 10 16 90 00 22 74 01 F0 7F 15 7E 00 74 04 90
96E0H: 93 32 12 2B 58 C3 02 2B 7E 80 DF 90 00 AB E0 FF
96F0H: 70 37 90 00 AD E0 FF 78 7E E6 24 7B F5 82 E4 34
9700H: 17 F5 83 EF F0 78 7E E6 04 70 06 78 7E 76 00 80
9710H: 03 78 7E 06 C2 A8 78 80 06 D2 A8 D2 00 90 00 05
9720H: 74 01 F0 D2 A8 D2 AF 80 3C EF 64 01 70 37 90 00
9730H: AD E0 FF 78 84 E6 24 7B F5 82 E4 34 19 F5 83 EF
9740H: F0 78 84 E6 04 70 06 78 84 76 00 80 03 78 84 06
9750H: C2 A8 78 86 06 D2 A8 D2 04 90 00 05 74 10 F0 D2
9760H: A8 D2 AF 80 00 D3 02 2B 7E 90 00 AF EF F0 E0 FF
9770H: 74 05 90 80 00 12 2B 58 90 00 AE EF F0 70 02 80
9780H: 1D EF 64 01 70 02 80 16 90 00 22 74 01 F0 7F DB
9790H: 7E 00 74 04 90 93 32 12 2B 58 C3 02 2B 7E 90 00
97A0H: AF E0 60 05 E0 64 08 70 12 AF 60 E5 5F 90 00 28
97B0H: F0 A3 EF F0 7F 02 12 31 E4 80 30 90 00 AF E0 64
97C0H: 07 70 12 AF 62 E5 61 90 00 28 F0 A3 EF F0 7F 02
97D0H: 12 31 E4 80 16 90 00 22 74 01 F0 7F DB 7E 00 74
97E0H: 04 90 93 32 12 2B 58 C3 02 2B 7E 90 00 AE E0 70
97F0H: 23 78 80 E6 04 70 1B 30 10 16 90 00 22 74 01 F0
9800H: 7F 15 7E 00 74 04 90 93 32 12 2B 58 C3 02 2B 7E
9810H: 80 DF 80 28 90 00 AE E0 14 70 21 78 86 E6 04 70
9820H: 1B 30 10 16 90 00 22 74 01 F0 7F 15 7E 00 74 04
9830H: 90 93 32 12 2B 58 C3 02 2B 7E 80 DF 90 00 B0 E0
9840H: 04 60 03 02 99 2B 90 00 AF E0 70 1E 20 48 07 90
9850H: 15 64 E0 14 70 0A 90 1E D8 E0 90 00 B0 F0 80 08
9860H: 90 1E D6 E0 90 00 B0 F0 80 21 90 00 AF E0 64 07
9870H: 70 19 90 15 42 E0 14 70 0A 90 1E D7 E0 90 00 B0
9880H: F0 80 08 90 1E D6 E0 90 00 B0 F0 90 1E 6C E0 70
9890H: 03 02 99 24 90 1E 23 E0 60 03 02 99 24 90 00 AD
98A0H: 74 2A F0 90 00 AF E0 FF 74 03 90 96 55 12 2B 58
98B0H: 90 1E 6A E0 75 F0 10 84 C3 94 0A 40 0D 90 1E 6A
98C0H: E0 75 F0 10 84 24 37 FF 80 0B 90 1E 6A E0 75 F0
98D0H: 10 84 24 30 FF 90 00 AD EF F0 90 00 AF E0 FF 74
98E0H: 03 90 96 55 12 2B 58 90 1E 6A E0 75 F0 10 84 E5
98F0H: F0 C3 94 0A 40 0F 90 1E 6A E0 75 F0 10 84 E5 F0
9900H: 24 37 FF 80 0D 90 1E 6A E0 75 F0 10 84 E5 F0 24
9910H: 30 FF 90 00 AD EF F0 90 00 AF E0 FF 74 03 90 96
9920H: 55 12 2B 58 90 1E 6A E4 F0 80 1B 90 00 B0 E0 64
9930H: 0D 60 13 E0 64 0A 60 0E 90 1E 6A E0 FF 90 00 B0
9940H: E0 6F 90 1E 6A F0 90 00 AE E0 FF 70 37 90 00 B0
9950H: E0 FF 78 7E E6 24 7B F5 82 E4 34 17 F5 83 EF F0
9960H: 78 7E E6 04 70 06 78 7E 76 00 80 03 78 7E 06 C2
9970H: A8 78 80 06 D2 A8 D2 00 90 00 05 74 01 F0 D2 A8
9980H: D2 AF 80 3C EF 64 01 70 37 90 00 B0 E0 FF 78 84
9990H: E6 24 7B F5 82 E4 34 19 F5 83 EF F0 78 84 E6 04
99A0H: 70 06 78 84 76 00 80 03 78 84 06 C2 A8 78 86 06
99B0H: D2 A8 D2 04 90 00 05 74 10 F0 D2 A8 D2 AF 80 00
99C0H: D3 02 2B 7E 90 00 EC EF F0 D2 25 90 00 ED 12 45
99D0H: 64 12 44 F3 60 52 30 25 4F 90 00 ED 12 45 64 12
99E0H: 44 F3 64 0A 70 17 90 00 B0 74 0D F0 90 00 EC E0
99F0H: FF 74 03 90 97 69 12 2B 58 92 25 80 1D 90 00 ED
9A00H: 12 45 64 12 44 F3 90 00 B0 EF F0 90 00 EC E0 FF
9A10H: 74 03 90 97 69 12 2B 58 92 25 79 01 7A 00 7B ED
9A20H: 90 00 01 12 47 0F 80 A3 A2 25 02 2B 7E 90 00 B2
9A30H: EF F0 E0 FF 74 05 90 80 00 12 2B 58 90 00 B1 EF
9A40H: F0 70 02 80 1D EF 64 01 70 02 80 16 90 00 22 74
9A50H: 01 F0 7F DB 7E 00 74 04 90 93 32 12 2B 58 C3 02
9A60H: 2B 7E 90 00 B1 E0 70 28 30 6E 25 90 00 B2 E0 FF
9A70H: 74 03 90 96 19 12 2B 58 C2 6E 90 00 22 74 01 F0
9A80H: 7F 15 7E 00 74 04 90 93 32 12 2B 58 C3 02 2B 7E
9A90H: 90 00 B1 E0 14 70 28 30 73 25 90 00 B2 E0 FF 74
9AA0H: 03 90 96 19 12 2B 58 C2 73 90 00 22 74 01 F0 7F
9AB0H: 15 7E 00 74 04 90 93 32 12 2B 58 C3 02 2B 7E 90
9AC0H: 00 B1 E0 70 28 30 6D 25 78 7D E6 C3 94 EF 50 1D
9AD0H: C2 6D 90 00 B0 74 11 F0 90 00 B2 E0 FF 74 03 90
9AE0H: 97 69 12 2B 58 40 04 C3 02 2B 7E 80 2D 90 00 B1
9AF0H: E0 14 70 26 30 72 23 78 83 E6 C3 94 EF 50 1B C2
9B00H: 72 90 00 B0 74 11 F0 90 00 B2 E0 FF 74 03 90 97
9B10H: 69 12 2B 58 40 04 C3 02 2B 7E 90 00 B2 E0 60 05
9B20H: E0 64 08 70 12 AF 60 E5 5F 90 00 28 F0 A3 EF F0
9B30H: 7F 02 12 31 E4 80 18 90 00 B2 E0 64 07 70 10 AF
9B40H: 62 E5 61 90 00 28 F0 A3 EF F0 7F 02 12 31 E4 90
9B50H: 00 B1 E0 70 22 78 7D E6 70 1B 30 10 16 90 00 22
9B60H: 74 01 F0 7F 17 7E 00 74 04 90 93 32 12 2B 58 C3
9B70H: 02 2B 7E 80 E0 80 27 90 00 B1 E0 14 70 20 78 83
9B80H: E6 70 1B 30 10 16 90 00 22 74 01 F0 7F 17 7E 00
9B90H: 74 04 90 93 32 12 2B 58 C3 02 2B 7E 80 E0 90 00
9BA0H: B1 E0 70 36 78 7C E6 24 7B F5 82 E4 34 16 F5 83
9BB0H: E0 FF 90 00 B3 12 45 64 12 44 41 78 7C E6 FF 7E
9BC0H: 00 EF 70 02 EE 14 70 06 78 7C 76 00 80 03 78 7C
9BD0H: 06 C2 A8 78 7D 16 D2 A8 80 34 78 82 E6 24 7B F5
9BE0H: 82 E4 34 18 F5 83 E0 FF 90 00 B3 12 45 64 12 44
9BF0H: 41 78 82 E6 FF 7E 00 EF 70 02 EE 14 70 06 78 82
9C00H: 76 00 80 03 78 82 06 C2 A8 78 83 16 D2 A8 D3 02
9C10H: 2B 7E 90 0D 55 12 44 9C AB 07 AA 06 A9 05 12 44
9C20H: F3 7E 00 EF 70 02 EE 14 70 0D 7F 00 90 0D 55 12
9C30H: 45 64 12 44 41 80 13 90 0D 55 12 45 64 12 44 F3
9C40H: 0F 90 0D 55 12 45 64 12 44 41 02 2B 7E 90 0D 8E
9C50H: EF F0 E0 FF 74 05 90 80 00 12 2B 58 90 0D 8D EF
9C60H: F0 70 02 80 1D EF 64 01 70 02 80 16 90 00 22 74
9C70H: 01 F0 7F DB 7E 00 74 04 90 93 32 12 2B 58 C3 02
9C80H: 2B 7E 90 0D 8D E0 70 1F 78 7D E6 C3 94 03 50 04
9C90H: C3 02 2B 7E 90 0D 8D E0 14 70 0C 78 83 E6 C3 94
9CA0H: 03 50 04 C3 02 2B 7E 90 0D 8D E0 60 03 02 9E 8C
9CB0H: 78 7C E6 90 0D 8C F0 24 7B F5 82 E4 34 16 F5 83
9CC0H: E0 64 52 60 15 90 0D 8C E0 24 7B F5 82 E4 34 16
9CD0H: F5 83 E0 64 72 60 03 02 9D 50 7D 01 7E 0D 7F 8C
9CE0H: 74 03 90 9C 12 12 2B 58 90 0D 8C E0 24 7B F5 82
9CF0H: E4 34 16 F5 83 E0 64 47 60 12 90 0D 8C E0 24 7B
9D00H: F5 82 E4 34 16 F5 83 E0 64 67 70 44 7D 01 7E 0D
9D10H: 7F 8C 74 03 90 9C 12 12 2B 58 90 0D 8C E0 24 7B
9D20H: F5 82 E4 34 16 F5 83 E0 64 04 70 24 7D 01 7E 0D
9D30H: 7F 7C 90 02 08 12 44 9C A3 E4 F0 A3 74 10 F0 90
9D40H: 0D 8E E0 FF 74 03 90 EB 0A 12 2B 58 D3 02 2B 7E
9D50H: 78 7C E6 90 0D 8C F0 24 7B F5 82 E4 34 16 F5 83
9D60H: E0 64 57 60 15 90 0D 8C E0 24 7B F5 82 E4 34 16
9D70H: F5 83 E0 64 77 60 03 02 9E 89 7D 01 7E 0D 7F 8C
9D80H: 74 03 90 9C 12 12 2B 58 90 0D 8C E0 24 7B F5 82
9D90H: E4 34 16 F5 83 E0 64 47 60 15 90 0D 8C E0 24 7B
9DA0H: F5 82 E4 34 16 F5 83 E0 64 67 60 03 02 9E 89 7D
9DB0H: 01 7E 0D 7F 8C 74 03 90 9C 12 12 2B 58 90 0D 8C
9DC0H: E0 24 7B F5 82 E4 34 16 F5 83 E0 64 2C 60 03 02
9DD0H: 9E 89 7D 01 7E 0D 7F 8C 74 03 90 9C 12 12 2B 58
9DE0H: 90 0D 8C E0 24 7B F5 82 E4 34 16 F5 83 E0 64 31
9DF0H: 60 03 02 9E 89 7D 01 7E 0D 7F 8C 74 03 90 9C 12
9E00H: 12 2B 58 90 0D 8C E0 24 7B F5 82 E4 34 16 F5 83
9E10H: E0 64 35 70 74 7D 01 7E 0D 7F 8C 74 03 90 9C 12
9E20H: 12 2B 58 90 0D 8C E0 24 7B F5 82 E4 34 16 F5 83
9E30H: E0 64 31 70 54 90 0D 8C E0 24 7B F5 82 E4 34 16
9E40H: F5 83 E0 64 04 60 10 7D 01 7E 0D 7F 8C 74 03 90
9E50H: 9C 12 12 2B 58 80 DE 7D 01 7E 0D 7F 7C 90 02 08
9E60H: 12 44 9C A3 E4 F0 A3 74 10 F0 90 0D 8E E0 FF 74
9E70H: 03 90 EB 0A 12 2B 58 7D 01 7E 0D 7F 7C 74 04 90
9E80H: 82 BF 12 2B 58 D3 02 2B 7E 02 A0 65 78 82 E6 90
9E90H: 0D 8C F0 24 7B F5 82 E4 34 18 F5 83 E0 64 52 60
9EA0H: 15 90 0D 8C E0 24 7B F5 82 E4 34 18 F5 83 E0 64
9EB0H: 72 60 03 02 9F 2C 7D 01 7E 0D 7F 8C 74 03 90 9C
9EC0H: 12 12 2B 58 90 0D 8C E0 24 7B F5 82 E4 34 18 F5
9ED0H: 83 E0 64 47 60 12 90 0D 8C E0 24 7B F5 82 E4 34
9EE0H: 18 F5 83 E0 64 67 70 44 7D 01 7E 0D 7F 8C 74 03
9EF0H: 90 9C 12 12 2B 58 90 0D 8C E0 24 7B F5 82 E4 34
9F00H: 18 F5 83 E0 64 04 70 24 7D 01 7E 0D 7F 7C 90 02
9F10H: 08 12 44 9C A3 E4 F0 A3 74 10 F0 90 0D 8E E0 FF
9F20H: 74 03 90 EB 0A 12 2B 58 D3 02 2B 7E 78 82 E6 90
9F30H: 0D 8C F0 24 7B F5 82 E4 34 18 F5 83 E0 64 57 60
9F40H: 15 90 0D 8C E0 24 7B F5 82 E4 34 18 F5 83 E0 64
9F50H: 77 60 03 02 A0 65 7D 01 7E 0D 7F 8C 74 03 90 9C
9F60H: 12 12 2B 58 90 0D 8C E0 24 7B F5 82 E4 34 18 F5
9F70H: 83 E0 64 47 60 15 90 0D 8C E0 24 7B F5 82 E4 34
9F80H: 18 F5 83 E0 64 67 60 03 02 A0 65 7D 01 7E 0D 7F
9F90H: 8C 74 03 90 9C 12 12 2B 58 90 0D 8C E0 24 7B F5
9FA0H: 82 E4 34 18 F5 83 E0 64 2C 60 03 02 A0 65 7D 01
9FB0H: 7E 0D 7F 8C 74 03 90 9C 12 12 2B 58 90 0D 8C E0
9FC0H: 24 7B F5 82 E4 34 18 F5 83 E0 64 31 60 03 02 A0
9FD0H: 65 7D 01 7E 0D 7F 8C 74 03 90 9C 12 12 2B 58 90
9FE0H: 0D 8C E0 24 7B F5 82 E4 34 18 F5 83 E0 64 35 70
9FF0H: 74 7D 01 7E 0D 7F 8C 74 03 90 9C 12 12 2B 58 90
A000H: 0D 8C E0 24 7B F5 82 E4 34 18 F5 83 E0 64 31 70
A010H: 54 90 0D 8C E0 24 7B F5 82 E4 34 18 F5 83 E0 64
A020H: 04 60 10 7D 01 7E 0D 7F 8C 74 03 90 9C 12 12 2B
A030H: 58 80 DE 7D 01 7E 0D 7F 7C 90 02 08 12 44 9C A3
A040H: E4 F0 A3 74 10 F0 90 0D 8E E0 FF 74 03 90 EB 0A
A050H: 12 2B 58 7D 01 7E 0D 7F 7C 74 04 90 82 BF 12 2B
A060H: 58 D3 02 2B 7E C3 02 2B 7E 90 02 00 EF F0 70 1E
A070H: 90 00 02 74 60 F0 90 02 01 E0 FE A3 E0 FF 74 04
A080H: 90 AE 88 12 2B 58 90 00 02 74 70 F0 80 23 90 02
A090H: 00 E0 14 70 1C 90 00 0A 74 60 F0 90 02 01 E0 FE
A0A0H: A3 E0 FF 74 04 90 AE 88 12 2B 58 90 00 0A 74 70
A0B0H: F0 02 2B 7E 7F 04 74 05 90 AC 03 12 2B 58 40 16
A0C0H: 90 00 22 74 04 F0 7F 16 7E 00 74 04 90 93 32 12
A0D0H: 2B 58 C3 02 2B 7E 90 13 DF 74 04 F0 90 12 DE E4
A0E0H: F0 7F 04 12 30 C2 40 16 90 00 22 74 04 F0 7F 17
A0F0H: 7E 00 74 04 90 93 32 12 2B 58 C3 02 2B 7E 7D 01
A100H: 7E 0D 7F 55 90 00 53 12 44 9C 7F 04 12 30 85 40
A110H: 04 C3 02 2B 7E 90 0D 55 E0 C3 94 28 40 4B E0 C3
A120H: 94 40 50 45 90 13 DF 74 05 F0 90 0D 55 E0 64 29
A130H: 70 08 90 0D 55 74 1E F0 80 17 90 0D 55 E0 64 2A
A140H: 70 08 90 0D 55 74 17 F0 80 07 90 0D 55 E0 24 D8
A150H: F0 90 00 22 74 05 F0 90 0D 55 E0 FF 7E 00 74 04
A160H: 90 93 32 12 2B 58 02 A3 7E 90 0D 55 E0 54 80 60
A170H: 32 90 0D 55 E0 54 2F F0 7D 02 7E 4E 7F 02 90 03
A180H: 81 12 44 9C 90 0D 55 E0 FF E4 90 03 84 F0 A3 EF
A190H: F0 7D 01 7E 12 7F DE 74 05 90 AD D7 12 2B 58 D3
A1A0H: 02 2B 7E 90 0D 55 E0 60 19 90 00 22 74 04 F0 90
A1B0H: 0D 55 E0 54 3F FF 7E 00 74 04 90 93 32 12 2B 58
A1C0H: 80 05 90 1E 23 E4 F0 90 0D 55 E0 24 96 FF E4 33
A1D0H: FE EF 64 9F 4E 60 03 02 A2 DB 30 66 02 D2 4A D2
A1E0H: 69 20 6A 03 02 A2 D8 90 1E 23 E0 60 03 02 A2 D8
A1F0H: 90 1C 0A E0 60 72 90 00 99 74 D2 F0 7F 02 74 05
A200H: 90 8D AF 12 2B 58 90 00 54 EF F0 90 00 53 74 D2
A210H: F0 7D 01 7E 1C 7F 02 90 00 55 12 44 9C 7F 02 74
A220H: 05 90 B3 6A 12 2B 58 40 04 C3 02 2B 7E 90 00 53
A230H: 74 D3 F0 A3 74 04 F0 A3 74 01 F0 A3 74 1C F0 A3
A240H: 74 17 F0 7F 02 74 05 90 B3 6A 12 2B 58 40 04 C3
A250H: 02 2B 7E 90 11 02 E0 FF 74 03 90 AF 2E 12 2B 58
A260H: 40 04 C3 02 2B 7E 80 70 90 00 99 74 D2 F0 7F 02
A270H: 74 05 90 8D AF 12 2B 58 90 00 54 EF F0 90 00 53
A280H: 74 D2 F0 7D 02 7E 4E 7F 09 90 00 55 12 44 9C 7F
A290H: 02 74 05 90 B3 6A 12 2B 58 40 04 C3 02 2B 7E 90
A2A0H: 00 53 74 D3 F0 A3 74 04 F0 A3 74 02 F0 A3 74 4E
A2B0H: F0 A3 74 09 F0 7F 02 74 05 90 B3 6A 12 2B 58 40
A2C0H: 04 C3 02 2B 7E 90 11 02 E0 FF 74 03 90 AF 2E 12
A2D0H: 2B 58 40 04 C3 02 2B 7E 02 A3 7E 90 0D 55 E0 24
A2E0H: 96 FF E4 33 FE EF 64 A1 4E 60 10 E0 24 96 FF E4
A2F0H: 33 FE EF 64 9E 4E 60 03 02 A3 7E 30 66 02 D2 4A
A300H: C2 69 20 6A 03 02 A3 7E 90 1E 23 E0 70 70 90 00
A310H: 99 74 D2 F0 7F 02 74 05 90 8D AF 12 2B 58 90 00
A320H: 54 EF F0 90 00 53 74 D2 F0 7D 01 7E 1B 7F FA 90
A330H: 00 55 12 44 9C 7F 02 74 05 90 B3 6A 12 2B 58 40
A340H: 04 C3 02 2B 7E 90 00 53 74 D3 F0 A3 74 04 F0 A3
A350H: 74 01 F0 A3 74 11 F0 A3 74 10 F0 7F 02 74 05 90
A360H: B3 6A 12 2B 58 40 04 C3 02 2B 7E 90 11 02 E0 FF
A370H: 74 03 90 AF 2E 12 2B 58 40 04 C3 02 2B 7E D3 02
A380H: 2B 7E 90 0D 7F 12 44 9C AB 07 AA 06 A9 05 74 01
A390H: 12 44 EE 64 53 60 16 90 00 22 74 04 F0 7F 16 7E
A3A0H: 00 74 04 90 93 32 12 2B 58 C3 02 2B 7E 90 16 6B
A3B0H: E0 60 16 90 00 22 74 01 F0 7F 16 7E 00 74 04 90
A3C0H: 93 32 12 2B 58 C3 02 2B 7E 90 13 DF 74 04 F0 90
A3D0H: 0D 7F 12 45 A6 90 0D 7C 12 44 9C 7F 04 74 04 90
A3E0H: C8 00 12 2B 58 02 2B 7E EF 64 52 70 29 7D 02 7E
A3F0H: 4E 7F 0E 90 03 81 12 44 9C A2 69 E4 33 FF E4 A3
A400H: F0 A3 EF F0 90 0C CB 12 45 A6 74 05 90 AD D7 12
A410H: 2B 58 D3 02 2B 7E 90 00 22 74 04 F0 7F 14 7E 00
A420H: 74 04 90 93 32 12 2B 58 C3 02 2B 7E EF 64 52 70
A430H: 28 7D 02 7E 4E 7F 11 90 03 81 12 44 9C A2 6A E4
A440H: 33 FF E4 A3 F0 A3 EF F0 90 0C D5 12 45 A6 74 05
A450H: 90 AD D7 12 2B 58 02 A6 31 EF 64 57 60 03 02 A6
A460H: 19 90 0C D5 12 45 64 12 44 F3 64 30 60 0D 90 0C
A470H: D5 12 45 64 12 44 F3 64 31 70 0D 90 0C D5 12 45
A480H: 64 74 01 12 44 EE 60 18 90 13 DF E0 90 00 22 F0
A490H: 7F 23 7E 00 74 04 90 93 32 12 2B 58 C3 02 2B 7E
A4A0H: 90 0C D5 12 45 64 12 44 F3 64 31 70 04 D2 6A 80
A4B0H: 02 C2 6A 30 6A 03 30 69 03 20 6A 73 90 00 99 74
A4C0H: D2 F0 7F 02 74 05 90 8D AF 12 2B 58 90 00 54 EF
A4D0H: F0 90 00 53 74 D2 F0 7D 01 7E 1B 7F FA 90 00 55
A4E0H: 12 44 9C 7F 02 74 05 90 B3 6A 12 2B 58 40 04 C3
A4F0H: 02 2B 7E 90 00 53 74 D3 F0 A3 74 04 F0 A3 74 01
A500H: F0 A3 74 11 F0 A3 74 10 F0 7F 02 74 05 90 B3 6A
A510H: 12 2B 58 40 04 C3 02 2B 7E 90 11 02 E0 FF 74 03
A520H: 90 AF 2E 12 2B 58 40 04 C3 02 2B 7E 02 A6 17 90
A530H: 1C 0A E0 60 72 90 00 99 74 D2 F0 7F 02 74 05 90
A540H: 8D AF 12 2B 58 90 00 54 EF F0 90 00 53 74 D2 F0
A550H: 7D 01 7E 1C 7F 02 90 00 55 12 44 9C 7F 02 74 05
A560H: 90 B3 6A 12 2B 58 40 04 C3 02 2B 7E 90 00 53 74
A570H: D3 F0 A3 74 04 F0 A3 74 01 F0 A3 74 1C F0 A3 74
A580H: 17 F0 7F 02 74 05 90 B3 6A 12 2B 58 40 04 C3 02
A590H: 2B 7E 90 11 02 E0 FF 74 03 90 AF 2E 12 2B 58 40
A5A0H: 04 C3 02 2B 7E 80 70 90 00 99 74 D2 F0 7F 02 74
A5B0H: 05 90 8D AF 12 2B 58 90 00 54 EF F0 90 00 53 74
A5C0H: D2 F0 7D 02 7E 4E 7F 09 90 00 55 12 44 9C 7F 02
A5D0H: 74 05 90 B3 6A 12 2B 58 40 04 C3 02 2B 7E 90 00
A5E0H: 53 74 D3 F0 A3 74 04 F0 A3 74 02 F0 A3 74 4E F0
A5F0H: A3 74 09 F0 7F 02 74 05 90 B3 6A 12 2B 58 40 04
A600H: C3 02 2B 7E 90 11 02 E0 FF 74 03 90 AF 2E 12 2B
A610H: 58 40 04 C3 02 2B 7E 80 18 90 13 DF E0 90 00 22
A620H: F0 7F 1E 7E 00 74 04 90 93 32 12 2B 58 C3 02 2B
A630H: 7E D3 02 2B 7E EF 64 57 60 03 02 A8 9C 90 02 21
A640H: E4 F0 90 02 20 04 F0 90 00 99 74 66 F0 7F 04 74
A650H: 05 90 8D AF 12 2B 58 90 02 23 EF F0 90 02 29 E0
A660H: FF A3 E0 4F 70 15 90 00 22 74 04 F0 7F 23 7E 00
A670H: 74 04 90 93 32 12 2B 58 02 A8 B4 90 15 6A 74 66
A680H: F0 7D 01 7E 15 7F 6C 90 02 24 12 44 9C 90 02 28
A690H: 12 45 64 12 44 F3 70 03 02 A8 87 90 02 28 12 45
A6A0H: 64 12 44 F3 90 02 22 EF F0 24 14 F5 82 E4 34 67
A6B0H: F5 83 E4 93 54 44 70 1A 90 00 22 74 04 F0 7F 23
A6C0H: 7E 00 74 04 90 93 32 12 2B 58 90 02 20 E4 F0 02
A6D0H: A8 87 90 02 22 E0 24 14 F5 82 E4 34 67 F5 83 E4
A6E0H: 93 54 02 60 09 90 02 22 E0 54 5F FF 80 05 90 02
A6F0H: 22 E0 FF EF C3 94 3A 40 2F 90 02 22 E0 24 14 F5
A700H: 82 E4 34 67 F5 83 E4 93 54 02 60 0B 90 02 22 E0
A710H: 54 5F FF 7E 00 80 07 90 02 22 E0 FF 7E 00 74 C9
A720H: 2F FF EE 34 FF FE 80 2D 90 02 22 E0 24 14 F5 82
A730H: E4 34 67 F5 83 E4 93 54 02 60 0B 90 02 22 E0 54
A740H: 5F FF 7E 00 80 07 90 02 22 E0 FF 7E 00 74 D0 2F
A750H: FF EE 34 FF FE EF 54 0F C4 FF 90 02 24 12 45 64
A760H: 12 44 41 79 01 7A 02 7B 28 90 00 01 12 47 0F 90
A770H: 02 28 12 45 64 12 44 F3 90 02 22 EF F0 24 14 F5
A780H: 82 E4 34 67 F5 83 E4 93 54 44 70 1A 90 00 22 74
A790H: 04 F0 7F 23 7E 00 74 04 90 93 32 12 2B 58 90 02
A7A0H: 20 E4 F0 02 A8 87 90 02 22 E0 24 14 F5 82 E4 34
A7B0H: 67 F5 83 E4 93 54 02 60 09 90 02 22 E0 54 5F FF
A7C0H: 80 05 90 02 22 E0 FF EF C3 94 3A 40 2F 90 02 22
A7D0H: E0 24 14 F5 82 E4 34 67 F5 83 E4 93 54 02 60 0B
A7E0H: 90 02 22 E0 54 5F FF 7E 00 80 07 90 02 22 E0 FF
A7F0H: 7E 00 74 C9 2F FF EE 34 FF FE 80 2D 90 02 22 E0
A800H: 24 14 F5 82 E4 34 67 F5 83 E4 93 54 02 60 0B 90
A810H: 02 22 E0 54 5F FF 7E 00 80 07 90 02 22 E0 FF 7E
A820H: 00 74 D0 2F FF EE 34 FF FE C0 07 90 02 24 12 45
A830H: 64 12 44 F3 D0 E0 2F FF 90 02 24 12 45 64 12 44
A840H: 41 79 01 7A 02 7B 24 90 00 01 12 47 0F 90 02 21
A850H: E0 04 F0 79 01 7A 02 7B 28 90 00 01 12 47 0F 90
A860H: 02 21 E0 FF A3 A3 E0 C3 9F 50 19 90 00 22 74 04
A870H: F0 7F DA 7E 00 74 04 90 93 32 12 2B 58 90 02 20
A880H: E4 F0 80 03 02 A6 8D 90 02 21 E0 90 15 6B F0 7F
A890H: 04 12 31 77 40 04 C3 02 2B 7E 80 18 90 13 DF E0
A8A0H: 90 00 22 F0 7F 1E 7E 00 74 04 90 93 32 12 2B 58
A8B0H: C3 02 2B 7E D3 02 2B 7E 90 16 6A E4 F0 C2 69 90
A8C0H: 00 53 74 FA F0 A3 74 01 F0 A3 04 F0 A3 74 4E F0
A8D0H: A3 74 14 F0 7F 04 74 05 90 B3 6A 12 2B 58 02 2B
A8E0H: 7E 90 1D F2 E0 FE A3 E0 54 FD 90 1D F2 CE F0 A3
A8F0H: EE F0 E4 90 1D F5 FE E0 54 02 4E 70 04 C3 02 2B
A900H: 7E 79 02 7A 4E 7B 16 7D 01 7E 15 7F 6A 74 03 7C
A910H: 00 12 43 23 7F 04 12 31 77 40 04 C3 02 2B 7E 90
A920H: 00 36 74 B4 F0 7F 04 74 05 90 B1 63 12 2B 58 40
A930H: 04 C3 02 2B 7E 90 05 83 E4 F0 A3 74 0B F0 7F 08
A940H: 74 02 90 F2 57 12 2B 58 40 0F 90 05 84 E0 14 F0
A950H: 04 70 06 90 05 83 E0 14 F0 90 05 81 E4 F0 A3 F0
A960H: 90 05 83 E0 FE A3 E0 FF C3 90 05 82 E0 9F 90 05
A970H: 81 E0 64 80 63 06 80 9E 50 2F 90 05 82 E0 24 87
A980H: F5 82 E4 34 65 F5 83 E4 93 90 00 A4 F0 7F 04 74
A990H: 05 90 A0 6A 12 2B 58 40 04 C3 02 2B 7E 79 01 7A
A9A0H: 05 7B 81 D3 12 46 3C 80 B7 90 1C 43 E0 54 03 64
A9B0H: 03 70 26 90 00 53 74 78 F0 A3 74 0D F0 A3 74 01
A9C0H: F0 A3 74 1C F0 A3 74 43 F0 7F 04 74 05 90 B3 6A
A9D0H: 12 2B 58 40 04 C3 02 2B 7E 90 1E DE E4 F0 90 00
A9E0H: 99 74 65 F0 7F 04 74 05 90 8D AF 12 2B 58 90 00
A9F0H: 54 EF F0 90 00 53 74 65 F0 7D 01 7E 1E 7F DE 90
AA00H: 00 55 12 44 9C 7F 04 74 05 90 B3 6A 12 2B 58 40
AA10H: 04 C3 02 2B 7E 90 1D F2 E0 FE A3 E0 44 02 90 1D
AA20H: F2 CE F0 A3 EE F0 D3 02 2B 7E EF 64 52 70 2A 7D
AA30H: 02 7E 4E 7F 0E 90 03 81 12 44 9C 90 27 C7 E0 FF
AA40H: E4 90 03 84 F0 A3 EF F0 90 0C D1 12 45 A6 74 05
AA50H: 90 AD D7 12 2B 58 02 AB 1F EF 64 57 60 03 02 AB
AA60H: 07 7D 02 7E 4E 7F 1A 90 00 45 12 44 9C 90 0C D1
AA70H: 12 45 A6 74 05 90 AB 5B 12 2B 58 90 0C D1 12 45
AA80H: 64 74 01 12 46 21 12 44 F3 60 18 90 13 DF E0 90
AA90H: 00 22 F0 7F 23 7E 00 74 04 90 93 32 12 2B 58 C3
AAA0H: 02 2B 7E 90 0C D1 12 45 A6 74 05 90 A2 92 12 2B
AAB0H: 58 90 0C CE EE F0 A3 EF F0 4E 60 22 E0 14 70 06
AAC0H: 90 0C CE E0 60 18 90 13 DF E0 90 00 22 F0 7F 23
AAD0H: 7E 00 74 04 90 93 32 12 2B 58 C3 02 2B 7E 90 0C
AAE0H: CF E0 90 27 C7 F0 14 70 08 90 1E D9 74 01 F0 80
AAF0H: 05 90 1E D9 E4 F0 7F 08 74 02 90 F6 23 12 2B 58
AB00H: 90 12 DE E4 F0 80 18 90 13 DF E0 90 00 22 F0 7F
AB10H: 1E 7E 00 74 04 90 93 32 12 2B 58 C3 02 2B 7E D3
AB20H: 02 2B 7E 90 1C 0D E0 FF 02 2B 7E EF 54 D0 90 1C
AB30H: 0D F0 02 2B 7E 90 1C 0B E0 FE A3 E0 FF 02 2B 7E
AB40H: 90 1C 0B EE F0 A3 EF F0 02 2B 7E 90 21 00 E0 FF
AB50H: 02 2B 7E 7F 02 74 05 90 AC 03 12 2B 58 40 16 90
AB60H: 00 22 74 02 F0 7F 16 7E 00 74 04 90 93 32 12 2B
AB70H: 58 C3 02 2B 7E 90 13 DF 74 02 F0 FF 12 30 C2 40
AB80H: 16 90 00 22 74 02 F0 7F 17 7E 00 74 04 90 93 32
AB90H: 12 2B 58 C3 02 2B 7E 7F 02 74 03 90 FF D2 12 2B
ABA0H: 58 92 3A 30 3A 4E 30 43 4B 90 11 02 E0 14 60 0A
ABB0H: E0 64 0D 60 05 E0 64 0E 70 3A 7D 01 7E 11 7F 48
ABC0H: 90 03 B0 12 44 9C 7D 01 7E 12 7F DE 74 05 90 AE
ABD0H: CC 12 2B 58 C2 43 74 01 90 D4 5D 12 2B 58 EF 14
ABE0H: 60 02 C2 6B 30 6B 0D D2 6C 30 40 06 C2 6B C2 40
ABF0H: 80 02 D2 40 A2 3A 02 2B 7E 90 0D 7F 12 44 9C AB
AC00H: 07 AA 06 A9 05 74 01 12 44 EE 64 41 60 16 90 00
AC10H: 22 74 02 F0 7F 16 7E 00 74 04 90 93 32 12 2B 58
AC20H: C3 02 2B 7E 90 11 01 E0 60 16 90 00 22 74 01 F0
AC30H: 7F 16 7E 00 74 04 90 93 32 12 2B 58 C3 02 2B 7E
AC40H: 90 13 DF 74 02 F0 90 0D 7F 12 45 A6 90 0D 7C 12
AC50H: 44 9C 7F 02 74 04 90 C8 00 12 2B 58 02 2B 7E EF
AC60H: 64 52 70 2A 7D 02 7E 47 7F 25 90 03 81 12 44 9C
AC70H: 90 21 01 E0 FF E4 90 03 84 F0 A3 EF F0 90 05 4A
AC80H: 12 45 A6 74 05 90 AD D7 12 2B 58 02 AD 3A EF 64
AC90H: 57 60 03 02 AD 22 7D 02 7E 47 7F 28 90 00 45 12
ACA0H: 44 9C 90 05 4A 12 45 A6 74 05 90 AB 5B 12 2B 58
ACB0H: 90 05 4A 12 45 64 74 01 12 46 21 12 44 F3 60 18
ACC0H: 90 13 DF E0 90 00 22 F0 7F 23 7E 00 74 04 90 93
ACD0H: 32 12 2B 58 C3 02 2B 7E 90 05 4A 12 45 A6 74 05
ACE0H: 90 A2 92 12 2B 58 90 05 47 EE F0 A3 EF F0 4E 60
ACF0H: 22 E0 14 70 06 90 05 47 E0 60 18 90 13 DF E0 90
AD00H: 00 22 F0 7F 23 7E 00 74 04 90 93 32 12 2B 58 C3
AD10H: 02 2B 7E 90 05 48 E0 90 21 01 F0 90 12 DE E4 F0
AD20H: 80 18 90 13 DF E0 90 00 22 F0 7F 1E 7E 00 74 04
AD30H: 90 93 32 12 2B 58 C3 02 2B 7E D3 02 2B 7E EF 64
AD40H: 52 70 45 90 1C 0D E0 54 C0 FF 7E 00 90 21 00 E0
AD50H: 2F FF E4 3E 90 03 A4 F0 A3 EF F0 7D 02 7E 47 7F
AD60H: 33 90 03 81 12 44 9C 90 03 A4 E0 FE A3 E0 90 03
AD70H: 84 CE F0 A3 EE F0 90 03 A7 12 45 A6 74 05 90 AD
AD80H: D7 12 2B 58 D3 02 2B 7E EF 64 57 60 03 02 AE 50
AD90H: 90 03 A7 12 45 64 12 44 F3 24 14 F5 82 E4 34 67
ADA0H: F5 83 E4 93 54 04 70 16 90 00 22 74 02 F0 7F 23
ADB0H: 7E 00 74 04 90 93 32 12 2B 58 C3 02 2B 7E 90 03
ADC0H: A7 12 45 A6 74 05 90 A2 92 12 2B 58 90 03 A2 E4
ADD0H: F0 EF 54 C0 A3 F0 90 03 A2 E0 FE A3 E0 FF EE 70
ADE0H: 57 EF 70 12 7F 00 74 03 90 AE 68 12 2B 58 40 04
ADF0H: C3 02 2B 7E 80 58 EF 64 80 60 05 EF 64 C0 70 38
AE00H: 74 03 90 AB 23 12 2B 58 EF 54 10 70 16 90 00 22
AE10H: 74 01 F0 7F 18 7E 00 74 04 90 93 32 12 2B 58 C3
AE20H: 02 2B 7E 90 03 A3 E0 FF 74 03 90 AE 68 12 2B 58
AE30H: 40 04 C3 02 2B 7E 80 16 90 00 22 74 02 F0 7F 23
AE40H: 7E 00 74 04 90 93 32 12 2B 58 C3 02 2B 7E 80 14
AE50H: 90 00 22 74 02 F0 7F 1E 7E 00 74 04 90 93 32 12
AE60H: 2B 58 80 00 D3 02 2B 7E 90 00 A6 EF F0 90 1C 0D
AE70H: E0 54 10 60 06 90 00 A6 E0 70 2F 90 00 53 74 16
AE80H: F0 A3 74 01 F0 A3 04 F0 A3 74 47 F0 A3 74 37 F0
AE90H: 7F 02 74 05 90 B3 6A 12 2B 58 40 04 C3 02 2B 7E
AEA0H: 90 1C 0D E0 54 10 F0 02 AF 2A 90 00 A4 74 6B F0
AEB0H: 7F 02 74 05 90 A0 6A 12 2B 58 40 04 C3 02 2B 7E
AEC0H: 90 00 A4 74 6C F0 7F 02 74 05 90 A0 6A 12 2B 58
AED0H: 40 04 C3 02 2B 7E 90 00 A6 E0 54 40 60 12 90 00
AEE0H: A6 E0 54 80 FF 90 21 00 E0 4F 90 00 A5 F0 80 0A
AEF0H: 90 00 A6 E0 54 80 90 00 A5 F0 90 00 53 74 16 F0
AF00H: A3 74 01 F0 A3 F0 A3 74 00 F0 A3 74 A5 F0 7F 02
AF10H: 74 05 90 B3 6A 12 2B 58 40 04 C3 02 2B 7E 90 00
AF20H: A6 E0 54 C0 44 10 90 1C 0D F0 D3 02 2B 7E 90 00
AF30H: 52 EF F0 70 14 90 15 6A 74 FA F0 90 15 6B 74 01
AF40H: F0 90 15 6C 74 42 F0 80 14 90 15 6A 74 9D F0 90
AF50H: 15 6B 74 01 F0 90 00 52 E0 90 15 6C F0 7F 02 12
AF60H: 31 77 50 04 D3 02 2B 7E C3 02 2B 7E 90 00 53 EF
AF70H: F0 E0 FF 74 03 90 AF 2E 12 2B 58 50 0C 90 00 53
AF80H: E0 90 11 02 F0 D3 02 2B 7E C3 02 2B 7E EF 64 52
AF90H: 70 2A 7D 02 7E 47 7F 25 90 03 81 12 44 9C 90 11
AFA0H: 02 E0 FF E4 90 03 84 F0 A3 EF F0 90 05 63 12 45
AFB0H: A6 74 05 90 AD D7 12 2B 58 02 B0 6C EF 64 57 60
AFC0H: 03 02 B0 58 7D 02 7E 47 7F 28 90 00 45 12 44 9C
AFD0H: 90 05 63 12 45 A6 74 05 90 AB 5B 12 2B 58 90 05
AFE0H: 63 12 45 64 74 01 12 46 21 12 44 F3 60 16 90 00
AFF0H: 22 74 02 F0 7F 23 7E 00 74 04 90 93 32 12 2B 58
B000H: C3 02 2B 7E 90 05 63 12 45 A6 74 05 90 A2 92 12
B010H: 2B 58 90 05 60 EE F0 A3 EF F0 EE 64 80 C3 94 80
B020H: 40 0B 90 05 60 E0 64 80 D3 94 80 40 16 90 00 22
B030H: 74 02 F0 7F 23 7E 00 74 04 90 93 32 12 2B 58 C3
B040H: 02 2B 7E 90 05 61 E0 FF 74 03 90 AF 6C 12 2B 58
B050H: 40 04 C3 02 2B 7E 80 14 90 00 22 74 02 F0 7F 1E
B060H: 7E 00 74 04 90 93 32 12 2B 58 80 00 D3 02 2B 7E
B070H: EF 64 52 70 25 90 05 54 74 66 F0 90 05 5D 12 45
B080H: A6 90 05 55 12 44 9C 7F 02 74 05 90 A4 95 12 2B
B090H: 58 40 04 C3 02 2B 7E 02 B1 B2 EF 64 57 60 03 02
B0A0H: B1 9A 7D 02 7E 47 7F 39 90 00 45 12 44 9C 90 05
B0B0H: 5D 12 45 A6 74 05 90 AB 5B 12 2B 58 90 05 5D 12
B0C0H: 45 64 74 01 12 46 21 12 44 F3 60 18 90 13 DF E0
B0D0H: 90 00 22 F0 7F 23 7E 00 74 04 90 93 32 12 2B 58
B0E0H: C3 02 2B 7E 90 05 5D 12 45 A6 74 04 90 EC 73 12
B0F0H: 2B 58 90 05 58 12 44 D2 7B 00 7A 00 79 C8 78 43
B100H: 74 0B 12 41 08 70 12 90 05 58 12 45 F0 E4 FB FA
B110H: F9 F8 74 0B 12 41 08 70 18 90 13 DF E0 90 00 22
B120H: F0 7F DB 7E 00 74 04 90 93 32 12 2B 58 C3 02 2B
B130H: 7E 90 03 D1 74 66 F0 90 05 5D 12 45 A6 90 03 D2
B140H: 12 44 9C A3 74 01 F0 A3 74 1B F0 A3 74 DD F0 7F
B150H: 02 74 04 90 FA 91 12 2B 58 40 04 C3 02 2B 7E 90
B160H: 00 53 74 66 F0 A3 74 04 F0 A3 74 01 F0 A3 74 1B
B170H: F0 A3 74 DD F0 7F 02 74 05 90 B3 6A 12 2B 58 40
B180H: 04 C3 02 2B 7E 90 11 02 E0 FF 74 03 90 AF 2E 12
B190H: 2B 58 40 04 C3 02 2B 7E 80 18 90 13 DF E0 90 00
B1A0H: 22 F0 7F 1E 7E 00 74 04 90 93 32 12 2B 58 C3 02
B1B0H: 2B 7E D3 02 2B 7E 7F 02 74 04 90 CB B7 12 2B 58
B1C0H: EF 14 70 08 90 15 6A E0 64 56 60 05 7F 00 02 2B
B1D0H: 7E 90 04 08 74 09 F0 A3 74 01 F0 A3 74 0A F0 A3
B1E0H: 74 B7 F0 90 15 6C 12 45 F0 74 04 90 8C 0A 12 2B
B1F0H: 58 90 0A B7 12 45 F0 7B 00 7A 00 79 48 78 43 74
B200H: 0B 12 41 08 70 05 7F 01 02 2B 7E 7F 02 02 2B 7E
B210H: 90 00 53 74 FA F0 A3 74 01 F0 A3 04 F0 A3 74 47
B220H: F0 A3 74 46 F0 7F 02 74 05 90 B3 6A 12 2B 58 02
B230H: 2B 7E 90 1D F2 E0 FE A3 E0 54 FE 90 1D F2 CE F0
B240H: A3 EE F0 E4 90 1D F5 FE E0 54 01 4E 70 04 C3 02
B250H: 2B 7E 7D 02 7E 47 7F 46 90 00 63 12 44 9C 7F 02
B260H: 74 05 90 87 05 12 2B 58 40 04 C3 02 2B 7E 90 00
B270H: 36 74 B3 F0 7F 02 74 05 90 B1 63 12 2B 58 40 04
B280H: C3 02 2B 7E 90 05 81 E4 F0 A3 F0 C3 90 05 82 E0
B290H: 94 1B 90 05 81 E0 64 80 94 80 50 2F 90 05 82 E0
B2A0H: 24 28 F5 82 E4 34 52 F5 83 E4 93 90 00 A4 F0 7F
B2B0H: 02 74 05 90 A0 6A 12 2B 58 40 04 C3 02 2B 7E 79
B2C0H: 01 7A 05 7B 81 D3 12 46 3C 80 C0 90 21 01 E0 14
B2D0H: 70 50 90 00 A4 74 BB F0 7F 02 74 05 90 A0 6A 12
B2E0H: 2B 58 90 00 A4 74 BC F0 7F 02 74 05 90 A0 6A 12
B2F0H: 2B 58 90 00 A4 74 BD F0 7F 02 74 05 90 A0 6A 12
B300H: 2B 58 90 00 A4 74 BE F0 7F 02 74 05 90 A0 6A 12
B310H: 2B 58 90 00 A4 74 BF F0 7F 02 74 05 90 A0 6A 12
B320H: 2B 58 90 00 53 74 D3 F0 A3 74 04 F0 A3 74 01 F0
B330H: A3 74 11 F0 A3 74 10 F0 7F 02 74 05 90 B3 6A 12
B340H: 2B 58 40 04 C3 02 2B 7E 30 48 10 7F 01 74 03 90
B350H: AF 6C 12 2B 58 40 04 C3 02 2B 7E 90 1D F2 E0 FE
B360H: A3 E0 44 01 90 1D F2 CE F0 A3 EE F0 90 1C 43 E0
B370H: 54 03 64 03 70 13 90 1D F2 E0 44 80 FE A3 E0 90
B380H: 1D F2 CE F0 A3 EE F0 80 11 90 1D F2 E0 54 7F FE
B390H: A3 E0 90 1D F2 CE F0 A3 EE F0 C2 47 D3 02 2B 7E
B3A0H: 90 11 02 E0 FF 74 03 90 AF 2E 12 2B 58 02 2B 7E
B3B0H: EF 64 52 70 18 90 13 DF E0 90 00 22 F0 7F 0C 7E
B3C0H: 00 74 04 90 93 32 12 2B 58 C3 02 2B 7E EF 64 57
B3D0H: 60 03 02 B5 33 7D 02 7E 47 7F 39 90 00 45 12 44
B3E0H: 9C 90 05 44 12 45 A6 74 05 90 AB 5B 12 2B 58 90
B3F0H: 05 44 12 45 64 74 01 12 46 21 12 44 F3 60 18 90
B400H: 13 DF E0 90 00 22 F0 7F 23 7E 00 74 04 90 93 32
B410H: 12 2B 58 C3 02 2B 7E 90 05 44 12 45 A6 74 04 90
B420H: EC 73 12 2B 58 90 05 3B 12 44 D2 7B FE 7A FF 79
B430H: C7 78 43 74 0B 12 41 08 70 12 90 05 3B 12 45 F0
B440H: E4 FB FA F9 F8 74 0B 12 41 08 70 18 90 13 DF E0
B450H: 90 00 22 F0 7F DB 7E 00 74 04 90 93 32 12 2B 58
B460H: C3 02 2B 7E 7D 01 7E 05 7F 37 90 05 30 12 44 9C
B470H: 7D 01 7E 05 7F 33 74 04 90 CE E5 12 2B 58 40 04
B480H: C3 02 2B 7E 90 04 08 74 0B F0 A3 74 01 F0 A3 74
B490H: 05 F0 A3 74 3F F0 90 1B DD 12 45 F0 74 04 90 8C
B4A0H: 0A 12 2B 58 90 05 3B 12 45 F0 90 05 3F E0 F8 A3
B4B0H: E0 F9 A3 E0 FA A3 E0 FB 12 3F 7A 90 05 33 E0 F8
B4C0H: A3 E0 F9 A3 E0 FA A3 E0 FB 12 3F 76 74 01 90 E2
B4D0H: 5D 12 2B 58 90 05 3F 12 44 D2 90 03 E5 74 0B F0
B4E0H: A3 74 01 F0 A3 74 1B F0 A3 74 DD F0 90 05 3F 12
B4F0H: 45 F0 74 04 90 8C 8B 12 2B 58 90 00 53 74 66 F0
B500H: A3 74 04 F0 A3 74 01 F0 A3 74 1B F0 A3 74 DD F0
B510H: 7F 02 74 05 90 B3 6A 12 2B 58 40 04 C3 02 2B 7E
B520H: 90 11 02 E0 FF 74 03 90 AF 2E 12 2B 58 40 04 C3
B530H: 02 2B 7E D3 02 2B 7E 7D 01 7E 21 7F DE 74 05 90
B540H: B2 7C 12 2B 58 EF 64 06 4E 60 04 C3 02 2B 7E 7D
B550H: 01 7E 07 7F 12 90 02 38 12 44 9C A3 74 01 F0 A3
B560H: 74 07 F0 A3 74 14 F0 A3 74 01 F0 A3 74 07 F0 A3
B570H: 74 15 F0 7D 01 7E 21 7F DE 74 03 90 E5 B7 12 2B
B580H: 58 50 28 90 07 14 E0 90 02 37 F0 90 07 15 E0 90
B590H: 02 38 F0 90 07 12 E0 FE A3 E0 FF 74 03 90 E4 79
B5A0H: 12 2B 58 90 07 16 12 44 D2 80 04 C3 02 2B 7E 7D
B5B0H: 01 7E 07 7F 1A 90 07 0C 12 44 9C A3 E4 F0 A3 F0
B5C0H: A3 F0 7F 01 74 03 90 E8 60 12 2B 58 90 07 16 12
B5D0H: 45 F0 7B 47 7A 04 79 00 78 00 12 3C 72 90 07 1A
B5E0H: E0 F8 A3 E0 F9 A3 E0 FA A3 E0 FB 74 0B 12 3C 47
B5F0H: 70 04 C3 02 2B 7E D3 02 2B 7E 90 07 0C 12 44 9C
B600H: 90 07 0C 12 45 64 12 44 F3 04 70 03 02 B8 2A 90
B610H: 07 0C 12 45 64 74 02 12 44 EE 54 80 60 03 02 B6
B620H: E1 90 07 0C 12 45 64 74 02 12 44 EE 54 01 60 0B
B630H: 90 1D AC E0 54 01 60 03 02 B6 E1 90 07 0C 12 45
B640H: 64 74 02 12 44 EE 54 02 60 0B 90 1D AC E0 54 02
B650H: 60 03 02 B6 E1 90 07 0C 12 45 64 74 02 12 44 EE
B660H: 54 08 60 0F 7F 07 74 02 90 F2 57 12 2B 58 50 03
B670H: 02 B6 E1 90 07 0C 12 45 64 74 02 12 44 EE 54 10
B680H: 60 0C 7F 0C 74 02 90 F2 57 12 2B 58 40 53 90 07
B690H: 0C 12 45 64 74 02 12 44 EE 54 20 60 0C 7F 0E 74
B6A0H: 02 90 F2 57 12 2B 58 40 38 90 07 0C 12 45 64 74
B6B0H: 02 12 44 EE 54 40 60 0C 7F 0D 74 02 90 F2 57 12
B6C0H: 2B 58 40 1D 90 07 0C 12 45 64 74 02 12 44 EE 54
B6D0H: 04 70 03 02 B8 1B 90 1D AC E0 54 03 70 03 02 B8
B6E0H: 1B 90 07 0C 12 45 64 12 44 F3 74 05 90 AC 03 12
B6F0H: 2B 58 40 03 02 B8 1B 30 48 56 90 07 0C 12 45 64
B700H: 74 01 12 44 EE 90 03 AC EF F0 A3 74 01 F0 A3 74
B710H: 07 F0 A3 74 0B F0 90 07 0C 12 45 64 12 44 F3 74
B720H: 05 90 9C B9 12 2B 58 7D 02 7E 49 7F 6C 90 03 81
B730H: 12 44 9C 90 07 0B E0 FF E4 90 03 84 F0 A3 EF F0
B740H: 90 07 0F 12 45 A6 74 05 90 AD D7 12 2B 58 80 4A
B750H: 7D 02 7E 49 7F 70 90 03 81 12 44 9C 90 07 0C 12
B760H: 45 64 12 44 F3 24 91 F5 82 E4 34 52 F5 83 E4 93
B770H: FF E4 90 03 84 F0 A3 EF F0 90 07 0C 12 45 64 74
B780H: 01 12 44 EE E4 90 03 86 F0 A3 EF F0 90 07 0F 12
B790H: 45 A6 74 05 90 AD D7 12 2B 58 90 00 55 E4 F0 A3
B7A0H: 74 3D F0 90 07 0F 12 45 A6 74 05 90 B2 D0 12 2B
B7B0H: 58 7B 01 7A 00 74 01 12 46 21 8A 06 8B 07 90 05
B7C0H: 55 12 44 9C 90 07 0C 12 45 64 74 01 12 44 EE 90
B7D0H: 05 54 EF F0 90 07 0C 12 45 64 12 44 F3 74 05 90
B7E0H: A4 95 12 2B 58 40 02 C3 22 90 00 55 E4 F0 A3 F0
B7F0H: 90 07 0F 12 45 A6 74 05 90 B2 D0 12 2B 58 90 07
B800H: 0F 12 44 9C 7F 0A 90 07 0F 12 45 64 12 44 41 79
B810H: 01 7A 07 7B 0F 90 00 01 12 47 0F 79 01 7A 07 7B
B820H: 0C 90 00 03 12 47 0F 02 B6 00 7F 00 90 07 0F 12
B830H: 45 64 12 44 41 D3 22 90 00 4F 12 44 9C 90 13 FF
B840H: 12 44 9C 90 00 4F 12 45 A6 74 05 90 A2 92 12 2B
B850H: 58 90 13 FD EE F0 A3 EF F0 7D 02 7E 49 7F 77 90
B860H: 00 45 12 44 9C 90 00 4F 12 45 A6 74 05 90 AB 5B
B870H: 12 2B 58 90 00 4F 12 45 64 74 01 12 46 21 12 44
B880H: F3 60 25 90 13 FE E0 64 03 70 06 90 13 FD E0 60
B890H: 17 90 00 22 74 01 F0 7F 23 7E 00 74 04 90 93 32
B8A0H: 12 2B 58 7F 7F 02 2B 7E 90 13 FD E0 64 80 C3 94
B8B0H: 80 40 0F D3 A3 E0 94 04 90 13 FD E0 64 80 94 80
B8C0H: 40 17 90 00 22 74 01 F0 7F 23 7E 00 74 04 90 93
B8D0H: 32 12 2B 58 7F 7F 02 2B 7E 30 48 21 90 13 FD E0
B8E0H: FF A3 E0 4F 60 17 90 00 22 74 06 F0 7F 1E 7E 00
B8F0H: 74 04 90 93 32 12 2B 58 7F 7F 02 2B 7E C2 64 7F
B900H: 00 02 2B 7E 7D 01 7E 07 7F 22 74 02 90 ED AB 12
B910H: 2B 58 90 07 22 E0 14 70 06 A3 E0 64 02 60 07 D2
B920H: 64 7F 82 02 2B 7E C2 6B D2 30 90 1A 7F E0 60 42
B930H: 74 03 90 E3 92 12 2B 58 90 0A 37 12 44 D2 E4 FB
B940H: FA F9 F8 74 02 12 3C 47 70 22 90 1A 7F E0 FF E4
B950H: FE FD FC 90 0A 37 E0 F8 A3 E0 F9 A3 E0 FA A3 E0
B960H: FB 74 06 12 3C 47 70 04 7F 01 80 02 7F 00 EF 13
B970H: 92 30 90 13 FD E0 FE A3 E0 FF EE 60 03 02 BE EF
B980H: 12 41 AB B9 96 00 BA 78 01 BC 5B 02 BC A6 03 BE
B990H: A5 04 00 00 BE EF 90 14 02 E4 F0 7D 01 7E 07 7F
B9A0H: 35 90 07 0F 12 44 9C 7D 02 7E 62 7F EF 12 B5 FA
B9B0H: 40 05 7F 01 02 2B 7E 7F 02 74 05 90 AC 03 12 2B
B9C0H: 58 40 03 02 BA 4E E4 90 1D F1 FE E0 54 60 90 0A
B9D0H: 37 CE F0 A3 EE F0 74 03 90 AB 35 12 2B 58 D3 90
B9E0H: 0A 38 E0 6F 70 08 90 0A 37 E0 6E 70 01 C3 E4 33
B9F0H: 13 92 31 74 03 90 AB 23 12 2B 58 EF 54 10 60 02
BA00H: 74 01 13 92 32 74 03 90 AB 23 12 2B 58 EF 54 40
BA10H: 60 02 74 01 13 92 33 30 32 19 30 33 16 20 31 13
BA20H: 7F C0 74 03 90 AE 68 12 2B 58 40 05 7F 01 02 2B
BA30H: 7E 80 1B 7F 00 74 03 90 AB 2B 12 2B 58 7F 00 74
BA40H: 03 90 AE 68 12 2B 58 40 05 7F 01 02 2B 7E 7D 01
BA50H: 7E 07 7F 35 90 01 FA 12 44 9C 7F 00 74 03 90 EF
BA60H: 82 12 2B 58 40 05 7F 01 02 2B 7E 7F 00 74 05 90
BA70H: 82 4D 12 2B 58 02 BF 06 90 14 02 E4 F0 74 03 90
BA80H: B5 37 12 2B 58 40 21 90 07 1D E4 F0 A3 74 1A F0
BA90H: A3 74 01 F0 7F 00 74 04 90 97 36 12 2B 58 7F 00
BAA0H: 74 05 90 82 4D 12 2B 58 20 30 4A 90 1D AC E4 F0
BAB0H: 90 21 4C E0 64 02 70 2C D3 74 01 90 D7 B2 12 2B
BAC0H: 58 7D 02 7E 49 7F 83 90 05 9B 12 44 9C 7D 02 7E
BAD0H: 49 7F 81 74 01 90 D7 00 12 2B 58 C3 74 01 90 D5
BAE0H: A5 12 2B 58 90 21 4C E0 64 03 70 09 C3 74 01 90
BAF0H: D5 A5 12 2B 58 7D 01 7E 07 7F 35 90 07 0F 12 44
BB00H: 9C 7D 02 7E 63 7F 16 12 B5 FA 40 05 7F 01 02 2B
BB10H: 7E 7F 02 74 05 90 AC 03 12 2B 58 40 03 02 BC 31
BB20H: E4 90 1D F1 FE E0 54 60 90 0A 37 CE F0 A3 EE F0
BB30H: 74 03 90 AB 35 12 2B 58 D3 90 0A 38 E0 6F 70 08
BB40H: 90 0A 37 E0 6E 70 01 C3 E4 33 13 92 31 74 03 90
BB50H: AB 23 12 2B 58 EF 54 10 60 02 74 01 13 92 32 74
BB60H: 03 90 AB 23 12 2B 58 EF 54 40 60 02 74 01 13 92
BB70H: 33 74 03 90 AB 23 12 2B 58 EF 54 80 60 02 74 01
BB80H: 13 92 34 30 32 1C 30 33 19 30 30 16 20 31 13 7F
BB90H: C0 74 03 90 AE 68 12 2B 58 40 05 7F 01 02 2B 7E
BBA0H: 80 1B 7F 00 74 03 90 AB 2B 12 2B 58 7F 00 74 03
BBB0H: 90 AE 68 12 2B 58 40 05 7F 01 02 2B 7E 74 03 90
BBC0H: AB 4B 12 2B 58 C0 07 74 03 90 AB 23 12 2B 58 EF
BBD0H: 54 C0 FF D0 E0 2F 90 07 21 F0 30 31 13 20 32 09
BBE0H: 20 32 0D 20 33 0A 20 34 07 90 07 21 E0 44 20 F0
BBF0H: 7D 02 7E 49 7F 87 90 03 81 12 44 9C 90 07 21 E0
BC00H: FF E4 90 03 84 F0 A3 EF F0 7D 01 7E 07 7F 24 74
BC10H: 05 90 AD D7 12 2B 58 7D 01 7E 07 7F 24 90 03 B0
BC20H: 12 44 9C 7D 01 7E 07 7F 35 74 05 90 AE CC 12 2B
BC30H: 58 7D 01 7E 07 7F 35 90 01 FA 12 44 9C 7F 00 74
BC40H: 03 90 EF 82 12 2B 58 40 05 7F 01 02 2B 7E 7F 00
BC50H: 74 05 90 82 4D 12 2B 58 02 BF 06 90 14 02 E4 F0
BC60H: 7D 01 7E 07 7F 35 90 07 0F 12 44 9C 7D 02 7E 63
BC70H: 7F 97 12 B5 FA 40 05 7F 01 02 2B 7E 7D 01 7E 07
BC80H: 7F 35 90 01 FA 12 44 9C 7F 00 74 03 90 EF 82 12
BC90H: 2B 58 40 05 7F 01 02 2B 7E 7F 00 74 05 90 82 4D
BCA0H: 12 2B 58 02 BF 06 90 14 02 E4 F0 7D 01 7E 0A 7F
BCB0H: 37 90 07 15 12 44 9C A3 74 01 F0 A3 74 0A F0 A3
BCC0H: 74 37 F0 A3 74 01 F0 A3 74 14 F0 A3 74 02 F0 A3
BCD0H: 74 01 F0 A3 74 0A F0 A3 74 38 F0 90 13 FF 12 45
BCE0H: A6 74 03 90 86 A7 12 2B 58 40 17 90 00 22 74 01
BCF0H: F0 7F 23 7E 00 74 04 90 93 32 12 2B 58 7F 7F 02
BD00H: 2B 7E 90 0A 38 E0 FF 74 03 90 89 B0 12 2B 58 40
BD10H: 17 90 00 22 74 01 F0 7F 23 7E 00 74 04 90 93 32
BD20H: 12 2B 58 7F 7F 02 2B 7E 90 07 35 E4 F0 90 07 21
BD30H: F0 90 1C 42 E0 60 07 90 07 21 E0 44 20 F0 90 1C
BD40H: 42 E4 F0 7F 02 74 05 90 AC 03 12 2B 58 40 03 02
BD50H: BE 7C E4 90 1D F1 FE E0 54 60 90 0A 39 CE F0 A3
BD60H: EE F0 74 03 90 AB 35 12 2B 58 D3 90 0A 3A E0 6F
BD70H: 70 08 90 0A 39 E0 6E 70 01 C3 E4 33 90 0A 3B F0
BD80H: 74 03 90 AB 23 12 2B 58 EF 54 10 60 02 74 01 90
BD90H: 0A 3C F0 74 03 90 AB 23 12 2B 58 EF 54 40 60 02
BDA0H: 74 01 90 0A 3D F0 74 03 90 AB 23 12 2B 58 EF 54
BDB0H: 80 60 02 74 01 90 0A 3E F0 90 0A 3C E0 60 41 A3
BDC0H: E0 60 3D 90 0A 3B E0 70 13 7F C0 74 03 90 AE 68
BDD0H: 12 2B 58 40 05 7F 01 02 2B 7E 80 22 90 07 21 E0
BDE0H: 44 20 F0 7F 00 74 03 90 AB 2B 12 2B 58 7F 00 74
BDF0H: 03 90 AE 68 12 2B 58 40 05 7F 01 02 2B 7E 80 1B
BE00H: 7F 00 74 03 90 AB 2B 12 2B 58 7F 00 74 03 90 AE
BE10H: 68 12 2B 58 40 05 7F 01 02 2B 7E 74 03 90 AB 4B
BE20H: 12 2B 58 C0 07 74 03 90 AB 23 12 2B 58 EF 54 C0
BE30H: FF D0 E0 2F FF 90 07 21 E0 4F F0 7D 02 7E 49 7F
BE40H: 87 90 03 81 12 44 9C 90 07 21 E0 FF E4 90 03 84
BE50H: F0 A3 EF F0 7D 01 7E 07 7F 24 74 05 90 AD D7 12
BE60H: 2B 58 7D 01 7E 07 7F 24 90 03 B0 12 44 9C 7D 01
BE70H: 7E 07 7F 35 74 05 90 AE CC 12 2B 58 7D 01 7E 07
BE80H: 7F 35 90 01 FA 12 44 9C 7F 00 74 03 90 EF 82 12
BE90H: 2B 58 40 05 7F 01 02 2B 7E 7F 00 74 05 90 82 4D
BEA0H: 12 2B 58 80 61 90 14 02 E4 F0 7D 01 7E 07 7F 35
BEB0H: 90 07 0F 12 44 9C 7D 02 7E 63 7F CA 12 B5 FA 40
BEC0H: 05 7F 01 02 2B 7E 7D 01 7E 07 7F 35 90 01 FA 12
BED0H: 44 9C 7F 00 74 03 90 EF 82 12 2B 58 40 05 7F 01
BEE0H: 02 2B 7E 7F 00 74 05 90 82 4D 12 2B 58 80 17 90
BEF0H: 00 22 74 01 F0 7F 23 7E 00 74 04 90 93 32 12 2B
BF00H: 58 7F 01 02 2B 7E 90 13 FE E0 90 07 0C F0 90 14
BF10H: 02 E0 90 07 0D F0 7F 01 74 03 90 80 00 12 2B 58
BF20H: 40 05 7F 7F 02 2B 7E 7F 01 02 2B 7E 7F 00 02 2B
BF30H: 7E 90 07 02 EF F0 90 07 01 E4 F0 90 07 01 E0 75
BF40H: F0 08 A4 24 88 F5 82 E4 34 1A F5 83 E0 FF 90 07
BF50H: 02 E0 6F 60 11 90 07 01 E0 C3 94 1E 50 08 90 07
BF60H: 01 E0 04 F0 80 D5 90 07 01 E0 C3 94 1E 50 14 90
BF70H: 07 01 E0 75 F0 08 A4 24 88 FF E4 34 1A FE 7D 01
BF80H: 02 2B 7E E4 FF FE FD 02 2B 7E 90 15 23 E0 C3 94
BF90H: 02 40 04 C3 02 2B 7E 90 15 23 E0 75 F0 05 A4 FF
BFA0H: 90 15 1E E0 FB EF 24 24 F5 82 E4 34 15 F5 83 EB
BFB0H: F0 90 15 23 E0 75 F0 05 A4 FF 90 15 22 E0 FB EF
BFC0H: 24 28 F5 82 E4 34 15 F5 83 EB F0 90 15 23 E0 75
BFD0H: F0 05 A4 FF 90 15 1F 12 45 64 EF 24 25 F5 82 E4
BFE0H: 34 15 F5 83 E9 F0 A3 EA F0 A3 EB F0 90 15 23 E0
BFF0H: 04 F0 D3 02 2B 7E 90 15 23 E0 70 04 C3 02 2B 7E
C000H: 90 15 23 E0 14 F0 E0 75 F0 05 A4 24 24 F5 82 E4
C010H: 34 15 F5 83 E0 90 15 1E F0 90 15 23 E0 75 F0 05
C020H: A4 24 28 F5 82 E4 34 15 F5 83 E0 90 15 22 F0 90
C030H: 15 23 E0 75 F0 05 A4 24 25 F5 82 E4 34 15 F5 83
C040H: E0 FD A3 E0 FE A3 E0 FF 90 15 1F 12 44 9C D3 02
C050H: 2B 7E 90 15 22 E0 60 30 90 15 1F 12 45 64 74 03
C060H: 12 45 8B 90 15 22 E0 FB 7A 00 8D 01 EE CA FE EF
C070H: CB FF 74 03 12 46 21 12 45 90 EF 14 4E 4D 60 08
C080H: 90 15 22 E0 14 F0 80 CA 90 15 22 E0 70 17 90 00
C090H: 22 74 01 F0 7F F6 7E 00 74 04 90 93 32 12 2B 58
C0A0H: 7F 7F 02 2B 7E 90 15 22 E0 04 F0 90 15 1F 12 45
C0B0H: 64 74 03 12 45 8B 90 15 22 E0 FB 7A 00 8D 01 EE
C0C0H: CA FE EF CB FF 74 03 12 46 21 12 45 90 EF 64 02
C0D0H: 4E 4D 70 06 90 15 22 E0 04 F0 90 15 1F 12 45 64
C0E0H: 74 03 12 45 8B 90 15 22 E0 FB 7A 00 8D 01 EE CA
C0F0H: FE EF CB FF 74 03 12 46 21 12 45 90 70 05 7F 01
C100H: 02 2B 7E 7F 00 02 2B 7E 90 15 1F 12 45 64 74 03
C110H: 12 45 8B 90 15 22 E0 FB 7A 00 8D 01 EE CA FE EF
C120H: CB FF 74 03 12 46 21 12 45 90 60 31 90 15 1F 12
C130H: 45 64 74 03 12 45 8B 90 15 22 E0 FB 7A 00 8D 01
C140H: EE CA FE EF CB FF 74 03 12 46 21 12 45 90 EF 64
C150H: 02 4E 4D 60 08 90 15 22 E0 04 F0 80 AB 90 15 1F
C160H: 12 45 64 74 03 12 45 8B 90 15 22 E0 FB 7A 00 8D
C170H: 01 EE CA FE EF CB FF 74 03 12 46 21 12 45 90 70
C180H: 05 7F 01 02 2B 7E 90 15 22 E0 04 F0 90 15 1F 12
C190H: 45 64 74 03 12 45 8B 90 15 22 E0 FB 7A 00 8D 01
C1A0H: EE CA FE EF CB FF 74 03 12 46 21 12 45 90 70 05
C1B0H: 7F 01 02 2B 7E 7F 00 02 2B 7E 90 15 1F 12 45 64
C1C0H: 74 03 12 45 8B 90 15 22 E0 FB 7A 00 8D 01 EE CA
C1D0H: FE EF CB FF 74 03 12 46 21 12 45 90 70 17 90 00
C1E0H: 22 74 01 F0 7F F6 7E 00 74 04 90 93 32 12 2B 58
C1F0H: 7F 7F 02 2B 7E 90 15 22 E0 04 F0 90 15 1F 12 45
C200H: 64 74 03 12 45 8B 90 15 22 E0 FB 7A 00 8D 01 EE
C210H: CA FE EF CB FF 74 03 12 46 21 12 45 90 EF 14 4E
C220H: 4D 70 44 90 15 22 E0 04 F0 90 15 1F 12 45 64 74
C230H: 03 12 45 8B 90 15 22 E0 FB 7A 00 8D 01 EE CA FE
C240H: EF CB FF 74 03 12 46 21 12 45 90 70 17 90 00 22
C250H: 74 01 F0 7F F6 7E 00 74 04 90 93 32 12 2B 58 7F
C260H: 7F 02 2B 7E 02 C3 27 90 15 1F 12 45 64 74 03 12
C270H: 45 8B 90 15 22 E0 FB 7A 00 8D 01 EE CA FE EF CB
C280H: FF 74 03 12 46 21 12 45 90 EF 64 02 4E 4D 60 03
C290H: 02 C3 27 90 15 1F 12 45 64 74 03 12 45 8B 90 15
C2A0H: 22 E0 FB 7A 00 8D 01 EE CA FE EF CB FF 74 03 12
C2B0H: 46 21 12 45 90 EF 14 4E 4D 60 0E 90 15 22 E0 60
C2C0H: 08 90 15 22 E0 14 F0 80 CA 90 15 22 E0 70 17 90
C2D0H: 00 22 74 01 F0 7F F6 7E 00 74 04 90 93 32 12 2B
C2E0H: 58 7F 7F 02 2B 7E 90 15 22 E0 04 F0 90 15 1F 12
C2F0H: 45 64 74 03 12 45 8B 90 15 22 E0 FB 7A 00 8D 01
C300H: EE CA FE EF CB FF 74 03 12 46 21 12 45 90 70 17
C310H: 90 00 22 74 01 F0 7F F6 7E 00 74 04 90 93 32 12
C320H: 2B 58 7F 7F 02 2B 7E 7F 00 02 2B 7E 90 07 07 EF
C330H: F0 90 15 20 E0 FF A3 E0 4F 70 05 7F 7F 02 2B 7E
C340H: 90 15 1E E0 FF 74 03 90 BF 31 12 2B 58 EF 4E 70
C350H: 05 7F 7F 02 2B 7E 90 15 1F 12 45 64 74 06 12 45
C360H: 8B 90 07 04 12 44 9C 60 33 90 07 04 E0 FD A3 E0
C370H: FE A3 E0 90 C3 95 C0 82 C0 83 78 03 C0 00 8E 83
C380H: F5 82 74 01 93 C0 E0 E4 93 C0 E0 C0 05 90 07 07
C390H: E0 FF 02 2B 7E 90 07 03 EF F0 80 05 90 07 03 E4
C3A0H: F0 C2 6B C2 4A 90 07 03 E0 70 2B 74 03 90 BF F6
C3B0H: 12 2B 58 40 0A E4 FF FE FD 90 15 1F 12 44 9C 90
C3C0H: 00 22 74 01 F0 7F F0 7E 00 74 04 90 93 32 12 2B
C3D0H: 58 7F 00 02 2B 7E 7F 7F 02 2B 7E 90 15 20 E0 FF
C3E0H: A3 E0 4F 70 17 90 00 22 74 01 F0 7F F6 7E 00 74
C3F0H: 04 90 93 32 12 2B 58 7F 7F 02 2B 7E 90 15 1F 12
C400H: 45 64 74 03 12 45 8B 90 15 22 E0 FB 7A 00 8D 01
C410H: EE CA FE EF CB FF 74 03 12 46 21 12 45 90 90 0D
C420H: 56 12 44 9C 70 05 7F 01 02 2B 7E C2 3A 90 0D 56
C430H: E0 FD A3 E0 FE A3 E0 90 C4 54 C0 82 C0 83 78 03
C440H: C0 00 8E 83 F5 82 74 01 93 C0 E0 E4 93 C0 E0 C0
C450H: 05 02 2B 7E 90 0D 55 EF F0 54 80 60 09 D2 3A 90
C460H: 0D 55 E0 54 7F F0 90 0D 55 E0 FF 12 41 AB C4 84
C470H: 00 C4 84 01 C4 84 02 C4 86 03 C4 A4 04 C4 95 05
C480H: 00 00 C4 B3 80 35 74 03 90 C1 BA 12 2B 58 90 0D
C490H: 55 EF F0 80 26 74 03 90 C1 08 12 2B 58 90 0D 55
C4A0H: EF F0 80 17 74 03 90 C0 52 12 2B 58 90 0D 55 EF
C4B0H: F0 80 08 90 0D 55 74 7F F0 80 00 90 0D 55 E0 64
C4C0H: 7F 60 0C E0 14 60 08 30 3A 05 7F 80 02 2B 7E 90
C4D0H: 0D 55 E0 FF 02 2B 7E 90 0D 55 EE F0 A3 EF F0 90
C4E0H: 0D 55 E0 FE A3 E0 90 00 28 CE F0 A3 EE F0 7F 04
C4F0H: 12 31 E4 02 2B 7E 90 00 77 EE F0 A3 EF F0 A3 E0
C500H: 90 00 22 F0 90 00 77 E0 FE A3 E0 FF 74 04 90 93
C510H: 32 12 2B 58 90 15 2E E0 90 13 DE F0 02 2B 7E 90
C520H: 15 1C EE F0 A3 EF F0 02 2B 7E 90 15 1C E0 FE A3
C530H: E0 FF 02 2B 7E 90 15 23 E0 60 02 74 01 13 02 2B
C540H: 7E 90 0D 58 EE F0 A3 EF F0 EE D3 94 00 40 04 C3
C550H: 02 2B 7E 90 0D 59 E0 FF 74 03 90 BF 31 12 2B 58
C560H: 90 0D 55 12 44 9C 60 42 30 48 03 20 7C 04 D3 02
C570H: 2B 7E 90 0D 55 12 45 64 74 03 12 45 15 90 1C 2C
C580H: E0 52 06 A3 E0 52 07 C0 06 C0 07 90 0D 55 12 45
C590H: 64 74 03 12 45 15 D0 03 D0 02 EB 6F 70 02 EA 6E
C5A0H: 70 04 D3 02 2B 7E C3 02 2B 7E C3 02 2B 7E 30 63
C5B0H: 08 90 15 1B E0 FF 02 2B 7E 90 15 1E E0 FF 02 2B
C5C0H: 7E 90 15 20 E0 FF A3 E0 4F 70 05 7F 00 02 2B 7E
C5D0H: 7F 01 74 03 90 C3 2C 12 2B 58 EF 70 02 80 F1 7F
C5E0H: 01 74 04 90 98 27 12 2B 58 EF 64 F0 4E 70 12 90
C5F0H: 07 03 74 01 F0 7F F0 74 04 90 98 8E 12 2B 58 80
C600H: DE 90 00 22 74 01 F0 7F F0 7E 00 74 04 90 93 32
C610H: 12 2B 58 7F 00 02 2B 7E 7F 04 12 32 DE 90 15 20
C620H: E0 FF A3 E0 4F 60 2E 74 03 90 C5 C1 12 2B 58 90
C630H: 00 22 74 01 F0 7F F7 7E 00 74 04 90 93 32 12 2B
C640H: 58 90 00 22 74 01 F0 7F F0 7E 00 74 04 90 93 32
C650H: 12 2B 58 80 02 D2 4A 02 2B 7E 90 0D 62 EF F0 90
C660H: 0D 58 E4 F0 C2 63 90 0D 62 E0 FF 74 03 90 BF 31
C670H: 12 2B 58 90 0D 59 12 44 9C 70 16 90 00 22 74 01
C680H: F0 7F F2 7E 00 74 04 90 93 32 12 2B 58 C3 02 2B
C690H: 7E 90 0D 62 E0 60 28 90 15 20 E0 FF A3 E0 4F 60
C6A0H: 1E 90 13 DE E0 64 FE 60 16 90 00 22 74 01 F0 7F
C6B0H: F5 7E 00 74 04 90 93 32 12 2B 58 C3 02 2B 7E 90
C6C0H: 0D 62 E0 90 15 1B F0 90 15 20 E0 FF A3 E0 4F 70
C6D0H: 08 90 13 DE E0 90 15 2E F0 90 0D 59 12 45 64 74
C6E0H: 05 12 45 8B AB 07 AA 06 A9 05 90 0D 5C E9 F0 A3
C6F0H: EA F0 A3 EB F0 12 45 90 90 0D 5F 12 44 9C 70 07
C700H: 90 0D 57 E4 F0 80 36 D2 63 90 0D 5F E0 FD A3 E0
C710H: FE A3 E0 90 C7 36 C0 82 C0 83 78 03 C0 00 8E 83
C720H: F5 82 74 01 93 C0 E0 E4 93 C0 E0 C0 05 90 0D 63
C730H: 12 45 A6 02 2B 7E 90 0D 57 EF F0 C2 63 90 0D 57
C740H: E0 FF 64 7F 70 16 90 00 22 74 01 F0 7F F0 7E 00
C750H: 74 04 90 93 32 12 2B 58 C3 02 2B 7E EF 64 01 70
C760H: 16 90 00 22 74 01 F0 7F F0 7E 00 74 04 90 93 32
C770H: 12 2B 58 D3 02 2B 7E EF 60 03 02 C8 34 90 0D 5C
C780H: 12 45 64 74 03 12 45 4A 12 45 90 70 16 90 00 22
C790H: 74 01 F0 7F F6 7E 00 74 04 90 93 32 12 2B 58 C3
C7A0H: 02 2B 7E C2 64 90 15 20 E0 FF A3 E0 4F 60 24 74
C7B0H: 03 90 BF 8A 12 2B 58 40 16 90 00 22 74 01 F0 7F
C7C0H: F3 7E 00 74 04 90 93 32 12 2B 58 C3 02 2B 7E D2
C7D0H: 4A 80 3D 90 0D 59 12 45 64 74 01 12 45 15 74 03
C7E0H: 90 C4 D7 12 2B 58 40 28 90 00 22 74 01 F0 7F DB
C7F0H: 7E 00 74 04 90 93 32 12 2B 58 90 00 22 74 01 F0
C800H: 7F F6 7E 00 74 04 90 93 32 12 2B 58 C3 02 2B 7E
C810H: 90 0D 5C 12 45 A6 90 15 1F 12 44 9C 90 15 22 E4
C820H: F0 90 0D 62 E0 90 15 1E F0 90 15 1C E4 F0 A3 F0
C830H: D3 02 2B 7E 90 00 22 74 01 F0 7F F6 7E 00 74 04
C840H: 90 93 32 12 2B 58 C3 02 2B 7E 90 15 20 E0 FF A3
C850H: E0 4F 70 04 C3 02 2B 7E 74 03 90 C3 DB 12 2B 58
C860H: 90 0D 59 EF F0 14 70 64 90 07 03 74 01 F0 7F F0
C870H: 74 04 90 98 8E 12 2B 58 7F 00 74 03 90 C3 2C 12
C880H: 2B 58 90 0D 59 EF F0 64 7F 70 12 90 00 22 74 01
C890H: F0 7F F6 7E 00 74 04 90 93 32 12 2B 58 90 15 20
C8A0H: E0 FF A3 E0 4F 60 25 90 0D 59 E0 64 7F 60 1D 74
C8B0H: 03 90 C3 DB 12 2B 58 90 0D 59 EF F0 90 07 03 74
C8C0H: 01 F0 7F F0 74 04 90 98 8E 12 2B 58 90 0D 59 E0
C8D0H: FF 64 01 70 0E 7F 00 74 03 90 C3 2C 12 2B 58 C2
C8E0H: 3B 80 2C EF 64 7F 70 0C 74 03 90 C5 C1 12 2B 58
C8F0H: C2 3B 80 1B EF 64 80 70 04 C2 3B 80 12 90 15 20
C900H: E0 FF A3 E0 4F 70 04 C2 3B 80 02 D2 3B 80 00 90
C910H: 15 20 E0 FF A3 E0 4F 70 08 90 15 2E E0 90 13 DE
C920H: F0 A2 3B 02 2B 7E 90 0C 3F 12 44 9C EF 4E 70 03
C930H: 02 C9 B0 79 02 7A 4B 7B ED 90 0C 3F 12 45 A6 12
C940H: 41 D1 60 6C 79 02 7A 4B 7B EF 90 0C 3F 12 45 A6
C950H: 12 41 D1 60 5B 79 02 7A 4B 7B F1 90 0C 3F 12 45
C960H: A6 12 41 D1 60 4A 79 02 7A 4B 7B F3 90 0C 3F 12
C970H: 45 A6 12 41 D1 60 39 79 02 7A 4B 7B F5 90 0C 3F
C980H: 12 45 A6 12 41 D1 60 28 79 02 7A 4B 7B F7 90 0C
C990H: 3F 12 45 A6 12 41 D1 60 17 90 00 22 74 01 F0 7F
C9A0H: 23 7E 00 74 04 90 93 32 12 2B 58 7F 7F 02 2B 7E
C9B0H: 30 48 65 90 0C 40 E0 FF A3 E0 4F 60 5B 79 02 7A
C9C0H: 4B 7B ED 90 0C 3F 12 45 A6 12 41 D1 60 4A 79 02
C9D0H: 7A 4B 7B F3 90 0C 3F 12 45 A6 12 41 D1 60 39 79
C9E0H: 02 7A 4B 7B F5 90 0C 3F 12 45 A6 12 41 D1 60 28
C9F0H: 79 02 7A 4B 7B F7 90 0C 3F 12 45 A6 12 41 D1 60
CA00H: 17 90 00 22 74 01 F0 7F 23 7E 00 74 04 90 93 32
CA10H: 12 2B 58 7F 7F 02 2B 7E 90 0C 40 E0 FF A3 E0 4F
CA20H: 70 09 90 14 F7 74 01 F0 02 CA FE 90 0C 3F 12 45
CA30H: 64 12 44 F3 12 41 AB CA 4D 30 CA 56 31 CA 5F 32
CA40H: CA 68 33 CA 77 34 CA DF 35 00 00 CA E7 90 14 F7
CA50H: 74 01 F0 02 CA FE 90 14 F7 74 02 F0 02 CA FE 90
CA60H: 14 F7 74 03 F0 02 CA FE 7F 00 74 03 90 AE 68 12
CA70H: 2B 58 7F 01 02 2B 7E 74 03 90 AB 23 12 2B 58 EF
CA80H: 54 40 60 21 7D 02 7E 4B 7F F9 90 03 81 12 44 9C
CA90H: A3 E4 F0 A3 04 F0 FD 7E 0C 7F 2E 74 05 90 AD D7
CAA0H: 12 2B 58 80 1F 7D 02 7E 4B 7F F9 90 03 81 12 44
CAB0H: 9C A3 E4 F0 A3 F0 7D 01 7E 0C 7F 2E 74 05 90 AD
CAC0H: D7 12 2B 58 7D 01 7E 0C 7F 2E 90 01 FA 12 44 9C
CAD0H: 7F 00 74 03 90 EF 82 12 2B 58 7F 01 02 2B 7E 90
CAE0H: 14 F7 74 04 F0 80 17 90 00 22 74 01 F0 7F 23 7E
CAF0H: 00 74 04 90 93 32 12 2B 58 7F 7F 02 2B 7E 90 11
CB00H: 02 E0 90 14 F6 F0 90 14 F7 E0 FF 12 41 AB CB 1E
CB10H: 01 CB 9C 02 CC 0E 03 CC 2F 04 00 00 CC 70 7F 04
CB20H: 74 05 90 AC 03 12 2B 58 50 17 7F 02 74 05 90 AC
CB30H: 03 12 2B 58 50 0B 74 03 90 AB 4B 12 2B 58 EF 70
CB40H: 17 90 00 22 74 01 F0 7F F4 7E 00 74 04 90 93 32
CB50H: 12 2B 58 7F 7F 02 2B 7E 7F 00 74 03 90 AB 2B 12
CB60H: 2B 58 90 00 53 74 16 F0 A3 74 01 F0 A3 04 F0 A3
CB70H: 74 4B F0 A3 74 FD F0 7F 02 74 05 90 B3 6A 12 2B
CB80H: 58 40 05 7F 7F 02 2B 7E 7F 08 74 03 90 AF 6C 12
CB90H: 2B 58 40 05 7F 7F 02 2B 7E 02 CC 87 7F 02 74 05
CBA0H: 90 AC 03 12 2B 58 50 0B 74 03 90 AB 4B 12 2B 58
CBB0H: EF 70 17 90 00 22 74 01 F0 7F F4 7E 00 74 04 90
CBC0H: 93 32 12 2B 58 7F 7F 02 2B 7E 7F 00 74 03 90 AB
CBD0H: 2B 12 2B 58 90 00 53 74 16 F0 A3 74 01 F0 A3 04
CBE0H: F0 A3 74 4B F0 A3 74 FD F0 7F 02 74 05 90 B3 6A
CBF0H: 12 2B 58 40 05 7F 7F 02 2B 7E 7F 08 74 03 90 AF
CC00H: 6C 12 2B 58 40 05 7F 7F 02 2B 7E 02 CC 87 90 1A
CC10H: 83 E0 64 02 60 17 90 00 22 74 01 F0 7F 18 7E 00
CC20H: 74 04 90 93 32 12 2B 58 7F 7F 02 2B 7E 80 58 7F
CC30H: 02 74 05 90 AC 03 12 2B 58 50 0B 74 03 90 AB 4B
CC40H: 12 2B 58 EF 70 17 90 00 22 74 01 F0 7F F4 7E 00
CC50H: 74 04 90 93 32 12 2B 58 7F 7F 02 2B 7E 7F 03 74
CC60H: 03 90 AF 6C 12 2B 58 40 05 7F 7F 02 2B 7E 80 17
CC70H: 90 00 22 74 01 F0 7F 23 7E 00 74 04 90 93 32 12
CC80H: 2B 58 7F 7F 02 2B 7E 90 11 01 E0 04 F0 90 14 F7
CC90H: E0 14 70 06 90 16 6B E0 04 F0 90 12 DE E4 F0 FF
CCA0H: 02 2B 7E 90 14 F7 E0 FF 12 41 AB CC CE 01 CC CE
CCB0H: 02 CC BB 03 CC C2 04 00 00 CD 39 D2 64 7F 03 02
CCC0H: 2B 7E 7F 04 12 32 DE D2 64 7F 03 02 2B 7E 7F 02
CCD0H: 74 04 90 98 27 12 2B 58 EF 4E 70 0E 7F 04 74 04
CCE0H: 90 98 27 12 2B 58 EF 4E 60 05 7F 7F 02 2B 7E 90
CCF0H: 13 DF E0 64 02 70 40 7D 02 7E 4C 7F 02 90 00 89
CD00H: 12 44 9C 7D 01 7E 12 7F DE 74 05 90 A8 45 12 2B
CD10H: 58 EF 4E 60 22 90 14 F7 E0 14 70 16 7F 05 74 03
CD20H: 90 AF 2E 12 2B 58 40 05 7F 7F 02 2B 7E 7F 03 02
CD30H: 2B 7E 7F 01 02 2B 7E 80 17 90 00 22 74 01 F0 7F
CD40H: FE 7E 00 74 04 90 93 32 12 2B 58 7F 7F 02 2B 7E
CD50H: 7F 82 02 2B 7E 90 14 F7 E0 FF 12 41 AB CD 74 01
CD60H: CD 6D 02 CD 6D 03 CE B8 04 00 00 CE FA D2 64 7F
CD70H: 03 02 2B 7E 7F 02 74 04 90 98 27 12 2B 58 EF 4E
CD80H: 70 0E 7F 04 74 04 90 98 27 12 2B 58 EF 4E 60 05
CD90H: 7F 7F 02 2B 7E 90 13 DF E0 64 02 60 03 02 CE B6
CDA0H: 7D 02 7E 4C 7F 08 90 00 89 12 44 9C 7D 01 7E 12
CDB0H: 7F DE 74 05 90 A8 45 12 2B 58 90 0C 28 12 44 9C
CDC0H: 70 03 02 CE B6 90 0C 2A E0 24 04 F0 90 0C 29 E0
CDD0H: 34 00 F0 7D 02 7E 4C 7F 0D 90 0C 20 12 44 9C 90
CDE0H: 0C 28 12 45 A6 74 05 90 AA AC 12 2B 58 90 0C 23
CDF0H: EF F0 C3 94 11 40 17 90 00 22 74 02 F0 7F 23 7E
CE00H: 00 74 04 90 93 32 12 2B 58 7F 7F 02 2B 7E 90 0C
CE10H: 23 E0 FF 7E 00 C0 06 C0 07 90 0C 28 12 45 64 7D
CE20H: 01 7E 14 7F E5 D0 E0 D0 04 12 43 23 90 0C 23 E0
CE30H: 24 E5 F5 82 E4 34 14 F5 83 E4 F0 7D 01 7E 14 7F
CE40H: E5 74 04 90 EC 73 12 2B 58 90 0C 24 12 44 D2 7B
CE50H: 00 7A 00 79 48 78 43 12 3F 7A 90 0C 24 12 44 D2
CE60H: 7B 00 7A 00 79 C8 78 43 74 03 12 41 08 70 14 7F
CE70H: 00 7E 00 7D C8 7C C3 79 01 7A 0C 7B 24 90 3F 7A
CE80H: 12 43 FF 7D 02 7E 4C 7F 10 90 03 81 12 44 9C 90
CE90H: 0C 24 12 45 F0 90 03 84 12 44 D2 7D 01 7E 11 7F
CEA0H: DE 74 05 90 AD D7 12 2B 58 90 13 DE 74 FE F0 D2
CEB0H: 49 7F 03 02 2B 7E 80 44 7F 02 74 04 90 98 27 12
CEC0H: 2B 58 EF 4E 60 05 7F 7F 02 2B 7E 30 47 2A D2 6C
CED0H: C2 47 7D 02 7E 63 7F F4 90 0C 1B 12 44 9C A3 74
CEE0H: 02 F0 7F FF 74 04 90 80 00 12 2B 58 40 05 7F 7F
CEF0H: 02 2B 7E 7F 02 02 2B 7E 80 02 80 00 7F 82 02 2B
CF00H: 7E 7F 02 74 04 90 98 27 12 2B 58 EF 4E 70 0E 7F
CF10H: 04 74 04 90 98 27 12 2B 58 EF 4E 60 05 7F 7F 02
CF20H: 2B 7E 90 14 F7 E0 14 70 2F 7F 01 74 04 90 98 27
CF30H: 12 2B 58 90 00 8C EE F0 A3 EF F0 64 F0 4E 70 16
CF40H: 7F 09 74 03 90 AF 2E 12 2B 58 40 05 7F 7F 02 2B
CF50H: 7E 7F 03 02 2B 7E 80 16 7F 09 74 03 90 AF 2E 12
CF60H: 2B 58 40 05 7F 7F 02 2B 7E 7F 03 02 2B 7E 7F 82
CF70H: 02 2B 7E 7F 02 74 04 90 98 27 12 2B 58 EF 4E 70
CF80H: 0E 7F 04 74 04 90 98 27 12 2B 58 EF 4E 60 05 7F
CF90H: 7F 02 2B 7E 90 13 DF E0 64 02 60 03 02 D0 EE 7D
CFA0H: 02 7E 4C 7F 1B 90 00 89 12 44 9C 7D 01 7E 12 7F
CFB0H: DE 74 05 90 A8 45 12 2B 58 EF 4E 70 03 02 D0 EE
CFC0H: 7D 02 7E 4C 7F 20 90 00 89 12 44 9C 7D 01 7E 12
CFD0H: 7F DE 74 05 90 A8 45 12 2B 58 EF 4E 70 03 02 D0
CFE0H: EE 7D 02 7E 4C 7F 1B 90 00 89 12 44 9C 7D 01 7E
CFF0H: 12 7F DE 74 05 90 A8 45 12 2B 58 7B 04 7A 00 74
D000H: 01 12 46 21 8A 06 8B 07 90 0C 2B 12 44 9C 90 00
D010H: 9C 74 6B F0 7F 02 74 05 90 B2 23 12 2B 58 90 03
D020H: D5 12 44 9C 90 03 D1 74 6B F0 90 0C 2B 12 45 A6
D030H: 90 03 D2 12 44 9C 7F 02 74 04 90 FA 91 12 2B 58
D040H: 7D 02 7E 4C 7F 20 90 00 89 12 44 9C 7D 01 7E 12
D050H: 7F DE 74 05 90 A8 45 12 2B 58 7B 04 7A 00 74 01
D060H: 12 46 21 8A 06 8B 07 90 0C 2B 12 44 9C 90 00 9C
D070H: 74 6C F0 7F 02 74 05 90 B2 23 12 2B 58 90 03 D5
D080H: 12 44 9C 90 03 D1 74 6C F0 90 0C 2B 12 45 A6 90
D090H: 03 D2 12 44 9C 7F 02 74 04 90 FA 91 12 2B 58 7F
D0A0H: 10 74 03 90 AB 2B 12 2B 58 7F 01 74 04 90 E9 85
D0B0H: 12 2B 58 90 14 F7 E0 14 70 2D 7D 02 7E 4C 7F 25
D0C0H: 90 03 81 12 44 9C A3 74 01 F0 A3 74 14 F0 A3 74
D0D0H: E5 F0 7D 01 7E 11 7F DE 74 05 90 AD D7 12 2B 58
D0E0H: D2 49 7F 03 02 2B 7E D2 64 7F 03 02 2B 7E 7F 82
D0F0H: 02 2B 7E 7F 02 74 04 90 98 27 12 2B 58 EF 4E 70
D100H: 0E 7F 04 74 04 90 98 27 12 2B 58 EF 4E 60 06 90
D110H: 00 A9 74 7F F0 C2 22 90 14 F7 E0 14 70 1B 7F 01
D120H: 74 04 90 98 27 12 2B 58 90 00 A7 EE F0 A3 EF F0
D130H: 64 F0 4E 70 02 D2 22 80 02 D2 22 30 22 3F 7F C0
D140H: 74 03 90 AE 68 12 2B 58 50 19 E4 90 1D F1 FE E0
D150H: 54 60 FF 74 03 90 AB 40 12 2B 58 90 00 A9 74 01
D160H: F0 80 12 7F 00 7E 00 74 03 90 AB 40 12 2B 58 90
D170H: 00 A9 74 7F F0 90 00 A9 E0 FF 02 2B 7E 7F 82 02
D180H: 2B 7E 90 0C 17 EF F0 74 03 90 AB 4B 12 2B 58 7E
D190H: 00 C0 06 C0 07 74 03 90 AB 23 12 2B 58 EF 54 C0
D1A0H: FF E4 FE D0 E0 2F FF D0 E0 3E 90 0C 15 F0 A3 EF
D1B0H: F0 90 14 F7 E0 90 1A 83 F0 90 0C 17 E0 70 54 90
D1C0H: 14 F7 E0 64 02 60 4C 20 48 49 7D 02 7E 4C 7F 2D
D1D0H: 90 03 81 12 44 9C 90 0C 15 E0 FE A3 E0 90 03 84
D1E0H: CE F0 A3 EE F0 7D 01 7E 12 7F DE 74 05 90 AD D7
D1F0H: 12 2B 58 7D 01 7E 12 7F DE 90 01 FA 12 44 9C 7F
D200H: 00 74 03 90 EF 82 12 2B 58 7F 00 74 05 90 82 4D
D210H: 12 2B 58 90 11 01 E0 14 F0 90 14 F7 E0 14 70 06
D220H: 90 16 6B E0 14 F0 90 14 F6 E0 FF 74 03 90 AF 6C
D230H: 12 2B 58 40 05 7F 7F 02 2B 7E 7F 00 02 2B 7E 90
D240H: 0D 60 EF F0 A3 A3 E0 FE A3 E0 90 00 94 CE F0 A3
D250H: EE F0 90 0D 60 E0 FF 74 05 90 B4 B2 12 2B 58 40
D260H: 03 02 D3 5E 90 0D 63 E0 90 0D 59 F0 90 0D 60 E0
D270H: FF 74 05 90 B4 7D 12 2B 58 90 0D 5A EE F0 A3 EF
D280H: F0 90 0D 63 E0 90 00 97 F0 90 0D 60 E0 FF 74 05
D290H: 90 B4 48 12 2B 58 90 0D 5C EE F0 A3 EF F0 A3 E4
D2A0H: F0 EF 54 30 A3 F0 30 7C 1F 90 1C 2C E0 FE A3 E0
D2B0H: FF 90 0D 5A E0 52 06 A3 E0 52 07 E0 6F 70 07 90
D2C0H: 0D 5A E0 6E 60 02 C3 22 90 0D 61 E0 FF 12 41 AB
D2D0H: D2 E0 4C D2 F1 4F D3 02 52 D3 25 57 00 00 D3 5A
D2E0H: E4 90 0D 5D FE E0 54 0F 14 4E 60 02 C3 22 02 D3
D2F0H: 5C E4 90 0D 5D FE E0 54 0F 14 4E 60 02 C3 22 02
D300H: D3 5C 30 7C 1E 90 0D 5F E0 64 20 70 06 90 0D 5E
D310H: E0 60 0E 90 0D 5F E0 64 30 70 04 90 0D 5E E0 70
D320H: 02 C3 22 80 37 E4 90 0D 5D FE E0 54 40 4E 60 02
D330H: C3 22 30 7C 10 90 0D 5F E0 64 20 70 04 90 0D 5E
D340H: E0 70 02 C3 22 30 7A 10 90 0D 5F E0 64 30 70 04
D350H: 90 0D 5E E0 70 02 C3 22 80 02 C3 22 D3 22 C3 22
D360H: 90 0D 55 EF F0 75 F0 08 A4 FF A3 E0 2F 24 F9 F5
D370H: 82 E4 34 65 F5 83 E4 93 14 70 5B 20 7C 02 D3 22
D380H: 90 0D 55 E0 54 0F C4 FF A3 E0 C3 33 2F 24 31 F5
D390H: 82 E4 34 66 F5 83 E4 93 FE A3 E4 93 FF 90 1C 2C
D3A0H: E0 52 06 A3 E0 52 07 90 0D 55 E0 54 0F C4 FB C0
D3B0H: 06 C0 07 A3 E0 C3 33 2B 24 31 F5 82 E4 34 66 F5
D3C0H: 83 E4 93 FE A3 E4 93 FF D0 03 D0 02 EB 6F 70 02
D3D0H: EA 6E 70 02 D3 22 C3 22 90 0D 6A EF F0 90 0D 67
D3E0H: 74 02 F0 A3 E4 F0 90 0D 6B 12 45 64 12 44 F3 64
D3F0H: 3F 70 2B 90 0D 6B 12 45 64 74 01 12 44 EE 70 1E
D400H: 7F FF 7E FF 90 0D 71 12 45 64 12 44 5E E4 FF FE
D410H: FD 90 0D 6E 12 45 64 12 44 86 D3 02 2B 7E 90 0D
D420H: 6B 12 45 64 12 44 F3 24 14 F5 82 E4 34 67 F5 83
D430H: E4 93 54 02 60 0E 90 0D 6B 12 45 64 12 44 F3 54
D440H: 5F FF 80 09 90 0D 6B 12 45 64 12 44 F3 90 0D 6B
D450H: 12 45 64 12 44 41 90 0D 6B 12 45 64 74 01 12 44
D460H: EE 24 14 F5 82 E4 34 67 F5 83 E4 93 54 02 60 10
D470H: 90 0D 6B 12 45 64 74 01 12 44 EE 54 5F FF 80 0B
D480H: 90 0D 6B 12 45 64 74 01 12 44 EE 90 0D 6B 12 45
D490H: 64 74 01 12 44 3C 90 0D 64 E4 F0 90 0D 64 E0 C3
D4A0H: 94 07 50 24 E0 24 92 F5 82 E4 34 65 F5 83 E4 93
D4B0H: C0 E0 90 0D 6B 12 45 64 12 44 F3 D0 E0 6F 60 08
D4C0H: 90 0D 64 E0 04 F0 80 D3 90 0D 64 E0 C3 94 08 40
D4D0H: 18 90 0D 6A E0 90 00 22 F0 7F 1E 7E 00 74 04 90
D4E0H: 93 32 12 2B 58 C3 02 2B 7E 90 0D 65 E4 F0 90 0D
D4F0H: 65 E0 C3 94 08 50 26 E0 24 99 F5 82 E4 34 65 F5
D500H: 83 E4 93 C0 E0 90 0D 6B 12 45 64 74 01 12 44 EE
D510H: D0 E0 6F 60 08 90 0D 65 E0 04 F0 80 D1 90 0D 65
D520H: E0 C3 94 09 40 18 90 0D 6A E0 90 00 22 F0 7F 1E
D530H: 7E 00 74 04 90 93 32 12 2B 58 C3 02 2B 7E 90 0D
D540H: 6A E0 24 91 F5 82 E4 34 52 F5 83 E4 93 C0 E0 90
D550H: 0D 6B 12 45 64 74 01 12 44 EE D0 E0 6F 70 12 90
D560H: 0D 64 E0 90 0D 56 F0 90 0D 65 E0 FF 12 D3 60 40
D570H: 18 90 0D 6A E0 90 00 22 F0 7F 1E 7E 00 74 04 90
D580H: 93 32 12 2B 58 C3 02 2B 7E 90 0D 65 E0 75 F0 08
D590H: A4 FF 90 0D 64 E0 2F 24 A1 F5 82 E4 34 65 F5 83
D5A0H: E4 93 90 0D 66 F0 04 70 18 90 0D 6A E0 90 00 22
D5B0H: F0 7F 1E 7E 00 74 04 90 93 32 12 2B 58 C3 02 2B
D5C0H: 7E 90 0D 67 74 02 F0 A3 E4 F0 C2 3A C2 3B 7F FF
D5D0H: 7E FF 90 0D 71 12 45 64 12 44 5E E4 FF FE FD 90
D5E0H: 0D 6E 12 45 64 12 44 86 30 3B 03 02 DB 20 90 0D
D5F0H: 66 E0 75 F0 03 A4 24 87 F5 82 E4 34 1B F5 83 E0
D600H: FD A3 E0 FE A3 E0 FF 90 0D 68 E0 FB 7A 00 74 01
D610H: 12 46 21 8D 01 12 44 F3 12 41 AB D6 34 00 D8 A0
D620H: 80 D8 B2 81 D6 68 90 D7 8F 91 D8 BD 92 D9 A6 93
D630H: 00 00 DA 6A 90 0D 67 E0 FF 7E 00 90 0D 6B 12 45
D640H: 64 74 01 12 46 21 12 44 F3 60 18 90 0D 6A E0 90
D650H: 00 22 F0 7F 1E 7E 00 74 04 90 93 32 12 2B 58 C3
D660H: 02 2B 7E D2 3B 02 DB 1D 90 0D 67 E0 FF 7E 00 90
D670H: 0D 6B 12 45 64 74 01 12 46 21 12 44 F3 24 14 F5
D680H: 82 E4 34 67 F5 83 E4 93 54 04 70 64 20 3A 18 90
D690H: 0D 6A E0 90 00 22 F0 7F 1E 7E 00 74 04 90 93 32
D6A0H: 12 2B 58 C3 02 2B 7E C2 3A 90 0D 69 E0 90 0D 67
D6B0H: F0 90 0D 66 E0 75 F0 03 A4 24 87 F5 82 E4 34 1B
D6C0H: F5 83 E0 FD A3 E0 FE A3 E0 FF 90 0D 68 E0 FB 7A
D6D0H: 00 74 01 12 46 21 8D 01 12 44 F3 64 81 60 08 90
D6E0H: 0D 68 E0 04 F0 80 CA 90 0D 68 E0 04 F0 02 DB 1D
D6F0H: 90 0D 67 E0 FF 7E 00 90 0D 6B 12 45 64 74 01 12
D700H: 46 21 8A 06 8B 07 89 05 74 05 90 A2 92 12 2B 58
D710H: 90 0D 71 12 45 64 12 44 5E 90 0D 6B 12 45 64 12
D720H: 44 F3 90 0D 61 EF F0 90 0D 71 12 45 64 12 45 1A
D730H: 90 0D 62 EE F0 A3 EF F0 90 0D 6A E0 FF 12 D2 3F
D740H: 40 18 90 0D 6A E0 90 00 22 F0 7F 14 7E 00 74 04
D750H: 90 93 32 12 2B 58 C3 02 2B 7E 90 0D 67 E0 FF 7E
D760H: 00 90 0D 6B 12 45 64 74 01 12 46 21 12 44 F3 24
D770H: 14 F5 82 E4 34 67 F5 83 E4 93 54 04 60 08 90 0D
D780H: 67 E0 04 F0 80 D4 90 0D 68 E0 04 F0 02 DB 1D 90
D790H: 0D 67 E0 FF 7E 00 90 0D 6B 12 45 64 74 01 12 46
D7A0H: 21 12 44 F3 24 14 F5 82 E4 34 67 F5 83 E4 93 54
D7B0H: 04 70 64 20 3A 18 90 0D 6A E0 90 00 22 F0 7F 1E
D7C0H: 7E 00 74 04 90 93 32 12 2B 58 C3 02 2B 7E C2 3A
D7D0H: 90 0D 69 E0 90 0D 67 F0 90 0D 66 E0 75 F0 03 A4
D7E0H: 24 87 F5 82 E4 34 1B F5 83 E0 FD A3 E0 FE A3 E0
D7F0H: FF 90 0D 68 E0 FB 7A 00 74 01 12 46 21 8D 01 12
D800H: 44 F3 64 81 60 08 90 0D 68 E0 04 F0 80 CA 90 0D
D810H: 68 E0 04 F0 02 DB 1D 90 0D 67 E0 FF 7E 00 90 0D
D820H: 6B 12 45 64 74 01 12 46 21 8A 06 8B 07 89 05 74
D830H: 05 90 A2 92 12 2B 58 90 0D 71 12 45 64 12 44 5E
D840H: 90 0D 71 12 45 64 12 45 1A 74 03 90 C5 41 12 2B
D850H: 58 40 18 90 0D 6A E0 90 00 22 F0 7F 1E 7E 00 74
D860H: 04 90 93 32 12 2B 58 C3 02 2B 7E 90 0D 67 E0 FF
D870H: 7E 00 90 0D 6B 12 45 64 74 01 12 46 21 12 44 F3
D880H: 24 14 F5 82 E4 34 67 F5 83 E4 93 54 04 60 08 90
D890H: 0D 67 E0 04 F0 80 D4 90 0D 68 E0 04 F0 02 DB 1D
D8A0H: 90 0D 67 E0 A3 A3 F0 D2 3A 90 0D 68 E0 04 F0 02
D8B0H: DB 1D C2 3A 90 0D 68 E0 04 F0 02 DB 1D 90 0D 67
D8C0H: E0 FF 7E 00 90 0D 6B 12 45 64 74 01 12 46 21 12
D8D0H: 44 F3 60 03 02 D9 5D 90 0D 71 12 45 64 12 45 1A
D8E0H: 90 00 97 EF F0 90 0D 6A E0 FF 74 05 90 B3 A4 12
D8F0H: 2B 58 EF 64 0C 70 02 80 64 20 3A 18 90 0D 6A E0
D900H: 90 00 22 F0 7F 1E 7E 00 74 04 90 93 32 12 2B 58
D910H: C3 02 2B 7E C2 3A 90 0D 69 E0 90 0D 67 F0 90 0D
D920H: 66 E0 75 F0 03 A4 24 87 F5 82 E4 34 1B F5 83 E0
D930H: FD A3 E0 FE A3 E0 FF 90 0D 68 E0 FB 7A 00 74 01
D940H: 12 46 21 8D 01 12 44 F3 64 81 60 08 90 0D 68 E0
D950H: 04 F0 80 CA 90 0D 68 E0 04 F0 02 DB 1D 90 0D 67
D960H: E0 FF 7E 00 90 0D 6B 12 45 64 74 01 12 46 21 8A
D970H: 06 8B 07 89 05 90 0D 6E 12 45 64 12 44 86 90 0D
D980H: 67 E0 FF 7E 00 90 0D 6B 12 45 64 74 01 12 46 21
D990H: 12 44 F3 60 08 90 0D 67 E0 04 F0 80 E1 90 0D 68
D9A0H: E0 04 F0 02 DB 1D 90 0D 67 E0 FF 7E 00 90 0D 6B
D9B0H: 12 45 64 74 01 12 46 21 12 44 F3 70 64 20 3A 18
D9C0H: 90 0D 6A E0 90 00 22 F0 7F 1E 7E 00 74 04 90 93
D9D0H: 32 12 2B 58 C3 02 2B 7E C2 3A 90 0D 69 E0 90 0D
D9E0H: 67 F0 90 0D 66 E0 75 F0 03 A4 24 87 F5 82 E4 34
D9F0H: 1B F5 83 E0 FD A3 E0 FE A3 E0 FF 90 0D 68 E0 FB
DA00H: 7A 00 74 01 12 46 21 8D 01 12 44 F3 64 81 60 08
DA10H: 90 0D 68 E0 04 F0 80 CA 90 0D 68 E0 04 F0 02 DB
DA20H: 1D 90 0D 67 E0 FF 7E 00 90 0D 6B 12 45 64 74 01
DA30H: 12 46 21 8A 06 8B 07 89 05 90 0D 6E 12 45 64 12
DA40H: 44 86 90 0D 67 E0 FF 7E 00 90 0D 6B 12 45 64 74
DA50H: 01 12 46 21 12 44 F3 60 08 90 0D 67 E0 04 F0 80
DA60H: E1 90 0D 68 E0 04 F0 02 DB 1D 90 0D 67 E0 FF 7E
DA70H: 00 90 0D 6B 12 45 64 74 01 12 46 21 12 44 F3 90
DA80H: 0D 66 E0 75 F0 03 A4 24 87 F5 82 E4 34 1B F5 83
DA90H: E0 F9 A3 E0 FA A3 E0 FB C0 07 90 0D 68 E0 FF 7E
DAA0H: 00 74 01 12 46 21 12 44 F3 D0 E0 6F 60 63 20 3A
DAB0H: 18 90 0D 6A E0 90 00 22 F0 7F 1E 7E 00 74 04 90
DAC0H: 93 32 12 2B 58 C3 02 2B 7E C2 3A 90 0D 69 E0 90
DAD0H: 0D 67 F0 90 0D 66 E0 75 F0 03 A4 24 87 F5 82 E4
DAE0H: 34 1B F5 83 E0 FD A3 E0 FE A3 E0 FF 90 0D 68 E0
DAF0H: FB 7A 00 74 01 12 46 21 8D 01 12 44 F3 64 81 60
DB00H: 08 90 0D 68 E0 04 F0 80 CA 90 0D 68 E0 04 F0 80
DB10H: 0C 90 0D 67 E0 04 F0 A3 E0 04 F0 80 00 02 D5 E8
DB20H: D3 02 2B 7E 90 0A CC EF F0 90 0A CB E4 F0 90 1E
DB30H: 23 04 F0 90 1E 29 E0 FF A3 E0 4F 70 21 90 22 BE
DB40H: E4 F0 A3 F0 90 1E 29 F0 A3 74 D5 F0 90 1E 2B E4
DB50H: F0 A3 74 78 F0 90 1E 2D E4 F0 A3 74 0A F0 90 1E
DB60H: 24 E0 70 0C 90 1E 2F 74 03 F0 A3 74 64 F0 80 1A
DB70H: 90 1E 24 E0 FF 7E 00 8F 03 8E 02 7F 58 7E 14 12
DB80H: 3A BB 90 1E 2F EE F0 A3 EF F0 90 21 4C E0 64 02
DB90H: 70 6F 90 1E 24 E0 70 1C 90 22 BE E0 A3 FE E0 24
DBA0H: 68 FF E4 3E 90 1E 31 F0 A3 EF F0 90 1E 33 E4 F0
DBB0H: A3 F0 80 4A 90 1E 24 E0 FF 7E 00 8F 03 8E 02 7F
DBC0H: E8 7E 03 12 3A BB 90 22 BF E0 2F FF 90 22 BE E0
DBD0H: 3E CF 24 C2 CF 34 FF 90 1E 31 F0 A3 EF F0 90 1E
DBE0H: 24 E0 FF 7E 00 8F 03 8E 02 7F E8 7E 03 12 3A BB
DBF0H: 74 5A 2F FF EE 34 FF 90 1E 33 F0 A3 EF F0 02 DD
DC00H: 4F 90 21 4C E0 64 03 70 6F 90 1E 24 E0 70 1C 90
DC10H: 22 BE E0 A3 FE E0 24 68 FF E4 3E 90 1E 31 F0 A3
DC20H: EF F0 90 1E 33 E4 F0 A3 F0 80 4A 90 1E 24 E0 FF
DC30H: 7E 00 8F 03 8E 02 7F E8 7E 03 12 3A BB 90 22 BF
DC40H: E0 2F FF 90 22 BE E0 3E CF 24 C2 CF 34 FF 90 1E
DC50H: 31 F0 A3 EF F0 90 1E 24 E0 FF 7E 00 8F 03 8E 02
DC60H: 7F E8 7E 03 12 3A BB 74 5A 2F FF EE 34 FF 90 1E
DC70H: 33 F0 A3 EF F0 02 DD 4F 90 1E 24 E0 70 19 90 1E
DC80H: 33 E4 F0 A3 F0 90 22 BE E0 FE A3 E0 90 1E 31 CE
DC90H: F0 A3 EE F0 02 DD 4F 90 1E 24 E0 64 06 70 07 90
DCA0H: 1E 31 E4 F0 A3 F0 90 1E 24 E0 64 05 70 08 90 1E
DCB0H: 31 E4 F0 A3 04 F0 90 1E 24 E0 64 04 70 09 90 1E
DCC0H: 31 E4 F0 A3 74 02 F0 90 1E 24 E0 64 03 70 09 90
DCD0H: 1E 31 E4 F0 A3 74 04 F0 90 1E 24 E0 64 02 70 09
DCE0H: 90 1E 31 E4 F0 A3 74 08 F0 90 1E 24 E0 14 70 09
DCF0H: 90 1E 31 E4 F0 A3 74 13 F0 90 1E 24 E0 FF 7E 00
DD00H: 8F 03 8E 02 7F E8 7E 03 12 3A BB 90 1E 32 E0 2F
DD10H: FF 90 1E 31 E0 3E FE 90 22 BF E0 2F FF 90 22 BE
DD20H: E0 3E CF 24 5A CF 34 FF 90 1E 31 F0 A3 EF F0 90
DD30H: 1E 24 E0 FF 7E 00 8F 03 8E 02 7F E8 7E 03 12 3A
DD40H: BB 74 5A 2F FF EE 34 FF 90 1E 33 F0 A3 EF F0 7D
DD50H: 02 7E 4C 7F 7E 90 00 63 12 44 9C 7F 04 74 05 90
DD60H: 87 05 12 2B 58 40 05 7F 00 02 2B 7E 7D 02 7E 4C
DD70H: 7F 80 90 00 63 12 44 9C 7F 05 74 05 90 87 05 12
DD80H: 2B 58 40 05 7F 00 02 2B 7E 7D 02 7E 4C 7F 83 90
DD90H: 03 81 12 44 9C 90 0A CC E0 FF E4 90 03 84 F0 A3
DDA0H: EF F0 90 0A CD E0 FF E4 90 03 86 F0 A3 EF F0 7D
DDB0H: 01 7E 0A 7F BA 74 05 90 AD D7 12 2B 58 90 00 53
DDC0H: 74 FA F0 A3 74 04 F0 A3 74 01 F0 A3 74 0A F0 A3
DDD0H: 74 BA F0 7F 04 74 05 90 B3 6A 12 2B 58 40 05 7F
DDE0H: 00 02 2B 7E 90 16 6A 74 01 F0 FD 7E 0A 7F CB 74
DDF0H: 04 90 D2 9D 12 2B 58 90 0A CB E0 64 02 60 03 02
DE00H: DE 85 90 1E 24 E0 14 70 0C 90 11 40 74 01 F0 A3
DE10H: 74 D7 F0 80 5D 90 1E 24 E0 64 02 70 0B 90 11 40
DE20H: E4 F0 A3 74 D8 F0 80 4A 90 1E 24 E0 64 03 70 0B
DE30H: 90 11 40 E4 F0 A3 74 87 F0 80 37 90 1E 24 E0 64
DE40H: 04 70 0B 90 11 40 E4 F0 A3 74 5D F0 80 24 90 1E
DE50H: 24 E0 64 05 70 0B 90 11 40 E4 F0 A3 74 42 F0 80
DE60H: 11 90 1E 24 E0 64 06 70 09 90 11 40 E4 F0 A3 74
DE70H: 33 F0 7F 07 74 01 90 C6 CF 12 2B 58 40 05 7F 00
DE80H: 02 2B 7E 80 11 7F 04 74 01 90 C6 CF 12 2B 58 40
DE90H: 05 7F 00 02 2B 7E 90 1C 0A E0 60 5F 90 00 99 74
DEA0H: D2 F0 7F 02 74 05 90 8D AF 12 2B 58 90 00 54 EF
DEB0H: F0 90 00 53 74 D2 F0 7D 01 7E 1C 7F 02 90 00 55
DEC0H: 12 44 9C 7F 02 74 05 90 B3 6A 12 2B 58 40 05 7F
DED0H: 00 02 2B 7E 90 00 53 74 D3 F0 A3 74 04 F0 A3 74
DEE0H: 01 F0 A3 74 1C F0 A3 74 17 F0 7F 02 74 05 90 B3
DEF0H: 6A 12 2B 58 40 05 7F 00 02 2B 7E 90 1E 24 E0 70
DF00H: 32 90 1E 24 74 06 F0 90 00 53 74 C0 F0 A3 74 01
DF10H: F0 A3 F0 A3 74 1E F0 A3 74 24 F0 7F 02 74 05 90
DF20H: B3 6A 12 2B 58 40 05 7F 00 02 2B 7E 90 1E 24 E4
DF30H: F0 80 25 90 00 53 74 C0 F0 A3 74 01 F0 A3 F0 A3
DF40H: 74 1E F0 A3 74 24 F0 7F 02 74 05 90 B3 6A 12 2B
DF50H: 58 40 05 7F 00 02 2B 7E 90 00 53 74 C1 F0 A3 74
DF60H: 02 F0 A3 14 F0 A3 74 1E F0 A3 74 33 F0 7F 02 74
DF70H: 05 90 B3 6A 12 2B 58 40 05 7F 00 02 2B 7E 90 23
DF80H: D8 E0 C3 94 07 40 26 90 00 53 74 92 F0 A3 74 01
DF90H: F0 A3 04 F0 A3 74 4C F0 A3 74 8A F0 7F 02 74 05
DFA0H: 90 B3 6A 12 2B 58 40 05 7F 00 02 2B 7E 90 24 D9
DFB0H: E0 C3 94 07 40 26 90 00 53 74 94 F0 A3 74 01 F0
DFC0H: A3 04 F0 A3 74 4C F0 A3 74 8A F0 7F 02 74 05 90
DFD0H: B3 6A 12 2B 58 40 05 7F 00 02 2B 7E 7F 11 74 03
DFE0H: 90 AF 6C 12 2B 58 40 05 7F 00 02 2B 7E 12 33 3C
DFF0H: 90 1E 27 E4 F0 A3 F0 7F 01 02 2B 7E 90 0C 79 12
E000H: 44 9C 90 21 4C E0 64 02 70 4E 7D 01 7E 21 7F 99
E010H: 90 0C 76 12 44 9C 90 0C 78 E0 24 04 F0 90 0C 77
E020H: E0 34 00 F0 90 0C 76 12 45 A6 74 04 90 EC 73 12
E030H: 2B 58 7B 00 7A 00 79 00 78 40 74 0B 12 41 08 70
E040H: 17 90 00 22 74 01 F0 7F 16 7E 00 74 04 90 93 32
E050H: 12 2B 58 7F 7F 02 2B 7E 90 0C 72 E4 F0 90 1E 25
E060H: F0 A3 F0 90 1E 62 F0 90 1E 66 F0 90 1E 67 F0 90
E070H: 0C 79 12 45 64 12 44 F3 24 14 F5 82 E4 34 67 F5
E080H: 83 E4 93 54 04 70 03 02 E2 73 90 0C 79 12 45 64
E090H: 12 44 F3 C3 94 37 40 03 02 E2 73 90 0C 79 12 45
E0A0H: 64 12 44 F3 24 D0 90 1E 24 F0 90 0C 72 74 01 F0
E0B0H: 90 0C 79 12 45 A6 90 0C 73 12 44 9C 79 01 7A 0C
E0C0H: 7B 73 90 00 01 12 47 0F 90 0C 73 12 45 64 12 44
E0D0H: F3 64 23 70 03 02 E2 70 90 0C 73 12 45 64 12 44
E0E0H: F3 64 53 60 03 02 E1 71 90 1E 62 74 01 F0 90 0C
E0F0H: 73 12 45 64 74 01 12 44 EE C3 94 30 40 6A 90 0C
E100H: 73 12 45 64 74 01 12 44 EE C3 94 3A 50 5A 79 01
E110H: 7A 0C 7B 73 90 00 01 12 47 0F 90 0C 73 12 45 A6
E120H: 74 05 90 A2 92 12 2B 58 90 1E 63 EF F0 C3 94 33
E130H: 40 06 90 1E 63 74 32 F0 90 0C 73 12 45 64 74 01
E140H: 12 44 EE C3 94 30 40 1E 90 0C 73 12 45 64 74 01
E150H: 12 44 EE C3 94 3A 50 0E 79 01 7A 0C 7B 73 90 00
E160H: 01 12 47 0F 80 D2 80 06 90 1E 63 74 FF F0 02 E2
E170H: 70 90 0C 73 12 45 64 12 44 F3 70 03 02 E2 73 90
E180H: 0C 73 12 45 64 12 44 F3 64 41 60 34 90 0C 73 12
E190H: 45 64 12 44 F3 64 42 60 27 90 0C 73 12 45 64 12
E1A0H: 44 F3 64 43 60 1A 90 0C 73 12 45 64 12 44 F3 64
E1B0H: 44 60 0D 90 0C 73 12 45 64 12 44 F3 64 45 70 27
E1C0H: 90 1E 66 E0 70 10 90 0C 73 12 45 64 12 44 F3 90
E1D0H: 1E 66 EF F0 80 0E 90 0C 73 12 45 64 12 44 F3 90
E1E0H: 1E 67 EF F0 02 E2 70 90 0C 73 12 45 64 12 44 F3
E1F0H: 64 54 60 03 02 E2 69 90 0C 73 12 45 64 74 01 12
E200H: 44 EE C3 94 30 40 60 90 0C 73 12 45 64 74 01 12
E210H: 44 EE C3 94 3A 50 50 79 01 7A 0C 7B 73 90 00 01
E220H: 12 47 0F 90 0C 73 12 45 A6 74 05 90 A2 92 12 2B
E230H: 58 90 1E 25 EE F0 A3 EF F0 90 0C 73 12 45 64 74
E240H: 01 12 44 EE C3 94 30 40 1E 90 0C 73 12 45 64 74
E250H: 01 12 44 EE C3 94 3A 50 0E 79 01 7A 0C 7B 73 90
E260H: 00 01 12 47 0F 80 D2 80 07 90 0C 72 E4 F0 80 03
E270H: 02 E0 BC 90 1E 66 E0 70 06 90 1E 66 74 43 F0 90
E280H: 1E 67 E0 70 08 90 1E 66 E0 90 1E 67 F0 90 0C 72
E290H: E0 70 17 90 00 22 74 01 F0 7F 23 7E 00 74 04 90
E2A0H: 93 32 12 2B 58 7F 7F 02 2B 7E 90 0C 79 12 45 64
E2B0H: 12 44 F3 24 D0 90 1E 24 F0 90 1E 67 E0 90 0A CD
E2C0H: F0 90 1E 66 E0 FF 74 03 90 DB 24 12 2B 58 EF 70
E2D0H: 05 7F 7F 02 2B 7E 7D 02 7E 4C 7F 8C 90 03 81 12
E2E0H: 44 9C 7D 01 7E 0C 7F 61 74 05 90 AD D7 12 2B 58
E2F0H: 7D 01 7E 0C 7F 61 90 01 FA 12 44 9C 7F 00 74 03
E300H: 90 EF 82 12 2B 58 7F 00 74 05 90 82 4D 12 2B 58
E310H: D2 4A 7F 01 02 2B 7E 90 02 2B EE F0 A3 EF F0 A3
E320H: E0 60 06 E0 C3 94 0D 40 02 C3 22 C3 90 02 2C E0
E330H: 94 09 90 02 2B E0 94 07 40 0D D3 A3 E0 94 33 90
E340H: 02 2B E0 94 08 40 02 C3 22 E4 90 02 2C FE E0 54
E350H: 03 4E 60 1F 90 02 2D E0 24 A1 F5 82 E4 34 66 F5
E360H: 83 E4 93 FF 90 02 2E E0 D3 9F 50 03 E0 70 02 C3
E370H: 22 80 1D 90 02 2D E0 24 AE F5 82 E4 34 66 F5 83
E380H: E4 93 FF 90 02 2E E0 D3 9F 50 03 E0 70 02 C3 22
E390H: D3 22 90 1E F0 12 45 F0 90 16 6E E0 F8 A3 E0 F9
E3A0H: A3 E0 FA A3 E0 FB 12 3C 82 EC 4D 4E 70 57 EF 70
E3B0H: 23 90 16 72 E0 FE A3 E0 FF 90 1E F5 E0 C3 9F FF
E3C0H: 90 1E F4 E0 9E FE 33 95 E0 FD FC 90 07 0B 12 44
E3D0H: D2 02 E4 70 EF 64 01 70 2C 7F A0 7E 05 90 16 72
E3E0H: E0 FA A3 E0 FB EF C3 9B FF EE 9A FE 90 1E F5 E0
E3F0H: 2F FF 90 1E F4 E0 3E FE 33 95 E0 FD FC 90 07 0B
E400H: 12 44 D2 80 6B 90 1E F0 12 45 F0 90 16 6E E0 F8
E410H: A3 E0 F9 A3 E0 FA A3 E0 FB 12 3C 82 7B 18 7A 00
E420H: 79 00 78 00 12 3B 1F 7B 3C 7A 00 79 00 78 00 12
E430H: 3B 1F 90 07 0B 12 44 D2 90 1E F4 E0 FE A3 E0 FF
E440H: EE 33 95 E0 FD FC 90 07 0B E0 F8 A3 E0 F9 A3 E0
E450H: FA A3 E0 FB 12 3C 72 90 16 72 E0 FA A3 E0 FB EA
E460H: 33 95 E0 F9 F8 12 3C 82 90 07 0B 12 44 D2 80 00
E470H: 90 07 0B 12 45 F0 02 2B 7E 90 02 35 EE F0 A3 EF
E480H: F0 90 02 2F E4 F0 A3 F0 90 02 37 E0 90 02 2D F0
E490H: 90 02 38 E0 90 02 2E F0 90 02 35 E0 FE A3 E0 FF
E4A0H: 12 E3 17 40 09 74 FF FF FE FD FC 02 2B 7E 90 02
E4B0H: 37 E0 C3 94 03 50 0A 79 01 7A 02 7B 2F C3 12 46
E4C0H: 3C 90 02 2F E0 FE A3 E0 75 F0 0C A4 CE AF F0 75
E4D0H: F0 0C A4 2F CE FF C3 E4 9F FF E4 9E FE 90 02 37
E4E0H: E0 2F FF E4 3E CF 24 FE CF 34 FF FE 7B 6F 7A 01
E4F0H: 12 3A A6 7B 0C 7A 00 12 3A BB EE 33 95 E0 FD FC
E500H: 90 02 35 E0 A3 FA E0 FB 90 02 30 E0 2B FB 90 02
E510H: 2F E0 3A CB 24 C0 CB 34 12 FA E4 F9 C0 04 C0 05
E520H: C0 06 C0 07 F8 7F B5 7E 05 7D 00 7C 00 12 3B 1F
E530H: 7B 02 12 3C B3 D0 03 D0 02 D0 01 D0 00 12 3C 72
E540H: 90 02 38 E0 FB E4 FA F9 F8 12 3C 72 90 02 35 E0
E550H: A3 FA E0 FB 90 02 30 E0 2B FB 90 02 2F E0 3A CB
E560H: 24 24 CB 34 13 C0 04 C0 05 C0 06 C0 07 FE 8B 07
E570H: 7B 64 7A 00 12 3A FC EF 75 F0 03 A4 CE AF F0 75
E580H: F0 03 A4 2F CE 7F 02 CE C3 13 CE 13 DF F9 FF E4
E590H: FD F8 8F 03 8E 02 8D 01 D0 07 D0 06 D0 05 D0 04
E5A0H: 12 3C 82 7B B5 7A 82 79 FF 78 FF 12 3C 72 90 02
E5B0H: 31 12 44 D2 02 2B 7E 90 02 35 12 44 9C 7D 02 7E
E5C0H: 4E 7F 56 90 00 45 12 44 9C 90 02 35 12 45 A6 74
E5D0H: 05 90 AB 5B 12 2B 58 90 02 33 EE F0 A3 EF F0 64
E5E0H: 06 4E 70 1A A3 12 45 64 74 06 12 44 EE 64 20 60
E5F0H: 11 90 02 35 12 45 64 74 06 12 44 EE 60 04 C3 02
E600H: 2B 7E 90 02 35 12 45 64 74 01 12 44 EE 7E 00 74
E610H: D0 2F FF EE 34 FF C0 E0 C0 07 90 02 35 12 45 64
E620H: 12 44 F3 7E 00 74 D0 2F FF EE 34 FF FE EF 75 F0
E630H: 0A A4 CE AF F0 75 F0 0A A4 2F CE FF D0 E0 2F FF
E640H: D0 E0 3E 90 02 2F F0 A3 EF F0 90 02 35 12 45 64
E650H: 74 03 12 44 EE 24 D0 C0 E0 90 02 35 12 45 64 74
E660H: 02 12 44 EE 24 D0 75 F0 0A A4 FF D0 E0 2F 90 02
E670H: 31 F0 90 02 35 12 45 64 74 05 12 44 EE 24 D0 C0
E680H: E0 90 02 35 12 45 64 74 04 12 44 EE 24 D0 75 F0
E690H: 0A A4 FF D0 E0 2F 90 02 32 F0 C3 90 02 30 E0 94
E6A0H: 5E 90 02 2F E0 94 00 40 10 90 02 30 E0 24 6C F0
E6B0H: 90 02 2F E0 34 07 F0 80 0E 90 02 30 E0 24 D0 F0
E6C0H: 90 02 2F E0 34 07 F0 90 02 31 E0 90 02 2D F0 90
E6D0H: 02 32 E0 90 02 2E F0 90 02 2F E0 FE A3 E0 FF 12
E6E0H: E3 17 40 04 C3 02 2B 7E 90 02 39 E0 FF A3 E0 4F
E6F0H: 60 11 90 02 2F E0 FE A3 E0 FF 90 02 38 12 45 64
E700H: 12 44 5E 90 02 3C E0 FF A3 E0 4F 60 0E 90 02 31
E710H: E0 FF 90 02 3B 12 45 64 12 44 41 90 02 3F E0 FF
E720H: A3 E0 4F 60 0E 90 02 32 E0 FF 90 02 3E 12 45 64
E730H: 12 44 41 D3 02 2B 7E 90 02 8A 12 44 9C 7D 02 7E
E740H: 4E 7F 61 90 02 6B 12 44 9C A3 74 01 F0 A3 74 02
E750H: F0 A3 74 82 F0 A3 74 01 F0 A3 74 02 F0 A3 74 86
E760H: F0 90 02 8A 12 45 A6 74 05 90 B0 FC 12 2B 58 EF
E770H: 64 02 4E 60 04 C3 02 2B 7E 90 02 82 12 45 F0 7B
E780H: 17 7A 00 79 00 78 00 74 0F 12 3C 47 70 15 90 02
E790H: 86 12 45 F0 7B 3B 7A 00 79 00 78 00 74 07 12 3C
E7A0H: 47 70 04 C3 02 2B 7E 90 02 84 E0 FE A3 E0 75 F0
E7B0H: 3C A4 CE AF F0 75 F0 3C A4 2F CE FF 90 02 89 E0
E7C0H: 2F FF 90 02 88 E0 3E 90 02 80 F0 A3 EF F0 90 02
E7D0H: 8E E0 FF A3 E0 4F 60 11 90 02 80 E0 FE A3 E0 FF
E7E0H: 90 02 8D 12 45 64 12 44 5E D3 02 2B 7E 90 02 2B
E7F0H: EF F0 90 02 30 E0 64 80 C3 94 80 40 0F D3 A3 E0
E800H: 94 9F 90 02 30 E0 64 80 94 85 40 04 C3 02 2B 7E
E810H: 90 02 2B E0 FF 64 01 70 1D 90 02 2C 12 45 F0 90
E820H: 1E F0 12 44 D2 90 02 30 E0 FE A3 E0 90 1E F4 CE
E830H: F0 A3 EE F0 80 26 EF 64 02 70 1D 90 02 2C 12 45
E840H: F0 90 16 6E 12 44 D2 90 02 30 E0 FE A3 E0 90 16
E850H: 72 CE F0 A3 EE F0 80 04 C3 02 2B 7E D3 02 2B 7E
E860H: EF 64 01 70 36 90 07 0D E0 FF A3 E0 4F 60 0F 90
E870H: 1E F0 12 45 F0 90 07 0C 12 45 64 12 44 B7 90 07
E880H: 10 E0 FF A3 E0 4F 60 11 90 1E F4 E0 FE A3 E0 FF
E890H: 90 07 0F 12 45 64 12 44 5E 80 3F EF 64 02 70 36
E8A0H: 90 07 0D E0 FF A3 E0 4F 60 0F 90 16 6E 12 45 F0
E8B0H: 90 07 0C 12 45 64 12 44 B7 90 07 10 E0 FF A3 E0
E8C0H: 4F 60 11 90 16 72 E0 FE A3 E0 FF 90 07 0F 12 45
E8D0H: 64 12 44 5E 80 04 C3 02 2B 7E D3 02 2B 7E EF 64
E8E0H: 57 60 03 02 E9 ED 7D 01 7E 02 7F 90 90 02 38 12
E8F0H: 44 9C A3 74 01 F0 A3 74 02 F0 A3 74 92 F0 A3 74
E900H: 01 F0 A3 74 02 F0 A3 74 93 F0 90 02 97 12 45 A6
E910H: 74 03 90 E5 B7 12 2B 58 40 18 90 13 DF E0 90 00
E920H: 22 F0 7F 23 7E 00 74 04 90 93 32 12 2B 58 C3 02
E930H: 2B 7E 90 02 97 12 45 64 74 06 12 44 EE 64 20 60
E940H: 18 90 13 DF E0 90 00 22 F0 7F 23 7E 00 74 04 90
E950H: 93 32 12 2B 58 C3 02 2B 7E 7D 01 7E 02 7F 94 90
E960H: 02 8D 12 44 9C 90 02 97 12 45 A6 7B 07 7A 00 74
E970H: 01 12 46 21 8A 06 8B 07 74 03 90 E7 37 12 2B 58
E980H: 40 18 90 13 DF E0 90 00 22 F0 7F 23 7E 00 74 04
E990H: 90 93 32 12 2B 58 C3 02 2B 7E 90 02 92 E0 90 02
E9A0H: 37 F0 90 02 93 E0 90 02 38 F0 90 02 90 E0 FE A3
E9B0H: E0 FF 74 03 90 E4 79 12 2B 58 90 02 2C 12 44 D2
E9C0H: 90 02 94 E0 FE A3 E0 90 02 30 CE F0 A3 EE F0 7F
E9D0H: 01 74 03 90 E7 ED 12 2B 58 C2 AB 75 5C 00 E4 FF
E9E0H: FE FD FC 90 1E EC 12 44 D2 D2 AB 80 18 90 13 DF
E9F0H: E0 90 00 22 F0 7F 1E 7E 00 74 04 90 93 32 12 2B
EA00H: 58 C3 02 2B 7E D3 02 2B 7E C2 1F 75 70 00 75 71
EA10H: A3 90 1E EC 12 45 F0 7B A0 7A 05 79 00 78 00 12
EA20H: 3B 83 90 1E F0 E0 F8 A3 E0 F9 A3 E0 FA A3 E0 FB
EA30H: 12 3C 72 90 16 6E 12 44 D2 90 1E EC 12 45 F0 7B
EA40H: A0 7A 05 79 00 78 00 12 3B E0 90 1E F5 E0 2F FF
EA50H: 90 1E F4 E0 3E 90 16 72 F0 A3 FE EF F0 EE D3 FE
EA60H: EF 94 A0 EE 64 80 94 85 40 18 90 16 73 E0 24 60
EA70H: F0 90 16 72 E0 34 FA F0 79 01 7A 16 7B 6E D3 12
EA80H: 46 B3 75 5B 00 75 5C 00 E4 FF FE FD FC 90 1E EC
EA90H: 12 44 D2 D2 1F 02 2B 7E 90 0D 14 EF F0 64 52 70
EAA0H: 28 7D 02 7E 4E 7F 6B 90 03 81 12 44 9C 90 16 74
EAB0H: 12 45 F0 90 03 84 12 44 D2 90 0D 15 12 45 A6 74
EAC0H: 05 90 AD D7 12 2B 58 80 3D 90 0D 14 E0 64 57 70
EAD0H: 1F 90 0D 15 12 45 A6 74 05 90 A2 92 12 2B 58 EE
EAE0H: 33 95 E0 FD FC 12 40 B6 90 16 74 12 44 D2 80 16
EAF0H: 90 00 22 74 01 F0 7F 1E 7E 00 74 04 90 93 32 12
EB00H: 2B 58 C3 02 2B 7E D3 02 2B 7E 90 02 07 EF F0 90
EB10H: 02 01 E4 F0 A3 04 F0 90 02 07 E0 60 08 E0 64 08
EB20H: 60 03 02 EB B7 20 48 0F 90 15 64 E0 14 60 08 90
EB30H: 02 07 E0 64 08 70 08 90 02 06 74 0D F0 80 08 90
EB40H: 1E D6 E0 90 02 06 F0 30 66 08 90 1E D8 E0 90 02
EB50H: 06 F0 AF 60 E5 5F 90 00 28 F0 A3 EF F0 7F 02 12
EB60H: 31 E4 20 10 08 90 11 3D E0 70 02 80 F5 7F 02 12
EB70H: 32 DE 90 11 3D E0 70 31 90 00 22 74 01 F0 7F 17
EB80H: 7E 00 74 04 90 93 32 12 2B 58 90 00 22 74 01 F0
EB90H: 7F 1C 7E 00 74 04 90 93 32 12 2B 58 90 1E 69 E4
EBA0H: F0 90 1E 68 F0 C3 02 2B 7E 90 11 3D E0 14 F0 90
EBB0H: 13 DE E4 F0 02 EC 80 90 02 07 E0 64 07 60 03 02
EBC0H: EC 59 90 15 42 E0 14 70 0A 90 1E D7 E0 90 02 06
EBD0H: F0 80 08 90 1E D6 E0 90 02 06 F0 30 66 0F 90 15
EBE0H: 42 E0 14 60 08 90 1E D8 E0 90 02 06 F0 AF 62 E5
EBF0H: 61 90 00 28 F0 A3 EF F0 7F 02 12 31 E4 20 10 08
EC00H: 90 15 40 E0 70 02 80 F5 7F 02 12 32 DE 90 15 40
EC10H: E0 70 31 90 00 22 74 07 F0 7F 17 7E 00 74 04 90
EC20H: 93 32 12 2B 58 90 00 22 74 07 F0 7F 1C 7E 00 74
EC30H: 04 90 93 32 12 2B 58 90 1E 69 E4 F0 90 1E 68 F0
EC40H: C3 02 2B 7E 90 15 40 E0 14 F0 90 15 42 E0 14 60
EC50H: 06 90 13 DE 74 07 F0 80 27 90 11 3D E4 F0 90 15
EC60H: 40 F0 90 00 22 04 F0 7F DB 7E 00 74 04 90 93 32
EC70H: 12 2B 58 90 1E 69 E4 F0 90 1E 68 F0 C3 02 2B 7E
EC80H: 90 02 08 12 45 A6 90 02 03 12 44 9C 7D 01 7E 02
EC90H: 7F 00 90 00 B3 12 44 9C 90 02 07 E0 FF 74 03 90
ECA0H: 9A 2D 12 2B 58 40 03 02 EF 75 90 02 00 E0 FF 90
ECB0H: 02 06 E0 6F 60 16 90 02 00 E0 64 04 60 0E E0 64
ECC0H: 0D 60 03 02 ED 3F 30 66 03 02 ED 3F 7F 00 90 02
ECD0H: 03 12 45 64 12 44 41 90 1E 6C E0 60 55 90 1E 68
ECE0H: E0 14 70 0C 90 1E 6B E0 FF 90 1E 69 E0 6F 70 09
ECF0H: 90 1E 68 E0 C3 94 02 40 39 90 02 08 12 45 A6 90
ED00H: 02 03 12 44 9C 7F 00 90 02 03 12 45 64 12 44 41
ED10H: 90 12 DE E4 F0 90 1E 69 F0 90 1E 68 F0 90 00 22
ED20H: 04 F0 7F 23 7E 00 74 04 90 93 32 12 2B 58 C3 02
ED30H: 2B 7E 90 1E 69 E4 F0 90 1E 68 F0 D3 02 2B 7E 90
ED40H: 02 00 E0 64 2A 70 0F 90 1E 6C E0 60 09 90 1E 68
ED50H: 74 03 F0 02 EF 72 90 02 00 E0 64 18 70 18 90 1E
ED60H: 69 E4 F0 90 1E 68 F0 90 02 08 12 45 A6 90 02 03
ED70H: 12 44 9C 02 EF 72 90 02 00 E0 64 08 70 32 90 02
ED80H: 08 E0 FD A3 E0 FE A3 E0 FF D3 90 02 05 E0 9F 90
ED90H: 02 04 E0 9E 40 17 7F 00 90 02 03 12 45 64 12 44
EDA0H: 41 79 01 7A 02 7B 03 90 FF FF 12 47 0F 02 EF 72
EDB0H: 90 02 00 E0 24 14 F5 82 E4 34 67 F5 83 E4 93 54
EDC0H: 20 60 03 02 EF 72 90 1E 68 E0 C3 94 02 50 03 02
EDD0H: EF 04 90 1E 68 E0 64 03 60 03 02 EE 68 90 02 00
EDE0H: E0 24 14 F5 82 E4 34 67 F5 83 E4 93 54 02 60 09
EDF0H: 90 02 00 E0 54 5F FF 80 05 90 02 00 E0 FF EF C3
EE00H: 94 3A 40 2F 90 02 00 E0 24 14 F5 82 E4 34 67 F5
EE10H: 83 E4 93 54 02 60 0B 90 02 00 E0 54 5F FF 7E 00
EE20H: 80 07 90 02 00 E0 FF 7E 00 74 C9 2F FF EE 34 FF
EE30H: FE 80 2D 90 02 00 E0 24 14 F5 82 E4 34 67 F5 83
EE40H: E4 93 54 02 60 0B 90 02 00 E0 54 5F FF 7E 00 80
EE50H: 07 90 02 00 E0 FF 7E 00 74 D0 2F FF EE 34 FF FE
EE60H: EF 54 0F C4 90 1E 6B F0 90 1E 68 E0 64 02 60 03
EE70H: 02 EE FC 90 02 00 E0 24 14 F5 82 E4 34 67 F5 83
EE80H: E4 93 54 02 60 09 90 02 00 E0 54 5F FF 80 05 90
EE90H: 02 00 E0 FF EF C3 94 3A 40 2F 90 02 00 E0 24 14
EEA0H: F5 82 E4 34 67 F5 83 E4 93 54 02 60 0B 90 02 00
EEB0H: E0 54 5F FF 7E 00 80 07 90 02 00 E0 FF 7E 00 74
EEC0H: C9 2F FF EE 34 FF FE 80 2D 90 02 00 E0 24 14 F5
EED0H: 82 E4 34 67 F5 83 E4 93 54 02 60 0B 90 02 00 E0
EEE0H: 54 5F FF 7E 00 80 07 90 02 00 E0 FF 7E 00 74 D0
EEF0H: 2F FF EE 34 FF FE 90 1E 6B E0 2F F0 90 1E 68 E0
EF00H: 14 F0 80 6E 90 02 00 E0 FF 90 02 03 12 45 64 12
EF10H: 44 41 90 1E 69 E0 FF 90 02 00 E0 6F 90 1E 69 F0
EF20H: 79 01 7A 02 7B 03 90 00 01 12 47 0F 90 02 0B E0
EF30H: A3 FE E0 24 FF FF 74 FF 3E FE C3 90 02 02 E0 9F
EF40H: 90 02 01 E0 9E 50 0C 79 01 7A 02 7B 01 D3 12 46
EF50H: 3C 80 1F 90 00 22 74 01 F0 7F DA 7E 00 74 04 90
EF60H: 93 32 12 2B 58 90 1E 69 E4 F0 90 1E 68 F0 C3 02
EF70H: 2B 7E 02 EC 8C 90 1E 69 E4 F0 90 1E 68 F0 C3 02
EF80H: 2B 7E 90 01 F9 EF F0 A3 12 45 64 12 44 F3 70 04
EF90H: D3 02 2B 7E 90 01 FA 12 45 A6 90 00 F3 12 44 9C
EFA0H: C2 26 90 01 F9 E0 70 08 90 15 65 E0 64 02 60 15
EFB0H: 90 01 F9 E0 64 07 60 03 02 F0 5C 90 15 42 E0 14
EFC0H: 70 03 02 F0 5C D2 26 30 6B 28 20 65 25 C2 6B D2
EFD0H: 4A 90 01 FA 12 45 A6 79 01 7A 12 7B DE EF 6B 70
EFE0H: 06 EE 6A 70 02 ED 69 70 05 90 12 DE E4 F0 D3 02
EFF0H: 2B 7E AF 62 E5 61 90 00 28 F0 A3 EF F0 7F 02 12
F000H: 31 E4 20 65 0C 20 10 09 90 15 42 E0 14 60 02 80
F010H: F1 90 15 42 E0 64 02 60 23 D2 4A 90 01 FA 12 45
F020H: A6 79 01 7A 12 7B DE EF 6B 70 06 EE 6A 70 02 ED
F030H: 69 70 05 90 12 DE E4 F0 D3 02 2B 7E 30 10 16 90
F040H: 00 22 74 07 F0 7F 17 7E 00 74 04 90 93 32 12 2B
F050H: 58 C3 02 2B 7E C2 65 7F 02 12 32 DE 90 00 F3 12
F060H: 45 64 12 44 F3 70 03 02 F1 DF 90 00 F3 12 45 A6
F070H: 74 05 90 B2 7C 12 2B 58 90 00 F1 EE F0 A3 EF F0
F080H: 90 00 EF E4 F0 A3 74 0A F0 90 00 F3 12 45 A6 74
F090H: 05 90 B0 25 12 2B 58 90 00 F6 12 44 9C 90 00 F3
F0A0H: 12 45 64 EF C3 9B FF EE 9A D3 FE EF 94 00 EE 64
F0B0H: 80 94 81 40 18 90 01 F9 E0 90 00 22 F0 7F DA 7E
F0C0H: 00 74 04 90 93 32 12 2B 58 C3 02 2B 7E 90 00 F7
F0D0H: E0 FF A3 E0 4F 60 49 90 00 F6 12 45 A6 90 00 F3
F0E0H: 12 45 64 EF C3 9B FF EE 9A C0 E0 C0 07 90 00 F3
F0F0H: 12 45 64 7D 01 7E 00 7F F9 D0 E0 D0 04 12 43 23
F100H: 90 00 F6 12 45 A6 90 00 F3 12 45 64 EF C3 9B FF
F110H: EE 9A EF 24 F9 F5 82 E4 34 00 F5 83 E4 F0 80 0F
F120H: 90 00 F3 12 45 64 7D 01 7E 00 7F F9 12 42 8F 30
F130H: 26 11 C2 26 20 6B 03 30 6C 09 C2 6C 90 00 F9 E0
F140H: 44 80 F0 7D 01 7E 00 7F F9 90 00 ED 12 44 9C 90
F150H: 01 F9 E0 FF 74 03 90 99 C4 12 2B 58 40 04 C3 02
F160H: 2B 7E 90 01 F9 E0 70 37 30 48 34 90 00 B0 74 0D
F170H: F0 90 01 F9 E0 FF 74 03 90 97 69 12 2B 58 40 04
F180H: C3 02 2B 7E 90 00 B0 74 0A F0 90 01 F9 E0 FF 74
F190H: 03 90 97 69 12 2B 58 40 04 C3 02 2B 7E 80 25 90
F1A0H: 00 F7 E0 FF A3 E0 4F 70 02 80 34 90 00 B0 74 0D
F1B0H: F0 90 01 F9 E0 FF 74 03 90 97 69 12 2B 58 40 04
F1C0H: C3 02 2B 7E 90 00 F6 12 45 A6 90 00 F3 12 44 9C
F1D0H: 79 01 7A 00 7B F3 90 00 01 12 47 0F 02 F0 5C 90
F1E0H: 01 FA 12 45 A6 79 01 7A 12 7B DE EF 6B 70 06 EE
F1F0H: 6A 70 02 ED 69 70 05 90 12 DE E4 F0 D3 02 2B 7E
F200H: 90 13 DF E4 F0 7D 01 7E 11 7F DE 90 02 08 12 44
F210H: 9C A3 74 01 F0 A3 14 F0 FF 74 03 90 EB 0A 12 2B
F220H: 58 50 06 D2 49 D3 02 2B 7E C3 02 2B 7E E4 90 1D
F230H: F1 FE E0 54 60 90 0D 55 FF EE F0 A3 EF F0 4E 60
F240H: 03 02 F3 1D 78 20 E6 90 0D 58 F0 D3 74 04 90 F2
F250H: 31 12 2B 58 00 D2 01 78 20 E6 90 00 05 F0 90 00
F260H: 02 74 10 F0 90 00 00 E0 90 0D 57 F0 C2 67 7F 03
F270H: 74 05 90 80 4C 12 2B 58 90 00 02 74 10 F0 90 00
F280H: 00 74 80 F0 7F 04 7E 00 74 04 90 AE 88 12 2B 58
F290H: 90 00 00 E4 F0 20 67 09 90 0D 55 E4 F0 A3 74 20
F2A0H: F0 90 00 02 74 50 F0 C2 67 7F 02 74 05 90 80 4C
F2B0H: 12 2B 58 90 00 02 74 10 F0 90 00 00 74 80 F0 7F
F2C0H: 04 7E 00 74 04 90 AE 88 12 2B 58 90 00 00 E4 F0
F2D0H: 20 67 07 90 0D 56 E0 44 40 F0 90 00 02 74 50 F0
F2E0H: 7F 00 74 05 90 80 4C 12 2B 58 90 00 02 74 40 F0
F2F0H: 74 50 F0 74 20 F0 74 30 F0 74 10 F0 74 05 F0 90
F300H: 00 00 74 13 F0 74 07 F0 A3 74 BB F0 7F 00 74 03
F310H: 90 96 19 12 2B 58 90 0D 58 E0 78 20 F6 90 0D 59
F320H: E4 F0 A3 F0 90 11 0F E0 54 3F 60 07 90 0D 5A E0
F330H: 44 20 F0 90 11 0E E0 54 3F FE E4 4E 60 07 90 0D
F340H: 5A E0 44 40 F0 90 0D 59 E0 FF A3 E0 4F 70 12 90
F350H: 11 0E E0 FE A3 E0 90 1C 15 CE F0 A3 EE F0 02 F3
F360H: F8 90 0D 5A E0 54 00 60 2D 90 0D 56 E0 54 00 60
F370H: 0D 90 1C 15 E0 FE E4 CE F0 A3 EE F0 80 16 90 0D
F380H: 56 E0 54 00 60 0E E4 90 1C 16 FE E0 90 1C 15 CE
F390H: F0 A3 EE F0 80 62 90 0D 5A E0 54 00 60 2A 90 0D
F3A0H: 56 E0 54 00 60 09 90 1C 15 E4 F0 A3 F0 80 17 90
F3B0H: 0D 56 E0 54 20 60 0F 90 11 0E E0 FE A3 E0 90 1C
F3C0H: 15 CE F0 A3 EE F0 80 30 90 0D 5A E0 54 00 60 28
F3D0H: 90 0D 56 E0 54 00 60 09 90 1C 15 E4 F0 A3 F0 80
F3E0H: 17 90 0D 56 E0 54 40 60 0F 90 11 0E E0 FE A3 E0
F3F0H: 90 1C 15 CE F0 A3 EE F0 90 0D 55 E0 FE A3 E0 FF
F400H: 02 2B 7E 90 0D 67 E4 F0 A3 F0 A3 F0 90 1D F2 E0
F410H: FE A3 E0 54 DF 90 1D F2 FF EE F0 A3 EF F0 CE 90
F420H: 1D F2 F0 CE 54 BF A3 F0 C3 74 04 90 84 84 12 2B
F430H: 58 C2 3B 90 15 64 E4 F0 90 15 65 F0 90 15 66 F0
F440H: 7F 03 74 05 90 80 4C 12 2B 58 D3 74 04 90 F2 31
F450H: 12 2B 58 C2 67 90 0D 65 74 14 F0 90 0D 65 E0 60
F460H: 1D 7F 04 7E 00 74 04 90 AE 88 12 2B 58 D3 74 04
F470H: 90 AF 05 12 2B 58 90 0D 65 E0 14 F0 80 DD 90 00
F480H: B0 74 31 F0 7F 00 74 03 90 97 69 12 2B 58 7D 01
F490H: 7E 0D 7F 66 90 00 B3 12 44 9C 7F 00 74 03 90 9A
F4A0H: 2D 12 2B 58 40 03 02 F5 8C 00 90 0D 66 E0 64 21
F4B0H: 70 17 7F A3 7E 00 74 04 90 AE 88 12 2B 58 74 04
F4C0H: 90 EF 5F 12 2B 58 02 F5 87 90 0D 66 E0 64 3E 70
F4D0H: 46 90 1D F2 E0 FE A3 E0 44 20 90 1D F2 CE F0 A3
F4E0H: EE F0 90 1C 15 E0 FE E4 FF EE F0 A3 EF F0 CE 90
F4F0H: 1C 15 F0 CE 44 01 A3 F0 7F 02 74 05 90 80 4C 12
F500H: 2B 58 C2 67 90 00 B0 74 32 F0 7F 00 74 03 90 97
F510H: 69 12 2B 58 02 F5 8A 90 0D 66 E0 70 1E 7F 02 74
F520H: 05 90 80 4C 12 2B 58 C2 67 90 00 B0 74 31 F0 7F
F530H: 00 74 03 90 97 69 12 2B 58 80 4F 7D 01 7E 0D 7F
F540H: 66 90 00 B3 12 44 9C 7F 00 74 03 90 9A 2D 12 2B
F550H: 58 40 34 30 67 02 80 11 90 0D 67 E0 FE A3 E0 44
F560H: 20 90 0D 67 CE F0 A3 EE F0 7F 02 74 05 90 80 4C
F570H: 12 2B 58 C2 67 90 00 B0 74 31 F0 7F 00 74 03 90
F580H: 97 69 12 2B 58 80 03 02 F4 A9 80 32 30 67 02 80
F590H: 11 90 0D 67 E0 FE A3 E0 44 20 90 0D 67 CE F0 A3
F5A0H: EE F0 7F 02 74 05 90 80 4C 12 2B 58 C2 67 90 00
F5B0H: B0 74 31 F0 7F 00 74 03 90 97 69 12 2B 58 7D 01
F5C0H: 7E 0D 7F 66 90 00 B3 12 44 9C 7F 00 74 03 90 9A
F5D0H: 2D 12 2B 58 40 03 02 F6 69 00 90 0D 66 E0 64 21
F5E0H: 70 16 7F A3 7E 00 74 04 90 AE 88 12 2B 58 74 04
F5F0H: 90 EF 5F 12 2B 58 80 6C 90 0D 66 E0 64 3E 70 2C
F600H: 90 1D F2 E0 FE A3 E0 44 40 90 1D F2 CE F0 A3 EE
F610H: F0 E4 90 1C 16 FE E0 90 1C 15 FF EE F0 A3 EF F0
F620H: CE 90 1C 15 44 01 F0 CE A3 F0 80 3B 90 0D 66 E0
F630H: 70 02 80 33 7D 01 7E 0D 7F 66 90 00 B3 12 44 9C
F640H: 7F 00 74 03 90 9A 2D 12 2B 58 40 18 30 67 02 80
F650H: 11 90 0D 67 E0 FE A3 E0 44 40 90 0D 67 CE F0 A3
F660H: EE F0 80 03 02 F5 D9 80 16 30 67 02 80 11 90 0D
F670H: 67 E0 FE A3 E0 44 40 90 0D 67 CE F0 A3 EE F0 90
F680H: 1C 41 E0 14 70 03 02 F7 06 E4 90 1D F3 FE E0 54
F690H: 40 4E 70 35 E4 90 0D 68 FE E0 54 40 4E 60 2A 90
F6A0H: 1D F2 E0 FE A3 E0 44 80 90 1D F2 CE F0 A3 EE F0
F6B0H: E4 90 1C 16 FE E0 90 1C 15 FF EE F0 A3 EF F0 CE
F6C0H: 90 1C 15 44 08 F0 CE A3 F0 E4 90 1D F3 FE E0 54
F6D0H: 20 4E 70 32 E4 90 0D 68 FE E0 54 20 4E 60 27 90
F6E0H: 1D F2 E0 44 01 FE A3 E0 90 1D F2 CE F0 A3 EE F0
F6F0H: 90 1C 15 E0 FE E4 FF EE F0 A3 EF F0 CE 90 1C 15
F700H: F0 CE 44 08 A3 F0 90 1E D6 74 04 F0 E4 90 1D F3
F710H: FE E0 54 20 4E 60 37 E4 90 1D F3 FE E0 54 40 4E
F720H: 70 08 E4 FE E0 54 80 4E 60 12 7F 01 74 05 90 80
F730H: 4C 12 2B 58 90 0D 69 74 02 F0 80 10 7F 03 74 05
F740H: 90 80 4C 12 2B 58 90 0D 69 74 01 F0 80 37 E4 90
F750H: 1D F3 FE E0 54 40 4E 60 12 7F 02 74 05 90 80 4C
F760H: 12 2B 58 90 0D 69 74 01 F0 80 1A 7F 00 74 05 90
F770H: 80 4C 12 2B 58 90 0D 69 E4 F0 90 15 64 04 F0 90
F780H: 15 65 F0 D2 3B 90 0D 69 E0 60 16 79 01 7A 1C 7B
F790H: 2E D3 12 46 3C 70 08 90 1C 2E E4 F0 A3 04 F0 C2
F7A0H: 3B E4 90 1D F3 FE E0 54 20 4E 60 13 90 1D F0 E0
F7B0H: FE A3 E0 44 20 90 1D F0 CE F0 A3 EE F0 80 11 90
F7C0H: 1D F0 E0 FE A3 E0 54 DF 90 1D F0 CE F0 A3 EE F0
F7D0H: E4 90 1D F3 FE E0 54 40 4E 60 13 90 1D F0 E0 FE
F7E0H: A3 E0 44 40 90 1D F0 CE F0 A3 EE F0 80 11 90 1D
F7F0H: F0 E0 FE A3 E0 54 BF 90 1D F0 CE F0 A3 EE F0 A2
F800H: 3B 74 04 90 84 84 12 2B 58 90 11 3D E4 F0 02 2B
F810H: 7E 90 1C 41 E0 60 08 E0 64 02 60 03 02 F8 CE E4
F820H: 90 1D F3 FE E0 54 20 4E 60 03 02 F8 CE E4 FE E0
F830H: 54 40 4E 60 03 02 F8 CE 90 1D F2 E0 54 01 FE E4
F840H: 4E 60 3B C3 74 04 90 84 84 12 2B 58 90 1D F3 E0
F850H: 54 80 60 0C 7F 0A 74 05 90 80 4C 12 2B 58 80 1C
F860H: 7F 03 74 05 90 80 4C 12 2B 58 90 1C 41 E0 64 02
F870H: 70 0A 7F 07 74 05 90 80 4C 12 2B 58 80 4E 90 1D
F880H: F3 E0 54 80 60 27 C3 74 04 90 84 84 12 2B 58 7F
F890H: 02 74 05 90 80 4C 12 2B 58 90 1C 41 E0 64 02 70
F8A0H: 0A 7F 08 74 05 90 80 4C 12 2B 58 80 1F 90 1E AE
F8B0H: E0 60 06 E0 60 0C 30 66 09 D3 74 04 90 84 84 12
F8C0H: 2B 58 7F 00 74 05 90 80 4C 12 2B 58 80 20 30 66
F8D0H: 0B D3 74 04 90 84 84 12 2B 58 80 09 C3 74 04 90
F8E0H: 84 84 12 2B 58 C3 74 04 90 F2 31 12 2B 58 02 2B
F8F0H: 7E 90 0A 99 12 44 9C E4 90 1D F3 FE E0 54 02 4E
F900H: 60 08 E4 FE E0 54 01 4E 70 17 90 00 22 74 01 F0
F910H: 7F F4 7E 00 74 04 90 93 32 12 2B 58 7F 7F 02 2B
F920H: 7E 90 0A 9A E0 FF A3 E0 4F 70 17 90 00 22 74 01
F930H: F0 7F 23 7E 00 74 04 90 93 32 12 2B 58 7F 7F 02
F940H: 2B 7E 7D 02 7E 49 7F A6 90 00 45 12 44 9C 90 0A
F950H: 99 12 45 A6 74 05 90 AB 5B 12 2B 58 90 0A 99 12
F960H: 45 64 74 01 12 46 21 12 44 F3 60 17 90 00 22 74
F970H: 01 F0 7F 23 7E 00 74 04 90 93 32 12 2B 58 7F 7F
F980H: 02 2B 7E 7D 02 7E 49 7F B6 90 00 63 12 44 9C 7F
F990H: 04 74 05 90 87 05 12 2B 58 40 05 7F 7F 02 2B 7E
F9A0H: 90 11 02 E0 90 14 03 F0 C2 35 C2 36 90 0A 7F 74
F9B0H: 50 F0 90 0A 99 12 45 64 12 44 F3 24 14 F5 82 E4
F9C0H: 34 67 F5 83 E4 93 54 02 60 0E 90 0A 99 12 45 64
F9D0H: 12 44 F3 54 5F FF 80 09 90 0A 99 12 45 64 12 44
F9E0H: F3 EF 64 46 70 1F 90 14 04 74 46 F0 90 0A 80 F0
F9F0H: A3 74 41 F0 A3 E4 F0 79 01 7A 0A 7B 99 90 00 01
FA00H: 12 47 0F 80 5E 90 0A 99 12 45 64 12 44 F3 24 14
FA10H: F5 82 E4 34 67 F5 83 E4 93 54 02 60 0E 90 0A 99
FA20H: 12 45 64 12 44 F3 54 5F FF 80 09 90 0A 99 12 45
FA30H: 64 12 44 F3 EF 64 4D 70 1F 90 14 04 74 4D F0 90
FA40H: 0A 80 F0 A3 74 42 F0 A3 E4 F0 79 01 7A 0A 7B 99
FA50H: 90 00 01 12 47 0F 80 0B 90 14 04 74 4E F0 90 0A
FA60H: 80 E4 F0 90 0A 99 12 45 64 12 44 F3 24 14 F5 82
FA70H: E4 34 67 F5 83 E4 93 54 04 70 03 02 FB 8C 90 03
FA80H: D1 74 68 F0 90 0A 99 12 45 A6 90 03 D2 12 44 9C
FA90H: A3 74 01 F0 A3 74 0A F0 A3 74 8D F0 7F 04 74 04
FAA0H: 90 FA 91 12 2B 58 40 05 7F 7F 02 2B 7E 90 00 53
FAB0H: 74 68 F0 A3 74 04 F0 A3 74 01 F0 A3 74 0A F0 A3
FAC0H: 74 8D F0 7F 04 74 05 90 B3 6A 12 2B 58 40 05 7F
FAD0H: 7F 02 2B 7E 90 0A 99 12 45 A6 90 0A 7C 12 44 9C
FAE0H: 90 0A 7C 12 45 64 12 44 F3 64 3A 60 26 90 0A 7C
FAF0H: 12 45 64 12 44 F3 64 23 60 19 90 0A 7C 12 45 64
FB00H: 12 44 F3 60 0E 79 01 7A 0A 7B 7C 90 00 01 12 47
FB10H: 0F 80 CD 90 0A 7C 12 45 64 12 44 F3 64 3A 70 44
FB20H: 79 01 7A 0A 7B 7C 90 00 01 12 47 0F 90 0A 7C 12
FB30H: 45 A6 74 05 90 A2 92 12 2B 58 90 0A 95 EE F0 A3
FB40H: EF F0 D3 EF 94 63 EE 94 00 40 17 90 00 22 74 01
FB50H: F0 7F 23 7E 00 74 04 90 93 32 12 2B 58 7F 7F 02
FB60H: 2B 7E 80 09 90 0A 95 E4 F0 A3 74 0A F0 D2 35 90
FB70H: 00 55 E4 F0 A3 74 23 F0 90 0A 99 12 45 A6 74 05
FB80H: 90 B2 D0 12 2B 58 90 0A 99 12 44 9C 90 0A 9A E0
FB90H: FF A3 E0 4F 70 03 02 FC 99 90 0A 99 12 45 64 12
FBA0H: 44 F3 64 23 60 03 02 FC 99 79 01 7A 0A 7B 99 90
FBB0H: 00 01 12 47 0F 90 03 D1 74 76 F0 90 0A 99 12 45
FBC0H: A6 90 03 D2 12 44 9C A3 74 01 F0 A3 74 0A F0 A3
FBD0H: 74 91 F0 7F 04 74 04 90 FA 91 12 2B 58 40 05 7F
FBE0H: 7F 02 2B 7E 90 00 53 74 76 F0 A3 74 04 F0 A3 74
FBF0H: 01 F0 A3 74 0A F0 A3 74 91 F0 7F 04 74 05 90 B3
FC00H: 6A 12 2B 58 40 05 7F 7F 02 2B 7E 90 0A 99 12 45
FC10H: A6 90 0A 7C 12 44 9C 90 0A 7C 12 45 64 12 44 F3
FC20H: 64 3A 60 19 90 0A 7C 12 45 64 12 44 F3 60 0E 79
FC30H: 01 7A 0A 7B 7C 90 00 01 12 47 0F 80 DA 90 0A 7C
FC40H: 12 45 64 12 44 F3 64 3A 70 44 79 01 7A 0A 7B 7C
FC50H: 90 00 01 12 47 0F 90 0A 7C 12 45 A6 74 05 90 A2
FC60H: 92 12 2B 58 90 0A 97 EE F0 A3 EF F0 D3 EF 94 63
FC70H: EE 94 00 40 17 90 00 22 74 01 F0 7F 23 7E 00 74
FC80H: 04 90 93 32 12 2B 58 7F 7F 02 2B 7E 80 09 90 0A
FC90H: 97 E4 F0 A3 74 0A F0 D2 36 30 35 43 7D 02 7E 49
FCA0H: 7F B8 90 03 81 12 44 9C 90 0A 95 E0 FE A3 E0 90
FCB0H: 03 84 CE F0 A3 EE F0 7D 01 7E 0A 7F 89 74 05 90
FCC0H: AD D7 12 2B 58 7D 01 7E 0A 7F 89 90 03 B0 12 44
FCD0H: 9C 7D 01 7E 0A 7F 7F 74 05 90 AE CC 12 2B 58 30
FCE0H: 36 43 7D 02 7E 49 7F BE 90 03 81 12 44 9C 90 0A
FCF0H: 97 E0 FE A3 E0 90 03 84 CE F0 A3 EE F0 7D 01 7E
FD00H: 0A 7F 89 74 05 90 AD D7 12 2B 58 7D 01 7E 0A 7F
FD10H: 89 90 03 B0 12 44 9C 7D 01 7E 0A 7F 7F 74 05 90
FD20H: AE CC 12 2B 58 7D 01 7E 0A 7F 7F 74 05 90 B2 7C
FD30H: 12 2B 58 90 00 54 EF F0 90 00 53 74 FA F0 7D 01
FD40H: 7E 0A 7F 7F 90 00 55 12 44 9C 7F 04 74 05 90 B3
FD50H: 6A 12 2B 58 40 05 7F 7F 02 2B 7E 90 11 01 E0 04
FD60H: F0 90 16 6B E0 04 F0 90 12 DE E4 F0 FF 02 2B 7E
FD70H: 7F 04 74 04 90 98 27 12 2B 58 90 0A 79 EE F0 A3
FD80H: EF F0 74 03 90 C5 35 12 2B 58 50 5E 90 0A 7A E0
FD90H: 64 9E 70 04 90 0A 79 E0 70 21 90 07 03 74 04 F0
FDA0H: 7F 9E 74 04 90 98 8E 12 2B 58 7F 9E 7E 00 74 03
FDB0H: 90 C5 1F 12 2B 58 7F 01 02 2B 7E 90 0A 7A E0 64
FDC0H: A1 70 04 90 0A 79 E0 70 21 90 07 03 74 04 F0 7F
FDD0H: A1 74 04 90 98 8E 12 2B 58 7F A0 7E 00 74 03 90
FDE0H: C5 1F 12 2B 58 7F 01 02 2B 7E 90 0A 79 E0 FF A3
FDF0H: E0 4F 60 10 E0 64 9F 70 06 90 0A 79 E0 60 05 7F
FE00H: 7F 02 2B 7E 90 0A 7A E0 64 9F 70 04 90 0A 79 E0
FE10H: 70 13 20 48 10 90 07 03 74 04 F0 7F 9F 74 04 90
FE20H: 98 8E 12 2B 58 90 13 DF E0 64 04 60 03 02 FF 59
FE30H: 7D 01 7E 12 7F DE 90 00 55 12 44 9C A3 E4 F0 A3
FE40H: 74 04 F0 7D 02 7E 49 7F C4 74 05 90 A7 6E 12 2B
FE50H: 58 EF 4E 60 03 02 FF 54 7D 01 7E 12 7F E2 74 05
FE60H: 90 A2 92 12 2B 58 90 0A 7B EF F0 70 36 7F 01 74
FE70H: 04 90 CB B7 12 2B 58 EF 14 70 0E 7F 04 12 31 77
FE80H: 40 05 7F 7F 02 2B 7E 80 17 90 00 22 74 01 F0 7F
FE90H: F6 7E 00 74 04 90 93 32 12 2B 58 7F 7F 02 2B 7E
FEA0H: 02 FF 4F EF 64 01 70 36 7F 02 74 04 90 CB B7 12
FEB0H: 2B 58 EF 14 70 0E 7F 04 12 31 77 40 05 7F 7F 02
FEC0H: 2B 7E 80 17 90 00 22 74 01 F0 7F F6 7E 00 74 04
FED0H: 90 93 32 12 2B 58 7F 7F 02 2B 7E 02 FF 4F EF 64
FEE0H: 02 70 55 7F 03 74 04 90 CB B7 12 2B 58 EF 64 02
FEF0H: 70 2D 7F 04 12 31 77 40 05 7F 7F 02 2B 7E 79 01
FF00H: 7A 15 7B 70 7D 01 7E 15 7F 6A 74 06 7C 00 12 43
FF10H: 23 7F 04 12 31 77 40 05 7F 7F 02 2B 7E 80 17 90
FF20H: 00 22 74 01 F0 7F F6 7E 00 74 04 90 93 32 12 2B
FF30H: 58 7F 7F 02 2B 7E 80 17 90 00 22 74 01 F0 7F F6
FF40H: 7E 00 74 04 90 93 32 12 2B 58 7F 7F 02 2B 7E 7F
FF50H: 02 02 2B 7E 7F 01 02 2B 7E 90 13 DF E0 64 02 60
FF60H: 04 E0 04 70 05 7F 02 02 2B 7E 7F 82 02 2B 7E 90
FF70H: 00 68 EF F0 7F 04 74 04 90 98 27 12 2B 58 90 00
FF80H: 66 EE F0 A3 EF F0 90 11 01 E0 14 F0 90 16 6B E0
FF90H: 14 F0 90 00 68 E0 70 0B 90 14 04 E0 64 4E 70 20
FFA0H: 20 69 1D 7D 02 7E 49 7F B6 90 00 63 12 44 9C 7F
FFB0H: 04 74 05 90 87 05 12 2B 58 40 05 7F 7F 02 2B 7E
FFC0H: 90 14 03 E0 FF 74 03 90 AF 6C 12 2B 58 7F 00 02
FFD0H: 2B 7E 90 0D 55 EF F0 E0 FF 12 31 16 40 04 C3 02
FFE0H: 2B 7E 90 0D 55 E0 FF 74 04 90 8D CA 12 2B 58 40
FFF0H: 04 C3 02 2B 7E 30 48 02 D2 4A D3 02 2B 7E 00 00
Bank # 

8000H: 90 0C 1A EF F0 90 0C 1E E0 C3 94 0B 50 14 90 0C
8010H: 1A E0 04 70 11 A3 A3 E0 FF A3 E0 4F 70 08 A3 E0
8020H: 70 04 C3 02 2B 7E 90 12 DE E4 F0 90 0C 1A E0 04
8030H: 60 6A 30 51 40 74 04 90 86 97 12 2B 58 90 0C 1A
8040H: EF F0 30 46 07 90 0C 1A E0 44 01 F0 7D 02 7E 48
8050H: 7F C2 90 03 81 12 44 9C 90 0C 1A E0 FF E4 90 03
8060H: 84 F0 A3 EF F0 7D 01 7E 12 7F DE 74 05 90 AD D7
8070H: 12 2B 58 80 27 7D 02 7E 48 7F C9 90 03 81 12 44
8080H: 9C 90 0C 1A E0 FF E4 90 03 84 F0 A3 EF F0 7D 01
8090H: 7E 12 7F DE 74 05 90 AD D7 12 2B 58 90 0C 1C E0
80A0H: FF A3 E0 4F 70 03 02 81 BD A3 E0 70 03 02 81 BD
80B0H: 90 0C 19 E4 F0 90 0C 19 E0 FF 90 0C 1E E0 D3 9F
80C0H: 50 03 02 81 BD 90 0C 19 E0 FF 7E 00 A3 A3 12 45
80D0H: 64 74 01 12 46 21 12 44 F3 90 0C 18 EF F0 90 12
80E0H: DE E0 60 1A 7D 02 7E 48 7F CC 90 03 B0 12 44 9C
80F0H: 7D 01 7E 12 7F DE 74 05 90 AE CC 12 2B 58 30 48
8100H: 3A 90 00 55 E4 F0 A3 F0 7D 01 7E 12 7F DE 74 05
8110H: 90 B2 D0 12 2B 58 90 03 81 74 02 F0 A3 74 48 F0
8120H: A3 74 CE F0 90 0C 18 E0 FB E4 90 03 84 F0 A3 EB
8130H: F0 74 05 90 AD D7 12 2B 58 80 46 90 00 55 E4 F0
8140H: A3 F0 7D 01 7E 12 7F DE 74 05 90 B2 D0 12 2B 58
8150H: 90 03 81 74 02 F0 A3 74 48 F0 A3 74 D2 F0 90 52
8160H: 97 E4 93 FB E4 90 03 84 F0 A3 EB F0 90 0C 18 E0
8170H: FB E4 90 03 86 F0 A3 EB F0 74 05 90 AD D7 12 2B
8180H: 58 90 00 55 E4 F0 A3 F0 7D 01 7E 12 7F DE 74 05
8190H: 90 B2 D0 12 2B 58 90 05 55 12 44 9C 90 0C 18 E0
81A0H: 90 05 54 F0 7F 06 74 05 90 A4 95 12 2B 58 40 04
81B0H: C3 02 2B 7E 90 0C 19 E0 04 F0 02 80 B5 30 48 2B
81C0H: 90 1E 22 E0 14 70 02 C2 6C 7D 01 7E 12 7F DE 90
81D0H: 01 FA 12 44 9C 7F 00 74 03 90 EF 82 12 2B 58 7F
81E0H: 00 74 05 90 82 4D 12 2B 58 D2 4A D3 02 2B 7E 90
81F0H: 0D 56 EE F0 A3 EF F0 04 70 02 EE 04 70 66 20 48
8200H: 16 90 00 22 74 06 F0 7F 03 7E 00 74 04 90 93 32
8210H: 12 2B 58 C3 02 2B 7E 30 46 22 7D 02 7E 52 7F 8C
8220H: 90 0C 1B 12 44 9C A3 74 03 F0 7F 00 74 04 90 80
8230H: 00 12 2B 58 40 04 C3 02 2B 7E 80 20 7D 02 7E 52
8240H: 7F 8F 90 0C 1B 12 44 9C A3 74 02 F0 7F 03 74 04
8250H: 90 80 00 12 2B 58 40 04 C3 02 2B 7E C2 47 C2 46
8260H: D3 02 2B 7E 90 0D 57 E0 90 0D 55 F0 20 48 28 90
8270H: 0D 55 E0 64 07 60 0A E0 64 08 60 05 E0 64 09 70
8280H: 16 90 00 22 74 06 F0 7F 03 7E 00 74 04 90 93 32
8290H: 12 2B 58 C3 02 2B 7E 7D 01 7E 0D 7F 55 90 0C 1B
82A0H: 12 44 9C A3 74 01 F0 7F FF 74 04 90 80 00 12 2B
82B0H: 58 90 0D 55 E0 64 09 70 02 C2 46 D3 02 2B 7E 90
82C0H: 0D 79 12 44 9C 90 0D 79 12 45 A6 90 0D 6B 12 44
82D0H: 9C A3 74 01 F0 A3 74 0D F0 A3 74 76 F0 A3 74 01
82E0H: F0 A3 74 0D F0 A3 74 74 F0 7F 06 74 03 90 D3 D8
82F0H: 12 2B 58 40 04 C3 02 2B 7E 90 13 DF 74 06 F0 90
8300H: 0D 79 12 45 64 12 44 F3 64 52 70 33 90 0D 77 E0
8310H: FF A3 E0 4F 60 16 90 00 22 74 06 F0 7F 1E 7E 00
8320H: 74 04 90 93 32 12 2B 58 C3 02 2B 7E 90 0D 74 E0
8330H: FE A3 E0 FF 74 04 90 81 EF 12 2B 58 02 2B 7E EF
8340H: 64 54 60 03 02 84 25 7F 03 74 05 90 AC 03 12 2B
8350H: 58 40 16 90 00 22 74 01 F0 7F 16 7E 00 74 04 90
8360H: 93 32 12 2B 58 C3 02 2B 7E 90 0D 75 E0 04 70 05
8370H: 90 0D 74 E0 04 70 15 90 0D 77 E0 FF A3 E0 4F 70
8380H: 0B 74 01 90 C4 49 12 2B 58 02 84 0D 90 0D 77 E0
8390H: FF A3 E0 4F 60 61 90 0D 75 E0 04 70 05 90 0D 74
83A0H: E0 04 70 53 90 0D 76 12 45 64 74 01 12 44 EE 70
83B0H: 2E 90 0D 76 12 45 64 12 44 F3 64 30 70 0A 74 01
83C0H: 90 C4 9E 12 2B 58 80 15 90 0D 76 12 45 64 12 44
83D0H: F3 64 31 70 08 74 01 90 C4 49 12 2B 58 80 16 90
83E0H: 00 22 74 06 F0 7F 1E 7E 00 74 04 90 93 32 12 2B
83F0H: 58 C3 02 2B 7E 80 16 90 00 22 74 06 F0 7F 1E 7E
8400H: 00 74 04 90 93 32 12 2B 58 C3 02 2B 7E 30 48 0E
8410H: 7F 00 74 05 90 82 4D 12 2B 58 D2 4A 80 05 90 12
8420H: DE E4 F0 80 5B EF 64 57 70 54 90 0D 75 E0 04 70
8430H: 07 90 0D 74 E0 04 60 2E 90 0D 77 E0 FF A3 E0 4F
8440H: 60 24 90 0D 75 E0 90 05 88 F0 90 0D 76 12 45 A6
8450H: 90 05 89 12 44 9C 7F 06 74 05 90 9F 33 12 2B 58
8460H: 40 04 C3 02 2B 7E 30 48 0E 7F 00 74 05 90 82 4D
8470H: 12 2B 58 D2 4A 80 05 90 12 DE E4 F0 80 02 80 00
8480H: D3 02 2B 7E 92 2F C2 46 C2 47 20 2F 3A 7F 02 74
8490H: 05 90 AC 03 12 2B 58 50 10 7F 00 74 03 90 AF 6C
84A0H: 12 2B 58 40 04 C3 02 2B 7E 7F 03 74 05 90 AC 03
84B0H: 12 2B 58 50 0E 74 01 90 C4 9E 12 2B 58 40 04 C3
84C0H: 02 2B 7E C2 48 80 38 7F 02 74 05 90 AC 03 12 2B
84D0H: 58 50 10 7F 01 74 03 90 AF 6C 12 2B 58 40 04 C3
84E0H: 02 2B 7E 7F 03 74 05 90 AC 03 12 2B 58 50 0E 74
84F0H: 01 90 D4 6A 12 2B 58 40 04 C3 02 2B 7E D2 48 D3
8500H: 02 2B 7E 90 06 DB EF F0 64 57 70 42 90 06 DC 12
8510H: 45 64 12 44 F3 64 30 70 0B C3 74 04 90 84 84 12
8520H: 2B 58 80 28 EF 64 31 70 0B D3 74 04 90 84 84 12
8530H: 2B 58 80 18 90 13 DF E0 90 00 22 F0 7F 23 7E 00
8540H: 74 04 90 93 32 12 2B 58 C3 02 2B 7E 80 47 90 06
8550H: DB E0 64 52 70 27 7D 02 7E 48 7F C9 90 03 81 12
8560H: 44 9C A2 48 E4 33 FF E4 A3 F0 A3 EF F0 90 06 DC
8570H: 12 45 A6 74 05 90 AD D7 12 2B 58 80 18 90 13 DF
8580H: E0 90 00 22 F0 7F 1E 7E 00 74 04 90 93 32 12 2B
8590H: 58 C3 02 2B 7E D3 02 2B 7E EF 64 52 70 45 7D 02
85A0H: 7E 48 7F C9 90 03 81 12 44 9C 90 21 F0 E0 FE A3
85B0H: E0 90 03 84 CE F0 A3 EE F0 90 06 E0 12 45 A6 74
85C0H: 05 90 AD D7 12 2B 58 7D 01 7E 22 7F 36 90 03 B0
85D0H: 12 44 9C 90 06 E0 12 45 A6 74 05 90 AE CC 12 2B
85E0H: 58 80 18 90 13 DF E0 90 00 22 F0 7F 1E 7E 00 74
85F0H: 04 90 93 32 12 2B 58 C3 02 2B 7E D3 02 2B 7E EF
8600H: 64 52 70 2C 7D 02 7E 48 7F C9 90 03 81 12 44 9C
8610H: E4 90 1D F3 FE E0 54 1F 90 03 84 CE F0 A3 EE F0
8620H: 90 06 D8 12 45 A6 74 05 90 AD D7 12 2B 58 80 18
8630H: 90 13 DF E0 90 00 22 F0 7F 1E 7E 00 74 04 90 93
8640H: 32 12 2B 58 C3 02 2B 7E D3 02 2B 7E EF 64 52 70
8650H: 2C 74 04 90 86 97 12 2B 58 E4 90 03 84 F0 A3 EF
8660H: F0 7D 02 7E 48 7F C9 90 03 81 12 44 9C 90 06 D4
8670H: 12 45 A6 74 05 90 AD D7 12 2B 58 80 16 90 00 22
8680H: 74 01 F0 7F 1E 7E 00 74 04 90 93 32 12 2B 58 C3
8690H: 02 2B 7E D3 02 2B 7E 30 4F 08 90 06 D2 74 01 F0
86A0H: 80 05 90 06 D2 E4 F0 30 69 07 90 06 D2 E0 44 04
86B0H: F0 30 50 07 90 06 D2 E0 44 08 F0 90 06 D2 E0 FF
86C0H: 02 2B 7E 90 03 C9 12 44 D2 7B 00 7A 00 79 00 78
86D0H: 80 12 3C 93 60 2E 7F 01 90 03 D4 12 45 64 12 44
86E0H: 41 74 FF FF FE FD FC 79 01 7A 03 7B C9 90 3C 72
86F0H: 12 43 FF 90 03 C9 12 45 F0 12 3C 37 90 03 C9 12
8700H: 44 D2 80 0B 7F 00 90 03 D4 12 45 64 12 44 41 90
8710H: 03 CD E0 FF 64 09 70 3E 7F 00 7E 00 7D 80 7C 47
8720H: 90 03 BD 12 44 D2 90 03 C9 12 45 F0 7B 00 7A 00
8730H: 79 FF 78 FF 12 3C 93 90 03 C1 12 44 D2 90 03 C9
8740H: 12 45 F0 7B FF 7A FF 79 00 78 00 12 3C 93 90 03
8750H: C5 12 44 D2 80 5C D3 74 0A 9F 50 44 D3 EF 94 0B
8760H: 50 3E 7F 00 7E 00 7D 80 7C 4B 90 03 BD 12 44 D2
8770H: 90 03 C9 12 45 F0 7B 00 7A 00 79 00 78 FF 12 3C
8780H: 93 90 03 C1 12 44 D2 90 03 C9 12 45 F0 7B FF 7A
8790H: FF 79 FF 78 00 12 3C 93 90 03 C5 12 44 D2 80 12
87A0H: 90 00 22 74 DB F0 7F 01 7E 00 74 04 90 93 32 12
87B0H: 2B 58 90 03 C1 12 45 F0 12 40 B6 90 03 BD E0 F8
87C0H: A3 E0 F9 A3 E0 FA A3 E0 FB 12 3E 67 90 03 B9 12
87D0H: 44 D2 90 03 CE 12 45 A6 90 03 B6 12 44 9C 90 03
87E0H: B9 12 45 F0 74 05 90 A3 94 12 2B 58 90 03 D1 12
87F0H: 45 64 12 44 B7 90 03 C5 12 45 F0 12 40 B6 90 03
8800H: BD E0 F8 A3 E0 F9 A3 E0 FA A3 E0 FB 12 3E 67 90
8810H: 03 B9 12 44 D2 90 03 D1 12 45 64 12 45 D5 90 03
8820H: B9 E0 F8 A3 E0 F9 A3 E0 FA A3 E0 FB 12 3F 7A 90
8830H: 03 D1 12 45 64 12 44 B7 90 03 D1 12 45 64 12 45
8840H: D5 7B 00 7A 00 79 80 78 3F 74 03 12 41 08 70 3A
8850H: 90 03 CE 12 45 64 12 45 D5 7B 00 7A 00 79 80 78
8860H: 3F 12 3F 7A 90 03 CE 12 45 64 12 44 B7 90 03 D1
8870H: 12 45 64 12 45 D5 7B 00 7A 00 79 80 78 BF 12 3F
8880H: 7A 90 03 D1 12 45 64 12 44 B7 02 2B 7E 90 03 C6
8890H: 12 44 9C 90 03 BD E4 F0 FF FE FD FC 90 03 CA 12
88A0H: 45 64 12 44 B7 90 03 C6 12 45 64 12 44 F3 64 2D
88B0H: 70 11 90 03 BD 74 01 F0 F9 7A 03 7B C6 90 00 01
88C0H: 12 47 0F 90 03 C9 E0 FF 64 09 70 10 7F 00 7E 00
88D0H: 7D 80 7C 47 90 03 B9 12 44 D2 80 31 D3 74 0A 9F
88E0H: 50 16 D3 EF 94 0B 50 10 7F 00 7E 00 7D 80 7C 4B
88F0H: 90 03 B9 12 44 D2 80 15 90 00 22 74 DB F0 7F 01
8900H: 7E 00 74 04 90 93 32 12 2B 58 02 2B 7E 90 03 C6
8910H: 12 45 A6 74 05 90 A2 92 12 2B 58 EE 33 95 E0 FD
8920H: FC 90 03 CA 12 45 64 12 44 B7 90 03 CA 12 45 64
8930H: 12 45 D5 12 40 B6 90 03 B9 E0 F8 A3 E0 F9 A3 E0
8940H: FA A3 E0 FB 12 3C F9 12 40 7B 90 03 CA 12 45 64
8950H: 12 44 B7 90 00 55 E4 F0 A3 74 2E F0 90 03 C6 12
8960H: 45 A6 74 05 90 B2 D0 12 2B 58 90 03 C6 12 44 9C
8970H: 70 03 02 8A 0B 90 03 C6 12 45 A6 74 04 90 EC 73
8980H: 12 2B 58 90 03 B9 E0 F8 A3 E0 F9 A3 E0 FA A3 E0
8990H: FB 12 3C F9 90 03 B6 74 01 F0 A3 74 03 F0 A3 74
89A0H: BE F0 74 05 90 A3 94 12 2B 58 90 03 C2 12 44 D2
89B0H: 90 03 CA 12 45 64 12 45 D5 12 40 B6 90 03 BE E0
89C0H: F8 A3 E0 F9 A3 E0 FA A3 E0 FB 12 3F 7A 12 40 7B
89D0H: 90 03 CA 12 45 64 12 44 B7 90 03 C2 12 45 F0 7B
89E0H: 00 7A 00 79 00 78 3F 74 03 12 41 08 70 1D 90 03
89F0H: CA 12 45 64 12 45 D5 7B 01 7A 00 79 00 78 00 12
8A00H: 3C 72 90 03 CA 12 45 64 12 44 B7 90 03 BD E0 60
8A10H: 20 90 03 CA 12 45 64 12 45 D5 12 3C 37 7B 01 7A
8A20H: 00 79 00 78 00 12 3C 72 90 03 CA 12 45 64 12 44
8A30H: B7 00 02 2B 7E 90 03 E8 12 44 D2 90 03 EC E0 90
8A40H: 03 CD F0 A3 74 01 F0 A3 74 03 F0 A3 74 D7 F0 A3
8A50H: 74 01 F0 A3 74 03 F0 A3 74 DB F0 A3 74 01 F0 A3
8A60H: 74 03 F0 A3 74 DF F0 90 03 E8 12 45 F0 74 04 90
8A70H: 86 C3 12 2B 58 90 03 D7 12 45 F0 12 40 7B 90 03
8A80H: E0 12 44 D2 90 03 EC E0 FF 64 09 70 16 7F 00 7E
8A90H: 50 7D C3 7C 47 79 01 7A 03 7B DB 90 3C F9 12 43
8AA0H: FF 80 37 D3 74 0A 9F 50 1C D3 EF 94 0B 50 16 7F
8AB0H: 00 7E 24 7D 74 7C 49 79 01 7A 03 7B DB 90 3C F9
8AC0H: 12 43 FF 80 15 90 00 22 74 DB F0 7F 01 7E 00 74
8AD0H: 04 90 93 32 12 2B 58 02 2B 7E 90 03 DB 12 45 F0
8AE0H: 12 40 7B 90 03 E4 12 44 D2 90 03 DF E0 14 70 17
8AF0H: 7F 2D 90 03 ED 12 45 64 12 44 41 79 01 7A 03 7B
8B00H: ED 90 00 01 12 47 0F 90 1E 23 E0 60 67 90 1E 5D
8B10H: E0 C3 94 0A 50 5B 90 1E 5D E0 04 F0 14 C3 33 C3
8B20H: 33 FF 90 03 E0 E0 F8 A3 E0 F9 A3 E0 FA A3 E0 FB
8B30H: EF 24 35 F5 82 E4 34 1E F5 83 E8 F0 A3 E9 F0 A3
8B40H: EA F0 A3 EB F0 90 1E 5D E0 C3 33 C3 33 FF 90 03
8B50H: E4 E0 F8 A3 E0 F9 A3 E0 FA A3 E0 FB EF 24 35 F5
8B60H: 82 E4 34 1E F5 83 E8 F0 A3 E9 F0 A3 EA F0 A3 EB
8B70H: F0 02 2B 7E 90 03 EC E0 FF 64 09 70 34 7D 02 7E
8B80H: 48 7F A8 90 03 81 12 44 9C 90 03 E0 12 45 F0 90
8B90H: 03 84 12 44 D2 90 03 E4 12 45 F0 90 03 88 12 44
8BA0H: D2 90 03 ED 12 45 A6 74 05 90 AD D7 12 2B 58 80
8BB0H: 55 D3 74 0A 9F 50 3A D3 EF 94 0B 50 34 7D 02 7E
8BC0H: 48 7F B2 90 03 81 12 44 9C 90 03 E0 12 45 F0 90
8BD0H: 03 84 12 44 D2 90 03 E4 12 45 F0 90 03 88 12 44
8BE0H: D2 90 03 ED 12 45 A6 74 05 90 AD D7 12 2B 58 80
8BF0H: 15 90 00 22 74 DB F0 7F 01 7E 00 74 04 90 93 32
8C00H: 12 2B 58 02 2B 7E 00 02 2B 7E 90 04 04 12 44 D2
8C10H: 90 04 08 E0 64 0B 70 37 7D 01 7E 04 7F 00 90 03
8C20H: AD 12 44 9C 7D 01 7E 04 7F 04 12 29 B7 90 03 EC
8C30H: 74 09 F0 A3 74 01 F0 A3 74 03 F0 A3 74 F0 F0 90
8C40H: 04 00 12 45 F0 74 04 90 8A 35 12 2B 58 80 22 90
8C50H: 04 08 E0 90 03 EC F0 A3 74 01 F0 A3 74 03 F0 A3
8C60H: 74 F0 F0 90 04 04 12 45 F0 74 04 90 8A 35 12 2B
8C70H: 58 7D 01 7E 03 7F F0 74 04 90 EC 73 12 2B 58 90
8C80H: 04 09 12 45 64 12 44 B7 02 2B 7E 90 03 E1 12 44
8C90H: D2 7D 02 7E 48 7F BC 90 03 81 12 44 9C 90 03 E1
8CA0H: 12 45 F0 90 03 84 12 44 D2 7D 01 7E 03 7F CD 74
8CB0H: 05 90 AD D7 12 2B 58 90 03 E5 E0 FF 64 09 70 22
8CC0H: 90 03 C9 74 09 F0 90 03 E6 12 45 A6 90 03 CA 12
8CD0H: 44 9C 7D 01 7E 03 7F CD 74 04 90 88 8D 12 2B 58
8CE0H: 80 73 EF 64 0A 70 22 90 03 C9 74 0A F0 90 03 E6
8CF0H: 12 45 A6 90 03 CA 12 44 9C 7D 01 7E 03 7F CD 74
8D00H: 04 90 88 8D 12 2B 58 80 4C EF 64 0B 70 37 90 03
8D10H: C9 74 09 F0 A3 74 01 F0 A3 74 03 F0 A3 74 DD F0
8D20H: 7D 01 7E 03 7F CD 74 04 90 88 8D 12 2B 58 90 03
8D30H: E6 12 45 A6 90 03 AD 12 44 9C 7D 01 7E 03 7F DD
8D40H: 12 2A 1A 80 10 E4 FF FE FD FC 90 03 E6 12 45 64
8D50H: 12 44 B7 80 00 02 2B 7E 12 41 AB 8D 6B 02 8D 95
8D60H: 03 8D C2 04 8D C4 05 00 00 8D C6 90 11 02 E0 FF
8D70H: 12 41 AB 8D 8F 01 8D 8F 02 8D 8F 04 8D 8F 05 8D
8D80H: 8F 06 8D 8F 07 8D 8F 0D 8D 8F 0E 00 00 8D 93 D3
8D90H: 02 2B 7E 80 31 74 01 90 D4 5D 12 2B 58 12 41 AB
8DA0H: 8D B0 00 8D B4 01 8D B8 02 8D BC 03 00 00 8D C0
8DB0H: C3 02 2B 7E D3 02 2B 7E C3 02 2B 7E C3 02 2B 7E
8DC0H: 80 04 80 02 80 00 C3 02 2B 7E 90 05 17 EF F0 90
8DD0H: 04 00 E4 F0 A3 04 F0 FD 7E 12 7F DE A3 12 44 9C
8DE0H: C2 6B 90 04 01 E0 70 03 02 93 2E 90 04 00 E0 24
8DF0H: 6A F5 82 E4 34 15 F5 83 E0 90 03 FE F0 A3 A3 E0
8E00H: 04 F0 E0 24 6A F5 82 E4 34 15 F5 83 E0 90 03 FF
8E10H: F0 A3 E0 04 F0 90 03 FE E0 04 60 03 02 8F 60 90
8E20H: 04 01 E4 F0 90 03 FF E0 24 02 FF E4 33 FE A3 E0
8E30H: FB 7A 00 D3 EF 9B EA 64 80 CE 64 80 9E 50 03 02
8E40H: 8F 5D 90 04 00 E0 24 6A F5 82 E4 34 15 F5 83 E0
8E50H: 90 05 05 F0 C3 94 20 40 13 E0 C3 94 40 50 0D 90
8E60H: 05 05 E0 24 E0 90 04 01 F0 02 8F 54 90 05 17 E0
8E70H: FF 12 41 AB 8E 84 02 8E FD 03 8F 19 04 8F 19 05
8E80H: 00 00 8F 3C 90 05 05 E0 64 60 60 0A E0 64 61 60
8E90H: 05 E0 64 62 70 2D 90 1D F3 E0 54 02 60 1F 90 16
8EA0H: 6B E0 70 19 90 15 6A 74 72 F0 90 15 6B 74 01 F0
8EB0H: 90 05 05 E0 90 15 6C F0 7F 04 12 31 77 D2 4A D3
8EC0H: 02 2B 7E 90 05 05 E0 C3 94 51 40 2F 90 05 05 E0
8ED0H: 24 B0 F0 E0 60 25 90 00 22 74 02 F0 90 05 05 E0
8EE0H: FF 7E 00 74 04 90 93 32 12 2B 58 90 05 05 E0 14
8EF0H: 70 05 30 48 02 D2 50 C3 02 2B 7E 80 57 90 05 05
8F00H: E0 14 60 0F E0 64 02 60 0A E0 64 03 60 05 E0 64
8F10H: 05 70 06 D2 4A D3 02 2B 7E 90 05 05 E0 60 1B 90
8F20H: 05 17 E0 90 00 22 F0 90 05 05 E0 FF 7E 00 74 04
8F30H: 90 93 32 12 2B 58 C3 02 2B 7E 80 18 90 05 17 E0
8F40H: 90 00 22 F0 7F 16 7E 00 74 04 90 93 32 12 2B 58
8F50H: C3 02 2B 7E 90 04 00 E0 04 F0 02 8E 24 02 93 2B
8F60H: 30 50 0A 90 05 17 E0 64 02 70 02 C2 50 20 48 03
8F70H: 02 90 3D 90 1E 23 E0 60 03 02 90 3D 90 03 FE E0
8F80H: 90 03 AC F0 A3 74 01 F0 A3 74 05 F0 A3 74 16 F0
8F90H: 90 05 17 E0 FF 74 05 90 9C B9 12 2B 58 40 03 02
8FA0H: 90 3D 90 03 FE E0 90 03 F7 F0 90 04 00 E0 24 6A
8FB0H: 90 03 FA F0 90 03 F8 74 01 F0 A3 E4 34 15 F0 7D
8FC0H: 01 7E 05 7F 05 90 03 FB 12 44 9C 90 05 17 E0 FF
8FD0H: 74 04 90 E3 9B 12 2B 58 40 04 C3 02 2B 7E 90 05
8FE0H: 16 E0 90 00 9C F0 7F 06 74 05 90 B2 23 12 2B 58
8FF0H: 90 03 D5 12 44 9C 90 05 16 E0 90 03 D1 F0 A3 74
9000H: 01 F0 A3 74 05 F0 A3 74 05 F0 7F 06 74 04 90 FA
9010H: 91 12 2B 58 40 04 C3 02 2B 7E 90 05 16 E0 64 09
9020H: 70 02 D2 46 90 05 16 E0 64 07 60 0F E0 64 08 60
9030H: 0A E0 64 EF 60 05 E0 64 F0 70 02 D2 47 7D 02 7E
9040H: 4E 7F A2 90 03 81 12 44 9C 7D 01 7E 04 7F 05 74
9050H: 05 90 AD D7 12 2B 58 90 1E 23 E0 70 3F 7D 02 7E
9060H: 4E 7F A3 90 03 81 12 44 9C 90 05 17 E0 24 91 F5
9070H: 82 E4 34 52 F5 83 E4 93 FF E4 90 03 84 F0 A3 EF
9080H: F0 90 03 FE E0 FF E4 90 03 86 F0 A3 EF F0 7D 01
9090H: 7E 04 7F 05 74 05 90 AD D7 12 2B 58 90 03 FE E0
90A0H: 90 00 97 F0 90 05 17 E0 FF 74 05 90 B3 A4 12 2B
90B0H: 58 EF 14 60 03 02 91 C0 90 00 55 E4 F0 A3 F0 7D
90C0H: 01 7E 04 7F 05 74 05 90 B2 D0 12 2B 58 90 05 05
90D0H: 12 44 9C 90 04 00 E0 24 6A 90 05 0A F0 90 05 08
90E0H: 74 01 F0 A3 E4 34 15 F0 90 03 FF E0 C3 94 7D 40
90F0H: 2A 90 05 17 E0 90 00 22 F0 7F 23 7E 00 74 04 90
9100H: 93 32 12 2B 58 90 00 22 74 01 F0 7F DA 7E 00 74
9110H: 04 90 93 32 12 2B 58 C3 02 2B 7E 90 05 0B E4 F0
9120H: 90 05 0B E0 FF 90 03 FF E0 D3 9F 50 03 02 91 BD
9130H: 90 05 08 12 45 64 12 44 F3 C4 54 0F C3 94 0A 40
9140H: 12 90 05 08 12 45 64 12 44 F3 7F 20 C3 13 DF FC
9150H: FF 80 10 90 05 08 12 45 64 12 44 F3 7F 20 C3 13
9160H: DF FC FF 79 01 7A 05 7B 05 90 00 01 12 46 65 12
9170H: 44 41 90 05 08 12 45 64 12 44 F3 54 01 60 0E 90
9180H: 05 08 12 45 64 12 44 F3 54 46 FF 80 0C 90 05 08
9190H: 12 45 64 12 44 F3 54 3F FF 79 01 7A 05 7B 05 90
91A0H: 00 01 12 46 65 12 44 41 90 05 0B E0 04 F0 79 01
91B0H: 7A 05 7B 08 90 00 01 12 47 0F 02 91 20 02 92 58
91C0H: 90 1E 23 E0 60 3C 90 05 17 E0 64 02 70 1E 90 03
91D0H: FE E0 64 A5 70 06 90 1E 5D 74 01 F0 90 03 FE E0
91E0H: 64 A6 70 06 90 1E 5D 74 03 F0 80 16 90 05 17 E0
91F0H: 64 03 70 0E 90 03 FE E0 64 09 70 06 90 1E 5D 74
9200H: 05 F0 90 03 FE E0 90 03 F7 F0 90 04 00 E0 24 6A
9210H: 90 03 FA F0 90 03 F8 74 01 F0 A3 E4 34 15 F0 7D
9220H: 01 7E 05 7F 05 90 03 FB 12 44 9C 90 05 17 E0 FF
9230H: 74 04 90 E3 9B 12 2B 58 90 1E 23 E0 70 1A 7D 01
9240H: 7E 05 7F 05 90 03 B0 12 44 9C 7D 01 7E 04 7F 05
9250H: 74 05 90 AE CC 12 2B 58 90 1E 23 E0 60 03 02 93
9260H: 0C 7D 01 7E 04 7F 05 74 05 90 B2 7C 12 2B 58 90
9270H: 04 02 12 45 64 74 01 12 46 21 8A 06 8B 07 89 05
9280H: 79 01 7A 13 7B DE D3 EF 9B EE 9A 40 2A 90 05 17
9290H: E0 90 00 22 F0 7F 23 7E 00 74 04 90 93 32 12 2B
92A0H: 58 90 00 22 74 01 F0 7F DA 7E 00 74 04 90 93 32
92B0H: 12 2B 58 C3 02 2B 7E 79 01 7A 04 7B 05 90 04 02
92C0H: 12 45 A6 12 42 8F 90 00 55 E4 F0 A3 F0 90 04 02
92D0H: 12 45 A6 74 05 90 B2 D0 12 2B 58 90 04 02 12 44
92E0H: 9C 90 04 01 E0 C3 94 02 40 22 7F 0A 90 04 02 12
92F0H: 45 64 12 44 41 79 01 7A 04 7B 02 90 00 01 12 47
9300H: 0F 7F 00 90 04 02 12 45 64 12 44 41 90 03 FF E0
9310H: FF A3 E0 2F F0 A3 E0 14 F0 E0 70 0F 90 05 17 E0
9320H: FF 74 04 90 8D 58 12 2B 58 92 6B 02 8D E2 D3 02
9330H: 2B 7E 90 00 20 EE F0 A3 EF F0 A3 E0 FF 12 41 AB
9340H: 93 50 02 93 81 03 93 B7 04 94 19 05 00 00 94 1B
9350H: D3 90 00 21 E0 94 01 90 00 20 E0 64 80 94 80 40
9360H: 1D C3 A3 E0 94 0F 90 00 20 E0 64 80 94 80 50 0E
9370H: 90 00 21 E0 24 DC F0 90 00 20 E0 34 00 F0 02 94
9380H: 1B 90 1C 40 E0 70 2E D3 90 00 21 E0 94 00 90 00
9390H: 20 E0 64 80 94 80 40 1D C3 A3 E0 94 0A 90 00 20
93A0H: E0 64 80 94 80 50 0E 90 00 21 E0 24 AA F0 90 00
93B0H: 20 E0 34 00 F0 80 64 D3 90 00 21 E0 94 00 90 00
93C0H: 20 E0 64 80 94 80 40 1F C3 A3 E0 94 0C 90 00 20
93D0H: E0 64 80 94 80 50 10 90 00 21 E0 24 96 F0 90 00
93E0H: 20 E0 34 00 F0 80 30 90 00 21 E0 64 0C 70 04 90
93F0H: 00 20 E0 70 0B 90 00 20 E4 F0 A3 74 1E F0 80 17
9400H: 90 00 21 E0 64 0D 70 04 90 00 20 E0 70 09 90 00
9410H: 20 E4 F0 A3 74 1C F0 80 02 80 00 90 11 DD E0 64
9420H: 04 70 2D 90 11 DD E0 75 F0 03 A4 24 CE F5 82 E4
9430H: 34 11 F5 83 E4 F0 A3 74 DA F0 90 11 DD E0 75 F0
9440H: 03 A4 24 D0 F5 82 E4 34 11 F5 83 74 01 F0 80 40
9450H: 90 11 DD E0 75 F0 03 A4 FF 90 00 20 E0 FA A3 E0
9460H: FB EF 24 CE F5 82 E4 34 11 F5 83 EA F0 A3 EB F0
9470H: 90 11 DD E0 75 F0 03 A4 FF 90 00 22 E0 FB EF 24
9480H: D0 F5 82 E4 34 11 F5 83 EB F0 90 11 DD E0 04 F0
9490H: 02 2B 7E 90 0E 63 EF F0 A2 6B 92 3A E0 64 FE 70
94A0H: 04 D3 02 2B 7E 90 11 CC E0 60 42 90 11 CC E0 FF
94B0H: E4 90 0D 5D F0 A3 EF F0 7D 02 7E 48 7F 83 74 05
94C0H: 90 AF 56 12 2B 58 90 00 22 74 01 F0 90 11 CC E0
94D0H: FF 7E 00 74 04 90 93 32 12 2B 58 90 11 CC E4 F0
94E0H: 90 11 CD E0 FF 74 03 90 96 19 12 2B 58 90 11 DD
94F0H: E0 60 03 02 95 A3 90 13 DF E0 04 70 06 D2 4A D3
9500H: 02 2B 7E C2 6B C2 4A 30 48 3D 90 00 B0 74 30 F0
9510H: 90 0E 63 E0 FF 74 03 90 97 69 12 2B 58 90 00 B0
9520H: 74 0D F0 90 0E 63 E0 FF 74 03 90 97 69 12 2B 58
9530H: 90 00 B0 74 0A F0 90 0E 63 E0 FF 74 03 90 97 69
9540H: 12 2B 58 C3 02 2B 7E 90 12 DE E0 60 08 A2 3A 92
9550H: 6B C3 02 2B 7E 7D 02 7E 48 7F 97 90 03 81 12 44
9560H: 9C 90 13 DF E0 24 9B F5 82 E4 34 52 F5 83 E4 93
9570H: FF E4 90 03 84 F0 A3 EF F0 7D 01 7E 0D 7F 60 74
9580H: 05 90 AD D7 12 2B 58 7D 01 7E 0D 7F 60 90 01 FA
9590H: 12 44 9C 90 0E 63 E0 FF 74 03 90 EF 82 12 2B 58
95A0H: 02 97 32 7D 01 7E 0D 7F 60 90 0E 60 12 44 9C C2
95B0H: 6B C2 4A 90 0D 5F E4 F0 90 0D 5F E0 FF 90 11 DD
95C0H: E0 6F 70 03 02 97 0D 90 0D 5F E0 75 F0 03 A4 24
95D0H: D0 F5 82 E4 34 11 F5 83 E0 04 70 03 02 97 04 30
95E0H: 48 79 7D 02 7E 48 7F 9C 90 03 81 12 44 9C 90 0D
95F0H: 5F E0 75 F0 03 A4 24 CE F5 82 E4 34 11 F5 83 E0
9600H: FE A3 E0 90 03 84 CE F0 A3 EE F0 7D 01 7E 0D 7F
9610H: 60 74 05 90 AD D7 12 2B 58 7D 01 7E 0D 7F 60 90
9620H: 00 ED 12 44 9C 90 0E 63 E0 FF 74 03 90 99 C4 12
9630H: 2B 58 90 00 B0 74 0D F0 90 0E 63 E0 FF 74 03 90
9640H: 97 69 12 2B 58 90 00 B0 74 0A F0 90 0E 63 E0 FF
9650H: 74 03 90 97 69 12 2B 58 02 97 04 7D 02 7E 48 7F
9660H: 9F 90 03 81 12 44 9C 90 0D 5F E0 75 F0 03 A4 24
9670H: CE F5 82 E4 34 11 F5 83 E0 FE A3 E0 90 03 84 CE
9680H: F0 A3 EE F0 90 0D 5F E0 75 F0 03 A4 24 D0 F5 82
9690H: E4 34 11 F5 83 E0 24 9B F5 82 E4 34 52 F5 83 E4
96A0H: 93 FF E4 90 03 86 F0 A3 EF F0 90 0E 60 12 45 A6
96B0H: 74 05 90 AD D7 12 2B 58 90 00 55 E4 F0 A3 F0 90
96C0H: 0E 60 12 45 A6 74 05 90 B2 D0 12 2B 58 90 0E 60
96D0H: 12 44 9C 90 11 DD E0 24 FF FF E4 34 FF FE 90 0D
96E0H: 5F E0 FB 7A 00 EF 6B 70 04 EE 6A 60 17 7F 0A 90
96F0H: 0E 60 12 45 64 12 44 41 79 01 7A 0E 7B 60 90 00
9700H: 01 12 47 0F 90 0D 5F E0 04 F0 02 95 B8 20 48 19
9710H: 7D 01 7E 0D 7F 60 90 01 FA 12 44 9C 90 0E 63 E0
9720H: FF 74 03 90 EF 82 12 2B 58 90 11 DD E4 F0 90 12
9730H: DE F0 D3 02 2B 7E 90 07 1C EF F0 20 48 63 7D 02
9740H: 7E 48 7F 9F 90 03 81 12 44 9C 90 07 1D E0 FE A3
9750H: E0 90 03 84 CE F0 A3 EE F0 90 07 1F E0 24 9B F5
9760H: 82 E4 34 52 F5 83 E4 93 FF E4 90 03 86 F0 A3 EF
9770H: F0 7D 01 7E 07 7F 0B 74 05 90 AD D7 12 2B 58 7D
9780H: 01 7E 07 7F 0B 90 01 FA 12 44 9C 90 07 1C E0 FF
9790H: 74 03 90 EF 82 12 2B 58 40 04 C3 02 2B 7E 02 98
97A0H: 1B 7D 02 7E 48 7F A5 90 03 81 12 44 9C 90 07 1D
97B0H: E0 FE A3 E0 90 03 84 CE F0 A3 EE F0 7D 01 7E 07
97C0H: 7F 0B 74 05 90 AD D7 12 2B 58 7D 01 7E 07 7F 0B
97D0H: 90 01 FA 12 44 9C 90 07 1C E0 FF 74 03 90 EF 82
97E0H: 12 2B 58 40 04 C3 02 2B 7E 90 00 B0 74 0D F0 90
97F0H: 07 1C E0 FF 74 03 90 97 69 12 2B 58 40 04 C3 02
9800H: 2B 7E 90 00 B0 74 0A F0 90 07 1C E0 FF 74 03 90
9810H: 97 69 12 2B 58 40 04 C3 02 2B 7E D3 02 2B 7E 90
9820H: 11 DD E4 F0 02 2B 7E 90 00 53 EF F0 90 11 DD E0
9830H: 70 07 7F 00 7E 00 02 2B 7E 90 11 DD E0 90 00 52
9840H: F0 90 00 52 E0 60 20 E0 14 75 F0 03 A4 24 D0 F5
9850H: 82 E4 34 11 F5 83 E0 FF 90 00 53 E0 6F 60 08 90
9860H: 00 52 E0 14 F0 80 DA 90 00 52 E0 70 07 7F 00 7E
9870H: 00 02 2B 7E 90 00 52 E0 14 75 F0 03 A4 24 CE F5
9880H: 82 E4 34 11 F5 83 E0 FE A3 E0 FF 02 2B 7E 90 07
9890H: 02 EF F0 90 11 DD E0 90 07 01 F0 90 07 01 E0 60
98A0H: 46 E0 14 75 F0 03 A4 24 D0 F5 82 E4 34 11 F5 83
98B0H: E0 FF 90 07 03 E0 6F 70 26 90 07 01 E0 14 75 F0
98C0H: 03 A4 24 CE F5 82 E4 34 11 F5 83 E0 FE A3 E0 FF
98D0H: 90 07 02 E0 FB 7A 00 EF 6B 70 04 EE 6A 60 08 90
98E0H: 07 01 E0 14 F0 80 B4 90 07 01 E0 60 15 90 07 01
98F0H: E0 14 75 F0 03 A4 24 D0 F5 82 E4 34 11 F5 83 74
9900H: FF F0 02 2B 7E 90 0E AC ED F0 A3 EE F0 A3 EF F0
9910H: 90 0E AA E4 F0 A3 F0 90 0E AC E0 F9 A3 E0 FA A3
9920H: E0 FB 12 45 4F 12 44 F3 24 14 F5 82 E4 34 67 F5
9930H: 83 E4 93 54 04 60 55 90 0E AC E0 F9 A3 E0 FA A3
9940H: E0 FB 90 00 01 12 46 65 12 44 F3 7E 00 90 0E AA
9950H: E0 FA A3 E0 75 F0 0A A4 CA AB F0 75 F0 0A A4 2B
9960H: CA 2F FF EE 3A CF 24 D0 CF 34 FF 90 0E AA F0 A3
9970H: FE EF F0 EE D3 FE EF 94 E8 EE 64 80 94 83 40 0A
9980H: 90 0E AA 74 03 F0 A3 74 E8 F0 80 8B 90 0E AA E0
9990H: FE A3 E0 FF 22 90 0C E5 ED F0 A3 EE F0 A3 EF F0
99A0H: FA ED F9 EF FB EE CA 12 45 4F 12 44 F3 90 0C E4
99B0H: EF F0 90 0C E4 E0 24 14 F5 82 E4 34 67 F5 83 E4
99C0H: 93 54 08 60 1B 90 0C E5 E0 F9 A3 E0 FA A3 E0 FB
99D0H: 90 00 01 12 46 ED 12 44 F3 90 0C E4 EF F0 80 D2
99E0H: 90 0C E4 E0 FF 22 90 0C E9 ED F0 A3 EE F0 A3 EF
99F0H: F0 90 0C E9 E0 FD A3 E0 FE A3 E0 FF 12 99 95 90
9A00H: 0C E8 EF F0 64 2B 60 05 E0 64 2D 70 31 90 0C E8
9A10H: E0 64 2D 70 10 7F 01 90 0C EC E0 F9 A3 E0 FA A3
9A20H: E0 FB 12 44 41 90 0C E9 E0 F9 A3 E0 FA A3 E0 FB
9A30H: 90 00 01 12 46 ED 12 44 F3 90 0C E8 EF F0 90 0C
9A40H: E8 E0 FF 22 90 0C E4 EF F0 24 14 F5 82 E4 34 67
9A50H: F5 83 E4 93 54 02 60 09 90 0C E4 E0 54 5F FF 80
9A60H: 05 90 0C E4 E0 FF 90 0C E4 EF F0 E0 C3 94 41 40
9A70H: 11 E0 C3 94 5B 50 0B 90 0C E4 E0 24 BF 24 0A F0
9A80H: 80 1F 90 0C E4 E0 24 14 F5 82 E4 34 67 F5 83 E4
9A90H: 93 54 04 60 09 90 0C E4 E0 24 D0 F0 80 03 7F 64
9AA0H: 22 90 0C E4 E0 FF A3 E0 D3 9F 50 03 7F 64 22 90
9AB0H: 0C E4 E0 FF 22 90 0C FC ED F0 A3 EE F0 A3 EF F0
9AC0H: 90 0C F3 E4 F0 90 0C FC E0 FD A3 E0 FE A3 E0 90
9AD0H: 0C EF CD F0 A3 EE F0 A3 ED F0 90 0C EC 74 01 F0
9AE0H: A3 74 0C F0 A3 74 F3 F0 7D 01 7E 0C 7F FC 12 99
9AF0H: E6 90 0C F2 EF F0 90 0C FF E0 F9 A3 E0 FA A3 E0
9B00H: FB 12 45 90 60 72 90 0C FC E0 F9 A3 E0 FA A3 E0
9B10H: FB 24 FF FB EA 34 FF FA 12 44 F3 64 2B 60 19 90
9B20H: 0C FC E0 F9 A3 E0 FA A3 E0 FB 24 FF FB EA 34 FF
9B30H: FA 12 44 F3 64 2D 70 29 90 0C FC E0 FD A3 E0 FE
9B40H: A3 E0 FF 7B FF 7A FF 74 01 12 46 21 FF EA FE EB
9B50H: CF 90 0C FF E0 F9 A3 E0 FA A3 E0 FB 12 44 86 80
9B60H: 17 90 0C FC E0 FD A3 E0 FE A3 E0 FF A3 E0 F9 A3
9B70H: E0 FA A3 E0 FB 12 44 86 90 0D 02 E0 FF A3 E0 4F
9B80H: 60 0E E0 64 10 70 04 90 0D 02 E0 60 03 02 9D 46
9B90H: 90 0C F2 E0 64 30 60 03 02 9C 3D 90 0C FC E0 F9
9BA0H: A3 E0 FA A3 E0 FB 74 01 12 44 EE 24 14 F5 82 E4
9BB0H: 34 67 F5 83 E4 93 54 01 60 15 90 0C FC E0 F9 A3
9BC0H: E0 FA A3 E0 FB 74 01 12 44 EE 44 20 FF 80 10 90
9BD0H: 0C FC E0 F9 A3 E0 FA A3 E0 FB 74 01 12 44 EE EF
9BE0H: 64 78 70 19 90 0C F4 E4 F0 A3 74 10 F0 90 0C FE
9BF0H: E0 04 F0 70 06 90 0C FD E0 04 F0 80 22 90 0D 03
9C00H: E0 64 10 70 04 90 0D 02 E0 70 0B 90 0C F4 E4 F0
9C10H: A3 74 10 F0 80 09 90 0C F4 E4 F0 A3 74 08 F0 90
9C20H: 0C FC E0 F9 A3 A3 E0 24 01 FB F0 90 0C FD E0 34
9C30H: 00 F0 FA 12 44 F3 90 0C F2 EF F0 80 22 90 0D 03
9C40H: E0 64 10 70 04 90 0D 02 E0 70 0B 90 0C F4 E4 F0
9C50H: A3 74 10 F0 80 09 90 0C F4 E4 F0 A3 74 0A F0 90
9C60H: 0C F8 E4 F0 A3 F0 A3 F0 A3 F0 90 0C F5 E0 90 0C
9C70H: E5 F0 90 0C FC E0 F9 A3 E0 FA A3 E0 FB 12 44 F3
9C80H: 12 9A 44 E4 90 0C F6 F0 A3 FE EF F0 EE EF 64 64
9C90H: 4E 70 03 02 9D 43 90 0C F4 E0 FE A3 E0 FF EE 33
9CA0H: 95 E0 FD FC 90 0C F8 E0 F8 A3 E0 F9 A3 E0 FA A3
9CB0H: E0 FB 12 3B 1F 90 0C F6 E0 FA A3 E0 FB EA 33 95
9CC0H: E0 F9 F8 12 3C 72 90 0C F8 E0 F8 A3 E0 F9 A3 E0
9CD0H: FA A3 E0 FB 74 0B 12 3C 47 70 19 90 0C F3 E0 60
9CE0H: 0A 7F 01 7E 00 7D 00 7C 00 80 06 74 FF FF FE FD
9CF0H: FC 02 2B 7E 90 0C F4 E0 FE A3 E0 FF EE 33 95 E0
9D00H: FD FC 90 0C F8 E0 F8 A3 E0 F9 A3 E0 FA A3 E0 FB
9D10H: 12 3B 1F 90 0C F6 E0 FA A3 E0 FB EA 33 95 E0 F9
9D20H: F8 12 3C 72 90 0C F8 EC F0 A3 ED F0 A3 EE F0 A3
9D30H: EF F0 90 0C FE E0 04 F0 70 06 90 0C FD E0 04 F0
9D40H: 02 9C 6A 02 9E 4D D3 90 0D 03 E0 94 02 90 0D 02
9D50H: E0 64 80 94 80 40 0F C3 A3 E0 94 24 90 0D 02 E0
9D60H: 64 80 94 80 40 03 02 9E 83 90 0C F8 E4 F0 A3 F0
9D70H: A3 F0 A3 F0 90 0D 03 E0 90 0C E5 F0 90 0C FC E0
9D80H: F9 A3 E0 FA A3 E0 FB 12 44 F3 12 9A 44 E4 90 0C
9D90H: F6 F0 A3 FE EF F0 EE EF 64 64 4E 70 03 02 9E 4D
9DA0H: 90 0D 02 E0 FE A3 E0 FF EE 33 95 E0 FD FC 90 0C
9DB0H: F8 E0 F8 A3 E0 F9 A3 E0 FA A3 E0 FB 12 3B 1F 90
9DC0H: 0C F6 E0 FA A3 E0 FB EA 33 95 E0 F9 F8 12 3C 72
9DD0H: 90 0C F8 E0 F8 A3 E0 F9 A3 E0 FA A3 E0 FB 74 0B
9DE0H: 12 3C 47 70 19 90 0C F3 E0 60 0A 7F 01 7E 00 7D
9DF0H: 00 7C 00 80 06 74 FF FF FE FD FC 02 2B 7E 90 0D
9E00H: 02 E0 FE A3 E0 FF EE 33 95 E0 FD FC 90 0C F8 E0
9E10H: F8 A3 E0 F9 A3 E0 FA A3 E0 FB 12 3B 1F 90 0C F6
9E20H: E0 FA A3 E0 FB EA 33 95 E0 F9 F8 12 3C 72 90 0C
9E30H: F8 EC F0 A3 ED F0 A3 EE F0 A3 EF F0 90 0C FE E0
9E40H: 04 F0 70 06 90 0C FD E0 04 F0 02 9D 74 90 0C F3
9E50H: E0 60 1F 90 0C F8 E0 FC A3 E0 FD A3 E0 FE A3 E0
9E60H: FF 12 3C 29 90 0C F8 EC F0 A3 ED F0 A3 EE F0 A3
9E70H: EF F0 90 0C F8 E0 FC A3 E0 FD A3 E0 FE A3 E0 FF
9E80H: 02 2B 7E 90 0C FF E0 F9 A3 E0 FA A3 E0 FB 12 45
9E90H: 90 60 19 90 0C EF E0 FD A3 E0 FE A3 E0 FF 90 0C
9EA0H: FF E0 F9 A3 E0 FA A3 E0 FB 12 44 86 E4 FF FE FD
9EB0H: FC 02 2B 7E 90 1E DF E0 FF 02 2B 7E 74 04 90 F2
9EC0H: 44 12 2B 58 90 1E D6 74 04 F0 90 1E D7 74 0D F0
9ED0H: 90 1E D8 74 3E F0 90 21 F2 E4 F0 90 22 03 F0 90
9EE0H: 22 14 F0 90 22 36 F0 90 27 C6 74 0F F0 90 21 25
9EF0H: E4 F0 90 22 7A F0 90 22 8B F0 90 22 9C F0 90 22
9F00H: AD F0 90 22 58 F0 90 22 47 F0 90 22 69 F0 7F B2
9F10H: 7E 9D 7D 6F 7C 3D 90 27 C2 12 44 D2 90 1D F0 E4
9F20H: F0 A3 F0 90 1D F4 F0 A3 F0 90 1D F2 F0 A3 F0 90
9F30H: 1C 15 F0 A3 F0 90 21 01 F0 90 27 C8 F0 90 1C 31
9F40H: F0 90 1C 32 F0 FF FE FD 7C 40 90 1C 33 12 44 D2
9F50H: 7F 00 7E 00 7D 48 7C 43 90 1C 37 12 44 D2 7F A6
9F60H: 7E 9B 7D 44 7C 3B 90 1C 3B 12 44 D2 90 1C 3F 74
9F70H: 01 F0 90 00 36 74 B3 F0 7F 02 74 05 90 B1 63 12
9F80H: 2B 58 50 39 90 03 F7 74 B3 F0 A3 74 01 F0 A3 74
9F90H: 15 F0 A3 74 6C F0 A3 74 01 F0 A3 74 21 F0 A3 74
9FA0H: AB F0 7F 02 74 04 90 E3 9B 12 2B 58 90 1D F0 E0
9FB0H: FE A3 E0 44 01 90 1D F0 CE F0 A3 EE F0 90 00 36
9FC0H: 74 B6 F0 7F 03 74 05 90 B1 63 12 2B 58 50 3B 90
9FD0H: 03 F7 74 B6 F0 A3 74 01 F0 A3 74 15 F0 A3 74 6C
9FE0H: F0 A3 74 01 F0 A3 74 21 F0 A3 74 99 F0 7F 03 74
9FF0H: 04 90 E3 9B 12 2B 58 90 1D F0 E0 FE A3 E0 44 04
A000H: 90 1D F0 CE F0 A3 EE F0 80 5A 74 02 90 B4 1F 12
A010H: 2B 58 7F B6 74 02 90 BF 04 12 2B 58 7F B6 74 02
A020H: 90 BF 04 12 2B 58 50 3C 7D 01 7E 11 7F DE 90 05
A030H: 87 12 44 9C 7F B6 74 02 90 C0 10 12 2B 58 79 01
A040H: 7A 11 7B DE 7D 01 7E 21 7F 99 12 42 8F 90 1D F0
A050H: E0 FE A3 E0 44 04 90 1D F0 CE F0 A3 EE F0 90 1C
A060H: 40 74 01 F0 90 00 36 74 B4 F0 7F 04 74 05 90 B1
A070H: 63 12 2B 58 40 03 02 A0 FD 90 03 F7 74 B4 F0 A3
A080H: 74 01 F0 A3 74 15 F0 A3 74 6C F0 A3 74 01 F0 A3
A090H: 74 21 F0 A3 74 BC F0 7F 04 74 04 90 E3 9B 12 2B
A0A0H: 58 90 1D F0 E0 FE A3 E0 44 02 90 1D F0 CE F0 A3
A0B0H: EE F0 90 00 36 74 B5 F0 7F 05 74 05 90 B1 63 12
A0C0H: 2B 58 50 39 90 03 F7 74 B5 F0 A3 74 01 F0 A3 74
A0D0H: 15 F0 A3 74 6C F0 A3 74 01 F0 A3 74 21 F0 A3 74
A0E0H: CD F0 7F 05 74 04 90 E3 9B 12 2B 58 90 1D F0 E0
A0F0H: FE A3 E0 44 08 90 1D F0 CE F0 A3 EE F0 74 02 90
A100H: 82 B9 12 2B 58 90 12 DE 74 3F F0 90 12 DF E4 F0
A110H: 7D 01 7E 12 7F DE 90 01 FA 12 44 9C 7F 07 74 03
A120H: 90 EF 82 12 2B 58 90 00 B0 74 FF F0 7F 07 74 03
A130H: 90 97 69 12 2B 58 7D 01 7E 1E 7F AF 90 02 08 12
A140H: 44 9C A3 E4 F0 A3 74 11 F0 7F 07 74 03 90 EB 0A
A150H: 12 2B 58 50 11 90 1D F0 E0 FE A3 E0 44 10 90 1D
A160H: F0 CE F0 A3 EE F0 90 1E FC E4 F0 A3 74 A3 F0 90
A170H: 1E F8 74 06 F0 A3 74 5C F0 90 1E FA 74 26 F0 A3
A180H: F0 90 1E F6 E4 F0 A3 74 29 F0 90 1C 0E E4 F0 A3
A190H: 74 10 F0 7F 00 74 03 90 AB 2B 12 2B 58 7F 00 7E
A1A0H: 00 74 03 90 AB 40 12 2B 58 7F 00 7E 00 7D 00 7C
A1B0H: 40 90 1E 89 12 44 D2 79 02 7A 52 7B 65 7D 01 7E
A1C0H: 21 7F 36 74 06 7C 00 12 43 23 79 02 7A 52 7B 65
A1D0H: 7D 01 7E 21 7F 36 74 06 7C 00 12 43 23 79 02 7A
A1E0H: 52 7B 6B 7D 01 7E 21 7F 6D 74 06 7C 00 12 43 23
A1F0H: 79 02 7A 52 7B 6B 7D 01 7E 21 7F 6D 74 06 7C 00
A200H: 12 43 23 90 11 43 74 84 F0 90 21 48 74 78 F0 74
A210H: 04 90 B2 89 12 2B 58 74 02 90 FF 8F 12 2B 58 90
A220H: 1C 10 74 64 F0 7F 00 74 04 90 EA B9 12 2B 58 7F
A230H: 63 74 04 90 EA B9 12 2B 58 90 1E AC 74 01 F0 90
A240H: 1E AD F0 90 1E FE 74 04 F0 7F 00 74 02 90 F6 23
A250H: 12 2B 58 74 02 90 81 DD 12 2B 58 7F 01 74 02 90
A260H: F2 57 12 2B 58 50 37 90 0C DC E4 F0 A3 04 F0 D3
A270H: 90 0C DD E0 94 0C 90 0C DC E0 94 00 50 20 90 0C
A280H: DC E0 FE A3 E0 FF 74 02 90 9A 8C 12 2B 58 50 02
A290H: 80 0C 79 01 7A 0C 7B DC D3 12 46 3C 80 D1 E4 FF
A2A0H: FE FD FC 90 02 2C 12 44 D2 A3 E4 F0 A3 F0 7F 02
A2B0H: 74 03 90 E7 ED 12 2B 58 7F 6D 7E 01 7D 00 7C 00
A2C0H: 90 02 2C 12 44 D2 A3 E4 F0 A3 F0 7F 01 74 03 90
A2D0H: E7 ED 12 2B 58 74 FF FF FE FD FC 90 1E EC 12 44
A2E0H: D2 90 1E DF 74 01 F0 74 04 90 F2 4F 12 2B 58 02
A2F0H: 2B 7E EF 64 52 70 2A 7D 02 7E 4E 7F 38 90 03 81
A300H: 12 44 9C 90 1E DF E0 FF E4 90 03 84 F0 A3 EF F0
A310H: 90 0C E1 12 45 A6 74 05 90 AD D7 12 2B 58 02 A4
A320H: 35 EF 64 57 60 03 02 A4 1D 7D 02 7E 4E 7F 3B 90
A330H: 00 45 12 44 9C 90 0C E1 12 45 A6 74 05 90 AB 5B
A340H: 12 2B 58 90 0C E1 12 45 64 74 01 12 46 21 12 44
A350H: F3 60 18 90 13 DF E0 90 00 22 F0 7F 23 7E 00 74
A360H: 04 90 93 32 12 2B 58 C3 02 2B 7E 90 0C E1 12 45
A370H: A6 74 05 90 A2 92 12 2B 58 90 0C DE EE F0 A3 EF
A380H: F0 4E 70 08 90 1E DF E4 F0 02 A4 1B 90 0C DF E0
A390H: 04 70 04 90 0C DE E0 70 6A 7F A3 7E 00 74 04 90
A3A0H: A9 9A 12 2B 58 75 5F 00 75 60 0A 75 61 03 75 62
A3B0H: 2E 74 03 90 B2 10 12 2B 58 74 01 90 C4 9E 12 2B
A3C0H: 58 74 03 90 A8 B8 12 2B 58 74 04 90 9E BC 12 2B
A3D0H: 58 90 1E FC E0 F5 63 A3 E0 F5 64 90 1E F8 E0 F5
A3E0H: 5F A3 E0 F5 60 90 1E FA E0 F5 61 A3 E0 F5 62 90
A3F0H: 1E F6 E0 F5 5D A3 E0 F5 5E 74 04 90 98 1F 12 2B
A400H: 58 80 18 90 13 DF E0 90 00 22 F0 7F 23 7E 00 74
A410H: 04 90 93 32 12 2B 58 C3 02 2B 7E 80 18 90 13 DF
A420H: E0 90 00 22 F0 7F 1E 7E 00 74 04 90 93 32 12 2B
A430H: 58 C3 02 2B 7E D3 02 2B 7E 90 00 AA EF F0 70 1A
A440H: 90 00 02 74 60 F0 7F A3 7E 00 74 04 90 AE 88 12
A450H: 2B 58 90 00 02 74 70 F0 80 1F 90 00 AA E0 14 70
A460H: 18 90 00 0A 74 60 F0 7F A3 7E 00 74 04 90 AE 88
A470H: 12 2B 58 90 00 0A 74 70 F0 02 2B 7E 79 01 7A 11
A480H: 7B DE 7D 02 7E 4C 7F 3E 74 03 7C 00 12 42 25 70
A490H: 15 90 1D F2 E0 44 02 FE A3 E0 90 1D F2 CE F0 A3
A4A0H: EE F0 D3 02 2B 7E C3 02 2B 7E 79 01 7A 11 7B DE
A4B0H: 7D 02 7E 4C 7F 42 74 03 7C 00 12 42 25 70 15 90
A4C0H: 1D F2 E0 44 04 FE A3 E0 90 1D F2 CE F0 A3 EE F0
A4D0H: D3 02 2B 7E C3 02 2B 7E 90 00 BA EF F0 A3 12 45
A4E0H: A6 90 00 B7 12 44 9C 7D 01 7E 00 7F B6 90 00 B3
A4F0H: 12 44 9C 90 00 BA E0 FF 74 03 90 9A 2D 12 2B 58
A500H: 50 36 90 00 B6 E0 64 0D 60 05 E0 64 04 70 0F 7F
A510H: 00 90 00 B7 12 45 64 12 44 41 D3 02 2B 7E 90 00
A520H: B6 E0 FF A3 12 45 64 12 44 41 79 01 7A 00 7B B7
A530H: 90 00 01 12 47 0F 80 AF C3 02 2B 7E 90 00 BF EF
A540H: F0 90 1E 98 E0 70 07 90 00 BE E4 F0 80 06 90 00
A550H: BE 74 01 F0 90 00 BE E0 FF 74 03 90 95 E6 12 2B
A560H: 58 90 00 BE E0 90 1B 85 F0 90 00 B0 74 3F F0 7F
A570H: 08 74 03 90 97 69 12 2B 58 90 00 B0 74 0D F0 7F
A580H: 08 74 03 90 97 69 12 2B 58 7F 51 7E 00 74 04 90
A590H: AE 88 12 2B 58 7D 01 7E 11 7F DE 90 00 BB 12 44
A5A0H: 9C 7F 08 74 04 90 A4 D8 12 2B 58 40 4D 90 00 BF
A5B0H: E0 64 02 70 40 90 00 BE E0 FF 74 04 90 A4 39 12
A5C0H: 2B 58 7F 51 7E 00 74 04 90 AE 88 12 2B 58 7D 01
A5D0H: 7E 11 7F DE 90 00 BB 12 44 9C 7F 08 74 04 90 A4
A5E0H: D8 12 2B 58 40 05 90 11 DE E4 F0 74 04 90 98 1F
A5F0H: 12 2B 58 80 05 90 11 DE E4 F0 90 00 BF E0 70 31
A600H: 74 04 90 A4 7C 12 2B 58 50 1E 90 1E 95 74 01 F0
A610H: 90 1C 15 E0 FE E4 FF EE F0 A3 EF F0 CE 90 1C 15
A620H: F0 CE 44 04 A3 F0 80 06 90 1E 95 74 03 F0 02 A6
A630H: 9D 90 00 BF E0 14 70 33 74 04 90 A4 7C 12 2B 58
A640H: 50 21 90 1E 96 74 01 F0 E4 90 1C 16 FE E0 90 1C
A650H: 15 FF EE F0 A3 EF F0 CE 90 1C 15 44 04 F0 CE A3
A660H: F0 80 06 90 1E 96 74 03 F0 80 32 90 00 BF E0 64
A670H: 02 70 2A 74 04 90 A4 7C 12 2B 58 50 08 90 1E 97
A680H: 74 01 F0 80 18 74 04 90 A4 AA 12 2B 58 50 08 90
A690H: 1E 97 74 02 F0 80 06 90 1E 97 74 03 F0 02 2B 7E
A6A0H: 90 00 C0 12 44 9C AB 07 AA 06 A9 05 12 44 F3 90
A6B0H: 14 F8 EF F0 79 01 7A 00 7B C0 90 00 01 12 47 0F
A6C0H: 90 14 F8 E0 60 17 E0 C3 94 30 40 11 E0 C3 94 33
A6D0H: 50 0B 90 00 C0 12 45 64 12 44 F3 60 17 90 00 22
A6E0H: 74 01 F0 7F 23 7E 00 74 04 90 93 32 12 2B 58 7F
A6F0H: 7F 02 2B 7E D2 76 90 14 F8 E0 FF D3 74 30 9F 50
A700H: 08 D3 EF 94 32 50 02 80 17 90 00 22 74 01 F0 7F
A710H: 23 7E 00 74 04 90 93 32 12 2B 58 7F 7F 02 2B 7E
A720H: 7F 00 02 2B 7E 90 1E 95 E0 70 63 90 1C 15 E0 FE
A730H: E4 FF EE F0 A3 EF F0 CE 90 1C 15 F0 CE 44 02 A3
A740H: F0 90 1D F3 E0 54 80 60 21 7F 0A 74 05 90 80 4C
A750H: 12 2B 58 90 14 F8 E0 64 30 60 05 E0 64 31 70 0A
A760H: 7F 01 74 04 90 A5 3C 12 2B 58 7F 09 74 05 90 80
A770H: 4C 12 2B 58 90 14 F8 E0 64 30 60 05 E0 64 32 70
A780H: 0A 7F 02 74 04 90 A5 3C 12 2B 58 02 A8 C4 90 1E
A790H: 96 E0 60 03 02 A8 05 E4 90 1C 16 FE E0 90 1C 15
A7A0H: FF EE F0 A3 EF F0 CE 90 1C 15 44 02 F0 CE A3 F0
A7B0H: 90 1B 7D E4 F0 90 1D F2 E0 54 01 FE E4 4E 60 21
A7C0H: 7F 0E 74 05 90 80 4C 12 2B 58 90 14 F8 E0 64 30
A7D0H: 60 05 E0 64 31 70 0A 7F 00 74 04 90 A5 3C 12 2B
A7E0H: 58 7F 0D 74 05 90 80 4C 12 2B 58 90 14 F8 E0 64
A7F0H: 30 60 05 E0 64 32 70 0A 7F 02 74 04 90 A5 3C 12
A800H: 2B 58 02 A8 C4 90 1E 97 E0 70 57 90 1D F2 E0 54
A810H: 01 FE E4 4E 60 21 7F 07 74 05 90 80 4C 12 2B 58
A820H: 90 14 F8 E0 64 30 60 05 E0 64 31 70 0A 7F 00 74
A830H: 04 90 A5 3C 12 2B 58 90 1D F3 E0 54 80 60 21 7F
A840H: 08 74 05 90 80 4C 12 2B 58 90 14 F8 E0 64 30 60
A850H: 05 E0 64 31 70 0A 7F 01 74 04 90 A5 3C 12 2B 58
A860H: 80 62 90 1E 98 E0 70 57 90 1D F2 E0 54 01 FE E4
A870H: 4E 60 21 7F 01 74 05 90 80 4C 12 2B 58 90 14 F8
A880H: E0 64 30 60 05 E0 64 31 70 0A 7F 00 74 04 90 A5
A890H: 3C 12 2B 58 90 1D F3 E0 54 80 60 21 7F 02 74 05
A8A0H: 90 80 4C 12 2B 58 90 14 F8 E0 64 30 60 05 E0 64
A8B0H: 31 70 0A 7F 01 74 04 90 A5 3C 12 2B 58 80 05 7F
A8C0H: 7F 02 2B 7E 7F 01 02 2B 7E 90 1E 95 E0 14 60 0E
A8D0H: 90 1E 96 E0 14 60 07 90 1E 97 E0 14 70 50 90 1D
A8E0H: F2 E0 44 02 FE A3 E0 90 1D F2 CE F0 A3 EE F0 90
A8F0H: 1E 95 E0 14 70 16 90 1C 15 E0 FE E4 FF EE F0 A3
A900H: EF F0 CE 90 1C 15 F0 CE 44 04 A3 F0 90 1E 96 E0
A910H: 14 70 19 E4 90 1C 16 FE E0 90 1C 15 FF EE F0 A3
A920H: EF F0 CE 90 1C 15 44 04 F0 CE A3 F0 80 11 90 1D
A930H: F2 E0 54 FD FE A3 E0 90 1D F2 CE F0 A3 EE F0 90
A940H: 1E 97 E0 64 02 70 13 90 1D F2 E0 44 04 FE A3 E0
A950H: 90 1D F2 CE F0 A3 EE F0 80 11 90 1D F2 E0 54 FB
A960H: FE A3 E0 90 1D F2 CE F0 A3 EE F0 C2 76 74 02 90
A970H: FA 83 12 2B 58 90 00 53 74 D3 F0 A3 74 04 F0 A3
A980H: 74 01 F0 A3 74 11 F0 A3 74 10 F0 7F 02 74 05 90
A990H: B3 6A 12 2B 58 7F 00 02 2B 7E 90 00 69 EE F0 A3
A9A0H: EF F0 D3 EF 94 B9 EE 94 05 40 04 C3 02 2B 7E C3
A9B0H: 90 00 6A E0 94 10 90 00 69 E0 94 00 50 07 E4 F5
A9C0H: 63 F5 64 80 0A 90 00 69 E0 F5 63 A3 E0 F5 64 E5
A9D0H: 63 45 64 60 2C E5 64 24 01 FF E4 35 63 FE E4 FD
A9E0H: FC 12 40 C1 7B 9C 7A 53 79 C9 78 3B 12 3C F9 7B
A9F0H: 00 7A 00 79 80 78 3F 12 3F 7A 12 40 7B 8F 65 80
AA00H: 03 75 65 00 7F 03 74 05 90 AC 03 12 2B 58 50 33
AA10H: 90 21 4C E0 60 2D 90 1C 40 E0 70 27 90 00 53 74
AA20H: 91 F0 A3 74 01 F0 A3 14 F0 A3 F0 A3 74 65 F0 7F
AA30H: 03 74 05 90 B3 6A 12 2B 58 50 04 D3 02 2B 7E C3
AA40H: 02 2B 7E D3 02 2B 7E EF 64 52 70 45 AF 64 E5 63
AA50H: FE E4 FD FC 12 40 C1 7B 9C 7A 53 79 C9 78 3B 12
AA60H: 3C F9 90 0D 30 12 44 D2 7D 02 7E 4E 7F 6E 90 03
AA70H: 81 12 44 9C 90 0D 30 12 45 F0 90 03 84 12 44 D2
AA80H: 90 0D 35 12 45 A6 74 05 90 AD D7 12 2B 58 02 AB
AA90H: 0E EF 64 57 70 64 90 0D 35 12 45 A6 74 04 90 EC
AAA0H: 73 12 2B 58 7B 9C 7A 53 79 C9 78 3B 12 3E 67 90
AAB0H: 0D 30 12 44 D2 7B 00 7A 20 79 B7 78 44 74 07 12
AAC0H: 41 08 70 16 90 00 22 74 01 F0 7F 23 7E 00 74 04
AAD0H: 90 93 32 12 2B 58 C3 02 2B 7E 90 0D 30 12 45 F0
AAE0H: 12 40 7B 74 04 90 A9 9A 12 2B 58 50 0B AF 64 E5
AAF0H: 63 90 1E FC F0 A3 EF F0 80 14 90 00 22 74 01 F0
AB00H: 7F FE 7E 00 74 04 90 93 32 12 2B 58 80 00 D3 02
AB10H: 2B 7E EF 64 52 70 45 AF 5E E5 5D FE E4 FD FC 12
AB20H: 40 C1 7B 9C 7A 53 79 C9 78 3B 12 3C F9 90 0D 38
AB30H: 12 44 D2 7D 02 7E 4E 7F 74 90 03 81 12 44 9C 90
AB40H: 0D 38 12 45 F0 90 03 84 12 44 D2 90 0D 3D 12 45
AB50H: A6 74 05 90 AD D7 12 2B 58 02 AB E5 EF 64 57 70
AB60H: 70 90 0D 3D 12 45 A6 74 04 90 EC 73 12 2B 58 7B
AB70H: 9C 7A 53 79 C9 78 3B 12 3E 67 90 0D 38 12 44 D2
AB80H: 7B 9C 7A 53 79 C9 78 3B 74 03 12 41 08 70 15 90
AB90H: 0D 38 12 45 F0 7B 00 7A 20 79 22 78 47 74 07 12
ABA0H: 41 08 70 16 90 00 22 74 01 F0 7F 23 7E 00 74 04
ABB0H: 90 93 32 12 2B 58 C3 02 2B 7E 90 0D 38 12 45 F0
ABC0H: 12 40 7B 8E 5D 8F 5E 90 1E F6 EE F0 A3 EF F0 80
ABD0H: 14 90 00 22 74 01 F0 7F FE 7E 00 74 04 90 93 32
ABE0H: 12 2B 58 80 00 D3 02 2B 7E EF 64 52 70 45 AF 60
ABF0H: E5 5F FE E4 FD FC 12 40 C1 7B 9C 7A 53 79 C9 78
AC00H: 3B 12 3C F9 90 0D 20 12 44 D2 7D 02 7E 4E 7F 74
AC10H: 90 03 81 12 44 9C 90 0D 20 12 45 F0 90 03 84 12
AC20H: 44 D2 90 0D 25 12 45 A6 74 05 90 AD D7 12 2B 58
AC30H: 02 AC C9 EF 64 57 60 03 02 AC B5 90 0D 25 12 45
AC40H: A6 74 04 90 EC 73 12 2B 58 7B 9C 7A 53 79 C9 78
AC50H: 3B 12 3E 67 90 0D 20 12 44 D2 7B 00 7A 20 79 22
AC60H: 78 47 74 07 12 41 08 70 16 90 00 22 74 01 F0 7F
AC70H: 23 7E 00 74 04 90 93 32 12 2B 58 C3 02 2B 7E 90
AC80H: 0D 20 12 45 F0 7B 00 7A 00 79 80 78 41 74 0B 12
AC90H: 41 08 70 07 E4 F5 5F F5 60 80 0D 90 0D 20 12 45
ACA0H: F0 12 40 7B 8E 5F 8F 60 AF 60 E5 5F 90 1E F8 F0
ACB0H: A3 EF F0 80 14 90 00 22 74 01 F0 7F FE 7E 00 74
ACC0H: 04 90 93 32 12 2B 58 80 00 D3 02 2B 7E EF 64 52
ACD0H: 70 45 AF 62 E5 61 FE E4 FD FC 12 40 C1 7B 9C 7A
ACE0H: 53 79 C9 78 3B 12 3C F9 90 0D 28 12 44 D2 7D 02
ACF0H: 7E 4E 7F 74 90 03 81 12 44 9C 90 0D 28 12 45 F0
AD00H: 90 03 84 12 44 D2 90 0D 2D 12 45 A6 74 05 90 AD
AD10H: D7 12 2B 58 02 AD AD EF 64 57 60 03 02 AD 99 90
AD20H: 0D 2D 12 45 A6 74 04 90 EC 73 12 2B 58 7B 9C 7A
AD30H: 53 79 C9 78 3B 12 3E 67 90 0D 28 12 44 D2 7B 00
AD40H: 7A 20 79 22 78 47 74 07 12 41 08 70 16 90 00 22
AD50H: 74 01 F0 7F 23 7E 00 74 04 90 93 32 12 2B 58 C3
AD60H: 02 2B 7E 90 0D 28 12 45 F0 7B 00 7A 00 79 80 78
AD70H: 41 74 0B 12 41 08 70 07 E4 F5 61 F5 62 80 0D 90
AD80H: 0D 28 12 45 F0 12 40 7B 8E 61 8F 62 AF 62 E5 61
AD90H: 90 1E FA F0 A3 EF F0 80 14 90 00 22 74 01 F0 7F
ADA0H: FE 7E 00 74 04 90 93 32 12 2B 58 80 00 D3 02 2B
ADB0H: 7E EF 64 52 70 45 AF 50 E5 4F FE E4 FD FC 12 40
ADC0H: C1 7B 9C 7A 53 79 C9 78 3B 12 3C F9 90 0D 18 12
ADD0H: 44 D2 7D 02 7E 4E 7F 74 90 03 81 12 44 9C 90 0D
ADE0H: 18 12 45 F0 90 03 84 12 44 D2 90 0D 1D 12 45 A6
ADF0H: 74 05 90 AD D7 12 2B 58 02 AE 84 EF 64 57 70 70
AE00H: 90 0D 1D 12 45 A6 74 04 90 EC 73 12 2B 58 7B 9C
AE10H: 7A 53 79 C9 78 3B 12 3E 67 90 0D 18 12 44 D2 7B
AE20H: 00 7A 00 79 00 78 41 74 03 12 41 08 70 15 90 0D
AE30H: 18 12 45 F0 7B 00 7A 20 79 22 78 47 74 07 12 41
AE40H: 08 70 16 90 00 22 74 01 F0 7F 23 7E 00 74 04 90
AE50H: 93 32 12 2B 58 C3 02 2B 7E 90 0D 18 12 45 F0 12
AE60H: 40 7B 8E 4F 8F 50 90 1C 0E EE F0 A3 EF F0 80 14
AE70H: 90 00 22 74 01 F0 7F FE 7E 00 74 04 90 93 32 12
AE80H: 2B 58 80 00 D3 02 2B 7E 90 00 2A EE F0 A3 EF F0
AE90H: 90 00 2A E0 FE A3 E0 90 00 28 CE F0 A3 EE F0 7F
AEA0H: 03 12 31 E4 20 11 02 80 FB 02 2B 7E 90 0D 56 EE
AEB0H: F0 A3 EF F0 90 0D 55 E4 F0 90 0D 58 E0 FE A3 E0
AEC0H: FF 90 0D 57 E0 C3 9F FF 90 0D 56 E0 9E FE 90 0D
AED0H: 55 E0 C3 33 24 1B F5 82 E4 34 21 F5 83 E0 FA A3
AEE0H: E0 D3 FB EF 9B EA 64 80 CE 64 80 9E 40 11 90 0D
AEF0H: 55 E0 C3 94 05 50 08 90 0D 55 E0 04 F0 80 BA 90
AF00H: 0D 55 E0 FF 22 92 3A 90 00 04 E0 54 01 70 60 30
AF10H: 3A 41 90 15 65 E0 64 02 70 0A 90 15 42 E0 64 02
AF20H: 60 02 80 2F 79 02 7A 47 7B 68 7D 01 7E 0D 7F 55
AF30H: 12 42 8F 7D 01 7E 0D 7F 55 90 01 FA 12 44 9C 7F
AF40H: 00 74 03 90 EF 82 12 2B 58 7F 00 74 05 90 82 4D
AF50H: 12 2B 58 7F A3 7E 00 74 04 90 AE 88 12 2B 58 74
AF60H: 02 90 83 61 12 2B 58 74 04 90 EF 5F 12 2B 58 02
AF70H: 2B 7E C2 14 90 11 01 E0 60 33 30 41 16 90 21 15
AF80H: E0 FE A3 E0 90 00 28 CE F0 A3 EE F0 7F 06 12 31
AF90H: E4 80 14 90 21 18 E0 FE A3 E0 90 00 28 CE F0 A3
AFA0H: EE F0 7F 06 12 31 E4 D2 4A D3 02 2B 7E 20 41 03
AFB0H: 02 B0 2E 7D 01 7E 11 7F 37 74 05 90 8B F1 12 2B
AFC0H: 58 40 04 C3 02 2B 7E 7D 01 7E 0D 7F 5C 74 05 90
AFD0H: 8C 1F 12 2B 58 40 04 C3 02 2B 7E 90 11 30 E0 14
AFE0H: F0 E0 70 33 C2 41 90 21 17 E0 90 11 30 F0 90 21
AFF0H: 1A E0 90 11 31 F0 E4 FF FE FD FC 90 11 33 12 44
B000H: D2 90 21 18 E0 FE A3 E0 90 00 28 CE F0 A3 EE F0
B010H: 7F 06 12 31 E4 80 14 90 21 15 E0 FE A3 E0 90 00
B020H: 28 CE F0 A3 EE F0 7F 06 12 31 E4 02 B0 D9 90 21
B030H: 18 E0 FE A3 E0 90 00 28 CE F0 A3 EE F0 7F 06 12
B040H: 31 E4 7D 01 7E 0D 7F 5C 74 05 90 8C 1F 12 2B 58
B050H: 40 04 C3 02 2B 7E 90 0D 5C E0 FE A3 E0 FF EE 33
B060H: 95 E0 FD FC 79 01 7A 11 7B 33 90 3C 72 12 43 FF
B070H: 90 11 30 E0 14 F0 E0 70 5A 90 21 17 E0 90 11 30
B080H: F0 90 11 31 E0 14 F0 E0 70 1C 7D 01 7E 11 7F 37
B090H: 74 05 90 8B F1 12 2B 58 40 04 C3 02 2B 7E 90 21
B0A0H: 1A E0 90 11 31 F0 90 21 17 E0 FF E4 FE FD F8 8F
B0B0H: 03 8E 02 8D 01 90 11 33 12 45 F0 12 3B ED 90 0D
B0C0H: 5C EE F0 A3 EF F0 E4 FF FE FD FC 90 11 33 12 44
B0D0H: D2 80 06 D2 4A D3 02 2B 7E 90 11 37 E0 FE A3 E0
B0E0H: 90 0D 58 CE F0 A3 EE F0 90 0D 5C E0 FE A3 E0 FF
B0F0H: 12 AE AC 90 0D 5E EF F0 30 48 18 90 0D 5E E0 FF
B100H: 90 11 32 E0 6F 60 08 90 0D 5E E0 90 11 32 F0 D2
B110H: 4A 80 47 90 0D 5E E0 FF 90 11 32 E0 6F 60 39 90
B120H: 0D 5E E0 90 11 32 F0 7D 02 7E 47 7F 6F 90 03 81
B130H: 12 44 9C 90 11 32 E0 FF E4 90 03 84 F0 A3 EF F0
B140H: 7D 01 7E 12 7F DE 74 05 90 AD D7 12 2B 58 D2 6C
B150H: 90 13 DF 74 01 F0 80 02 D2 4A D3 02 2B 7E 90 05
B160H: 75 EF F0 64 52 60 03 02 B1 F3 90 05 76 12 45 64
B170H: 12 44 F3 60 16 90 00 22 74 01 F0 7F 23 7E 00 74
B180H: 04 90 93 32 12 2B 58 C3 02 2B 7E 7D 02 7E 47 7F
B190H: 77 90 03 81 12 44 9C 90 21 1B E0 FE A3 E0 90 03
B1A0H: 84 CE F0 A3 EE F0 90 21 1D E0 FE A3 E0 90 03 86
B1B0H: CE F0 A3 EE F0 90 21 1F E0 FE A3 E0 90 03 88 CE
B1C0H: F0 A3 EE F0 90 21 21 E0 FE A3 E0 90 03 8A CE F0
B1D0H: A3 EE F0 90 21 23 E0 FE A3 E0 90 03 8C CE F0 A3
B1E0H: EE F0 90 05 76 12 45 A6 74 05 90 AD D7 12 2B 58
B1F0H: 02 B2 85 90 05 75 E0 64 57 70 74 7D 02 7E 47 7F
B200H: 77 90 02 6B 12 44 9C A3 74 01 F0 A3 74 21 F0 A3
B210H: 74 1B F0 A3 74 01 F0 A3 74 21 F0 A3 74 1D F0 A3
B220H: 74 01 F0 A3 74 21 F0 A3 74 1F F0 A3 74 01 F0 A3
B230H: 74 21 F0 A3 74 21 F0 A3 74 01 F0 A3 74 21 F0 A3
B240H: 74 23 F0 90 05 76 12 45 A6 74 05 90 B0 FC 12 2B
B250H: 58 EF 64 05 4E 60 16 90 00 22 74 01 F0 7F 23 7E
B260H: 00 74 04 90 93 32 12 2B 58 C3 02 2B 7E 80 16 90
B270H: 00 22 74 01 F0 7F 1E 7E 00 74 04 90 93 32 12 2B
B280H: 58 C3 02 2B 7E D3 02 2B 7E 90 21 14 74 06 F0 90
B290H: 21 15 F0 A3 74 5C F0 90 21 17 74 01 F0 90 21 18
B2A0H: 74 26 F0 A3 F0 90 21 1A 74 0A F0 90 11 32 74 FF
B2B0H: F0 90 21 1B 74 02 F0 A3 74 21 F0 90 21 1D 74 02
B2C0H: F0 A3 74 A8 F0 90 21 1F 74 02 F0 A3 74 F8 F0 90
B2D0H: 21 21 74 03 F0 A3 74 6B F0 90 21 23 74 04 F0 A3
B2E0H: 74 42 F0 02 2B 7E 90 1D F3 E0 54 01 60 63 D2 41
B2F0H: 90 21 14 E0 90 11 30 F0 90 21 15 E0 FE A3 E0 90
B300H: 00 28 CE F0 A3 EE F0 7F 06 12 31 E4 7D 01 7E 11
B310H: 7F 37 74 05 90 8B F1 12 2B 58 40 03 02 2B 7E 7D
B320H: 01 7E 0D 7F 5C 74 05 90 8C 1F 12 2B 58 40 03 02
B330H: 2B 7E 90 11 37 E0 FE A3 E0 90 0D 58 CE F0 A3 EE
B340H: F0 90 0D 5C E0 FE A3 E0 FF 12 AE AC 90 11 32 EF
B350H: F0 00 02 2B 7E 90 00 39 EF F0 7F 04 74 05 90 AC
B360H: 03 12 2B 58 40 16 90 00 22 74 01 F0 7F 16 7E 00
B370H: 74 04 90 93 32 12 2B 58 C3 02 2B 7E 90 00 39 E0
B380H: FF 64 52 60 03 02 B4 D0 90 00 38 E4 F0 90 00 38
B390H: E0 C3 94 0D 50 17 90 00 38 E0 24 43 F5 82 E4 34
B3A0H: 1C F5 83 E4 F0 90 00 38 E0 04 F0 80 E0 90 00 36
B3B0H: 74 78 F0 7F 04 74 05 90 B1 63 12 2B 58 40 04 C3
B3C0H: 02 2B 7E 90 15 6A E0 64 78 60 18 90 13 DF E0 90
B3D0H: 00 22 F0 7F 14 7E 00 74 04 90 93 32 12 2B 58 C3
B3E0H: 02 2B 7E 90 15 6B E0 C3 94 0E 40 18 90 13 DF E0
B3F0H: 90 00 22 F0 7F 23 7E 00 74 04 90 93 32 12 2B 58
B400H: C3 02 2B 7E 90 15 6C E0 54 03 64 03 70 04 D2 21
B410H: 80 02 C2 21 90 00 38 E4 F0 90 00 38 E0 FF 90 15
B420H: 6B E0 D3 9F 50 03 02 B4 C3 90 00 38 E0 24 02 24
B430H: 6A F5 82 E4 34 15 F5 83 E0 90 00 37 F0 30 21 12
B440H: 90 00 37 E0 FF A3 E0 24 43 F5 82 E4 34 1C F5 83
B450H: EF F0 90 00 37 E0 C4 54 0F F0 E0 C3 94 0A 40 09
B460H: 90 00 37 E0 24 37 FF 80 07 90 00 37 E0 24 30 FF
B470H: 79 01 7A 00 7B 3A 90 00 01 12 46 65 12 44 41 90
B480H: 00 38 E0 24 02 24 6A F5 82 E4 34 15 F5 83 E0 90
B490H: 00 37 F0 54 0F F0 C3 94 0A 40 09 90 00 37 E0 24
B4A0H: 37 FF 80 07 90 00 37 E0 24 30 FF 79 01 7A 00 7B
B4B0H: 3A 90 00 01 12 46 65 12 44 41 90 00 38 E0 04 F0
B4C0H: 02 B4 19 7F 00 90 00 3A 12 45 64 12 44 41 80 18
B4D0H: 90 13 DF E0 90 00 22 F0 7F 1E 7E 00 74 04 90 93
B4E0H: 32 12 2B 58 C3 02 2B 7E D3 02 2B 7E 90 00 4A EF
B4F0H: F0 7F 04 74 05 90 AC 03 12 2B 58 40 16 90 00 22
B500H: 74 01 F0 7F 16 7E 00 74 04 90 93 32 12 2B 58 C3
B510H: 02 2B 7E 90 00 4A E0 FF 64 52 60 03 02 B5 B8 90
B520H: 00 49 E4 F0 90 00 49 E0 C3 94 0D 40 03 02 B5 AA
B530H: 90 00 49 E0 24 43 F5 82 E4 34 1C F5 83 E0 C4 54
B540H: 0F 90 00 48 F0 C3 94 0A 40 09 90 00 48 E0 24 37
B550H: FF 80 07 90 00 48 E0 24 30 FF 79 01 7A 00 7B 4B
B560H: 90 00 01 12 46 65 12 44 41 90 00 49 E0 24 43 F5
B570H: 82 E4 34 1C F5 83 E0 54 0F 90 00 48 F0 C3 94 0A
B580H: 40 09 90 00 48 E0 24 37 FF 80 07 90 00 48 E0 24
B590H: 30 FF 79 01 7A 00 7B 4B 90 00 01 12 46 65 12 44
B5A0H: 41 90 00 49 E0 04 F0 02 B5 24 7F 00 90 00 4B 12
B5B0H: 45 64 12 44 41 02 B7 A6 EF 64 57 60 03 02 B7 92
B5C0H: 90 00 4B 12 45 A6 74 05 90 B2 7C 12 2B 58 EF 64
B5D0H: 1A 4E 60 18 90 13 DF E0 90 00 22 F0 7F 23 7E 00
B5E0H: 74 04 90 93 32 12 2B 58 C3 02 2B 7E 7D 02 7E 49
B5F0H: 7F 48 90 00 45 12 44 9C 90 00 4B 12 45 A6 74 05
B600H: 90 AB 5B 12 2B 58 90 00 4B 12 45 64 74 01 12 46
B610H: 21 12 44 F3 60 16 90 00 22 74 01 F0 7F 23 7E 00
B620H: 74 04 90 93 32 12 2B 58 C3 02 2B 7E 90 00 4B 12
B630H: 45 64 74 01 12 44 EE C3 94 3A 40 17 90 00 4B 12
B640H: 45 64 74 01 12 44 EE 7E 00 74 C9 2F FF EE 34 FF
B650H: FE 80 15 90 00 4B 12 45 64 74 01 12 44 EE 7E 00
B660H: 74 D0 2F FF EE 34 FF FE C0 06 C0 07 90 00 4B 12
B670H: 45 64 12 44 F3 C3 94 3A 40 15 90 00 4B 12 45 64
B680H: 12 44 F3 7E 00 74 C9 2F FF EE 34 FF FE 80 13 90
B690H: 00 4B 12 45 64 12 44 F3 7E 00 74 D0 2F FF EE 34
B6A0H: FF FE EE 7E 04 CF C3 33 CF 33 DE F9 FE D0 E0 2F
B6B0H: FF D0 E0 3E E4 FE 53 07 03 EF 64 03 4E 60 16 90
B6C0H: 00 22 74 01 F0 7F 23 7E 00 74 04 90 93 32 12 2B
B6D0H: 58 C3 02 2B 7E 90 00 49 E4 F0 90 00 4B 12 45 64
B6E0H: 12 44 F3 70 03 02 B7 8B 90 00 4B 12 45 64 74 01
B6F0H: 12 44 EE C3 94 3A 40 17 90 00 4B 12 45 64 74 01
B700H: 12 44 EE 7E 00 74 C9 2F FF EE 34 FF FE 80 15 90
B710H: 00 4B 12 45 64 74 01 12 44 EE 7E 00 74 D0 2F FF
B720H: EE 34 FF FE C0 07 90 00 4B 12 45 64 12 44 F3 C3
B730H: 94 3A 40 15 90 00 4B 12 45 64 12 44 F3 7E 00 74
B740H: C9 2F FF EE 34 FF FE 80 13 90 00 4B 12 45 64 12
B750H: 44 F3 7E 00 74 D0 2F FF EE 34 FF FE EF 54 0F C4
B760H: FF D0 E0 2F FF 90 00 49 E0 24 43 F5 82 E4 34 1C
B770H: F5 83 EF F0 90 00 49 E0 04 F0 90 00 4D E0 24 02
B780H: F0 90 00 4C E0 34 00 F0 02 B6 DA 90 12 DE E4 F0
B790H: 80 14 90 00 22 74 01 F0 7F FE 7E 00 74 04 90 93
B7A0H: 32 12 2B 58 80 00 D3 02 2B 7E 90 0D 8B EF F0 90
B7B0H: 0D 72 E4 F0 A3 F0 90 00 AD 74 80 F0 90 0D 8B E0
B7C0H: FF 74 03 90 96 55 12 2B 58 40 04 C3 02 2B 7E 90
B7D0H: 0D 75 74 80 F0 90 0D 68 E4 F0 A3 F0 C3 90 0D 69
B7E0H: E0 94 07 90 0D 68 E0 94 00 40 03 02 BB 70 90 0D
B7F0H: 69 E0 24 9F F5 82 E4 34 1B F5 83 E0 C3 94 05 40
B800H: 57 90 0D 68 E0 FE A3 E0 FF 90 0D 8C 12 45 64 74
B810H: 04 12 46 21 12 45 D5 90 0D 6A 12 44 D2 90 0D 69
B820H: E0 C3 33 24 A6 F5 82 E4 34 1B F5 83 E0 FF A3 E0
B830H: 4F 60 23 90 0D 69 E0 C3 33 24 A6 F5 82 E4 34 1B
B840H: F5 83 E0 FE A3 E0 FF E4 FD FC 79 01 7A 0D 7B 6A
B850H: 90 3B ED 12 43 FF 80 6E 90 0D 69 E0 C3 33 24 A6
B860H: F5 82 E4 34 1B F5 83 E0 FF A3 E0 4F 60 3A 90 0D
B870H: 68 E0 FE A3 E0 FF 90 0D 8C 12 45 64 74 04 12 46
B880H: 21 12 45 D5 90 0D 69 E0 C3 33 24 A6 F5 82 E4 34
B890H: 1B F5 83 E0 FA A3 E0 FB E4 F9 F8 12 3B ED 90 0D
B8A0H: 6E EE F0 A3 EF F0 80 1E 90 0D 68 E0 FE A3 E0 FF
B8B0H: 90 0D 8C 12 45 64 74 04 12 46 21 12 45 D5 90 0D
B8C0H: 6E EE F0 A3 EF F0 90 0D 69 E0 24 9F F5 82 E4 34
B8D0H: 1B F5 83 E0 FF E4 90 0D 70 F0 A3 EF F0 90 0D 71
B8E0H: E0 70 09 90 0D 70 E0 70 03 02 BB 63 90 0D 71 E0
B8F0H: 64 06 70 04 90 0D 70 E0 70 53 90 0D 6A 12 45 F0
B900H: 90 0D 60 12 44 D2 A3 E4 F0 A3 04 F0 A3 74 86 F0
B910H: A3 74 A0 F0 7D 01 7E 0D 7F 83 74 05 90 AC A7 12
B920H: 2B 58 8F 03 8E 02 8D 01 7D 01 7E 0D 7F 77 7C 08
B930H: 75 F0 01 12 43 6C 90 0D 7A E0 90 0D 76 F0 90 0D
B940H: 7B 12 45 F0 90 0D 6A 12 44 D2 02 BA EB 90 0D 71
B950H: E0 64 05 70 04 90 0D 70 E0 70 55 90 0D 6A 12 45
B960H: F0 90 0D 60 12 44 D2 A3 E4 F0 A3 F0 A3 74 27 F0
B970H: A3 74 10 F0 7D 01 7E 0D 7F 83 74 05 90 AC A7 12
B980H: 2B 58 8F 03 8E 02 8D 01 7D 01 7E 0D 7F 77 7C 08
B990H: 75 F0 01 12 43 6C 90 0D 7A E0 90 0D 76 F0 90 0D
B9A0H: 7D E0 FE A3 E0 90 0D 6E CE F0 A3 EE F0 02 BA EB
B9B0H: 90 0D 71 E0 64 04 70 04 90 0D 70 E0 70 53 90 0D
B9C0H: 6E E0 FE A3 E0 90 0D 5C CE F0 A3 EE F0 A3 74 03
B9D0H: F0 A3 74 E8 F0 7D 01 7E 0D 7F 83 74 05 90 B0 94
B9E0H: 12 2B 58 8F 03 8E 02 8D 01 7D 01 7E 0D 7F 7F 7C
B9F0H: 04 75 F0 01 12 43 6C 90 0D 80 E0 90 0D 76 F0 90
BA00H: 0D 81 E0 FE A3 E0 90 0D 6E CE F0 A3 EE F0 02 BA
BA10H: EB 90 0D 71 E0 64 03 70 04 90 0D 70 E0 70 52 90
BA20H: 0D 6E E0 FE A3 E0 90 0D 5C CE F0 A3 EE F0 A3 E4
BA30H: F0 A3 74 64 F0 7D 01 7E 0D 7F 83 74 05 90 B0 94
BA40H: 12 2B 58 8F 03 8E 02 8D 01 7D 01 7E 0D 7F 7F 7C
BA50H: 04 75 F0 01 12 43 6C 90 0D 80 E0 90 0D 76 F0 90
BA60H: 0D 81 E0 FE A3 E0 90 0D 6E CE F0 A3 EE F0 02 BA
BA70H: EB 90 0D 71 E0 64 02 70 04 90 0D 70 E0 70 51 90
BA80H: 0D 6E E0 FE A3 E0 90 0D 5C CE F0 A3 EE F0 A3 E4
BA90H: F0 A3 74 0A F0 7D 01 7E 0D 7F 83 74 05 90 B0 94
BAA0H: 12 2B 58 8F 03 8E 02 8D 01 7D 01 7E 0D 7F 7F 7C
BAB0H: 04 75 F0 01 12 43 6C 90 0D 80 E0 90 0D 76 F0 90
BAC0H: 0D 81 E0 FE A3 E0 90 0D 6E CE F0 A3 EE F0 80 1B
BAD0H: 90 0D 71 E0 14 70 04 90 0D 70 E0 70 0A 90 0D 6F
BAE0H: E0 90 0D 76 F0 80 04 C3 02 2B 7E 90 0D 76 E0 C3
BAF0H: 94 0A 40 04 C3 02 2B 7E E4 90 0D 73 FE E0 54 01
BB00H: 4E 70 0D 90 0D 76 E0 54 0F C4 90 0D 74 F0 80 3C
BB10H: 90 0D 76 E0 54 0F FF 90 0D 74 E0 2F F0 E0 FF A3
BB20H: E0 6F F0 90 0D 74 E0 64 04 70 06 90 0D 74 74 F4
BB30H: F0 90 0D 74 E0 90 00 AD F0 90 0D 8B E0 FF 74 03
BB40H: 90 96 55 12 2B 58 40 04 C3 02 2B 7E 79 01 7A 0D
BB50H: 7B 72 D3 12 46 3C 79 01 7A 0D 7B 70 C3 12 46 3C
BB60H: 02 B8 DD 79 01 7A 0D 7B 68 D3 12 46 3C 02 B7 DC
BB70H: E4 90 0D 73 FE E0 54 01 4E 60 36 90 0D 74 E0 24
BB80H: 00 F0 E0 FF A3 E0 6F F0 90 0D 74 E0 64 04 70 06
BB90H: 90 0D 74 74 F4 F0 90 0D 74 E0 90 00 AD F0 90 0D
BBA0H: 8B E0 FF 74 03 90 96 55 12 2B 58 40 04 C3 02 2B
BBB0H: 7E 90 0D 75 E0 64 04 70 06 90 0D 75 74 F4 F0 90
BBC0H: 0D 75 E0 90 00 AD F0 90 0D 8B E0 FF 74 03 90 96
BBD0H: 55 12 2B 58 40 04 C3 02 2B 7E D3 02 2B 7E 90 0D
BBE0H: 65 EF F0 7D 01 7E 22 7F 36 74 05 90 9D F8 12 2B
BBF0H: 58 90 0D 5E 12 44 D2 90 00 55 E4 F0 A3 74 2D F0
BC00H: 7D 02 7E 66 7F F1 74 05 90 B2 D0 12 2B 58 7B 01
BC10H: 7A 00 74 01 12 46 21 8A 06 8B 07 74 05 90 A2 92
BC20H: 12 2B 58 90 0D 65 E0 2F FF E4 3E 90 0D 62 F0 A3
BC30H: EF F0 A3 74 80 F0 90 0D 5E 12 45 F0 7B 01 7A 00
BC40H: 79 00 78 00 12 3C 93 60 07 90 0D 64 E0 24 40 F0
BC50H: 90 0D 5E 12 45 F0 7B 02 7A 00 79 00 78 00 12 3C
BC60H: 93 60 07 90 0D 64 E0 24 04 F0 90 0D 5E 12 45 F0
BC70H: 7B 04 7A 00 79 00 78 00 12 3C 93 60 07 90 0D 64
BC80H: E0 24 10 F0 90 0D 5E 12 45 F0 7B 00 7A 00 79 01
BC90H: 78 00 12 3C 93 60 06 90 0D 64 E0 04 F0 E4 90 0D
BCA0H: 63 FE E0 54 01 4E 60 07 90 0D 64 E0 24 20 F0 E4
BCB0H: 90 0D 63 FE E0 54 02 4E 60 07 90 0D 64 E0 24 08
BCC0H: F0 E4 90 0D 63 FE E0 54 04 4E 60 07 90 0D 64 E0
BCD0H: 24 02 F0 90 0D 64 E0 FF E4 FE FD FC 90 0D 5E E0
BCE0H: F8 A3 E0 F9 A3 E0 FA A3 E0 FB 12 3C 72 90 0D 62
BCF0H: E0 FA A3 E0 FB EA E4 F9 F8 12 3C 72 90 11 39 12
BD00H: 44 D2 22 90 0D 5E 12 44 9C AB 07 AA 06 A9 05 90
BD10H: 0D 5B E9 F0 A3 EA F0 A3 EB F0 74 02 12 44 EE 90
BD20H: 0D 5A EF F0 A3 12 45 64 74 03 12 44 EE 90 0D 5B
BD30H: 12 45 64 74 02 12 44 3C 90 0D 5A E0 FF A3 12 45
BD40H: 64 74 03 12 44 3C 90 1C 1C E0 90 0D 55 F0 90 1C
BD50H: 1F E0 90 0D 56 F0 90 1C 20 E0 90 0D 57 F0 A3 E4
BD60H: F0 7D 01 7E 0D 7F 55 74 05 90 A2 92 12 2B 58 90
BD70H: 0D 59 EF F0 79 01 7A 11 74 39 A3 A3 FB E9 F0 A3
BD80H: EA F0 A3 EB F0 74 03 12 44 EE 90 0D 59 E0 6F F0
BD90H: A3 A3 12 45 64 74 02 12 44 EE 90 0D 59 E0 6F F0
BDA0H: A3 A3 12 45 64 74 01 12 44 EE 90 0D 59 E0 6F F0
BDB0H: A3 A3 12 45 64 12 44 F3 90 0D 59 E0 6F F0 90 0D
BDC0H: 5E E0 F9 A3 E0 FA A3 E0 90 0D 5B FB E9 F0 A3 EA
BDD0H: F0 A3 EB F0 74 03 12 44 EE 90 0D 59 E0 6F C0 E0
BDE0H: A3 A3 12 45 64 74 02 12 44 EE D0 E0 6F FF 90 21
BDF0H: F0 E0 7A 00 6F FF A3 E0 54 FF 6F 90 0D 59 F0 60
BE00H: 02 C3 22 D3 22 90 0D 72 12 44 9C 90 1C 1D E0 90
BE10H: 0D 66 F0 90 1C 1E E0 90 0D 67 F0 90 1C 21 E0 90
BE20H: 0D 68 F0 90 1C 22 E0 90 0D 69 F0 90 1C 23 E0 90
BE30H: 0D 6A F0 90 1C 24 E0 90 0D 6B F0 A3 E4 F0 A3 F0
BE40H: 90 0D 6D E0 C3 94 03 40 03 02 BF 34 7D 01 7E 0D
BE50H: 7F 66 74 05 90 9D F8 12 2B 58 90 0D 72 12 45 64
BE60H: 12 44 B7 90 0D 6D E0 FF 12 BB DE 90 0D 72 12 45
BE70H: 64 12 45 D5 C0 04 C0 05 C0 06 C0 07 90 11 39 12
BE80H: 45 F0 7B 01 12 3C E2 90 11 39 E0 F8 A3 E0 F9 A3
BE90H: E0 FA A3 E0 FB 12 3C A3 8F 03 8E 02 8D 01 8C 00
BEA0H: D0 07 D0 06 D0 05 D0 04 12 3C 82 90 0D 72 12 45
BEB0H: 64 12 44 B7 90 0D 72 12 45 64 12 45 D5 90 21 F0
BEC0H: E0 FA A3 E0 FB C0 04 C0 05 C0 06 C0 07 90 1C 1B
BED0H: E0 24 D0 FF E4 34 FF FE 12 3A A6 C3 EF 33 FF EE
BEE0H: 33 FE E4 FD F8 8F 03 8E 02 8D 01 D0 07 D0 06 D0
BEF0H: 05 D0 04 12 3C 82 90 0D 72 12 45 64 12 44 B7 90
BF00H: 0D 72 12 45 64 12 45 D5 7B 10 12 3C CB 70 1C 90
BF10H: 0D 72 12 45 64 12 45 D5 90 0D 6E 12 44 D2 7D 01
BF20H: 7E 0D 7F 6E 12 BD 03 50 02 D3 22 90 0D 6D E0 04
BF30H: F0 02 BE 40 C3 22 7D 01 7E 1C 7F 1B 74 05 90 B2
BF40H: 7C 12 2B 58 EF 64 0C 4E 60 02 C3 22 7D 01 7E 1C
BF50H: 7F 25 74 05 90 A2 92 12 2B 58 90 0D 56 EF F0 90
BF60H: 0D 55 E4 F0 90 0D 55 E0 C3 94 0A 50 1D 90 0D 55
BF70H: E0 24 1B F5 82 E4 34 1C F5 83 E0 FF 90 0D 56 E0
BF80H: 6F F0 90 0D 55 E0 04 F0 80 DA 90 0D 56 E0 60 02
BF90H: C3 22 D3 22 12 BF 36 50 25 7D 01 7E 0D 7F 75 12
BFA0H: BE 05 50 1A 7D 01 7E 0D 7F 75 12 BD 03 50 0F 90
BFB0H: 0D 77 E0 FE A3 E0 90 1C 2C CE F0 A3 EE F0 79 02
BFC0H: 7A 47 7B A1 7D 01 7E 22 7F 25 12 41 D1 60 22 79
BFD0H: 02 7A 47 7B A5 7D 01 7E 22 7F 25 12 41 D1 60 11
BFE0H: 90 1C 2C E0 FE A3 E0 44 01 90 1C 2C CE F0 A3 EE
BFF0H: F0 90 1C 2C E0 44 40 FE A3 E0 90 1C 2C FF EE F0
C000H: A3 EF F0 CE 90 1C 2C 44 80 F0 CE A3 F0 02 2B 7E
C010H: 90 0A 76 12 44 9C AB 07 AA 06 A9 05 12 44 F3 90
C020H: 0A 57 EF F0 E4 90 1D F3 FE E0 54 04 4E 70 17 90
C030H: 00 22 74 01 F0 7F F4 7E 00 74 04 90 93 32 12 2B
C040H: 58 7F 7F 02 2B 7E 90 0A 57 E0 64 30 60 30 E0 64
C050H: 31 60 2B E0 64 32 60 26 E0 64 33 60 21 E0 64 34
C060H: 60 1C E0 64 35 60 17 90 00 22 74 01 F0 7F 23 7E
C070H: 00 74 04 90 93 32 12 2B 58 7F 7F 02 2B 7E 90 21
C080H: 4C E0 60 04 E0 14 70 24 90 0A 57 E0 64 30 60 1C
C090H: E0 64 31 60 17 90 00 22 74 01 F0 7F 23 7E 00 74
C0A0H: 04 90 93 32 12 2B 58 7F 7F 02 2B 7E 90 21 4C E0
C0B0H: 64 03 70 24 90 0A 57 E0 64 34 60 05 E0 64 35 70
C0C0H: 17 90 00 22 74 01 F0 7F 23 7E 00 74 04 90 93 32
C0D0H: 12 2B 58 7F 7F 02 2B 7E 79 01 7A 0A 7B 76 90 00
C0E0H: 01 12 47 0F 90 0A 57 E0 FF D3 74 34 9F 50 2C D3
C0F0H: EF 94 35 50 26 90 0A 76 12 45 64 12 44 F3 64 23
C100H: 60 17 90 00 22 74 01 F0 7F 23 7E 00 74 04 90 93
C110H: 32 12 2B 58 7F 7F 02 2B 7E 80 02 80 00 90 0A 57
C120H: E0 FF 12 41 AB C1 3B 30 C1 4D 31 C1 5F 32 C1 72
C130H: 33 C1 85 34 C2 48 35 00 00 C4 08 74 01 90 C4 9E
C140H: 12 2B 58 40 05 7F 7F 02 2B 7E 02 C4 1F 74 01 90
C150H: C4 49 12 2B 58 40 05 7F 7F 02 2B 7E 02 C4 1F D3
C160H: 74 01 90 D4 7A 12 2B 58 40 05 7F 7F 02 2B 7E 02
C170H: C4 1F C3 74 01 90 D4 7A 12 2B 58 40 05 7F 7F 02
C180H: 2B 7E 02 C4 1F 79 01 7A 0A 7B 76 90 00 01 12 47
C190H: 0F 7D 02 7E 49 7F 9A 90 00 45 12 44 9C 90 0A 76
C1A0H: 12 45 A6 74 05 90 AB 5B 12 2B 58 90 0A 76 12 45
C1B0H: 64 74 01 12 46 21 12 44 F3 60 17 90 00 22 74 01
C1C0H: F0 7F 23 7E 00 74 04 90 93 32 12 2B 58 7F 7F 02
C1D0H: 2B 7E 90 0A 76 12 45 64 7D 01 7E 0A 7F 58 12 42
C1E0H: 8F 7D 01 7E 0A 7F 58 74 04 90 EC 73 12 2B 58 90
C1F0H: 0A 6E 12 44 D2 7B 77 7A BE 79 7F 78 3F 74 0F 12
C200H: 41 08 70 15 90 0A 6E 12 45 F0 7B 6F 7A 12 79 83
C210H: 78 3A 74 0B 12 41 08 70 17 90 00 22 74 01 F0 7F
C220H: 23 7E 00 74 04 90 93 32 12 2B 58 7F 7F 02 2B 7E
C230H: 7D 01 7E 0A 7F 58 74 01 90 D6 86 12 2B 58 40 05
C240H: 7F 7F 02 2B 7E 02 C4 1F 79 01 7A 0A 7B 76 90 00
C250H: 01 12 47 0F 7D 02 7E 49 7F 9A 90 00 45 12 44 9C
C260H: 90 0A 76 12 45 A6 74 05 90 AB 5B 12 2B 58 90 0A
C270H: 6C EE F0 A3 EF F0 90 0A 76 12 45 64 74 01 12 46
C280H: 21 12 44 F3 64 23 60 17 90 00 22 74 01 F0 7F 23
C290H: 7E 00 74 04 90 93 32 12 2B 58 7F 7F 02 2B 7E 90
C2A0H: 0A 6C E0 FE A3 E0 FF 90 0A 76 12 45 64 74 01 12
C2B0H: 46 21 7F 00 12 44 41 90 0A 76 12 45 64 7D 01 7E
C2C0H: 0A 7F 58 12 42 8F 90 0A 6C E0 A3 FE E0 24 01 FF
C2D0H: E4 3E FE 90 0A 78 E0 2F F0 90 0A 77 E0 3E F0 7D
C2E0H: 02 7E 49 7F 9A 90 00 45 12 44 9C 90 0A 76 12 45
C2F0H: A6 74 05 90 AB 5B 12 2B 58 90 0A 6C EE F0 A3 EF
C300H: F0 90 0A 76 12 45 64 74 01 12 46 21 12 44 F3 60
C310H: 17 90 00 22 74 01 F0 7F 23 7E 00 74 04 90 93 32
C320H: 12 2B 58 7F 7F 02 2B 7E 90 0A 76 12 45 64 7D 01
C330H: 7E 0A 7F 62 12 42 8F 7D 01 7E 0A 7F 58 74 04 90
C340H: EC 73 12 2B 58 90 0A 6E 12 44 D2 7D 01 7E 0A 7F
C350H: 62 74 04 90 EC 73 12 2B 58 90 0A 72 12 44 D2 90
C360H: 0A 6E 12 45 F0 90 0A 72 E0 F8 A3 E0 F9 A3 E0 FA
C370H: A3 E0 FB 74 0F 12 41 08 70 54 90 0A 6E 12 45 F0
C380H: 7B 00 7A 40 79 9C 78 45 74 0F 12 41 08 70 3F 90
C390H: 0A 6E 12 45 F0 7B 00 7A 00 79 00 78 40 74 03 12
C3A0H: 41 08 70 2A 90 0A 72 12 45 F0 7B 00 7A 40 79 9C
C3B0H: 78 45 74 0F 12 41 08 70 15 90 0A 72 12 45 F0 7B
C3C0H: 00 7A 00 79 00 78 40 74 0B 12 41 08 70 17 90 00
C3D0H: 22 74 01 F0 7F 23 7E 00 74 04 90 93 32 12 2B 58
C3E0H: 7F 7F 02 2B 7E 7D 01 7E 0A 7F 62 90 05 9B 12 44
C3F0H: 9C 7D 01 7E 0A 7F 58 74 01 90 D7 00 12 2B 58 40
C400H: 05 7F 7F 02 2B 7E 80 17 90 00 22 74 01 F0 7F 23
C410H: 7E 00 74 04 90 93 32 12 2B 58 7F 01 02 2B 7E 7F
C420H: 01 02 2B 7E 90 0C 96 12 44 9C AB 07 AA 06 A9 05
C430H: 12 44 F3 90 0C 92 EF F0 E4 90 1D F3 FE E0 54 04
C440H: 4E 70 17 90 00 22 74 01 F0 7F F4 7E 00 74 04 90
C450H: 93 32 12 2B 58 7F 7F 02 2B 7E C2 60 C2 61 79 01
C460H: 7A 0C 7B 96 90 00 01 12 47 0F 90 0C 96 E0 F9 A3
C470H: E0 FA A3 E0 90 0C 93 FB E9 F0 A3 EA F0 A3 EB F0
C480H: 12 44 F3 64 23 70 55 90 0C 93 12 45 64 12 44 F3
C490H: 70 1E 90 0C 93 12 45 A6 90 0C 96 12 45 64 EF C3
C4A0H: 9B FF EE 9A C3 FE EF 94 0A EE 64 80 94 80 50 2C
C4B0H: 79 01 7A 0C 7B 93 90 00 01 12 47 0F 90 0C 93 12
C4C0H: 45 64 12 44 F3 64 53 70 02 D2 60 90 0C 93 12 45
C4D0H: 64 12 44 F3 64 41 70 02 D2 61 80 AB 90 0C 92 E0
C4E0H: 70 17 90 00 22 74 01 F0 7F 23 7E 00 74 04 90 93
C4F0H: 32 12 2B 58 7F 01 02 2B 7E 74 01 90 D4 5D 12 2B
C500H: 58 90 15 0B EF F0 90 0C 92 E0 FF 12 41 AB C5 24
C510H: 30 C5 3D 31 C5 50 32 C5 62 33 C5 7C 34 C5 96 35
C520H: 00 00 C5 C1 90 15 0B E0 60 0A 7F 00 74 01 90 C6
C530H: CF 12 2B 58 90 15 09 74 01 F0 02 C5 D5 7F 01 74
C540H: 01 90 C6 CF 12 2B 58 90 15 09 74 02 F0 02 C5 D5
C550H: 7F 02 74 01 90 C6 CF 12 2B 58 90 15 09 74 03 F0
C560H: 80 73 90 15 0B E0 64 03 60 0A 7F 03 74 01 90 C6
C570H: CF 12 2B 58 90 15 09 74 04 F0 80 59 90 15 09 74
C580H: 05 F0 74 01 90 C4 9E 12 2B 58 7F 00 74 01 90 C6
C590H: CF 12 2B 58 80 3F 7F 05 74 01 90 C6 CF 12 2B 58
C5A0H: 40 17 90 00 22 74 01 F0 7F 23 7E 00 74 04 90 93
C5B0H: 32 12 2B 58 7F 01 02 2B 7E 90 15 09 74 06 F0 80
C5C0H: 14 90 00 22 74 01 F0 7F 1E 7E 00 74 04 90 93 32
C5D0H: 12 2B 58 80 00 C2 46 C2 47 90 15 0A 74 FF F0 90
C5E0H: 15 09 E0 64 02 60 0D E0 64 05 60 08 74 01 90 C4
C5F0H: 49 12 2B 58 90 1E F6 E0 F5 5D A3 E0 F5 5E 7F 00
C600H: 02 2B 7E 90 0C 89 E4 F0 90 15 09 E0 64 02 60 03
C610H: 02 C7 1B 30 46 31 30 47 2E 7D 02 7E 4C 7F 96 90
C620H: 03 81 12 44 9C 7D 01 7E 11 7F DE 74 05 90 AD D7
C630H: 12 2B 58 90 13 DE 74 FE F0 D2 49 D2 6B D2 6C 90
C640H: 15 0A E4 F0 02 C7 16 30 69 03 02 C7 16 20 60 03
C650H: 02 C7 16 90 15 0A E0 04 70 03 02 C7 16 C2 46 C2
C660H: 47 90 15 0A E0 04 F0 E0 14 60 03 02 C6 E5 30 61
C670H: 50 7D 01 7E 0C 7F 8E 90 05 30 12 44 9C 7D 01 7E
C680H: 0C 7F 8A 74 04 90 CE E5 12 2B 58 90 0C 8E 12 45
C690H: F0 90 0C 85 12 44 D2 90 0C 8A 12 45 F0 74 02 90
C6A0H: D7 93 12 2B 58 40 1A 90 0C 8E 12 45 F0 90 0B D7
C6B0H: 12 44 D2 90 0C 8A 12 45 F0 74 02 90 D4 8F 12 2B
C6C0H: 58 7D 02 7E 4C 7F 99 90 03 81 12 44 9C 7D 01 7E
C6D0H: 11 7F DE 74 05 90 AD D7 12 2B 58 90 13 DE 74 FE
C6E0H: F0 D2 49 80 31 90 15 0A E0 64 02 70 24 7D 02 7E
C6F0H: 4C 7F A0 90 03 81 12 44 9C 7D 01 7E 11 7F DE 74
C700H: 05 90 AD D7 12 2B 58 90 13 DE 74 FE F0 D2 49 80
C710H: 05 7F 85 02 2B 7E 7F 82 02 2B 7E 90 15 09 E0 64
C720H: 05 70 2E 30 47 26 7D 02 7E 4C 7F 96 90 03 81 12
C730H: 44 9C 7D 01 7E 11 7F DE 74 05 90 AD D7 12 2B 58
C740H: 90 13 DE 74 FE F0 D2 49 D2 6B D2 6C 7F 82 02 2B
C750H: 7E 90 15 09 E0 64 03 60 05 E0 64 06 70 2D 30 46
C760H: 25 30 47 22 7D 02 7E 4C 7F 96 90 03 81 12 44 9C
C770H: 7D 01 7E 11 7F DE 74 05 90 AD D7 12 2B 58 90 13
C780H: DE 74 FE F0 D2 49 7F 82 02 2B 7E 30 46 38 30 47
C790H: 35 90 1C 40 E0 70 08 20 4F 05 7F 82 02 2B 7E 7D
C7A0H: 02 7E 4C 7F 96 90 03 81 12 44 9C 7D 01 7E 11 7F
C7B0H: DE 74 05 90 AD D7 12 2B 58 90 13 DE 74 FE F0 D2
C7C0H: 49 7F 03 02 2B 7E 7F 82 02 2B 7E 90 15 09 E0 64
C7D0H: 04 60 15 74 01 90 C4 9E 12 2B 58 90 15 0B E0 FF
C7E0H: 74 01 90 C6 CF 12 2B 58 90 15 09 E4 F0 90 15 65
C7F0H: E0 64 02 70 06 75 5D 00 75 5E F4 7F 00 02 2B 7E
C800H: 90 0D 7B EF F0 A3 12 45 A6 90 0D 6B 12 44 9C A3
C810H: 74 01 F0 A3 74 0D F0 A3 74 76 F0 A3 74 01 F0 A3
C820H: 74 0D F0 A3 74 74 F0 90 0D 7B E0 FF 74 03 90 D3
C830H: D8 12 2B 58 40 04 C3 02 2B 7E 90 0D 7C 12 45 64
C840H: 12 44 F3 12 41 AB CB 57 4C CB 79 4F C8 56 52 C9
C850H: DA 57 00 00 CB 9B 90 0D 75 E0 90 00 97 F0 90 0D
C860H: 7B E0 FF 74 05 90 B3 A4 12 2B 58 EF 64 0D 60 03
C870H: 02 C9 02 7D 02 7E 4D 7F FB 90 03 81 12 44 9C 90
C880H: 0D 7B E0 24 91 F5 82 E4 34 52 F5 83 E4 93 FF E4
C890H: 90 03 84 F0 A3 EF F0 90 0D 74 E0 FE A3 E0 90 03
C8A0H: 86 CE F0 A3 EE F0 7D 01 7E 12 7F DE 74 05 90 AD
C8B0H: D7 12 2B 58 90 00 55 E4 F0 A3 74 3D F0 7D 01 7E
C8C0H: 12 7F DE 74 05 90 B2 D0 12 2B 58 7B 01 7A 00 74
C8D0H: 01 12 46 21 8A 06 8B 07 90 0D 76 12 44 9C 90 0D
C8E0H: 75 E0 90 05 54 F0 90 0D 76 12 45 A6 90 05 55 12
C8F0H: 44 9C 90 0D 7B E0 FF 74 05 90 A4 95 12 2B 58 02
C900H: 2B 7E 90 0D 75 E0 90 00 97 F0 90 0D 7B E0 FF 74
C910H: 05 90 B4 48 12 2B 58 E4 FE 53 07 30 EF 64 10 4E
C920H: 70 2D 90 0D 75 E0 90 00 36 F0 90 0D 7B E0 FF 74
C930H: 05 90 B1 63 12 2B 58 50 13 90 0D 7B E0 FF 74 04
C940H: 90 8D CA 12 2B 58 40 04 C3 02 2B 7E 02 C9 D5 7D
C950H: 02 7E 4D 7F FB 90 03 81 12 44 9C 90 0D 7B E0 24
C960H: 91 F5 82 E4 34 52 F5 83 E4 93 FF E4 90 03 84 F0
C970H: A3 EF F0 90 0D 75 E0 FF E4 90 03 86 F0 A3 EF F0
C980H: 7D 01 7E 12 7F DE 74 05 90 AD D7 12 2B 58 90 00
C990H: 55 E4 F0 A3 74 3D F0 7D 01 7E 12 7F DE 74 05 90
C9A0H: B2 D0 12 2B 58 7B 01 7A 00 74 01 12 46 21 8A 06
C9B0H: 8B 07 90 05 55 12 44 9C 90 0D 75 E0 90 05 54 F0
C9C0H: 90 0D 7B E0 FF 74 05 90 A4 95 12 2B 58 40 04 C3
C9D0H: 02 2B 7E C2 6B 80 00 02 CB B3 90 0D 75 E0 90 00
C9E0H: 97 F0 90 0D 7B E0 FF 74 05 90 B4 48 12 2B 58 90
C9F0H: 0D 79 EE F0 A3 EF F0 E4 FE 53 07 0F EE 60 03 02
CA00H: CA BD EF 64 0D 70 24 90 0D 75 E0 90 05 88 F0 90
CA10H: 0D 76 12 45 A6 90 05 89 12 44 9C 90 0D 7B E0 FF
CA20H: 74 05 90 9F 33 12 2B 58 02 2B 7E EF 64 0C 60 03
CA30H: 02 CA BD 90 0D 75 E0 90 15 6A F0 90 0D 76 12 45
CA40H: A6 74 05 90 B2 7C 12 2B 58 EF 4E 70 0E 90 15 6B
CA50H: 74 01 F0 90 15 6C 74 03 F0 80 52 90 0D 76 12 45
CA60H: A6 74 05 90 B2 7C 12 2B 58 90 15 6B EF F0 90 15
CA70H: 6B E0 C3 94 11 40 18 90 0D 7B E0 90 00 22 F0 7F
CA80H: DA 7E 00 74 04 90 93 32 12 2B 58 C3 02 2B 7E 90
CA90H: 15 6B E0 FF 7E 00 C0 06 C0 07 90 0D 76 12 45 64
CAA0H: 7D 01 7E 15 7F 6C D0 E0 D0 04 12 43 23 90 0D 7B
CAB0H: E0 FF 12 31 77 40 04 C3 02 2B 7E 80 65 90 0D 75
CAC0H: E0 90 15 6A F0 90 0D 75 E0 90 03 D1 F0 90 0D 76
CAD0H: 12 45 A6 90 03 D2 12 44 9C A3 74 01 F0 A3 74 15
CAE0H: F0 A3 74 6C F0 90 0D 7B E0 FF 74 04 90 FA 91 12
CAF0H: 2B 58 40 04 C3 02 2B 7E 90 0D 75 E0 90 00 99 F0
CB00H: 90 0D 7B E0 FF 74 05 90 8D AF 12 2B 58 90 15 6B
CB10H: EF F0 90 0D 7B E0 FF 12 31 77 40 04 C3 02 2B 7E
CB20H: 80 00 E4 90 0D 7A FE E0 54 30 64 10 4E 60 21 90
CB30H: 0D 75 E0 90 05 88 F0 90 0D 76 12 45 A6 90 05 89
CB40H: 12 44 9C 90 0D 7B E0 FF 74 05 90 9F 33 12 2B 58
CB50H: 90 12 DE E4 F0 80 5C 90 0D 75 E0 90 0D 59 F0 90
CB60H: 0D 7B E0 FF 74 04 90 F5 20 12 2B 58 40 04 C3 02
CB70H: 2B 7E 90 12 DE E4 F0 80 3A 90 0D 75 E0 90 0D 5B
CB80H: F0 90 0D 7B E0 FF 74 05 90 9B 78 12 2B 58 40 04
CB90H: C3 02 2B 7E 90 12 DE E4 F0 80 18 90 0D 7B E0 90
CBA0H: 00 22 F0 7F 1E 7E 00 74 04 90 93 32 12 2B 58 C3
CBB0H: 02 2B 7E D3 02 2B 7E 90 05 2C EF F0 90 1E 23 E0
CBC0H: 13 92 29 E4 F0 A2 6B 92 28 90 05 2C E0 FF 64 01
CBD0H: 70 13 7F 05 74 03 90 AF 2E 12 2B 58 40 05 7F 00
CBE0H: 02 2B 7E 80 47 EF 64 02 70 13 7F 06 74 03 90 AF
CBF0H: 2E 12 2B 58 40 05 7F 00 02 2B 7E 80 2F EF 64 03
CC00H: 70 13 7F 07 74 03 90 AF 2E 12 2B 58 40 05 7F 00
CC10H: 02 2B 7E 80 17 90 00 22 74 01 F0 7F DB 7E 00 74
CC20H: 04 90 93 32 12 2B 58 7F 00 02 2B 7E C2 27 7F 02
CC30H: 12 30 C2 40 05 7F 00 02 2B 7E 7F 02 12 31 16 40
CC40H: 05 7F 00 02 2B 7E 7F 02 74 04 90 8D CA 12 2B 58
CC50H: 7D 02 7E 48 7F F8 90 00 89 12 44 9C 7D 01 7E 12
CC60H: 7F DE 74 05 90 A8 45 12 2B 58 EF 4E 60 02 74 01
CC70H: 13 92 2A 7D 02 7E 48 7F FD 90 00 89 12 44 9C 7D
CC80H: 01 7E 12 7F DE 74 05 90 A8 45 12 2B 58 EF 4E 60
CC90H: 02 74 01 13 92 2B 90 05 2C E0 64 01 60 02 74 FF
CCA0H: 04 44 02 60 06 30 2A 03 20 2B 15 90 05 2C E0 14
CCB0H: 70 03 20 2A 0B 90 05 2C E0 64 02 70 05 30 2B 02
CCC0H: D2 27 20 27 03 02 CC 2E 90 05 2C E0 14 70 6F 7D
CCD0H: 02 7E 48 7F F8 90 00 89 12 44 9C 7D 01 7E 12 7F
CCE0H: DE 74 05 90 A8 45 12 2B 58 7B 04 7A 00 74 01 12
CCF0H: 46 21 8A 06 8B 07 90 05 29 12 44 9C 90 05 18 74
CD00H: 48 F0 A3 74 04 F0 90 03 D1 74 48 F0 90 05 29 12
CD10H: 45 A6 90 03 D2 12 44 9C A3 74 01 F0 A3 74 05 F0
CD20H: A3 74 1A F0 7F 04 74 04 90 FA 91 12 2B 58 40 05
CD30H: 90 05 28 E4 F0 90 05 28 74 01 F0 02 CE 99 90 05
CD40H: 2C E0 64 02 70 6F 7D 02 7E 48 7F FD 90 00 89 12
CD50H: 44 9C 7D 01 7E 12 7F DE 74 05 90 A8 45 12 2B 58
CD60H: 7B 04 7A 00 74 01 12 46 21 8A 06 8B 07 90 05 29
CD70H: 12 44 9C 90 05 18 74 56 F0 A3 74 04 F0 90 03 D1
CD80H: 74 56 F0 90 05 29 12 45 A6 90 03 D2 12 44 9C A3
CD90H: 74 01 F0 A3 74 05 F0 A3 74 1A F0 7F 04 74 04 90
CDA0H: FA 91 12 2B 58 40 05 90 05 28 E4 F0 90 05 28 74
CDB0H: 01 F0 02 CE 99 90 05 2C E0 64 01 60 02 74 FF 04
CDC0H: 44 02 70 03 02 CE 94 7D 02 7E 48 7F F8 90 00 89
CDD0H: 12 44 9C 7D 01 7E 12 7F DE 74 05 90 A8 45 12 2B
CDE0H: 58 7B 04 7A 00 74 01 12 46 21 8A 06 8B 07 90 05
CDF0H: 29 12 44 9C 90 05 18 74 48 F0 A3 74 04 F0 90 03
CE00H: D1 74 48 F0 90 05 29 12 45 A6 90 03 D2 12 44 9C
CE10H: A3 74 01 F0 A3 74 05 F0 A3 74 1A F0 7F 04 74 04
CE20H: 90 FA 91 12 2B 58 40 05 90 05 28 E4 F0 7D 02 7E
CE30H: 48 7F FD 90 00 89 12 44 9C 7D 01 7E 12 7F DE 74
CE40H: 05 90 A8 45 12 2B 58 7B 04 7A 00 74 01 12 46 21
CE50H: 8A 06 8B 07 90 05 29 12 44 9C 90 05 1E 74 56 F0
CE60H: A3 74 04 F0 90 03 D1 74 56 F0 90 05 29 12 45 A6
CE70H: 90 03 D2 12 44 9C A3 74 01 F0 A3 74 05 F0 A3 74
CE80H: 20 F0 7F 04 74 04 90 FA 91 12 2B 58 90 05 28 74
CE90H: 02 F0 80 05 90 05 28 E4 F0 90 11 02 E0 FF 74 03
CEA0H: 90 AF 2E 12 2B 58 40 05 90 05 28 E4 F0 90 05 28
CEB0H: E0 14 60 05 E0 64 02 70 13 79 01 7A 05 7B 18 7D
CEC0H: 01 7E 15 7F 6A 74 10 7C 00 12 43 23 A2 28 92 6B
CED0H: A2 29 E4 33 90 1E 23 F0 90 12 DE E4 F0 90 05 28
CEE0H: E0 FF 02 2B 7E 90 05 2D 12 44 9C 7F 03 74 04 90
CEF0H: CB B7 12 2B 58 EF 64 02 70 60 90 00 97 74 48 F0
CF00H: 7F 04 74 05 90 B3 A4 12 2B 58 90 04 08 EF F0 90
CF10H: 05 2D 12 45 A6 90 04 09 12 44 9C 90 15 6C 12 45
CF20H: F0 74 04 90 8C 0A 12 2B 58 90 00 97 74 56 F0 7F
CF30H: 04 74 05 90 B3 A4 12 2B 58 90 04 08 EF F0 90 05
CF40H: 30 12 45 A6 90 04 09 12 44 9C 90 15 72 12 45 F0
CF50H: 74 04 90 8C 0A 12 2B 58 80 04 C3 02 2B 7E D3 02
CF60H: 2B 7E 90 0C A2 12 44 9C 90 0C 9C E4 F0 FF FE FD
CF70H: FC A3 12 44 D2 90 0C 9C E4 F0 90 0C A2 12 45 A6
CF80H: 74 05 90 B2 7C 12 2B 58 90 0C 9C E0 FB 7A 00 D3
CF90H: EF 9B EE 9A 40 77 90 0C 9C E0 FF 7E 00 90 0C A2
CFA0H: 12 45 64 74 01 12 46 21 12 44 F3 24 14 F5 82 E4
CFB0H: 34 67 F5 83 E4 93 54 02 60 1A 90 0C 9C E0 FF 7E
CFC0H: 00 90 0C A2 12 45 64 74 01 12 46 21 12 44 F3 54
CFD0H: 5F FF 80 15 90 0C 9C E0 FF 7E 00 90 0C A2 12 45
CFE0H: 64 74 01 12 46 21 12 44 F3 90 0C 9C E0 FB 7A 00
CFF0H: C0 07 90 0C A2 12 45 A6 74 01 12 46 21 8D 01 D0
D000H: 07 12 44 41 90 0C 9C E0 04 F0 02 CF 7A 90 0C A2
D010H: 12 45 A6 90 0C 99 12 44 9C 90 0C A3 E0 FF A3 E0
D020H: 4F 70 17 90 00 22 74 01 F0 7F 23 7E 00 74 04 90
D030H: 93 32 12 2B 58 7F 7F 02 2B 7E 90 00 55 74 56 F0
D040H: A3 74 44 F0 90 0C A2 12 45 A6 74 05 90 B2 D0 12
D050H: 2B 58 EF 4E 70 17 90 00 22 74 01 F0 7F 23 7E 00
D060H: 74 04 90 93 32 12 2B 58 7F 7F 02 2B 7E 90 0C 99
D070H: 12 45 64 12 44 F3 64 44 70 49 79 01 7A 0C 7B 99
D080H: 90 00 01 12 47 0F 74 05 90 A2 92 12 2B 58 EE 33
D090H: 95 E0 FD FC 12 40 B6 90 0C 9D 12 44 D2 90 0C 99
D0A0H: 12 45 64 12 44 F3 64 56 60 19 90 0C 99 12 45 64
D0B0H: 12 44 F3 60 0E 79 01 7A 0C 7B 99 90 00 01 12 47
D0C0H: 0F 80 DA 90 0C 99 12 45 64 12 44 F3 64 56 60 03
D0D0H: 02 D1 68 79 01 7A 0C 7B 99 90 00 01 12 47 0F 74
D0E0H: 05 90 A2 92 12 2B 58 90 1A 86 EF F0 90 0C 99 12
D0F0H: 45 64 12 44 F3 64 44 60 19 90 0C 99 12 45 64 12
D100H: 44 F3 60 0E 79 01 7A 0C 7B 99 90 00 01 12 47 0F
D110H: 80 DA 90 0C 99 12 45 64 12 44 F3 64 44 70 23 79
D120H: 01 7A 0C 7B 99 90 00 01 12 47 0F 74 05 90 A2 92
D130H: 12 2B 58 EE 33 95 E0 FD FC 12 40 B6 90 0C 9D 12
D140H: 44 D2 90 0C 99 12 45 64 12 44 F3 64 23 60 19 90
D150H: 0C 99 12 45 64 12 44 F3 60 0E 79 01 7A 0C 7B 99
D160H: 90 00 01 12 47 0F 80 DA 90 1A 86 E0 60 14 E0 FF
D170H: 90 25 6D E0 C3 9F 40 0A 90 0C 9D E0 FF A3 E0 4F
D180H: 70 17 90 00 22 74 01 F0 7F DB 7E 00 74 04 90 93
D190H: 32 12 2B 58 7F 7F 02 2B 7E 90 03 E5 74 09 F0 A3
D1A0H: 74 01 F0 A3 74 15 F0 A3 74 0D F0 90 0C 9D 12 45
D1B0H: F0 74 04 90 8C 8B 12 2B 58 90 0C 9C E4 F0 90 0C
D1C0H: 9C E0 C3 94 07 50 17 90 0C 9C E0 24 11 F5 82 E4
D1D0H: 34 15 F5 83 E4 F0 90 0C 9C E0 04 F0 80 E0 7D 02
D1E0H: 7E 4C 7F AB 90 03 81 12 44 9C 7D 01 7E 15 7F 11
D1F0H: 74 05 90 AD D7 12 2B 58 90 1A 86 E0 90 15 13 F0
D200H: 79 01 7A 15 7B 0D 7D 01 7E 15 7F 14 74 04 7C 00
D210H: 12 43 23 90 15 14 E0 90 0C A1 F0 90 15 17 E0 90
D220H: 15 14 F0 90 0C A1 E0 90 15 17 F0 90 15 15 E0 90
D230H: 0C A1 F0 90 15 16 E0 90 15 15 F0 90 0C A1 E0 90
D240H: 15 16 F0 79 01 7A 0C 7B 99 90 00 01 12 46 65 12
D250H: 44 F3 64 23 70 2C 90 0C 99 12 45 64 12 44 F3 64
D260H: 43 60 17 90 00 22 74 01 F0 7F 23 7E 00 74 04 90
D270H: 93 32 12 2B 58 7F 7F 02 2B 7E 90 1A 87 74 01 F0
D280H: 80 11 90 1E D8 74 04 F0 90 1E 22 74 01 F0 90 1A
D290H: 87 04 F0 90 13 FB 74 01 F0 FF 02 2B 7E 8F 03 8E
D2A0H: 02 8D 01 90 1A 87 E0 FF 12 44 41 02 2B 7E 90 0D
D2B0H: 56 12 44 9C 90 0D 55 E4 F0 F0 90 0D 55 E0 C3 94
D2C0H: 07 50 30 90 0D 55 E0 24 11 F5 82 E4 34 15 F5 83
D2D0H: E0 FF 90 0D 55 E0 FB 7A 00 C0 07 A3 12 45 A6 74
D2E0H: 01 12 46 21 8D 01 D0 07 12 44 41 90 0D 55 E0 04
D2F0H: F0 80 C7 02 2B 7E 90 0C 04 12 44 9C AB 07 AA 06
D300H: A9 05 12 44 F3 90 14 E4 EF F0 79 01 7A 0C 7B 04
D310H: 90 00 01 12 47 0F 90 14 E4 E0 60 11 E0 C3 94 04
D320H: 50 22 90 0C 04 12 45 64 12 44 F3 60 17 90 00 22
D330H: 74 01 F0 7F 23 7E 00 74 04 90 93 32 12 2B 58 7F
D340H: 7F 02 2B 7E 90 15 42 E0 64 02 70 1A 30 66 17 90
D350H: 00 22 74 01 F0 7F 18 7E 00 74 04 90 93 32 12 2B
D360H: 58 7F 7F 02 2B 7E 90 14 E4 E0 FF 12 41 AB D3 81
D370H: 30 D3 AE 31 D4 2B 32 D5 56 33 D5 74 34 00 00 D6
D380H: 5C E4 90 1D F3 FE E0 54 10 4E 70 17 90 00 22 74
D390H: 01 F0 7F F4 7E 00 74 04 90 93 32 12 2B 58 7F 7F
D3A0H: 02 2B 7E 74 02 90 83 61 12 2B 58 02 D6 73 E4 90
D3B0H: 1D F3 FE E0 54 10 4E 70 17 90 00 22 74 01 F0 7F
D3C0H: F4 7E 00 74 04 90 93 32 12 2B 58 7F 7F 02 2B 7E
D3D0H: 90 15 42 E0 70 0A 74 02 90 82 B9 12 2B 58 80 10
D3E0H: 90 15 42 E0 64 02 70 08 74 02 90 89 39 12 2B 58
D3F0H: 74 02 90 92 DF 12 2B 58 40 12 90 00 22 74 07 F0
D400H: 7F 0B 7E 00 74 04 90 93 32 12 2B 58 74 02 90 87
D410H: AE 12 2B 58 40 12 90 00 22 74 07 F0 7F 04 7E 00
D420H: 74 04 90 93 32 12 2B 58 02 D6 73 E4 90 1D F3 FE
D430H: E0 54 10 4E 70 17 90 00 22 74 01 F0 7F F4 7E 00
D440H: 74 04 90 93 32 12 2B 58 7F 7F 02 2B 7E 90 15 42
D450H: E0 70 0A 74 02 90 82 B9 12 2B 58 80 10 90 15 42
D460H: E0 64 02 70 08 74 02 90 89 39 12 2B 58 74 02 90
D470H: 92 63 12 2B 58 50 53 7D 02 7E 4B 7F CD 90 03 81
D480H: 12 44 9C 90 52 98 E4 93 FF E4 90 03 84 F0 A3 EF
D490H: F0 A3 74 01 F0 A3 74 1E F0 A3 74 AF F0 7D 01 7E
D4A0H: 12 7F DE 74 05 90 AD D7 12 2B 58 7D 01 7E 12 7F
D4B0H: DE 90 01 FA 12 44 9C 7F 00 74 03 90 EF 82 12 2B
D4C0H: 58 40 05 7F 7F 02 2B 7E 80 12 90 00 22 74 07 F0
D4D0H: 7F 04 7E 00 74 04 90 93 32 12 2B 58 74 02 90 92
D4E0H: AC 12 2B 58 50 53 7D 02 7E 4B 7F D7 90 03 81 12
D4F0H: 44 9C 90 52 98 E4 93 FF E4 90 03 84 F0 A3 EF F0
D500H: A3 74 01 F0 A3 74 1E F0 A3 74 C0 F0 7D 01 7E 12
D510H: 7F DE 74 05 90 AD D7 12 2B 58 7D 01 7E 12 7F DE
D520H: 90 01 FA 12 44 9C 7F 00 74 03 90 EF 82 12 2B 58
D530H: 40 05 7F 7F 02 2B 7E 80 12 90 00 22 74 07 F0 7F
D540H: 04 7E 00 74 04 90 93 32 12 2B 58 74 02 90 83 61
D550H: 12 2B 58 02 D6 73 90 1E AE 74 01 F0 90 0B E7 F0
D560H: FF 74 02 90 F4 07 12 2B 58 74 02 90 9A 6A 12 2B
D570H: 58 02 D6 73 7D 02 7E 4B 7F E1 90 02 6B 12 44 9C
D580H: A3 74 01 F0 A3 74 0C F0 A3 74 02 F0 A3 74 01 F0
D590H: A3 74 0B F0 A3 74 FE F0 A3 74 01 F0 A3 74 0C F0
D5A0H: A3 74 00 F0 90 0C 04 12 45 A6 74 05 90 B0 FC 12
D5B0H: 2B 58 EF 64 03 4E 60 17 90 00 22 74 01 F0 7F 23
D5C0H: 7E 00 74 04 90 93 32 12 2B 58 7F 7F 02 2B 7E 90
D5D0H: 0B FE E0 FE A3 E0 FF 74 02 90 9E 0C 12 2B 58 40
D5E0H: 17 90 00 22 74 01 F0 7F 23 7E 00 74 04 90 93 32
D5F0H: 12 2B 58 7F 7F 02 2B 7E 90 0C 00 E0 FE A3 E0 FF
D600H: 74 02 90 9E 0C 12 2B 58 40 17 90 00 22 74 01 F0
D610H: 7F 23 7E 00 74 04 90 93 32 12 2B 58 7F 7F 02 2B
D620H: 7E 90 0C 02 E0 FE A3 E0 FF 74 02 90 9A 8C 12 2B
D630H: 58 40 17 90 00 22 74 07 F0 7F 0E 7E 00 74 04 90
D640H: 93 32 12 2B 58 7F 7F 02 2B 7E 90 0B FF E0 90 1E
D650H: AD F0 90 0C 01 E0 90 1E AC F0 80 17 90 00 22 74
D660H: 01 F0 7F 23 7E 00 74 04 90 93 32 12 2B 58 7F 7F
D670H: 02 2B 7E 7F 01 02 2B 7E 90 0B 3A EC F0 A3 ED F0
D680H: A3 EE F0 A3 EF F0 90 0B 3A E0 FC A3 E0 FD A3 E0
D690H: FE A3 E0 FF E4 FB FA F9 F8 74 0B 12 41 08 70 32
D6A0H: 90 0B 3A E0 FC A3 E0 FD A3 E0 FE A3 E0 FF EC 4D
D6B0H: 60 04 CC 64 80 CC 90 0B 3A EC F0 A3 ED F0 A3 EE
D6C0H: F0 A3 EF F0 90 0B 51 E0 24 02 F0 90 0B 50 E0 34
D6D0H: 00 F0 7F 83 7E F9 7D 22 7C 3F 79 01 7A 0B 7B 3A
D6E0H: 90 3C F9 12 43 FF 90 0B 3A E0 FC A3 E0 FD A3 E0
D6F0H: FE A3 E0 FF 7B 00 7A F8 79 FF 78 46 74 07 12 41
D700H: 08 60 03 02 D7 C3 90 03 B6 74 01 F0 A3 74 0B F0
D710H: A3 74 2E F0 90 0B 3A E0 FC A3 E0 FD A3 E0 FE A3
D720H: E0 FF 74 05 90 A3 94 12 2B 58 90 0B 3E EC F0 A3
D730H: ED F0 A3 EE F0 A3 EF F0 90 0B 50 E0 FE A3 E0 FF
D740H: EE 33 95 E0 FD FC 12 40 B6 79 01 7A 0B 7B 2E 90
D750H: 3F 7A 12 43 FF 90 03 B6 74 01 F0 A3 74 0B F0 A3
D760H: 74 32 F0 90 0B 2E E0 FC A3 E0 FD A3 E0 FE A3 E0
D770H: FF 7B 00 7A 00 79 80 78 3E 12 3C F9 74 05 90 A3
D780H: 94 12 2B 58 90 0B 32 E0 FC A3 E0 FD A3 E0 FE A3
D790H: E0 FF 7B 00 7A 00 79 80 78 40 12 3C F9 EC 4D 60
D7A0H: 04 CC 64 80 CC 90 0B 2E E0 F8 A3 E0 F9 A3 E0 FA
D7B0H: A3 E0 FB 12 3F 7A 12 40 7B 90 0B 50 EE F0 A3 EF
D7C0H: F0 80 6E 90 0B 3A E0 FC A3 E0 FD A3 E0 FE A3 E0
D7D0H: FF 12 40 7B 90 0B 42 EE F0 A3 EF F0 90 0B 42 E0
D7E0H: FE A3 E0 FF EE 33 95 E0 FD FC 12 40 B6 EF FB EE
D7F0H: FA ED F9 EC F8 90 0B 3A E0 FC A3 E0 FD A3 E0 FE
D800H: A3 E0 FF 12 3F 76 90 0B 3E EC F0 A3 ED F0 A3 EE
D810H: F0 A3 EF F0 90 0B 50 E0 A3 FE E0 FF 90 0B 43 E0
D820H: 2F FF 90 0B 42 E0 3E 90 0B 50 E4 F0 EF 54 03 A3
D830H: F0 90 0B 51 E0 54 01 60 27 7F 00 7E 00 7D 80 7C
D840H: 3F 90 0B 3E E0 F8 A3 E0 F9 A3 E0 FA A3 E0 FB 12
D850H: 3F 76 90 0B 3E EC F0 A3 ED F0 A3 EE F0 A3 EF F0
D860H: D3 90 0B 51 E0 94 01 90 0B 50 E0 64 80 94 80 40
D870H: 24 90 0B 3E E0 FC A3 E0 FD A3 E0 FE A3 E0 FF EC
D880H: 4D 60 04 CC 64 80 CC 90 0B 3E EC F0 A3 ED F0 A3
D890H: EE F0 A3 EF F0 90 0B 3E E0 FC A3 E0 FD A3 E0 FE
D8A0H: A3 E0 FF 90 0B 3E E0 F8 A3 E0 F9 A3 E0 FA A3 E0
D8B0H: FB 12 3C F9 90 0B 36 EC F0 A3 ED F0 A3 EE F0 A3
D8C0H: EF F0 90 0B 36 E0 FC A3 E0 FD A3 E0 FE A3 E0 FF
D8D0H: 7B 06 7A F8 79 11 78 43 12 3C F9 7B 17 7A 5D 79
D8E0H: 58 78 C6 12 3F 7A 90 0B 36 E0 F8 A3 E0 F9 A3 E0
D8F0H: FA A3 E0 FB 12 3C F9 7B E2 7A E4 79 D6 78 48 12
D900H: 3F 7A 90 0B 36 E0 F8 A3 E0 F9 A3 E0 FA A3 E0 FB
D910H: 12 3C F9 7B 78 7A D8 79 96 78 CA 12 3F 7A 90 0B
D920H: 36 E0 F8 A3 E0 F9 A3 E0 FA A3 E0 FB 12 3C F9 7B
D930H: 59 7A 32 79 4F 78 4B 12 3F 7A 90 0B 3E E0 F8 A3
D940H: E0 F9 A3 E0 FA A3 E0 FB 12 3C F9 90 0B 44 EC F0
D950H: A3 ED F0 A3 EE F0 A3 EF F0 90 0B 36 E0 FC A3 E0
D960H: FD A3 E0 FE A3 E0 FF 7B 4B 7A A7 79 04 78 43 12
D970H: 3F 7A 90 0B 36 E0 F8 A3 E0 F9 A3 E0 FA A3 E0 FB
D980H: 12 3C F9 7B 62 7A DC 79 13 78 46 12 3F 7A 90 0B
D990H: 36 E0 F8 A3 E0 F9 A3 E0 FA A3 E0 FB 12 3C F9 7B
D9A0H: 67 7A 4E 79 C7 78 48 12 3F 7A 90 0B 36 E0 F8 A3
D9B0H: E0 F9 A3 E0 FA A3 E0 FB 12 3C F9 7B CF 7A E7 79
D9C0H: 03 78 4B 12 3F 7A 90 0B 48 EC F0 A3 ED F0 A3 EE
D9D0H: F0 A3 EF F0 90 0B 44 E0 FC A3 E0 FD A3 E0 FE A3
D9E0H: E0 FF A3 E0 F8 A3 E0 F9 A3 E0 FA A3 E0 FB 12 3E
D9F0H: 67 02 2B 7E 90 0A 9F 12 44 9C 90 0A 9E E4 F0 A3
DA00H: 12 45 A6 74 05 90 A2 92 12 2B 58 90 0A 9E EF F0
DA10H: 70 22 A3 12 45 64 12 44 F3 64 30 60 17 90 00 22
DA20H: 74 01 F0 7F 23 7E 00 74 04 90 93 32 12 2B 58 7F
DA30H: 7F 02 2B 7E 90 0A 9E E0 64 07 60 05 E0 64 08 70
DA40H: 22 90 1D F3 E0 54 08 60 13 74 02 90 D8 83 12 2B
DA50H: 58 EF 14 60 05 7F 7F 02 2B 7E 80 05 7F 7F 02 2B
DA60H: 7E 80 26 74 01 90 D4 5D 12 2B 58 90 0A 9D EF F0
DA70H: 74 01 90 D4 65 12 2B 58 92 37 74 01 90 C4 9E 12
DA80H: 2B 58 40 05 7F 7F 02 2B 7E 90 0A 9E E0 FF 7E 00
DA90H: 12 41 6A 00 00 0C 00 DC BC DA B3 DA E1 DB 0F DB
DAA0H: 3D DB 72 DB A7 DB EB DC 2F DC 51 DC 73 DC 86 DC
DAB0H: 98 DC AA 90 21 4C E0 64 02 60 05 E0 64 03 70 18
DAC0H: 7D 02 7E 49 7F C9 90 00 63 12 44 9C 7F 03 74 05
DAD0H: 90 87 05 12 2B 58 80 06 90 0A 9C 74 4F F0 02 DC
DAE0H: FB 90 21 4C E0 64 02 60 05 E0 64 03 70 18 7D 02
DAF0H: 7E 49 7F CD 90 00 63 12 44 9C 7F 03 74 05 90 87
DB00H: 05 12 2B 58 80 06 90 0A 9C 74 4C F0 02 DC FB 90
DB10H: 21 4C E0 64 02 60 05 E0 64 03 70 18 7D 02 7E 49
DB20H: 7F D1 90 00 63 12 44 9C 7F 03 74 05 90 87 05 12
DB30H: 2B 58 80 06 90 0A 9C 74 48 F0 02 DC FB 90 21 4C
DB40H: E0 64 02 60 05 E0 64 03 70 1F 7D 02 7E 49 7F D5
DB50H: 90 05 82 12 44 9C 7F 73 74 02 90 BD FA 12 2B 58
DB60H: 40 05 7F 7F 02 2B 7E 80 06 90 0A 9C 74 52 F0 02
DB70H: DC FB 90 21 4C E0 64 02 60 05 E0 64 03 70 1F 7D
DB80H: 02 7E 49 7F D7 90 05 82 12 44 9C 7F 73 74 02 90
DB90H: BD FA 12 2B 58 40 05 7F 7F 02 2B 7E 80 06 90 0A
DBA0H: 9C 74 49 F0 02 DC FB 90 21 4C E0 64 02 60 05 E0
DBB0H: 64 03 70 2E 90 21 4C E0 64 03 70 1F 7D 02 7E 49
DBC0H: 7F D9 90 05 82 12 44 9C 7F 9B 74 02 90 BD FA 12
DBD0H: 2B 58 40 05 7F 7F 02 2B 7E 80 05 7F 7F 02 2B 7E
DBE0H: 80 06 90 0A 9C 74 44 F0 02 DC FB 90 21 4C E0 64
DBF0H: 02 60 05 E0 64 03 70 2E 90 21 4C E0 64 03 70 1F
DC00H: 7D 02 7E 49 7F D5 90 05 82 12 44 9C 7F 9B 74 02
DC10H: 90 BD FA 12 2B 58 40 05 7F 7F 02 2B 7E 80 05 7F
DC20H: 7F 02 2B 7E 80 06 90 0A 9C 74 4E F0 02 DC FB 7D
DC30H: 02 7E 49 7F DB 90 00 63 12 44 9C 7F 05 74 05 90
DC40H: 87 05 12 2B 58 40 05 7F 7F 02 2B 7E 7F 01 02 2B
DC50H: 7E 7D 02 7E 49 7F DD 90 00 63 12 44 9C 7F 05 74
DC60H: 05 90 87 05 12 2B 58 40 05 7F 7F 02 2B 7E 7F 01
DC70H: 02 2B 7E D3 74 01 90 D5 A5 12 2B 58 40 05 7F 7F
DC80H: 02 2B 7E 02 DC FB C3 74 01 90 D5 A5 12 2B 58 40
DC90H: 05 7F 7F 02 2B 7E 80 63 C3 74 01 90 D7 B2 12 2B
DCA0H: 58 40 05 7F 7F 02 2B 7E 80 51 D3 74 01 90 D7 B2
DCB0H: 12 2B 58 40 05 7F 7F 02 2B 7E 80 3F 74 01 90 D4
DCC0H: 6A 12 2B 58 40 05 7F 7F 02 2B 7E 90 0A 9D E0 14
DCD0H: 60 12 30 37 0F 74 01 90 C4 49 12 2B 58 40 05 7F
DCE0H: 7F 02 2B 7E 90 00 22 74 01 F0 7F 23 7E 00 74 04
DCF0H: 90 93 32 12 2B 58 7F 7F 02 2B 7E 90 1C 40 E0 70
DD00H: 25 90 00 53 74 FA F0 A3 74 01 F0 A3 F0 A3 74 0A
DD10H: F0 A3 74 9C F0 7F 03 74 05 90 B3 6A 12 2B 58 40
DD20H: 05 7F 7F 02 2B 7E 74 01 90 D4 6A 12 2B 58 40 05
DD30H: 7F 7F 02 2B 7E 90 0A 9D E0 14 60 12 30 37 0F 74
DD40H: 01 90 C4 49 12 2B 58 40 05 7F 7F 02 2B 7E 7F 01
DD50H: 02 2B 7E 90 0D 7F 12 44 9C AB 07 AA 06 A9 05 74
DD60H: 01 12 44 EE 64 54 60 16 90 00 22 74 05 F0 7F 16
DD70H: 7E 00 74 04 90 93 32 12 2B 58 C3 02 2B 7E 90 16
DD80H: 7A E0 60 16 90 00 22 74 01 F0 7F 16 7E 00 74 04
DD90H: 90 93 32 12 2B 58 C3 02 2B 7E 90 13 DF 74 05 F0
DDA0H: 90 0D 7F 12 45 A6 90 0D 7C 12 44 9C 7F 05 74 04
DDB0H: 90 C8 00 12 2B 58 02 2B 7E 90 1D F2 E0 FE A3 E0
DDC0H: 54 F7 90 1D F2 CE F0 A3 EE F0 C2 6A E4 FE E0 54
DDD0H: 02 4E 70 04 C3 02 2B 7E E4 90 1D F5 FE E0 54 08
DDE0H: 4E 70 04 C3 02 2B 7E 7D 02 7E 4E 7F 7A 90 00 63
DDF0H: 12 44 9C 7F 05 74 05 90 87 05 12 2B 58 40 0C 74
DE00H: 03 90 A8 B8 12 2B 58 C3 02 2B 7E 7D 02 7E 4E 7F
DE10H: 7A 90 00 63 12 44 9C 7F 04 74 05 90 87 05 12 2B
DE20H: 58 40 04 C3 02 2B 7E 7F 10 7E 00 74 04 90 AE 88
DE30H: 12 2B 58 90 00 36 74 B5 F0 7F 05 74 05 90 B1 63
DE40H: 12 2B 58 40 0C 74 03 90 A8 B8 12 2B 58 C3 02 2B
DE50H: 7E 90 27 C8 E0 14 70 0D 90 1E FE E0 FF 74 04 90
DE60H: DF 26 12 2B 58 7D 02 7E 4E 7F 7D 90 00 55 12 44
DE70H: 9C A3 E4 F0 A3 74 03 F0 7D 01 7E 21 7F F2 74 05
DE80H: 90 A7 6E 12 2B 58 EF 4E 60 6F 7D 02 7E 4E 7F 81
DE90H: 90 00 55 12 44 9C A3 E4 F0 A3 74 03 F0 7D 01 7E
DEA0H: 21 7F F2 74 05 90 A7 6E 12 2B 58 EF 4E 60 4A 7D
DEB0H: 02 7E 4E 7F 85 90 00 55 12 44 9C A3 E4 F0 A3 74
DEC0H: 03 F0 7D 01 7E 21 7F F2 74 05 90 A7 6E 12 2B 58
DED0H: EF 4E 60 25 7D 02 7E 4E 7F 89 90 00 55 12 44 9C
DEE0H: A3 E4 F0 A3 74 03 F0 7D 01 7E 21 7F F2 74 05 90
DEF0H: A7 6E 12 2B 58 EF 4E 70 16 90 00 22 74 05 F0 7F
DF00H: F4 7E 00 74 04 90 93 32 12 2B 58 C3 02 2B 7E 90
DF10H: 1D F2 E0 FE A3 E0 44 08 90 1D F2 CE F0 A3 EE F0
DF20H: D2 6A D3 02 2B 7E 90 05 8B EF F0 90 27 C8 E0 14
DF30H: 60 04 C3 02 2B 7E 74 03 90 A8 B8 12 2B 58 40 04
DF40H: C3 02 2B 7E 7D 02 7E 4E 7F 8D 90 03 81 12 44 9C
DF50H: 90 05 8B E0 FF E4 90 03 84 F0 A3 EF F0 7D 01 7E
DF60H: 05 7F 81 74 05 90 AD D7 12 2B 58 7D 01 7E 05 7F
DF70H: 81 90 00 63 12 44 9C 7F 05 74 05 90 87 05 12 2B
DF80H: 58 40 04 C3 02 2B 7E 90 05 8B E0 90 1E FE F0 D3
DF90H: 02 2B 7E EF 64 52 70 2A 7D 02 7E 4E 7F 91 90 03
DFA0H: 81 12 44 9C 90 27 C8 E0 FF E4 90 03 84 F0 A3 EF
DFB0H: F0 90 0D 43 12 45 A6 74 05 90 AD D7 12 2B 58 02
DFC0H: E0 7B EF 64 57 60 03 02 E0 63 7D 02 7E 4E 7F 94
DFD0H: 90 00 45 12 44 9C 90 0D 43 12 45 A6 74 05 90 AB
DFE0H: 5B 12 2B 58 90 0D 43 12 45 64 74 01 12 46 21 12
DFF0H: 44 F3 60 18 90 13 DF E0 90 00 22 F0 7F 23 7E 00
E000H: 74 04 90 93 32 12 2B 58 C3 02 2B 7E 90 0D 43 12
E010H: 45 A6 74 05 90 A2 92 12 2B 58 90 0D 40 EE F0 A3
E020H: EF F0 4E 60 22 E0 14 70 06 90 0D 40 E0 60 18 90
E030H: 13 DF E0 90 00 22 F0 7F 23 7E 00 74 04 90 93 32
E040H: 12 2B 58 C3 02 2B 7E 90 0D 41 E0 90 27 C8 F0 14
E050H: 70 0A 7F 0B 74 02 90 F6 23 12 2B 58 90 12 DE E4
E060H: F0 80 18 90 13 DF E0 90 00 22 F0 7F 1E 7E 00 74
E070H: 04 90 93 32 12 2B 58 C3 02 2B 7E D3 02 2B 7E 90
E080H: 0B 46 EC F0 A3 ED F0 A3 EE F0 A3 EF F0 90 0B 42
E090H: E4 F0 A3 F0 90 0B 2E 74 3F F0 A3 74 80 F0 A3 E4
E0A0H: F0 A3 F0 90 0B 46 E0 FC A3 E0 FD A3 E0 FE A3 E0
E0B0H: FF E4 FB FA F9 F8 74 0B 12 41 08 70 33 90 0B 46
E0C0H: E0 FC A3 E0 FD A3 E0 FE A3 E0 FF EC 4D 60 04 CC
E0D0H: 64 80 CC 90 0B 46 EC F0 A3 ED F0 A3 EE F0 A3 EF
E0E0H: F0 90 0B 2E 74 BF F0 A3 74 80 F0 A3 E4 F0 A3 F0
E0F0H: 7F 83 7E F9 7D A2 7C 3F 79 01 7A 0B 7B 46 90 3C
E100H: F9 12 43 FF 90 03 B6 74 01 F0 A3 74 0B F0 A3 74
E110H: 36 F0 90 0B 46 E0 FC A3 E0 FD A3 E0 FE A3 E0 FF
E120H: 74 05 90 A3 94 12 2B 58 90 0B 3A EC F0 A3 ED F0
E130H: A3 EE F0 A3 EF F0 90 0B 36 E0 FC A3 E0 FD A3 E0
E140H: FE A3 E0 FF 12 40 7B 90 0B 44 EE F0 A3 EF F0 90
E150H: 0B 44 E0 FE A3 E0 FF 7B 04 7A 00 12 3A E5 EE 60
E160H: 03 02 E2 26 12 41 AB E2 24 00 E1 77 01 E1 A9 02
E170H: E1 D7 03 00 00 E2 26 7F 00 7E 00 7D 80 7C 3F 90
E180H: 0B 3A E0 F8 A3 E0 F9 A3 E0 FA A3 E0 FB 12 3F 76
E190H: 90 0B 3A EC F0 A3 ED F0 A3 EE F0 A3 EF F0 90 0B
E1A0H: 42 E4 F0 A3 04 F0 02 E2 26 90 0B 2E E0 FC A3 E0
E1B0H: FD A3 E0 FE A3 E0 FF EC 4D 60 04 CC 64 80 CC 90
E1C0H: 0B 2E EC F0 A3 ED F0 A3 EE F0 A3 EF F0 90 0B 42
E1D0H: E4 F0 A3 04 F0 80 4F 7F 00 7E 00 7D 80 7C 3F 90
E1E0H: 0B 3A E0 F8 A3 E0 F9 A3 E0 FA A3 E0 FB 12 3F 76
E1F0H: 90 0B 3A EC F0 A3 ED F0 A3 EE F0 A3 EF F0 90 0B
E200H: 2E E0 FC A3 E0 FD A3 E0 FE A3 E0 FF EC 4D 60 04
E210H: CC 64 80 CC 90 0B 2E EC F0 A3 ED F0 A3 EE F0 A3
E220H: EF F0 80 02 80 00 90 0B 3A E0 FC A3 E0 FD A3 E0
E230H: FE A3 E0 FF 90 0B 3A E0 F8 A3 E0 F9 A3 E0 FA A3
E240H: E0 FB 12 3C F9 90 0B 3E EC F0 A3 ED F0 A3 EE F0
E250H: A3 EF F0 90 0B 3E E0 FC A3 E0 FD A3 E0 FE A3 E0
E260H: FF 7B C1 7A 0B 79 0E 78 38 12 3C F9 7B 15 7A 30
E270H: 79 0C 78 3D 12 3F 7A 90 0B 3E E0 F8 A3 E0 F9 A3
E280H: E0 FA A3 E0 FB 12 3C F9 7B 16 7A 1C 79 78 78 C1
E290H: 12 3F 7A 90 0B 3E E0 F8 A3 E0 F9 A3 E0 FA A3 E0
E2A0H: FB 12 3C F9 7B 12 7A FF 79 83 78 44 12 3F 7A 90
E2B0H: 0B 3E E0 F8 A3 E0 F9 A3 E0 FA A3 E0 FB 12 3C F9
E2C0H: 7B D0 7A 30 79 4C 78 C6 12 3F 7A 90 0B 3A E0 F8
E2D0H: A3 E0 F9 A3 E0 FA A3 E0 FB 12 3C F9 90 0B 32 EC
E2E0H: F0 A3 ED F0 A3 EE F0 A3 EF F0 90 0B 3E E0 FC A3
E2F0H: E0 FD A3 E0 FE A3 E0 FF 7B D9 7A 80 79 1B 78 C3
E300H: 12 3F 7A 90 0B 3E E0 F8 A3 E0 F9 A3 E0 FA A3 E0
E310H: FB 12 3C F9 7B 03 7A EE 79 94 78 45 12 3F 7A 90
E320H: 0B 3E E0 F8 A3 E0 F9 A3 E0 FA A3 E0 FB 12 3C F9
E330H: 7B E8 7A FD 79 81 78 C6 12 3F 7A 79 01 7A 0B 7B
E340H: 32 90 3E 67 12 43 FF 90 0B 43 E0 14 70 04 90 0B
E350H: 42 E0 70 27 7F 00 7E 00 7D 80 7C 3F 90 0B 32 E0
E360H: F8 A3 E0 F9 A3 E0 FA A3 E0 FB 12 3E 67 90 0B 32
E370H: EC F0 A3 ED F0 A3 EE F0 A3 EF F0 90 0B 2E E0 FC
E380H: A3 E0 FD A3 E0 FE A3 E0 FF A3 E0 F8 A3 E0 F9 A3
E390H: E0 FA A3 E0 FB 12 3C F9 02 2B 7E 90 03 F6 EF F0
E3A0H: A3 E0 90 00 97 F0 90 03 F6 E0 FF 74 05 90 B3 A4
E3B0H: 12 2B 58 7E 00 12 41 6A 01 00 0B 00 E6 77 E4 13
E3C0H: E3 D6 E4 4B E4 88 E4 B6 E4 E4 E5 10 E5 3C E5 68
E3D0H: E5 8E E5 B4 E6 22 90 03 F8 12 45 64 12 44 F3 70
E3E0H: 0D 7F 30 90 03 FB 12 45 64 12 44 41 80 0B 7F 31
E3F0H: 90 03 FB 12 45 64 12 44 41 79 01 7A 03 7B FB 90
E400H: 00 01 12 47 0F 7F 00 90 03 FB 12 45 64 12 44 41
E410H: 02 E6 8F 90 03 F8 12 45 64 12 44 F3 7E 00 C0 06
E420H: C0 07 90 03 F8 12 45 A6 7B 01 7A 00 74 01 12 46
E430H: 21 8A 06 8B 07 8F 03 8E 02 8D 01 90 03 FB 12 45
E440H: A6 D0 E0 D0 04 12 43 23 02 E6 8F 90 03 F8 12 45
E450H: 64 12 44 F3 E4 90 03 F0 F0 A3 EF F0 7D 02 7E 49
E460H: 7F 02 90 03 81 12 44 9C 90 03 F0 E0 FE A3 E0 90
E470H: 03 84 CE F0 A3 EE F0 90 03 FB 12 45 A6 74 05 90
E480H: AD D7 12 2B 58 02 E6 8F 7D 02 7E 49 7F 02 90 03
E490H: 81 12 44 9C 90 03 F8 12 45 64 12 45 1A 90 03 84
E4A0H: EE F0 A3 EF F0 90 03 FB 12 45 A6 74 05 90 AD D7
E4B0H: 12 2B 58 02 E6 8F 7D 02 7E 49 7F 05 90 03 81 12
E4C0H: 44 9C 90 03 F8 12 45 64 12 45 1A 90 03 84 EE F0
E4D0H: A3 EF F0 90 03 FB 12 45 A6 74 05 90 AD D7 12 2B
E4E0H: 58 02 E6 8F 7D 02 7E 49 7F 08 90 03 81 12 44 9C
E4F0H: 90 03 F8 12 45 64 12 45 D5 90 03 84 12 44 D2 90
E500H: 03 FB 12 45 A6 74 05 90 AD D7 12 2B 58 02 E6 8F
E510H: 7D 02 7E 49 7F 0C 90 03 81 12 44 9C 90 03 F8 12
E520H: 45 64 12 45 D5 90 03 84 12 44 D2 90 03 FB 12 45
E530H: A6 74 05 90 AD D7 12 2B 58 02 E6 8F 7D 02 7E 49
E540H: 7F 10 90 03 81 12 44 9C 90 03 F8 12 45 64 12 45
E550H: D5 90 03 84 12 44 D2 90 03 FB 12 45 A6 74 05 90
E560H: AD D7 12 2B 58 02 E6 8F 90 03 EC 74 09 F0 90 03
E570H: FB 12 45 A6 90 03 ED 12 44 9C 90 03 F8 12 45 64
E580H: 12 45 D5 74 04 90 8A 35 12 2B 58 02 E6 8F 90 03
E590H: EC 74 0A F0 90 03 FB 12 45 A6 90 03 ED 12 44 9C
E5A0H: 90 03 F8 12 45 64 12 45 D5 74 04 90 8A 35 12 2B
E5B0H: 58 02 E6 8F 90 1E 23 E0 60 31 90 03 F8 12 45 64
E5C0H: 12 45 D5 90 03 F2 12 44 D2 90 03 EC 74 0B F0 90
E5D0H: 03 FB 12 45 A6 90 03 ED 12 44 9C 90 03 F2 12 45
E5E0H: F0 74 04 90 8A 35 12 2B 58 80 35 7D 01 7E 03 7F
E5F0H: F2 90 03 AD 12 44 9C 90 03 F8 12 45 A6 12 29 B7
E600H: 90 03 EC 74 09 F0 90 03 FB 12 45 A6 90 03 ED 12
E610H: 44 9C 90 03 F2 12 45 F0 74 04 90 8A 35 12 2B 58
E620H: 80 6D 90 00 EF E4 F0 A3 74 03 F0 A3 E4 F0 A3 74
E630H: 11 F0 90 03 F8 12 45 A6 74 05 90 B0 25 12 2B 58
E640H: 90 03 F2 12 44 9C 60 0D 7F 00 90 03 F2 12 45 64
E650H: 12 44 41 80 0D 7F 00 90 03 FB 12 45 64 74 10 12
E660H: 44 3C 90 03 F8 12 45 64 90 03 FB 12 45 A6 74 10
E670H: 7C 00 12 42 CF 80 18 90 03 F6 E0 90 00 22 F0 7F
E680H: 14 7E 00 74 04 90 93 32 12 2B 58 C3 02 2B 7E D3
E690H: 02 2B 7E EF 64 57 60 03 02 E9 6B 90 06 E3 E4 F0
E6A0H: 90 06 E3 E0 C3 94 0A 50 49 90 06 FE 12 45 64 12
E6B0H: 44 F3 24 14 F5 82 E4 34 67 F5 83 E4 93 54 02 60
E6C0H: 0E 90 06 FE 12 45 64 12 44 F3 54 5F FF 80 09 90
E6D0H: 06 FE 12 45 64 12 44 F3 90 06 E3 E0 24 91 F5 82
E6E0H: E4 34 52 F5 83 E4 93 6F 60 08 90 06 E3 E0 04 F0
E6F0H: 80 AE 90 06 E3 E0 C3 94 0A 40 16 90 00 22 74 01
E700H: F0 7F 16 7E 00 74 04 90 93 32 12 2B 58 C3 02 2B
E710H: 7E 79 01 7A 06 7B FE 90 00 01 12 47 0F 90 06 FE
E720H: 12 45 64 12 44 F3 64 2C 60 16 90 00 22 74 01 F0
E730H: 7F 1E 7E 00 74 04 90 93 32 12 2B 58 C3 02 2B 7E
E740H: 79 01 7A 06 7B FE 90 00 01 12 47 0F 7D 02 7E 49
E750H: 7F 3D 90 00 45 12 44 9C 90 06 FE 12 45 A6 74 05
E760H: 90 AB 5B 12 2B 58 90 06 FE 12 45 64 74 01 12 46
E770H: 21 8A 06 8B 07 89 05 AB 07 AA 06 A9 05 90 06 E6
E780H: E9 F0 A3 EA F0 A3 EB F0 12 44 F3 60 23 90 06 E6
E790H: 12 45 64 12 44 F3 64 3D 60 16 90 00 22 74 01 F0
E7A0H: 7F 23 7E 00 74 04 90 93 32 12 2B 58 C3 02 2B 7E
E7B0H: 90 06 FE 12 45 A6 74 05 90 A2 92 12 2B 58 90 06
E7C0H: E4 EE F0 A3 EF F0 EE 64 80 C3 94 80 40 26 90 06
E7D0H: E4 E0 64 80 D3 94 80 50 1B E0 FE A3 E0 90 00 94
E7E0H: CE F0 A3 EE F0 90 06 E3 E0 FF 74 05 90 B4 B2 12
E7F0H: 2B 58 40 16 90 00 22 74 01 F0 7F 23 7E 00 74 04
E800H: 90 93 32 12 2B 58 C3 02 2B 7E 90 06 E6 12 45 64
E810H: 12 44 F3 60 03 02 E8 90 90 06 E5 E0 90 00 97 F0
E820H: 90 06 E3 E0 FF 74 05 90 B4 48 12 2B 58 E4 FE 53
E830H: 07 30 EF 64 10 4E 70 16 90 00 22 74 01 F0 7F 14
E840H: 7E 00 74 04 90 93 32 12 2B 58 C3 02 2B 7E 90 06
E850H: E5 E0 90 00 9C F0 90 06 E3 E0 FF 74 05 90 B2 23
E860H: 12 2B 58 90 06 E9 12 44 9C 90 06 E5 E0 90 00 97
E870H: F0 90 06 E3 E0 FF 74 05 90 B3 A4 12 2B 58 EF 14
E880H: 70 0C 79 01 7A 06 7B E9 90 00 01 12 47 0F 80 6C
E890H: 90 06 E6 12 45 64 12 44 F3 64 3D 70 5F 79 01 7A
E8A0H: 06 7B E6 90 00 01 12 47 0F 90 06 E5 E0 90 03 D1
E8B0H: F0 90 06 E6 12 45 A6 90 03 D2 12 44 9C A3 74 01
E8C0H: F0 A3 74 06 F0 A3 74 EC F0 90 06 E3 E0 FF 74 04
E8D0H: 90 FA 91 12 2B 58 40 18 90 06 E3 E0 90 00 22 F0
E8E0H: 7F 23 7E 00 74 04 90 93 32 12 2B 58 C3 02 2B 7E
E8F0H: 7D 01 7E 06 7F EC 90 06 E9 12 44 9C 90 1C 40 E0
E900H: 60 21 90 06 E9 12 45 A6 90 05 82 12 44 9C 90 06
E910H: E5 E0 FF 74 02 90 BD FA 12 2B 58 40 04 C3 02 2B
E920H: 7E 80 41 90 06 E5 E0 90 00 99 F0 90 06 E3 E0 FF
E930H: 74 05 90 8D AF 12 2B 58 90 00 54 EF F0 90 06 E5
E940H: E0 90 00 53 F0 90 06 E9 12 45 A6 90 00 55 12 44
E950H: 9C 90 06 E3 E0 FF 74 05 90 B3 6A 12 2B 58 40 04
E960H: C3 02 2B 7E 90 12 DE E4 F0 80 16 90 00 22 74 01
E970H: F0 7F 1E 7E 00 74 04 90 93 32 12 2B 58 C3 02 2B
E980H: 7E D3 02 2B 7E 90 00 2D EF F0 90 00 0F 74 03 F0
E990H: 90 00 2C 74 01 F0 90 00 2C E0 FF A3 E0 C3 9F 40
E9A0H: 33 90 00 2C E0 14 60 0C AF 50 AE 4F 74 04 90 AE
E9B0H: 88 12 2B 58 90 00 0E 74 02 F0 AF 50 AE 4F 74 04
E9C0H: 90 AE 88 12 2B 58 90 00 0F 74 02 F0 90 00 2C E0
E9D0H: 04 F0 80 C2 90 11 0D E0 70 08 90 00 0F 74 03 F0
E9E0H: 80 0B 90 00 0F 74 02 F0 90 00 0E 14 F0 02 2B 7E
E9F0H: EF 64 30 70 0D 90 11 0D E4 F0 90 00 0F 74 03 F0
EA00H: 80 17 EF 64 31 70 12 90 11 0D 74 01 F0 90 00 0F
EA10H: 04 F0 90 00 0E 14 F0 80 00 02 2B 7E 90 00 23 EF
EA20H: F0 64 57 60 03 02 EA 9F 90 00 24 12 45 64 12 44
EA30H: F3 D3 74 30 9F 50 50 D3 EF 94 31 50 4A 90 00 24
EA40H: 12 45 64 12 44 F3 90 00 23 EF F0 79 01 7A 00 7B
EA50H: 24 90 00 01 12 47 0F 90 00 24 12 45 64 12 44 F3
EA60H: 60 16 90 00 22 74 01 F0 7F 23 7E 00 74 04 90 93
EA70H: 32 12 2B 58 C3 02 2B 7E 90 00 23 E0 FF 74 04 90
EA80H: E9 F0 12 2B 58 80 16 90 00 22 74 01 F0 7F 23 7E
EA90H: 00 74 04 90 93 32 12 2B 58 C3 02 2B 7E 80 16 90
EAA0H: 00 22 74 01 F0 7F 1E 7E 00 74 04 90 93 32 12 2B
EAB0H: 58 C3 02 2B 7E D3 02 2B 7E 90 05 67 EF F0 90 00
EAC0H: 0F 74 04 F0 90 00 0E 74 10 F0 90 05 67 E0 FF 90
EAD0H: 1C 10 E0 C3 9F 50 08 90 00 0F 74 08 F0 80 06 90
EAE0H: 00 0E 74 08 F0 90 05 67 E0 FF 7E 00 90 1C 10 E0
EAF0H: FB E4 FA EF C3 9B FF EE 9A 30 E7 07 FE C3 E4 9F
EB00H: FF E4 9E 90 05 66 EF F0 90 05 66 E0 60 10 90 00
EB10H: 0E 74 04 F0 A3 F0 90 05 66 E0 14 F0 80 EA 90 00
EB20H: 0E 74 08 F0 A3 74 10 F0 74 08 F0 90 05 67 E0 90
EB30H: 1C 10 F0 02 2B 7E 90 05 69 EF F0 7D 02 7E 47 7F
EB40H: 48 90 00 45 12 44 9C 90 05 6A 12 45 A6 74 05 90
EB50H: AB 5B 12 2B 58 90 05 6A 12 45 64 74 01 12 46 21
EB60H: 12 44 F3 60 16 90 00 22 74 01 F0 7F 23 7E 00 74
EB70H: 04 90 93 32 12 2B 58 C3 02 2B 7E 90 05 6A 12 45
EB80H: A6 74 05 90 A2 92 12 2B 58 90 05 68 EF F0 A3 E0
EB90H: FF 64 52 70 29 7D 02 7E 47 7F 53 90 03 81 12 44
EBA0H: 9C 90 1C 10 E0 FF E4 90 03 84 F0 A3 EF F0 90 05
EBB0H: 6A 12 45 A6 74 05 90 AD D7 12 2B 58 80 49 EF 64
EBC0H: 57 70 2E 90 05 68 E0 C3 94 64 40 16 90 00 22 74
EBD0H: 01 F0 7F 23 7E 00 74 04 90 93 32 12 2B 58 C3 02
EBE0H: 2B 7E 90 05 68 E0 FF 74 04 90 EA B9 12 2B 58 80
EBF0H: 16 90 00 22 74 01 F0 7F 1E 7E 00 74 04 90 93 32
EC00H: 12 2B 58 C3 02 2B 7E D3 02 2B 7E EF 64 57 70 49
EC10H: 90 00 31 12 45 A6 74 05 90 A2 92 12 2B 58 90 00
EC20H: 2E EE F0 A3 EF F0 4E 60 0B 90 00 2E E0 64 80 D3
EC30H: 94 80 40 16 90 00 22 74 01 F0 7F 23 7E 00 74 04
EC40H: 90 93 32 12 2B 58 C3 02 2B 7E 90 00 2F E0 FF 74
EC50H: 04 90 E9 85 12 2B 58 80 16 90 00 22 74 01 F0 7F
EC60H: 1E 7E 00 74 04 90 93 32 12 2B 58 C3 02 2B 7E D3
EC70H: 02 2B 7E 90 03 B6 ED F0 A3 EE F0 A3 EF F0 90 03
EC80H: B6 E0 F9 A3 E0 FA A3 E0 FB 12 44 F3 24 14 F5 82
EC90H: E4 34 67 F5 83 E4 93 54 08 60 10 90 03 B8 E0 04
ECA0H: F0 70 06 90 03 B7 E0 04 F0 80 D3 90 03 B6 E0 F9
ECB0H: A3 E0 FA A3 E0 FB 12 44 F3 64 2D 70 18 90 03 B8
ECC0H: E0 04 F0 70 06 90 03 B7 E0 04 F0 90 03 B2 74 FF
ECD0H: F0 A3 F0 80 28 90 03 B2 E4 F0 A3 04 F0 90 03 B6
ECE0H: E0 F9 A3 E0 FA A3 E0 FB 12 44 F3 64 2B 70 0E 90
ECF0H: 03 B8 E0 04 F0 70 06 90 03 B7 E0 04 F0 90 03 AA
ED00H: E4 F0 A3 F0 A3 F0 A3 F0 90 03 B6 E0 F9 A3 E0 FA
ED10H: A3 E0 FB 12 44 F3 24 14 F5 82 E4 34 67 F5 83 E4
ED20H: 93 54 04 60 70 90 03 B6 E0 F9 A3 A3 E0 FB 24 01
ED30H: F0 90 03 B7 E0 FA 34 00 F0 12 44 F3 7E 00 74 D0
ED40H: 2F FF EE 34 FF FE 33 95 E0 FD FC 12 40 B6 CC C0
ED50H: E0 ED C0 E0 EE C0 E0 EF C0 E0 EC 90 03 AA E0 FC
ED60H: A3 E0 FD A3 E0 FE A3 E0 FF 7B 00 7A 00 79 20 78
ED70H: 41 12 3C F9 F8 D0 E0 FB D0 E0 FA D0 E0 F9 D0 E0
ED80H: C8 12 3F 7A 90 03 AA EC F0 A3 ED F0 A3 EE F0 A3
ED90H: EF F0 02 ED 08 90 03 AE 74 3F F0 A3 74 80 F0 A3
EDA0H: E4 F0 A3 F0 90 03 B6 E0 F9 A3 E0 FA A3 E0 FB 12
EDB0H: 44 F3 64 2E 60 03 02 EE 5A 90 03 B6 E0 F9 A3 A3
EDC0H: E0 24 01 FB F0 90 03 B7 E0 34 00 F0 FA 12 44 F3
EDD0H: 24 14 F5 82 E4 34 67 F5 83 E4 93 54 04 60 7B 90
EDE0H: 03 B6 E0 F9 A3 E0 FA A3 E0 FB 12 44 F3 7E 00 74
EDF0H: D0 2F FF EE 34 FF FE 33 95 E0 FD FC 12 40 B6 CC
EE00H: C0 E0 ED C0 E0 EE C0 E0 EF C0 E0 EC 90 03 AA E0
EE10H: FC A3 E0 FD A3 E0 FE A3 E0 FF 7B 00 7A 00 79 20
EE20H: 78 41 12 3C F9 F8 D0 E0 FB D0 E0 FA D0 E0 F9 D0
EE30H: E0 C8 12 3F 7A 90 03 AA EC F0 A3 ED F0 A3 EE F0
EE40H: A3 EF F0 7F 00 7E 00 7D 20 7C 41 79 01 7A 03 7B
EE50H: AE 90 3C F9 12 43 FF 02 ED B9 90 03 B6 E0 F9 A3
EE60H: E0 FA A3 E0 FB 12 44 F3 24 14 F5 82 E4 34 67 F5
EE70H: 83 E4 93 54 01 60 13 90 03 B6 E0 F9 A3 E0 FA A3
EE80H: E0 FB 12 44 F3 44 20 FF 80 0E 90 03 B6 E0 F9 A3
EE90H: E0 FA A3 E0 FB 12 44 F3 EF 64 65 60 03 02 EF 29
EEA0H: 90 03 B6 E0 FD A3 A3 E0 24 01 FF F0 90 03 B7 E0
EEB0H: 34 00 F0 FE 74 05 90 A2 92 12 2B 58 90 03 B4 EE
EEC0H: F0 A3 EF F0 90 03 B4 E0 64 80 C3 94 80 50 24 7F
EED0H: 00 7E 00 7D 20 7C 41 79 01 7A 03 7B AA 90 3E 67
EEE0H: 12 43 FF 90 03 B5 E0 04 F0 70 06 90 03 B4 E0 04
EEF0H: F0 80 D1 D3 90 03 B5 E0 94 00 90 03 B4 E0 64 80
EF00H: 94 80 40 25 7F 00 7E 00 7D 20 7C 41 79 01 7A 03
EF10H: 7B AA 90 3C F9 12 43 FF 90 03 B5 E0 14 F0 04 70
EF20H: 06 90 03 B4 E0 14 F0 80 CA 90 03 B2 E0 FE A3 E0
EF30H: FF EE 33 95 E0 FD FC 12 40 B6 90 03 AA E0 F8 A3
EF40H: E0 F9 A3 E0 FA A3 E0 FB 12 3C F9 90 03 AE E0 F8
EF50H: A3 E0 F9 A3 E0 FA A3 E0 FB 12 3E 67 02 2B 7E 74
EF60H: 04 90 F2 4F 12 2B 58 7F 10 7E 00 74 04 90 AE 88
EF70H: 12 2B 58 7F 00 74 05 90 80 4C 12 2B 58 90 00 10
EF80H: 74 01 F0 00 80 FD EE 60 03 02 F0 5D EF 64 02 60
EF90H: 6B EF 64 01 60 03 02 F0 27 30 52 1E 90 07 1D E4
EFA0H: F0 A3 F0 A3 04 F0 7F 00 74 04 90 97 36 12 2B 58
EFB0H: 7F 00 74 05 90 82 4D 12 2B 58 90 15 42 E0 64 02
EFC0H: 70 32 74 02 90 89 39 12 2B 58 7D 02 7E 4C 7F AE
EFD0H: 74 02 90 85 10 12 2B 58 90 1E D7 74 0D F0 7D 01
EFE0H: 7E 0C 7F A5 74 02 90 85 E7 12 2B 58 74 02 90 87
EFF0H: AE 12 2B 58 74 04 90 EF 5F 12 2B 58 30 52 1E 90
F000H: 07 1D E4 F0 A3 F0 A3 04 F0 7F 00 74 04 90 97 36
F010H: 12 2B 58 7F 00 74 05 90 82 4D 12 2B 58 74 02 90
F020H: 83 61 12 2B 58 80 4C EF 64 03 70 31 30 52 1E 90
F030H: 07 1D E4 F0 A3 F0 A3 04 F0 7F 00 74 04 90 97 36
F040H: 12 2B 58 7F 00 74 05 90 82 4D 12 2B 58 74 02 90
F050H: 83 61 12 2B 58 74 04 90 EF 5F 12 2B 58 90 00 22
F060H: 74 01 F0 7F 23 7E 00 74 04 90 93 32 12 2B 58 C3
F070H: 02 2B 7E D3 02 2B 7E EF 64 57 60 03 02 F1 C0 7D
F080H: 02 7E 4C 7F B3 90 00 45 12 44 9C 90 0C AD 12 45
F090H: A6 74 05 90 AB 5B 12 2B 58 90 0C AD 12 45 64 74
F0A0H: 01 12 46 21 12 44 F3 60 16 90 00 22 74 01 F0 7F
F0B0H: 23 7E 00 74 04 90 93 32 12 2B 58 C3 02 2B 7E 90
F0C0H: 0C AD 12 45 A6 74 05 90 A2 92 12 2B 58 90 13 E1
F0D0H: EE F0 A3 EF F0 C2 52 79 01 7A 0C 7B AD 90 00 01
F0E0H: 12 47 0F 90 0C AD 12 45 64 12 44 F3 64 3A 70 62
F0F0H: 79 01 7A 0C 7B AD 90 00 01 12 47 0F 90 0C AD 12
F100H: 45 A6 74 05 90 A2 92 12 2B 58 90 0C AA EE F0 A3
F110H: EF F0 EE 33 95 E0 FD FC 12 40 B6 7B 9C 7A 53 79
F120H: C9 78 3B 12 3E 67 12 40 7B 90 16 78 EE F0 A3 EF
F130H: F0 90 16 78 E0 FE A3 E0 90 00 28 CE F0 A3 EE F0
F140H: 7F 09 12 31 E4 90 13 E3 E4 F0 90 13 E4 F0 D3 02
F150H: 2B 7E 90 13 E1 E0 FE A3 E0 FF EE 70 3A D3 74 01
F160H: 9F 50 34 D3 EF 94 03 50 2E 90 13 E2 E0 64 02 70
F170H: 06 90 13 E1 E0 60 1E 90 07 1D E4 F0 A3 F0 A3 04
F180H: F0 7F 00 74 04 90 97 36 12 2B 58 7F 00 74 05 90
F190H: 82 4D 12 2B 58 80 16 90 00 22 74 01 F0 7F 23 7E
F1A0H: 00 74 04 90 93 32 12 2B 58 C3 02 2B 7E 90 13 E1
F1B0H: E0 FE A3 E0 FF 74 04 90 EF 86 12 2B 58 02 2B 7E
F1C0H: 90 00 22 74 01 F0 7F 14 7E 00 74 04 90 93 32 12
F1D0H: 2B 58 C3 02 2B 7E EF 64 57 70 40 90 02 1D 12 45
F1E0H: 64 12 44 F3 64 30 70 0A 74 02 90 83 61 12 2B 58
F1F0H: 80 25 EF 64 31 70 0A 74 02 90 82 B9 12 2B 58 80
F200H: 16 90 00 22 74 01 F0 7F 23 7E 00 74 04 90 93 32
F210H: 12 2B 58 C3 02 2B 7E D3 02 2B 7E 90 00 22 74 01
F220H: F0 7F 1E 7E 00 74 04 90 93 32 12 2B 58 C3 02 2B
F230H: 7E 50 08 90 00 0E 74 20 F0 80 06 90 00 0F 74 20
F240H: F0 02 2B 7E C2 7A 90 00 16 74 01 F0 02 2B 7E D2
F250H: 7A 90 00 16 E4 F0 02 2B 7E EF 64 52 70 57 30 79
F260H: 16 90 00 22 74 01 F0 7F 28 7E 00 74 04 90 93 32
F270H: 12 2B 58 C3 02 2B 7E 74 05 90 B1 C7 12 2B 58 90
F280H: 1A 7B EE F0 A3 EF F0 7D 02 7E 4E 7F 9F 90 03 81
F290H: 12 44 9C 90 1A 7B E0 FE A3 E0 90 03 84 CE F0 A3
F2A0H: EE F0 90 0D 47 12 45 A6 74 05 90 AD D7 12 2B 58
F2B0H: D2 79 02 F3 56 EF 64 57 60 03 02 F3 40 20 79 1E
F2C0H: 74 04 90 F2 4F 12 2B 58 90 00 22 74 01 F0 7F 28
F2D0H: 7E 00 74 04 90 93 32 12 2B 58 C3 02 2B 7E C2 79
F2E0H: 90 0D 47 12 45 A6 74 05 90 A2 92 12 2B 58 90 1A
F2F0H: 7B E0 A3 FA E0 24 AD FB E4 3A FA EB 75 F0 0B A4
F300H: CA AB F0 75 F0 0B A4 2B CA 24 F4 FB EA 34 FC FA
F310H: EF 6B 70 04 EE 6A 60 1E 74 04 90 F2 4F 12 2B 58
F320H: 90 00 22 74 01 F0 7F 28 7E 00 74 04 90 93 32 12
F330H: 2B 58 C3 02 2B 7E 74 04 90 F2 44 12 2B 58 80 16
F340H: 90 00 22 74 01 F0 7F 1E 7E 00 74 04 90 93 32 12
F350H: 2B 58 C3 02 2B 7E D3 02 2B 7E EF 64 52 70 72 30
F360H: 7B 16 90 00 22 74 01 F0 7F 28 7E 00 74 04 90 93
F370H: 32 12 2B 58 C3 02 2B 7E 30 78 18 C2 78 E5 8A FF
F380H: 7E 00 8F 06 E4 25 8C FF E4 3E FE 74 05 90 B5 2B
F390H: 12 2B 58 74 05 90 B1 C7 12 2B 58 90 1A 7D EE F0
F3A0H: A3 EF F0 7D 02 7E 4E 7F 9F 90 03 81 12 44 9C 90
F3B0H: 1A 7D E0 FE A3 E0 90 03 84 CE F0 A3 EE F0 90 0D
F3C0H: 51 12 45 A6 74 05 90 AD D7 12 2B 58 D2 7B 02 F4
F3D0H: 79 EF 64 57 60 03 02 F4 63 20 7B 20 D2 7C 74 04
F3E0H: 90 F2 4F 12 2B 58 90 00 22 74 01 F0 7F 28 7E 00
F3F0H: 74 04 90 93 32 12 2B 58 C3 02 2B 7E C2 7B 90 0D
F400H: 51 12 45 A6 74 05 90 A2 92 12 2B 58 90 1A 7D E0
F410H: A3 FA E0 24 AB FB E4 3A FA EB 75 F0 0D A4 CA AB
F420H: F0 75 F0 0D A4 2B CA 24 F4 FB EA 34 FC FA EF 6B
F430H: 70 04 EE 6A 60 20 D2 7C 74 04 90 F2 4F 12 2B 58
F440H: 90 00 22 74 01 F0 7F 28 7E 00 74 04 90 93 32 12
F450H: 2B 58 C3 02 2B 7E C2 7C C3 74 04 90 84 84 12 2B
F460H: 58 80 16 90 00 22 74 01 F0 7F 1E 7E 00 74 04 90
F470H: 93 32 12 2B 58 C3 02 2B 7E D3 02 2B 7E EF 64 57
F480H: 70 38 90 0D 4B 12 45 64 12 44 F3 60 15 74 04 90
F490H: F2 4F 12 2B 58 D3 74 04 90 84 84 12 2B 58 D2 7C
F4A0H: 80 16 90 00 22 74 01 F0 7F 23 7E 00 74 04 90 93
F4B0H: 32 12 2B 58 C3 02 2B 7E 80 16 90 00 22 74 01 F0
F4C0H: 7F 1E 7E 00 74 04 90 93 32 12 2B 58 C3 02 2B 7E
F4D0H: D3 02 2B 7E EF 64 57 70 2D 90 02 9B 12 45 64 12
F4E0H: 44 F3 60 0A 74 04 90 F2 4F 12 2B 58 80 16 90 00
F4F0H: 22 74 01 F0 7F 23 7E 00 74 04 90 93 32 12 2B 58
F500H: C3 02 2B 7E 80 16 90 00 22 74 01 F0 7F 1E 7E 00
F510H: 74 04 90 93 32 12 2B 58 C3 02 2B 7E D3 02 2B 7E
F520H: 90 0D 58 EF F0 A3 E0 90 00 97 F0 90 0D 58 E0 FF
F530H: 74 05 90 B3 A4 12 2B 58 EF 14 60 16 90 00 22 74
F540H: 01 F0 7F 14 7E 00 74 04 90 93 32 12 2B 58 C3 02
F550H: 2B 7E 90 0D 59 E0 90 00 9C F0 90 0D 58 E0 FF 74
F560H: 05 90 B2 23 12 2B 58 90 0D 55 12 44 9C 70 16 90
F570H: 00 22 74 01 F0 7F 14 7E 00 74 04 90 93 32 12 2B
F580H: 58 C3 02 2B 7E 90 0D 59 E0 90 00 99 F0 90 0D 58
F590H: E0 FF 74 05 90 8D AF 12 2B 58 78 33 A6 07 78 31
F5A0H: 76 00 D2 3A 90 0D 55 12 45 A6 7B 01 7A 00 74 01
F5B0H: 12 46 21 8A 06 8B 07 78 34 12 44 8B D2 76 90 00
F5C0H: B0 74 2A F0 7F 00 74 03 90 97 69 12 2B 58 40 04
F5D0H: C3 02 2B 7E 7D 00 7E 00 7F 32 90 00 B3 12 44 9C
F5E0H: 7F 00 74 03 90 9A 2D 12 2B 58 40 02 C2 3A 78 32
F5F0H: E6 64 0D 60 DF 78 32 E6 64 0A 70 03 20 3A D5 20
F600H: 3A 03 02 F7 EB 90 1E D8 E0 78 32 66 70 10 78 31
F610H: 86 07 90 0D 55 12 45 64 12 44 41 02 F7 EB 78 32
F620H: E6 24 14 F5 82 E4 34 67 F5 83 E4 93 54 44 70 19
F630H: 90 0D 58 E0 90 00 22 F0 7F 23 7E 00 74 04 90 93
F640H: 32 12 2B 58 C2 3A 02 F7 EB 78 32 E6 24 14 F5 82
F650H: E4 34 67 F5 83 E4 93 54 02 60 08 78 32 E6 54 5F
F660H: FF 80 04 78 32 86 07 EF C3 94 3A 40 2C 78 32 E6
F670H: 24 14 F5 82 E4 34 67 F5 83 E4 93 54 02 60 0A 78
F680H: 32 E6 54 5F FF 7E 00 80 06 78 32 E6 FF 7E 00 74
F690H: C9 2F FF EE 34 FF FE 80 2A 78 32 E6 24 14 F5 82
F6A0H: E4 34 67 F5 83 E4 93 54 02 60 0A 78 32 E6 54 5F
F6B0H: FF 7E 00 80 06 78 32 E6 FF 7E 00 74 D0 2F FF EE
F6C0H: 34 FF FE EF 54 0F C4 FF 78 34 12 45 54 12 44 41
F6D0H: 7D 00 7E 00 7F 32 90 00 B3 12 44 9C 7F 00 74 03
F6E0H: 90 9A 2D 12 2B 58 40 02 C2 3A 78 32 E6 64 0D 60
F6F0H: DF 78 32 E6 64 0A 70 03 20 3A D5 20 3A 03 02 F7
F700H: EB 78 32 E6 24 14 F5 82 E4 34 67 F5 83 E4 93 54
F710H: 44 70 19 90 0D 58 E0 90 00 22 F0 7F 23 7E 00 74
F720H: 04 90 93 32 12 2B 58 C2 3A 02 F7 EB 78 32 E6 24
F730H: 14 F5 82 E4 34 67 F5 83 E4 93 54 02 60 08 78 32
F740H: E6 54 5F FF 80 04 78 32 86 07 EF C3 94 3A 40 2C
F750H: 78 32 E6 24 14 F5 82 E4 34 67 F5 83 E4 93 54 02
F760H: 60 0A 78 32 E6 54 5F FF 7E 00 80 06 78 32 E6 FF
F770H: 7E 00 74 C9 2F FF EE 34 FF FE 80 2A 78 32 E6 24
F780H: 14 F5 82 E4 34 67 F5 83 E4 93 54 02 60 0A 78 32
F790H: E6 54 5F FF 7E 00 80 06 78 32 E6 FF 7E 00 74 D0
F7A0H: 2F FF EE 34 FF FE C0 07 78 34 12 45 54 12 44 F3
F7B0H: D0 E0 2F FF 78 34 12 45 54 12 44 41 78 36 06 E6
F7C0H: 18 70 01 06 78 31 06 78 31 E6 D3 78 33 96 40 18
F7D0H: 90 0D 58 E0 90 00 22 F0 7F DA 7E 00 74 04 90 93
F7E0H: 32 12 2B 58 C2 3A 80 03 02 F5 D4 C2 76 A2 3A 02
F7F0H: 2B 7E E5 74 7E 00 90 0D 55 F0 12 33 59 E5 74 7E
F800H: 00 FF 90 0D 55 E0 FB 7A 00 EF 6B 70 02 EE 6A 70
F810H: E1 E4 FE E5 75 FF 90 0D 55 E0 FB 7A 00 8B 02 E4
F820H: 2F FF EE 3A A3 F0 A3 FE EF F0 EE 02 2B 7E 74 04
F830H: 90 F7 F2 12 2B 58 90 0D 58 EE F0 A3 EF F0 C3 90
F840H: 1E 28 E0 9F 90 1E 27 E0 9E 50 17 90 1E 27 E0 FE
F850H: A3 E0 FF C3 90 0D 59 E0 9F F0 90 0D 58 E0 9E F0
F860H: 80 15 90 1E 27 E0 FE A3 E0 FF C3 90 0D 59 E0 9F
F870H: F0 90 0D 58 E0 9E F0 90 0D 58 E0 FE A3 E0 FF C3
F880H: 90 1E 30 E0 9F 90 1E 2F E0 9E 40 1D 90 0D 58 E0
F890H: FE A3 E0 FF 90 1E 30 E0 C3 9F FF 90 1E 2F E0 9E
F8A0H: 90 0D 58 F0 A3 EF F0 80 07 90 0D 58 E4 F0 A3 F0
F8B0H: 90 0D 58 E0 FE A3 E0 FF 02 2B 7E 74 04 90 F7 F2
F8C0H: 12 2B 58 90 0D 58 EE F0 A3 EF F0 C3 90 1E 28 E0
F8D0H: 9F 90 1E 27 E0 9E 50 17 90 1E 27 E0 FE A3 E0 FF
F8E0H: C3 90 0D 59 E0 9F F0 90 0D 58 E0 9E F0 80 15 90
F8F0H: 1E 27 E0 FE A3 E0 FF C3 90 0D 59 E0 9F F0 90 0D
F900H: 58 E0 9E F0 90 0D 58 E0 FE A3 E0 FF 02 2B 7E 90
F910H: 0E A0 EE F0 A3 EF F0 75 F0 0A A4 CE AF F0 75 F0
F920H: 0A A4 2F CE 90 0E A0 FF EE F0 A3 EF F0 7B 34 7A
F930H: 00 12 3A FC 90 0E A0 EE F0 A3 EF F0 02 2B 7E 74
F940H: 04 90 F8 2E 12 2B 58 90 0D 5A EE F0 A3 EF F0 C3
F950H: 90 1E 2A E0 9F 90 1E 29 E0 9E 40 04 D3 02 2B 7E
F960H: C3 02 2B 7E 74 04 90 F8 2E 12 2B 58 90 0D 5A EE
F970H: F0 A3 EF F0 C3 90 1E 2C E0 9F 90 1E 2B E0 9E 40
F980H: 04 D3 02 2B 7E C3 02 2B 7E 74 04 90 F8 2E 12 2B
F990H: 58 90 0D 5A EE F0 A3 EF F0 C3 90 1E 2E E0 9F 90
F9A0H: 1E 2D E0 9E 40 04 D3 02 2B 7E C3 02 2B 7E 74 04
F9B0H: 90 F8 BB 12 2B 58 90 0D 5A EE F0 A3 EF F0 D3 90
F9C0H: 1E 30 E0 9F 90 1E 2F E0 9E 50 04 D3 02 2B 7E C3
F9D0H: 02 2B 7E 90 0D 5A EE F0 A3 EF F0 74 04 90 F7 F2
F9E0H: 12 2B 58 90 0D 58 EE F0 A3 EF F0 A3 E0 FA A3 E0
F9F0H: FB EF C3 9B FF EE 9A FE E4 FD FC 12 40 C1 90 16
FA00H: 74 E0 F8 A3 E0 F9 A3 E0 FA A3 E0 FB 74 03 12 41
FA10H: 08 70 04 D3 02 2B 7E C3 02 2B 7E 30 4F 08 90 0D
FA20H: 55 74 01 F0 80 05 90 0D 55 E4 F0 30 69 07 90 0D
FA30H: 55 E0 44 04 F0 30 50 07 90 0D 55 E0 44 08 F0 90
FA40H: 1E 5F E0 60 0D 90 1E 5E E0 60 07 90 0D 55 E0 44
FA50H: 40 F0 90 0D 55 E0 FF E4 FE FD FC 90 1E 35 12 44
FA60H: D2 02 2B 7E 90 1E 27 E0 A3 FE E0 FF 90 1E 30 E0
FA70H: 2F FF 90 1E 2F E0 3E FE E4 FD FC 7B 00 7A 00 79
FA80H: 01 78 00 12 3C 1E 90 1E 27 EE F0 A3 EF F0 02 2B
FA90H: 7E 90 03 D0 EF F0 A3 E0 90 00 97 F0 90 03 D0 E0
FAA0H: FF 74 05 90 B3 A4 12 2B 58 7E 00 12 41 6A 01 00
FAB0H: 0C 00 FD 09 FA CE FA E3 FB 26 FB 6D FB 87 FB C1
FAC0H: FB A1 FB E1 FB FB FC 1E FC 41 FC 79 FC B9 90 00
FAD0H: 22 74 01 F0 7F DB 7E 00 74 04 90 93 32 12 2B 58
FAE0H: 02 FD 21 90 03 D2 12 45 64 12 44 F3 64 30 70 0D
FAF0H: 7F 00 90 03 D5 12 45 64 12 44 41 80 26 EF 64 31
FB00H: 70 0D 7F 01 90 03 D5 12 45 64 12 44 41 80 14 90
FB10H: 00 22 74 23 F0 7F 01 7E 00 74 04 90 93 32 12 2B
FB20H: 58 80 00 02 FD 21 90 03 D2 12 45 A6 74 05 90 A2
FB30H: 92 12 2B 58 90 03 CD EE F0 A3 EF F0 EE D3 94 00
FB40H: 50 10 90 03 CE E0 FF 90 03 D5 12 45 64 12 44 41
FB50H: 80 18 90 03 D0 E0 90 00 22 F0 7F 23 7E 00 74 04
FB60H: 90 93 32 12 2B 58 C3 02 2B 7E 02 FD 21 90 03 D2
FB70H: 12 45 A6 74 05 90 A2 92 12 2B 58 90 03 D5 12 45
FB80H: 64 12 44 5E 02 FD 21 90 03 D2 12 45 A6 74 05 90
FB90H: A2 92 12 2B 58 90 03 D5 12 45 64 12 44 5E 02 FD
FBA0H: 21 90 03 D2 12 45 A6 74 05 90 A2 92 12 2B 58 EE
FBB0H: 33 95 E0 FD FC 90 03 D5 12 45 64 12 44 B7 02 FD
FBC0H: 21 90 03 D2 12 45 A6 74 05 90 A2 92 12 2B 58 EE
FBD0H: 33 95 E0 FD FC 90 03 D5 12 45 64 12 44 B7 02 FD
FBE0H: 21 90 03 D2 12 45 A6 74 04 90 EC 73 12 2B 58 90
FBF0H: 03 D5 12 45 64 12 44 B7 02 FD 21 90 03 C9 74 09
FC00H: F0 90 03 D5 12 45 A6 90 03 CA 12 44 9C 90 03 D2
FC10H: 12 45 A6 74 04 90 88 8D 12 2B 58 02 FD 21 90 03
FC20H: C9 74 0A F0 90 03 D5 12 45 A6 90 03 CA 12 44 9C
FC30H: 90 03 D2 12 45 A6 74 04 90 88 8D 12 2B 58 02 FD
FC40H: 21 90 03 C9 74 09 F0 90 03 D5 12 45 A6 90 03 CA
FC50H: 12 44 9C 90 03 D2 12 45 A6 74 04 90 88 8D 12 2B
FC60H: 58 90 03 D5 12 45 A6 90 03 AD 12 44 9C 90 03 D5
FC70H: 12 45 A6 12 2A 1A 02 FD 21 90 03 D2 12 45 A6 74
FC80H: 05 90 B2 7C 12 2B 58 C3 EF 94 11 EE 94 00 40 18
FC90H: 90 03 D0 E0 90 00 22 F0 7F 23 7E 00 74 04 90 93
FCA0H: 32 12 2B 58 C3 02 2B 7E 90 03 D2 12 45 64 90 03
FCB0H: D5 12 45 A6 12 42 8F 80 68 90 03 D5 12 45 A6 90
FCC0H: 03 CD 12 44 9C 90 FD 06 C0 82 C0 83 78 04 C0 00
FCD0H: 8E 83 8F 82 74 01 93 C0 E0 E4 93 C0 E0 C0 05 74
FCE0H: 03 93 C0 E0 74 02 93 C0 E0 90 03 D2 E0 FD A3 E0
FCF0H: FE A3 E0 D0 83 D0 82 A3 FF ED F0 A3 EE F0 A3 EF
FD00H: F0 7F 57 02 2B 7E 02 2B 7E 90 03 D0 E0 90 00 22
FD10H: F0 7F DB 7E 00 74 04 90 93 32 12 2B 58 C3 02 2B
FD20H: 7E D3 02 2B 7E 90 0C 12 12 44 9C 90 0C 0A E4 F0
FD30H: A3 F0 A3 F0 A3 F0 90 0C 12 12 45 A6 90 0C 0E 12
FD40H: 44 9C 90 0C 12 12 45 A6 74 05 90 A2 92 12 2B 58
FD50H: 90 0C 0C EE F0 A3 EF F0 90 0C 13 E0 FF A3 E0 4F
FD60H: 60 37 C3 90 0C 0D E0 94 01 90 0C 0C E0 64 80 94
FD70H: 80 40 0F D3 A3 E0 94 04 90 0C 0C E0 64 80 94 80
FD80H: 40 17 90 00 22 74 01 F0 7F 23 7E 00 74 04 90 93
FD90H: 32 12 2B 58 7F 7F 02 2B 7E 90 0C 13 E0 FF A3 E0
FDA0H: 4F 70 17 90 00 22 74 01 F0 7F 23 7E 00 74 04 90
FDB0H: 93 32 12 2B 58 7F 7F 02 2B 7E 7F 02 74 05 90 AC
FDC0H: 03 12 2B 58 50 08 74 03 90 B2 10 12 2B 58 7F 03
FDD0H: 74 05 90 AC 03 12 2B 58 50 08 74 01 90 C4 9E 12
FDE0H: 2B 58 7F 04 74 05 90 AC 03 12 2B 58 50 08 74 03
FDF0H: 90 A8 B8 12 2B 58 D3 74 04 90 84 84 12 2B 58 90
FE00H: 1E 22 E4 F0 C2 51 90 1E 23 F0 90 0C 0D E0 64 02
FE10H: 70 09 90 0C 0C E0 70 03 02 FE 98 7D 01 7E 0C 7F
FE20H: 11 90 07 15 12 44 9C A3 74 01 F0 A3 74 0C F0 A3
FE30H: 74 11 F0 A3 74 01 F0 A3 74 0C F0 A3 74 0B F0 A3
FE40H: 74 01 F0 A3 74 0C F0 A3 74 0A F0 90 0C 0E 12 45
FE50H: A6 74 03 90 86 A7 12 2B 58 40 17 90 00 22 74 01
FE60H: F0 7F 23 7E 00 74 04 90 93 32 12 2B 58 7F 7F 02
FE70H: 2B 7E 90 0C 0A E0 FF 74 03 90 89 B0 12 2B 58 40
FE80H: 17 90 00 22 74 01 F0 7F 23 7E 00 74 04 90 93 32
FE90H: 12 2B 58 7F 7F 02 2B 7E 90 0C 12 12 45 64 12 44
FEA0H: F3 12 41 AB FE B4 31 FE C4 32 FE FD 33 FF 0E 34
FEB0H: 00 00 FF 6F 90 1E D8 74 04 F0 D2 66 90 0C 0A E4
FEC0H: F0 02 FF 6F 90 15 42 E0 64 02 70 26 74 02 90 84
FED0H: 0E 12 2B 58 40 05 7F 7F 02 2B 7E 90 1E D8 74 04
FEE0H: F0 90 1E AA 74 01 F0 C3 74 04 90 84 84 12 2B 58
FEF0H: 80 08 90 1E D8 74 3E F0 C2 66 02 FF 6F 90 1E D8
FF00H: 74 04 F0 D2 51 D2 66 90 0C 0A E4 F0 80 61 90 0C
FF10H: 0A E4 F0 30 7C 0D E4 90 1C 2D FE E0 54 02 64 02
FF20H: 4E 70 33 90 1E D8 74 04 F0 D2 51 D2 66 90 15 42
FF30H: E0 64 02 70 0F 74 02 90 83 A1 12 2B 58 40 05 7F
FF40H: 7F 02 2B 7E 90 1E 22 74 01 F0 90 1E 66 74 43 F0
FF50H: 90 1E 67 F0 80 17 90 00 22 74 01 F0 7F 23 7E 00
FF60H: 74 04 90 93 32 12 2B 58 7F 7F 02 2B 7E 80 00 79
FF70H: 01 7A 1C 7B 2E D3 12 46 3C 70 08 90 1C 2E E4 F0
FF80H: A3 04 F0 90 0C 12 12 45 A6 74 05 90 A2 92 12 2B
FF90H: 58 90 07 0C EF F0 90 0C 0B E0 90 07 0D F0 7F 11
FFA0H: 74 03 90 80 00 12 2B 58 40 05 7F 7F 02 2B 7E 7F
FFB0H: 01 02 2B 7E 90 0A F1 EC F0 A3 ED F0 A3 EE F0 A3
FFC0H: EF F0 E4 FB FA F9 F8 74 03 12 41 08 70 10 90 0A
FFD0H: F1 E0 FC A3 E0 FD A3 E0 FE A3 E0 FF 80 16 90 0A
FFE0H: F1 E0 FC A3 E0 FD A3 E0 FE A3 E0 FF EC 4D 60 04
FFF0H: CC 64 80 CC 02 2B 7E 00 00 00 00 00 00 00 00 00
Bank # 

8000H: 90 00 AA EF F0 60 0C D3 74 07 9F 50 18 D3 EF 94
8010H: 09 50 12 90 00 AA E0 24 7D F5 82 E4 34 1B F5 83
8020H: E0 FF 02 2B 7E 7F FF 02 2B 7E 90 0D 55 EF F0 D3
8030H: EF 94 01 50 12 90 0D 55 E0 24 7B F5 82 E4 34 1B
8040H: F5 83 E0 FF 02 2B 7E 7F FF 02 2B 7E 90 00 AA EF
8050H: F0 7E 00 12 41 6A 00 00 0E 00 82 2B 80 7A 80 96
8060H: 80 B4 80 D3 80 F0 81 0E 81 2D 81 4C 81 69 81 85
8070H: 81 A2 81 BF 81 DB 81 F5 82 11 90 1E D4 74 02 F0
8080H: 90 1E D5 04 F0 90 00 17 E4 F0 A3 F0 A3 F0 A3 F0
8090H: A3 04 F0 02 82 41 90 1E D4 E4 F0 90 1E D5 74 03
80A0H: F0 90 00 17 74 01 F0 A3 14 F0 A3 F0 A3 F0 A3 04
80B0H: F0 02 82 41 90 1E D4 74 01 F0 90 1E D5 74 03 F0
80C0H: 90 00 17 E4 F0 A3 04 F0 A3 14 F0 A3 F0 A3 04 F0
80D0H: 02 82 41 90 1E D4 E4 F0 90 1E D5 74 02 F0 90 00
80E0H: 17 14 F0 A3 F0 A3 14 F0 A3 F0 A3 04 F0 02 82 41
80F0H: 90 1E D4 74 02 F0 90 1E D5 04 F0 90 00 17 E4 F0
8100H: A3 F0 A3 04 F0 A3 14 F0 A3 04 F0 02 82 41 90 1E
8110H: D4 74 01 F0 90 1E D5 04 F0 90 00 17 14 F0 A3 14
8120H: F0 A3 04 F0 A3 14 F0 A3 04 F0 02 82 41 90 1E D4
8130H: 74 01 F0 90 1E D5 74 03 F0 90 00 17 E4 F0 A3 04
8140H: F0 A3 F0 A3 14 F0 A3 04 F0 02 82 41 90 1E D4 74
8150H: 02 F0 90 1E D5 E4 F0 90 00 17 04 F0 A3 F0 A3 F0
8160H: A3 14 F0 A3 04 F0 02 82 41 90 1E D4 74 02 F0 90
8170H: 1E D5 14 F0 90 00 17 14 F0 A3 F0 A3 F0 A3 04 F0
8180H: A3 F0 02 82 41 90 1E D4 E4 F0 90 1E D5 74 02 F0
8190H: 90 00 17 14 F0 A3 14 F0 A3 F0 A3 04 F0 A3 F0 02
81A0H: 82 41 90 1E D4 E4 F0 90 1E D5 04 F0 90 00 17 14
81B0H: F0 A3 04 F0 A3 14 F0 A3 04 F0 A3 F0 02 82 41 90
81C0H: 1E D4 74 02 F0 90 1E D5 E4 F0 90 00 17 04 F0 A3
81D0H: F0 A3 14 F0 A3 04 F0 A3 F0 80 66 90 1E D4 74 02
81E0H: F0 90 1E D5 E4 F0 90 00 17 F0 A3 F0 A3 04 F0 A3
81F0H: F0 A3 F0 80 4C 90 1E D4 74 01 F0 90 1E D5 04 F0
8200H: 90 00 17 14 F0 A3 14 F0 A3 04 F0 A3 F0 A3 F0 80
8210H: 30 90 1E D4 74 01 F0 90 1E D5 14 F0 90 00 17 F0
8220H: A3 04 F0 A3 F0 A3 F0 A3 F0 80 16 90 00 22 74 01
8230H: F0 7F 23 7E 00 74 04 90 93 32 12 2B 58 C3 02 2B
8240H: 7E 90 00 AA E0 90 15 69 F0 D3 02 2B 7E 90 07 0B
8250H: EF F0 90 00 B0 74 FF F0 90 07 0B E0 FF 74 03 90
8260H: 97 69 12 2B 58 40 04 C3 02 2B 7E D3 02 2B 7E 90
8270H: 0E 82 12 44 9C 20 49 0F 90 12 DE E4 F0 90 11 DE
8280H: F0 D2 4A C3 02 2B 7E 90 12 DE E4 F0 C2 4A C2 49
8290H: D2 3C 90 0E 82 12 45 A6 74 05 90 B2 7C 12 2B 58
82A0H: C3 EF 94 02 EE 94 00 50 23 90 0E 82 12 45 64 12
82B0H: 44 F3 64 3F 60 16 90 00 22 74 01 F0 7F 1E 7E 00
82C0H: 74 04 90 93 32 12 2B 58 C3 02 2B 7E 90 0E 82 12
82D0H: 45 64 12 44 F3 24 14 F5 82 E4 34 67 F5 83 E4 93
82E0H: 54 02 60 0E 90 0E 82 12 45 64 12 44 F3 54 5F FF
82F0H: 80 09 90 0E 82 12 45 64 12 44 F3 90 0E 82 12 45
8300H: 64 12 44 41 90 0E 82 12 45 64 74 01 12 44 EE 24
8310H: 14 F5 82 E4 34 67 F5 83 E4 93 54 02 60 10 90 0E
8320H: 82 12 45 64 74 01 12 44 EE 54 5F FF 80 0B 90 0E
8330H: 82 12 45 64 74 01 12 44 EE 90 0E 82 12 45 64 74
8340H: 01 12 44 3C 90 0E 82 12 45 64 74 01 12 44 EE 90
8350H: 52 98 E4 93 6F 70 13 90 0E 82 12 45 A6 74 02 90
8360H: 96 41 12 2B 58 92 3C 02 84 D5 90 0E 82 12 45 64
8370H: 74 01 12 44 EE 90 52 95 E4 93 6F 70 13 90 0E 82
8380H: 12 45 A6 74 03 90 A3 82 12 2B 58 92 3C 02 84 D5
8390H: 90 0E 82 12 45 64 74 01 12 44 EE 90 52 96 E4 93
83A0H: 6F 70 13 90 0E 82 12 45 A6 74 04 90 DD 53 12 2B
83B0H: 58 92 3C 02 84 D5 90 0E 82 12 45 64 74 01 12 44
83C0H: EE 90 52 93 E4 93 6F 70 13 90 0E 82 12 45 A6 74
83D0H: 03 90 AB F9 12 2B 58 92 3C 02 84 D5 90 0E 82 12
83E0H: 45 64 74 01 12 44 EE 90 52 94 E4 93 6F 70 13 90
83F0H: 0E 82 12 45 A6 74 01 90 C3 C4 12 2B 58 92 3C 02
8400H: 84 D5 90 0E 82 12 45 64 74 01 12 44 EE 90 52 92
8410H: E4 93 6F 70 47 90 0E 82 12 45 64 7D 02 7E 47 7F
8420H: 98 12 41 D1 60 11 90 0E 82 12 45 64 7D 02 7E 47
8430H: 7F 9D 12 41 D1 70 12 90 0E 82 12 45 A6 74 05 90
8440H: 9A 79 12 2B 58 92 3C 80 10 90 0E 82 12 45 A6 74
8450H: 03 90 80 19 12 2B 58 92 3C 02 84 D5 90 0E 82 12
8460H: 45 64 74 01 12 44 EE 90 52 97 E4 93 6F 70 12 90
8470H: 0E 82 12 45 A6 74 04 90 82 BF 12 2B 58 92 3C 80
8480H: 54 90 0E 82 12 45 64 74 01 12 44 EE 64 23 70 12
8490H: 90 0E 82 12 45 A6 74 05 90 9A 79 12 2B 58 92 3C
84A0H: 80 33 90 0E 82 12 45 64 12 44 F3 64 3F 70 12 90
84B0H: 0E 82 12 45 A6 74 03 90 80 19 12 2B 58 92 3C 80
84C0H: 14 90 00 22 74 01 F0 7F 16 7E 00 74 04 90 93 32
84D0H: 12 2B 58 C2 3C A2 3C 02 2B 7E EF 64 57 60 03 02
84E0H: 86 EB 90 06 A9 12 45 A6 74 05 90 A2 92 12 2B 58
84F0H: 90 06 A6 EE F0 A3 EF F0 54 01 60 10 90 1D F5 E0
8500H: 54 01 60 08 74 03 90 B2 32 12 2B 58 90 06 A7 E0
8510H: 54 04 60 10 90 1D F5 E0 54 04 60 08 74 01 90 DE
8520H: C3 12 2B 58 90 06 A7 E0 54 02 60 10 90 1D F5 E0
8530H: 54 02 60 08 74 03 90 A8 E1 12 2B 58 90 06 A7 E0
8540H: 54 08 70 03 02 86 10 90 1D F5 E0 54 08 70 03 02
8550H: 86 10 74 04 90 DD B9 12 2B 58 7D 02 7E 47 7F A9
8560H: 90 00 55 12 44 9C A3 E4 F0 A3 74 03 F0 7D 01 7E
8570H: 21 7F F2 74 05 90 A7 6E 12 2B 58 EF 4E 60 6F 7D
8580H: 02 7E 47 7F AD 90 00 55 12 44 9C A3 E4 F0 A3 74
8590H: 03 F0 7D 01 7E 21 7F F2 74 05 90 A7 6E 12 2B 58
85A0H: EF 4E 60 4A 7D 02 7E 47 7F B1 90 00 55 12 44 9C
85B0H: A3 E4 F0 A3 74 03 F0 7D 01 7E 21 7F F2 74 05 90
85C0H: A7 6E 12 2B 58 EF 4E 60 25 7D 02 7E 47 7F B5 90
85D0H: 00 55 12 44 9C A3 E4 F0 A3 74 03 F0 7D 01 7E 21
85E0H: 7F F2 74 05 90 A7 6E 12 2B 58 EF 4E 70 22 90 1D
85F0H: F2 E0 FE A3 E0 54 F7 90 1D F2 CE F0 A3 EE F0 90
8600H: 1D F4 E0 FE A3 E0 54 F7 90 1D F4 CE F0 A3 EE F0
8610H: 90 06 A7 E0 54 10 70 03 02 86 E4 90 1D F5 E0 54
8620H: 10 70 03 02 86 E4 74 02 90 9E 1D 12 2B 58 7D 02
8630H: 7E 47 7F A9 90 00 55 12 44 9C A3 E4 F0 A3 74 03
8640H: F0 7D 01 7E 21 7F F2 74 05 90 A7 6E 12 2B 58 EF
8650H: 4E 60 6F 7D 02 7E 47 7F AD 90 00 55 12 44 9C A3
8660H: E4 F0 A3 74 03 F0 7D 01 7E 21 7F F2 74 05 90 A7
8670H: 6E 12 2B 58 EF 4E 60 4A 7D 02 7E 47 7F B1 90 00
8680H: 55 12 44 9C A3 E4 F0 A3 74 03 F0 7D 01 7E 21 7F
8690H: F2 74 05 90 A7 6E 12 2B 58 EF 4E 60 25 7D 02 7E
86A0H: 47 7F B5 90 00 55 12 44 9C A3 E4 F0 A3 74 03 F0
86B0H: 7D 01 7E 21 7F F2 74 05 90 A7 6E 12 2B 58 EF 4E
86C0H: 70 22 90 1D F2 E0 FE A3 E0 54 EF 90 1D F2 CE F0
86D0H: A3 EE F0 90 1D F4 E0 FE A3 E0 54 EF 90 1D F4 CE
86E0H: F0 A3 EE F0 90 12 DE E4 F0 80 16 90 00 22 74 01
86F0H: F0 7F 14 7E 00 74 04 90 93 32 12 2B 58 C3 02 2B
8700H: 7E D3 02 2B 7E 90 00 62 EF F0 A3 12 45 64 12 44
8710H: F3 90 00 61 EF F0 90 1C 40 E0 60 1F 90 00 62 E0
8720H: 64 03 70 17 90 00 63 12 45 A6 74 02 90 BD D1 12
8730H: 2B 58 40 04 C3 02 2B 7E 02 89 0A 90 00 62 E0 FF
8740H: D3 74 02 9F 50 18 D3 EF 94 04 50 12 90 00 61 E0
8750H: 64 51 70 02 C2 69 90 00 5F 74 FA F0 80 23 EF 64
8760H: 05 70 08 90 00 5F 74 FB F0 80 16 90 00 22 74 01
8770H: F0 7F 16 7E 00 74 04 90 93 32 12 2B 58 C3 02 2B
8780H: 7E 90 00 63 12 45 A6 74 05 90 B2 7C 12 2B 58 90
8790H: 00 54 EF F0 90 00 5F E0 90 00 53 F0 90 00 63 12
87A0H: 45 A6 90 00 55 12 44 9C 90 00 62 E0 FF 74 05 90
87B0H: B3 6A 12 2B 58 40 04 C3 02 2B 7E 90 00 62 E0 64
87C0H: 05 60 03 02 89 0A 7D 02 7E 4E 7F 25 90 00 55 12
87D0H: 44 9C A3 E4 F0 A3 74 03 F0 7D 01 7E 21 7F F2 74
87E0H: 05 90 A7 6E 12 2B 58 EF 4E 60 6F 7D 02 7E 4E 7F
87F0H: 29 90 00 55 12 44 9C A3 E4 F0 A3 74 03 F0 7D 01
8800H: 7E 21 7F F2 74 05 90 A7 6E 12 2B 58 EF 4E 60 4A
8810H: 7D 02 7E 4E 7F 2D 90 00 55 12 44 9C A3 E4 F0 A3
8820H: 74 03 F0 7D 01 7E 21 7F F2 74 05 90 A7 6E 12 2B
8830H: 58 EF 4E 60 25 7D 02 7E 4E 7F 31 90 00 55 12 44
8840H: 9C A3 E4 F0 A3 74 03 F0 7D 01 7E 21 7F F2 74 05
8850H: 90 A7 6E 12 2B 58 EF 4E 70 18 90 00 62 E0 90 00
8860H: 22 F0 7F F4 7E 00 74 04 90 93 32 12 2B 58 C3 02
8870H: 2B 7E 90 00 62 E0 FF 12 30 C2 40 18 90 00 62 E0
8880H: 90 00 22 F0 7F 17 7E 00 74 04 90 93 32 12 2B 58
8890H: C3 02 2B 7E 7D 01 7E 00 7F 60 90 00 53 12 44 9C
88A0H: 90 00 62 E0 FF 12 30 85 40 18 90 00 62 E0 90 00
88B0H: 22 F0 7F 17 7E 00 74 04 90 93 32 12 2B 58 C3 02
88C0H: 2B 7E 90 00 60 E0 64 29 70 08 90 00 60 74 1E F0
88D0H: 80 17 90 00 60 E0 64 2A 70 08 90 00 60 74 17 F0
88E0H: 80 07 90 00 60 E0 24 D8 F0 90 00 60 E0 60 1B 90
88F0H: 00 62 E0 90 00 22 F0 90 00 60 E0 FF 7E 00 74 04
8900H: 90 93 32 12 2B 58 C3 02 2B 7E D3 02 2B 7E 90 0A
8910H: B4 12 44 9C 7D 02 7E 49 7F DF 90 00 45 12 44 9C
8920H: 90 0A B4 12 45 A6 74 05 90 AB 5B 12 2B 58 90 0A
8930H: A3 EE F0 A3 EF F0 4E 60 23 D3 E0 94 02 90 0A A3
8940H: E0 64 80 94 80 50 15 E0 FE A3 E0 FF 90 0A B4 12
8950H: 45 64 74 01 12 46 21 12 44 F3 60 17 90 00 22 74
8960H: 02 F0 7F 23 7E 00 74 04 90 93 32 12 2B 58 7F 7F
8970H: 02 2B 7E 90 0A B4 12 45 A6 74 05 90 A2 92 12 2B
8980H: 58 EE 33 95 E0 FD FC 90 0A A5 12 44 D2 7B 0F 7A
8990H: 00 79 00 78 00 74 07 12 3C 47 70 17 90 00 22 74
89A0H: 02 F0 7F 23 7E 00 74 04 90 93 32 12 2B 58 7F 7F
89B0H: 02 2B 7E 74 01 90 D4 5D 12 2B 58 90 0A A2 EF F0
89C0H: 74 01 90 D4 65 12 2B 58 92 38 74 01 90 C4 9E 12
89D0H: 2B 58 40 05 7F 7F 02 2B 7E 90 21 4C E0 FF 12 41
89E0H: AB 89 F1 00 8A 76 01 8A A5 02 8A A5 03 00 00 8A
89F0H: D3 90 0A A5 12 45 F0 7B 01 7A 00 79 00 78 00 74
8A00H: 07 12 3C 47 70 0E 7F 01 7E 00 7D 00 7C 00 90 0A
8A10H: A5 12 44 D2 90 0A A5 E0 FF A3 E0 4F FF A3 E0 4F
8A20H: FF A3 E0 4F 70 28 90 00 53 74 FA F0 A3 74 01 F0
8A30H: A3 04 F0 A3 74 49 F0 A3 74 EA F0 7F 03 74 05 90
8A40H: B3 6A 12 2B 58 40 05 7F 7F 02 2B 7E 80 26 90 00
8A50H: 53 74 FA F0 A3 74 01 F0 A3 04 F0 A3 74 49 F0 A3
8A60H: 74 EC F0 7F 03 74 05 90 B3 6A 12 2B 58 40 05 7F
8A70H: 7F 02 2B 7E 80 5F 90 0A A8 E0 90 0A B3 F0 90 00
8A80H: 53 74 73 F0 A3 74 01 F0 A3 F0 A3 74 0A F0 A3 74
8A90H: B3 F0 7F 03 74 05 90 B3 6A 12 2B 58 40 05 7F 7F
8AA0H: 02 2B 7E 80 30 90 0A B4 12 45 64 7D 01 7E 0A 7F
8AB0H: A9 12 42 8F 7D 01 7E 0A 7F A9 90 05 82 12 44 9C
8AC0H: 7F 73 74 02 90 BD FA 12 2B 58 40 05 7F 7F 02 2B
8AD0H: 7E 80 02 80 00 74 01 90 D4 6A 12 2B 58 40 05 7F
8AE0H: 7F 02 2B 7E 90 0A A2 E0 14 60 12 30 38 0F 74 01
8AF0H: 90 C4 49 12 2B 58 40 05 7F 7F 02 2B 7E 7F 01 02
8B00H: 2B 7E 90 02 A9 EF F0 7F 02 74 05 90 AC 03 12 2B
8B10H: 58 40 14 90 00 22 74 02 F0 7F 14 7E 00 74 04 90
8B20H: 93 32 12 2B 58 C3 22 90 02 A9 E0 C3 94 08 40 14
8B30H: 90 00 22 74 01 F0 7F 23 7E 00 74 04 90 93 32 12
8B40H: 2B 58 C3 22 90 02 A9 E0 54 07 90 11 00 F0 90 02
8B50H: A9 E0 54 01 60 02 74 01 90 00 13 F0 90 02 A9 E0
8B60H: 54 02 60 02 74 01 90 00 14 F0 90 02 A9 E0 54 04
8B70H: 60 02 74 01 90 00 15 F0 D3 22 90 11 00 E0 FF 22
8B80H: 90 0D 55 12 44 9C 7F 02 74 05 90 AC 03 12 2B 58
8B90H: 40 14 90 00 22 74 02 F0 7F 16 7E 00 74 04 90 93
8BA0H: 32 12 2B 58 C3 22 7F 0C 74 03 90 AF 2E 12 2B 58
8BB0H: 7F 02 12 30 C2 40 02 C3 22 7F 02 12 31 16 40 02
8BC0H: C3 22 90 15 6A E0 64 B8 60 14 90 00 22 74 02 F0
8BD0H: 7F 14 7E 00 74 04 90 93 32 12 2B 58 C3 22 90 15
8BE0H: 6C E0 FE A3 E0 FF 90 0D 55 12 45 64 12 44 5E D3
8BF0H: 22 90 0D 59 12 44 9C 90 11 00 E0 90 0D 58 F0 7F
8C00H: 01 12 8B 02 90 0D 59 12 45 A6 12 8B 80 40 04 C3
8C10H: 02 2B 7E 90 0D 58 E0 FF 12 8B 02 D3 02 2B 7E 90
8C20H: 0D 59 12 44 9C 90 11 00 E0 90 0D 58 F0 7F 02 12
8C30H: 8B 02 90 0D 59 12 45 A6 12 8B 80 40 04 C3 02 2B
8C40H: 7E 90 0D 58 E0 FF 12 8B 02 D3 02 2B 7E 90 03 9E
8C50H: EF F0 64 52 70 38 12 8B 7A E4 90 03 9C F0 A3 EF
8C60H: F0 7D 02 7E 47 7F 22 90 03 81 12 44 9C 90 03 9C
8C70H: E0 FE A3 E0 90 03 84 CE F0 A3 EE F0 90 03 9F 12
8C80H: 45 A6 74 05 90 AD D7 12 2B 58 D3 02 2B 7E 90 03
8C90H: 9E E0 64 57 70 43 90 03 9F 12 45 64 12 44 F3 70
8CA0H: 16 90 00 22 74 01 F0 7F 23 7E 00 74 04 90 93 32
8CB0H: 12 2B 58 C3 02 2B 7E 90 03 9F 12 45 A6 74 05 90
8CC0H: A2 92 12 2B 58 90 03 9C EF F0 E0 FF 12 8B 02 50
8CD0H: 04 D3 02 2B 7E C3 02 2B 7E 90 00 22 74 01 F0 7F
8CE0H: 14 7E 00 74 04 90 93 32 12 2B 58 C3 02 2B 7E 90
8CF0H: 00 91 EF F0 C3 94 0A 40 07 E4 FF FE FD 02 2B 7E
8D00H: 90 00 91 E0 64 03 70 24 90 21 4C E0 75 F0 03 A4
8D10H: 24 E3 F5 82 E4 34 62 F5 83 E4 93 FD A3 E4 93 FE
8D20H: A3 E4 93 FF 90 00 8E 12 44 9C 80 22 90 00 91 E0
8D30H: 75 F0 03 A4 24 CB F5 82 E4 34 62 F5 83 E4 93 FD
8D40H: A3 E4 93 FE A3 E4 93 FF 90 00 8E 12 44 9C 90 00
8D50H: 8F E0 FF A3 E0 4F 70 07 E4 FF FE FD 02 2B 7E 90
8D60H: 00 8E 12 45 64 74 01 12 45 15 53 06 80 E4 4E 70
8D70H: 1E 90 00 8E 12 45 64 12 44 F3 90 00 92 E0 6F 60
8D80H: 0E 79 01 7A 00 7B 8E 90 00 08 12 47 0F 80 D0 90
8D90H: 00 8E 12 45 64 12 44 F3 90 00 92 E0 6F 70 09 90
8DA0H: 00 8E 12 45 A6 02 2B 7E E4 FF FE FD 02 2B 7E 90
8DB0H: 00 98 EF F0 A3 E0 90 00 92 F0 90 00 98 E0 FF 74
8DC0H: 05 90 8C EF 12 2B 58 90 00 93 12 44 9C 70 05 7F
8DD0H: 00 02 2B 7E 90 00 93 12 45 64 74 01 12 45 15 E4
8DE0H: FE 53 07 0F 12 41 6A 00 00 0D 00 8E D3 8E 09 8E
8DF0H: 0E 8E BA 8E BA 8E BF 8E BF 8E C4 8E C4 8E C4 8E
8E00H: C4 8E C4 8E C4 8E C9 8E CE 7F 00 02 2B 7E 90 00
8E10H: 96 E4 F0 A3 F0 90 00 97 E0 75 F0 03 A4 24 A5 F5
8E20H: 82 E4 34 52 F5 83 E4 93 FF 90 00 98 E0 6F 70 1B
8E30H: 90 00 97 E0 75 F0 03 A4 24 A6 F5 82 E4 34 52 F5
8E40H: 83 E4 93 FF 90 00 99 E0 6F 60 1D C3 90 00 97 E0
8E50H: 94 12 90 00 96 E0 64 80 94 80 50 0C 79 01 7A 00
8E60H: 7B 96 D3 12 46 3C 80 AD 90 00 97 E0 75 F0 03 A4
8E70H: 24 A5 F5 82 E4 34 52 F5 83 E4 93 FF 90 00 98 E0
8E80H: 6F 70 32 90 00 97 E0 75 F0 03 A4 24 A6 F5 82 E4
8E90H: 34 52 F5 83 E4 93 FF 90 00 99 E0 6F 70 17 90 00
8EA0H: 97 E0 75 F0 03 A4 24 A7 F5 82 E4 34 52 F5 83 E4
8EB0H: 93 FF 02 2B 7E 7F 00 02 2B 7E 7F 01 02 2B 7E 7F
8EC0H: 02 02 2B 7E 7F 04 02 2B 7E 7F 11 02 2B 7E 7F 00
8ED0H: 02 2B 7E 7F 00 02 2B 7E 90 00 72 12 44 9C 30 7C
8EE0H: 17 90 00 22 74 01 F0 7F 1E 7E 00 74 04 90 93 32
8EF0H: 12 2B 58 7F 7F 02 2B 7E 74 05 90 94 00 12 2B 58
8F00H: C3 EF 94 02 EE 94 00 50 17 90 00 22 74 01 F0 7F
8F10H: 1E 7E 00 74 04 90 93 32 12 2B 58 7F 7F 02 2B 7E
8F20H: 7D 02 7E 49 7F EE 90 00 45 12 44 9C 90 00 72 12
8F30H: 45 A6 74 05 90 AB 5B 12 2B 58 90 00 72 12 45 64
8F40H: 74 01 12 46 21 12 44 F3 60 17 90 00 22 74 01 F0
8F50H: 7F 23 7E 00 74 04 90 93 32 12 2B 58 7F 7F 02 2B
8F60H: 7E 90 00 72 12 45 A6 74 05 90 A2 92 12 2B 58 90
8F70H: 14 05 EE F0 A3 EF F0 EE 70 07 EF 64 01 70 02 80
8F80H: 17 90 00 22 74 01 F0 7F 23 7E 00 74 04 90 93 32
8F90H: 12 2B 58 7F 7F 02 2B 7E AF 64 E5 63 90 14 08 F0
8FA0H: A3 EF F0 7F B9 7E 05 74 04 90 A9 9A 12 2B 58 90
8FB0H: 14 07 E4 F0 C2 64 FF 02 2B 7E 7D 01 7E 00 7F 6F
8FC0H: 74 02 90 ED AB 12 2B 58 90 00 6F E0 14 70 06 A3
8FD0H: E0 64 02 60 07 D2 64 7F 82 02 2B 7E C2 6B 90 14
8FE0H: 05 E0 FE A3 E0 FF EE 60 03 02 90 64 EF 64 01 60
8FF0H: 03 02 90 64 90 14 07 E0 FF 70 13 12 2D 7D 90 14
9000H: 0A EE F0 A3 EF F0 90 14 07 E0 04 F0 80 54 EF 64
9010H: 01 70 13 12 2D 89 90 14 0C EE F0 A3 EF F0 90 14
9020H: 07 E0 04 F0 80 3C EF 64 02 70 35 90 14 07 E0 04
9030H: F0 90 14 0A E0 FE A3 E0 FF 90 14 0D E0 6F 70 07
9040H: 90 14 0C E0 6E 60 17 90 00 22 74 01 F0 7F 33 7E
9050H: 00 74 04 90 93 32 12 2B 58 7F 7F 02 2B 7E 80 02
9060H: 80 00 80 14 90 00 22 74 01 F0 7F 23 7E 00 74 04
9070H: 90 93 32 12 2B 58 80 00 90 14 07 E0 C3 94 03 50
9080H: 07 D2 64 7F 02 02 2B 7E 7F 01 02 2B 7E 90 14 08
9090H: E0 FE A3 E0 FF 74 04 90 A9 9A 12 2B 58 7F 00 02
90A0H: 2B 7E E4 90 1D F3 FE E0 54 10 4E 70 16 90 00 22
90B0H: 74 01 F0 7F 16 7E 00 74 04 90 93 32 12 2B 58 C3
90C0H: 02 2B 7E 90 15 42 E0 14 60 16 90 00 22 74 07 F0
90D0H: 7F 18 7E 00 74 04 90 93 32 12 2B 58 C3 02 2B 7E
90E0H: 90 15 64 E0 14 70 07 90 15 65 E0 14 60 16 90 00
90F0H: 22 74 01 F0 7F 18 7E 00 74 04 90 93 32 12 2B 58
9100H: C3 02 2B 7E 7D 02 7E 4D 7F 13 90 03 81 12 44 9C
9110H: 7D 01 7E 0D 7F 58 74 05 90 AD D7 12 2B 58 7D 01
9120H: 7E 0D 7F 58 90 01 FA 12 44 9C 7F 00 74 03 90 EF
9130H: 82 12 2B 58 90 15 64 E0 90 0D 6A F0 90 15 65 E0
9140H: 90 0D 6B F0 90 15 64 E4 F0 90 15 65 F0 7D 02 7E
9150H: 4D 7F 18 90 03 81 12 44 9C 7D 01 7E 0D 7F 58 74
9160H: 05 90 AD D7 12 2B 58 7D 01 7E 0D 7F 55 90 02 19
9170H: 12 44 9C 7D 01 7E 0D 7F 58 74 02 90 84 CB 12 2B
9180H: 58 90 1E D7 74 0D F0 00 78 7D E6 60 2A 7D 01 7E
9190H: 0D 7F 69 90 00 B3 12 44 9C 7F 00 74 03 90 9A 2D
91A0H: 12 2B 58 50 12 90 0D 69 E0 90 00 B0 F0 7F 07 74
91B0H: 03 90 97 69 12 2B 58 78 83 E6 60 2A 7D 01 7E 0D
91C0H: 7F 69 90 00 B3 12 44 9C 7F 07 74 03 90 9A 2D 12
91D0H: 2B 58 50 12 90 0D 69 E0 90 00 B0 F0 7F 00 74 03
91E0H: 90 97 69 12 2B 58 30 67 02 80 02 80 9A 7D 02 7E
91F0H: 4D 7F 20 90 03 81 12 44 9C 90 1E D7 E0 FF E4 90
9200H: 03 84 F0 A3 EF F0 7D 01 7E 0D 7F 58 74 05 90 AD
9210H: D7 12 2B 58 7D 01 7E 0D 7F 55 90 02 19 12 44 9C
9220H: 7D 01 7E 0D 7F 58 74 02 90 84 CB 12 2B 58 90 00
9230H: 0D E0 60 04 7F 01 80 02 7F 00 EF 70 02 80 EF 7F
9240H: 04 7E 00 74 04 90 AE 88 12 2B 58 74 02 90 83 61
9250H: 12 2B 58 74 04 90 EF 5F 12 2B 58 D3 02 2B 7E AB
9260H: 07 AA 06 A9 05 12 44 F3 60 17 90 00 22 74 01 F0
9270H: 7F 23 7E 00 74 04 90 93 32 12 2B 58 7F 7F 02 2B
9280H: 7E 7F 00 02 2B 7E 90 1B 7D E4 F0 90 1B 85 14 F0
9290H: 90 1B 84 74 01 F0 90 15 67 F0 90 1E 95 E0 70 3E
92A0H: 90 1E 96 E0 14 70 20 90 1E 97 E0 64 02 70 0C 7F
92B0H: 01 74 05 90 80 4C 12 2B 58 80 0A 7F 04 74 05 90
92C0H: 80 4C 12 2B 58 80 14 7F 03 74 05 90 80 4C 12 2B
92D0H: 58 90 1B 84 74 01 F0 90 15 67 F0 02 93 ED 90 1E
92E0H: 95 E0 14 60 03 02 93 73 90 1E 96 E0 70 20 90 1E
92F0H: 97 E0 64 02 70 0C 7F 06 74 05 90 80 4C 12 2B 58
9300H: 80 0A 7F 05 74 05 90 80 4C 12 2B 58 80 62 90 1E
9310H: 97 E0 70 0C 7F 07 74 05 90 80 4C 12 2B 58 80 50
9320H: 90 1E 97 E0 64 02 70 25 7F 09 74 05 90 80 4C 12
9330H: 2B 58 90 15 65 74 02 F0 90 1B 7D 14 F0 90 1B 85
9340H: 14 F0 90 1B 84 04 F0 90 15 67 F0 80 23 7F 02 74
9350H: 05 90 80 4C 12 2B 58 90 15 65 74 02 F0 90 1B 7D
9360H: 14 F0 90 1B 85 14 F0 90 1B 84 04 F0 90 15 67 F0
9370H: 02 93 ED 90 1E 97 E0 70 2E 90 1E 96 E0 14 70 0C
9380H: 7F 08 74 05 90 80 4C 12 2B 58 80 0A 7F 00 74 05
9390H: 90 80 4C 12 2B 58 90 1E AE E0 60 09 90 1B 84 E4
93A0H: F0 90 15 67 F0 80 46 90 1E 96 E0 70 16 7F 02 74
93B0H: 05 90 80 4C 12 2B 58 90 1B 84 74 01 F0 90 15 67
93C0H: F0 80 2A 90 1E 98 E0 70 1A 7F 00 74 05 90 80 4C
93D0H: 12 2B 58 90 1B 84 74 01 F0 90 15 67 F0 90 1B 7D
93E0H: F0 80 0A 7F 00 74 05 90 80 4C 12 2B 58 7F 01 02
93F0H: 2B 7E C3 74 04 90 F2 31 12 2B 58 7F 00 02 2B 7E
9400H: 90 00 71 E4 F0 90 00 00 93 64 02 60 03 02 94 BE
9410H: 90 00 03 E4 93 64 02 60 03 02 94 BE 90 00 0B E4
9420H: 93 64 02 60 03 02 94 BE 90 00 13 E4 93 64 02 60
9430H: 03 02 94 BE 90 00 1B E4 93 64 02 60 03 02 94 BE
9440H: 90 00 23 E4 93 64 02 60 03 02 94 BE 90 00 2B E4
9450H: 93 64 02 60 03 02 94 BE 90 00 33 E4 93 64 02 70
9460H: 5D 90 00 36 E4 93 64 02 70 54 90 00 39 E4 93 64
9470H: 02 70 4B 90 00 3C E4 93 64 02 70 42 90 00 3F E4
9480H: 93 64 02 70 39 90 00 71 74 01 F0 90 00 42 E4 93
9490H: 64 02 70 2A 90 00 45 E4 93 64 02 70 21 90 00 48
94A0H: E4 93 64 02 70 18 90 00 4B E4 93 64 02 70 0F 90
94B0H: 00 4E E4 93 64 02 70 06 90 00 71 74 02 F0 90 00
94C0H: 71 E0 FF 7E 00 02 2B 7E EF 64 57 70 16 90 00 22
94D0H: 74 01 F0 7F 14 7E 00 74 04 90 93 32 12 2B 58 C3
94E0H: 02 2B 7E 90 05 7E 12 45 64 12 44 F3 60 16 90 00
94F0H: 22 74 01 F0 7F 14 7E 00 74 04 90 93 32 12 2B 58
9500H: C3 02 2B 7E 7D 02 7E 47 7F 86 90 03 81 12 44 9C
9510H: 90 00 3C 12 45 B7 90 03 84 12 44 9C 7D 01 7E 12
9520H: 7F DE 74 05 90 AD D7 12 2B 58 D3 02 2B 7E EF 64
9530H: 57 70 16 90 00 22 74 01 F0 7F 14 7E 00 74 04 90
9540H: 93 32 12 2B 58 C3 02 2B 7E 90 05 7A 12 45 64 12
9550H: 44 F3 60 16 90 00 22 74 01 F0 7F 14 7E 00 74 04
9560H: 90 93 32 12 2B 58 C3 02 2B 7E 7D 02 7E 47 7F 8F
9570H: 90 03 81 12 44 9C 90 00 3F 12 45 B7 90 03 84 12
9580H: 44 9C 7D 01 7E 12 7F DE 74 05 90 AD D7 12 2B 58
9590H: D3 02 2B 7E AB 07 AA 06 A9 05 12 44 F3 90 0C 42
95A0H: EF F0 12 41 AB 95 B5 00 95 B5 30 96 15 31 96 B5
95B0H: 32 00 00 97 0C 7D 02 7E 4C 7F 36 90 03 81 12 44
95C0H: 9C A3 E4 F0 A3 74 F0 F0 7D 01 7E 12 7F DE 74 05
95D0H: 90 AD D7 12 2B 58 7D 01 7E 12 7F DE 90 01 FA 12
95E0H: 44 9C 7F 00 74 03 90 EF 82 12 2B 58 7F 00 74 05
95F0H: 90 82 4D 12 2B 58 7F A3 7E 00 74 04 90 AE 88 12
9600H: 2B 58 74 02 90 83 61 12 2B 58 74 04 90 EF 5F 12
9610H: 2B 58 02 97 23 7D 02 7E 4C 7F 36 90 03 81 12 44
9620H: 9C A3 E4 F0 A3 74 F0 F0 7D 01 7E 12 7F DE 74 05
9630H: 90 AD D7 12 2B 58 7D 01 7E 12 7F DE 90 01 FA 12
9640H: 44 9C 7F 00 74 03 90 EF 82 12 2B 58 7F 00 74 05
9650H: 90 82 4D 12 2B 58 7F A3 7E 00 74 04 90 AE 88 12
9660H: 2B 58 90 1E 22 E0 14 70 42 90 15 42 E0 64 02 70
9670H: 3A 74 02 90 89 39 12 2B 58 7D 02 7E 4C 7F 3A 74
9680H: 02 90 85 10 12 2B 58 90 1E D7 74 0D F0 90 1E D6
9690H: F0 90 1E D8 F0 7D 01 7E 0C 7F 43 74 02 90 85 E7
96A0H: 12 2B 58 74 02 90 87 AE 12 2B 58 74 04 90 EF 5F
96B0H: 12 2B 58 80 6E 7D 02 7E 4C 7F 36 90 03 81 12 44
96C0H: 9C A3 E4 F0 A3 74 F0 F0 7D 01 7E 12 7F DE 74 05
96D0H: 90 AD D7 12 2B 58 7D 01 7E 12 7F DE 90 01 FA 12
96E0H: 44 9C 7F 00 74 03 90 EF 82 12 2B 58 7F 00 74 05
96F0H: 90 82 4D 12 2B 58 7F A3 7E 00 74 04 90 AE 88 12
9700H: 2B 58 74 02 90 83 61 12 2B 58 80 17 90 00 22 74
9710H: 01 F0 7F 23 7E 00 74 04 90 93 32 12 2B 58 7F 7F
9720H: 02 2B 7E 7F 01 02 2B 7E 90 0A 54 12 44 9C E4 90
9730H: 1D F3 FE E0 54 04 4E 70 17 90 00 22 74 01 F0 7F
9740H: F4 7E 00 74 04 90 93 32 12 2B 58 7F 7F 02 2B 7E
9750H: 90 0A 55 E0 FF A3 E0 4F 70 17 90 00 22 74 01 F0
9760H: 7F 23 7E 00 74 04 90 93 32 12 2B 58 7F 01 02 2B
9770H: 7E 90 0A 54 12 45 64 12 44 F3 90 0A 53 EF F0 79
9780H: 01 7A 0A 7B 54 90 00 01 12 47 0F 90 0A 54 12 45
9790H: 64 12 44 F3 60 17 90 00 22 74 01 F0 7F 23 7E 00
97A0H: 74 04 90 93 32 12 2B 58 7F 01 02 2B 7E 90 0A 53
97B0H: E0 FF 7E 00 12 41 6A 30 00 08 00 98 82 97 CF 97
97C0H: DC 97 E9 97 F6 98 03 98 03 98 26 98 49 98 55 7F
97D0H: 00 74 01 90 C6 CF 12 2B 58 02 98 96 7F 01 74 01
97E0H: 90 C6 CF 12 2B 58 02 98 96 7F 02 74 01 90 C6 CF
97F0H: 12 2B 58 02 98 96 7F 03 74 01 90 C6 CF 12 2B 58
9800H: 02 98 96 30 48 14 90 00 22 74 06 F0 7F 1E 7E 00
9810H: 74 04 90 93 32 12 2B 58 80 0A 7F 01 74 01 90 C5
9820H: 09 12 2B 58 80 70 30 48 14 90 00 22 74 06 F0 7F
9830H: 1E 7E 00 74 04 90 93 32 12 2B 58 80 0A 7F 00 74
9840H: 01 90 C5 09 12 2B 58 80 4D 7F 05 74 01 90 C6 CF
9850H: 12 2B 58 80 41 90 21 4C E0 64 03 70 0C 7F 06 74
9860H: 01 90 C6 CF 12 2B 58 80 17 90 00 22 74 01 F0 7F
9870H: 23 7E 00 74 04 90 93 32 12 2B 58 7F 01 02 2B 7E
9880H: 80 14 90 00 22 74 01 F0 7F 1E 7E 00 74 04 90 93
9890H: 32 12 2B 58 80 00 7F 01 02 2B 7E AB 07 AA 06 A9
98A0H: 05 12 44 F3 60 17 90 00 22 74 01 F0 7F 23 7E 00
98B0H: 74 04 90 93 32 12 2B 58 7F 7F 02 2B 7E 7F 00 02
98C0H: 2B 7E 90 1E 95 74 03 F0 90 1E 96 F0 90 1E 97 F0
98D0H: 90 1E 98 F0 79 01 7A 1C 7B 2E D3 12 46 3C 70 08
98E0H: 90 1C 2E E4 F0 A3 04 F0 90 1D F6 E4 F0 A3 F0 90
98F0H: 1E FF E0 70 66 90 1E D4 E0 70 17 90 1E 95 E4 F0
9900H: 90 15 65 F0 90 15 64 F0 90 1E D8 E0 90 1E D6 F0
9910H: 80 46 90 1E D4 E0 14 70 17 90 1E 96 E4 F0 90 15
9920H: 65 F0 90 15 64 F0 90 1E D8 E0 90 1E D6 F0 80 28
9930H: 90 1E D4 E0 64 02 70 0C 90 1E 97 E4 F0 90 15 64
9940H: 04 F0 80 14 90 1E D4 E0 64 03 70 07 90 1E 98 E4
9950H: F0 80 05 7F 7F 02 2B 7E 02 99 C7 90 1E FF E0 14
9960H: 70 60 90 1E D5 E0 70 17 90 1E 95 E4 F0 90 15 65
9970H: F0 90 15 64 F0 90 1E D8 E0 90 1E D6 F0 80 41 90
9980H: 1E D5 E0 14 70 17 90 1E 96 E4 F0 90 15 65 F0 90
9990H: 15 64 F0 90 1E D8 E0 90 1E D6 F0 80 23 90 1E D5
99A0H: E0 64 02 70 07 90 1E 97 E4 F0 80 14 90 1E D5 E0
99B0H: 64 03 70 07 90 1E 98 E4 F0 80 05 7F 7F 02 2B 7E
99C0H: 80 05 7F 7F 02 2B 7E 90 1E 95 E0 70 08 90 1D F6
99D0H: E4 F0 A3 04 F0 90 1E 96 E0 70 09 90 1D F6 E4 F0
99E0H: A3 74 02 F0 90 1E 97 E0 70 09 90 1D F6 E4 F0 A3
99F0H: 74 04 F0 90 1E 98 E0 70 09 90 1D F6 E4 F0 A3 74
9A00H: 08 F0 7F 01 02 2B 7E 7F 00 02 2B 7E 90 00 22 74
9A10H: 01 F0 7F 1E 7E 00 74 04 90 93 32 12 2B 58 C3 22
9A20H: 12 2D A1 C0 06 C0 07 12 2D 95 C0 06 C0 07 12 2D
9A30H: 89 C0 06 C0 07 12 2D 7D 90 03 84 EE F0 A3 EF F0
9A40H: A3 D0 07 D0 E0 F0 A3 EF F0 A3 D0 07 D0 E0 F0 A3
9A50H: EF F0 A3 D0 07 D0 E0 F0 A3 EF F0 7D 02 7E 48 7F
9A60H: D9 90 03 81 12 44 9C 7D 01 7E 12 7F DE 74 05 90
9A70H: AD D7 12 2B 58 D3 02 2B 7E 90 0D 58 12 44 9C 90
9A80H: 13 DF 74 01 F0 30 7C 16 90 00 22 74 01 F0 7F 1E
9A90H: 7E 00 74 04 90 93 32 12 2B 58 C3 02 2B 7E 90 0D
9AA0H: 58 12 45 64 7D 02 7E 48 7F E9 12 41 D1 70 17 C2
9AB0H: AF 12 2D AD 90 13 DE E0 FF 74 05 90 82 4D 12 2B
9AC0H: 58 D2 4A 02 9B 74 90 0D 58 12 45 64 7D 02 7E 48
9AD0H: 7F ED 12 41 D1 70 2F 30 7A 16 90 00 22 74 01 F0
9AE0H: 7F 28 7E 00 74 04 90 93 32 12 2B 58 C3 02 2B 7E
9AF0H: C2 AF 12 2D B9 90 13 DE E0 FF 74 05 90 82 4D 12
9B00H: 2B 58 D2 4A 80 6E 90 0D 58 12 45 64 7D 02 7E 48
9B10H: 7F F2 12 41 D1 70 33 74 05 90 94 00 12 2B 58 C3
9B20H: EF 94 02 EE 94 00 40 0A 74 05 90 9A 20 12 2B 58
9B30H: 80 16 90 00 22 74 01 F0 7F 1E 7E 00 74 04 90 93
9B40H: 32 12 2B 58 C3 02 2B 7E 80 2A 90 0D 58 12 45 64
9B50H: 12 44 F3 64 54 70 0B 90 0D 58 12 45 A6 12 9A 0C
9B60H: 80 12 90 00 22 74 01 F0 7F 1E 7E 00 74 04 90 93
9B70H: 32 12 2B 58 D3 02 2B 7E 90 0D 5A EF F0 A3 E0 90
9B80H: 00 97 F0 90 0D 5A E0 FF 74 05 90 B3 A4 12 2B 58
9B90H: EF 14 60 16 90 00 22 74 01 F0 7F 14 7E 00 74 04
9BA0H: 90 93 32 12 2B 58 C3 02 2B 7E 90 0D 5B E0 90 00
9BB0H: 9C F0 90 0D 5A E0 FF 74 05 90 B2 23 12 2B 58 90
9BC0H: 0D 55 12 44 9C 70 16 90 00 22 74 01 F0 7F 14 7E
9BD0H: 00 74 04 90 93 32 12 2B 58 C3 02 2B 7E 90 0D 58
9BE0H: E4 F0 90 0D 55 12 45 64 12 44 F3 90 0D 58 E0 C3
9BF0H: 9F 40 03 02 9C 98 90 0D 58 E0 FF 7E 00 90 0D 55
9C00H: 12 45 64 74 01 12 46 21 74 01 12 44 EE C4 54 0F
9C10H: 90 0D 59 F0 C3 94 0A 40 09 90 0D 59 E0 24 37 FF
9C20H: 80 07 90 0D 59 E0 24 30 FF 90 0D 59 EF F0 E0 90
9C30H: 00 B0 F0 7F 00 74 03 90 97 69 12 2B 58 40 04 C3
9C40H: 02 2B 7E 90 0D 58 E0 FF 7E 00 90 0D 55 12 45 64
9C50H: 74 01 12 46 21 74 01 12 44 EE 54 0F 90 0D 59 F0
9C60H: C3 94 0A 40 09 90 0D 59 E0 24 37 FF 80 07 90 0D
9C70H: 59 E0 24 30 FF 90 0D 59 EF F0 E0 90 00 B0 F0 7F
9C80H: 00 74 03 90 97 69 12 2B 58 40 04 C3 02 2B 7E 90
9C90H: 0D 58 E0 04 F0 02 9B E2 90 1E D8 E0 90 00 B0 F0
9CA0H: 7F 00 74 03 90 97 69 12 2B 58 40 04 C3 02 2B 7E
9CB0H: 90 12 DE E4 F0 D3 02 2B 7E 90 03 AB EF F0 90 03
9CC0H: AA E4 F0 90 03 AA E0 75 F0 03 A4 24 BB F5 82 E4
9CD0H: 34 66 F5 83 E4 93 FF 90 03 AB E0 6F 70 1B 90 03
9CE0H: AA E0 75 F0 03 A4 24 BC F5 82 E4 34 66 F5 83 E4
9CF0H: 93 FF 90 03 AC E0 6F 60 11 90 03 AA E0 C3 94 12
9D00H: 50 08 90 03 AA E0 04 F0 80 B9 90 03 AA E0 75 F0
9D10H: 03 A4 24 BB F5 82 E4 34 66 F5 83 E4 93 FF 90 03
9D20H: AB E0 6F 70 3C 90 03 AA E0 75 F0 03 A4 24 BC F5
9D30H: 82 E4 34 66 F5 83 E4 93 FF 90 03 AC E0 6F 70 21
9D40H: 90 03 AA E0 75 F0 03 A4 24 BD F5 82 E4 34 66 F5
9D50H: 83 E4 93 FF 90 03 AD 12 45 64 12 44 41 D3 02 2B
9D60H: 7E C3 02 2B 7E 90 0E A3 EF F0 90 0E A2 E4 F0 90
9D70H: 0E A2 E0 75 F0 03 A4 24 BD F5 82 E4 34 66 F5 83
9D80H: E4 93 FF 90 0E A3 E0 6F 60 11 90 0E A2 E0 C3 94
9D90H: 12 50 08 90 0E A2 E0 04 F0 80 D4 90 0E A2 E0 75
9DA0H: F0 03 A4 24 BD F5 82 E4 34 66 F5 83 E4 93 FF 90
9DB0H: 0E A3 E0 6F 70 3E 90 0E A2 E0 75 F0 03 A4 24 BB
9DC0H: F5 82 E4 34 66 F5 83 E4 93 FF 90 0E A4 12 45 64
9DD0H: 12 44 41 90 0E A2 E0 75 F0 03 A4 24 BC F5 82 E4
9DE0H: 34 66 F5 83 E4 93 FF 90 0E A7 12 45 64 12 44 41
9DF0H: D3 02 2B 7E C3 02 2B 7E 90 0D 5B ED F0 A3 EE F0
9E00H: A3 EF F0 90 0D 5B E0 F9 A3 E0 FA A3 E0 FB 12 44
9E10H: F3 24 14 F5 82 E4 34 67 F5 83 E4 93 54 08 60 10
9E20H: 90 0D 5D E0 04 F0 70 06 90 0D 5C E0 04 F0 80 D3
9E30H: 90 0D 5B E0 F9 A3 E0 FA A3 E0 FB 12 44 F3 64 2D
9E40H: 70 18 90 0D 59 74 FF F0 A3 F0 90 0D 5D E0 04 F0
9E50H: 70 06 90 0D 5C E0 04 F0 80 26 90 0D 59 E4 F0 A3
9E60H: 04 F0 A3 E0 F9 A3 E0 FA A3 E0 FB 12 44 F3 64 2B
9E70H: 70 0E 90 0D 5D E0 04 F0 70 06 90 0D 5C E0 04 F0
9E80H: 90 0D 55 E4 F0 A3 F0 A3 F0 A3 F0 90 0D 5B E0 F9
9E90H: A3 E0 FA A3 E0 FB 12 44 F3 24 14 F5 82 E4 34 67
9EA0H: F5 83 E4 93 54 04 60 69 90 0D 5B E0 F9 A3 A3 E0
9EB0H: FB 24 01 F0 90 0D 5C E0 FA 34 00 F0 12 44 F3 E4
9EC0H: FE FD C0 E0 C0 E0 EE C0 E0 EF C0 E0 90 0D 55 E0
9ED0H: FC A3 E0 FD A3 E0 FE A3 E0 FF 7B 0A 7A 00 79 00
9EE0H: 78 00 12 3B 1F F8 D0 E0 FB D0 E0 FA D0 E0 F9 D0
9EF0H: E0 C8 12 3C 72 7B D0 7A FF 79 FF 78 FF 12 3C 72
9F00H: 90 0D 55 EC F0 A3 ED F0 A3 EE F0 A3 EF F0 02 9E
9F10H: 8B 90 0D 59 E0 FE A3 E0 FF EE 33 95 E0 FD FC 90
9F20H: 0D 55 E0 F8 A3 E0 F9 A3 E0 FA A3 E0 FB 12 3B 1F
9F30H: 02 2B 7E 90 05 87 EF F0 A3 E0 90 00 92 F0 90 05
9F40H: 87 E0 FF 74 05 90 8C EF 12 2B 58 90 05 84 12 44
9F50H: 9C 70 18 90 05 87 E0 90 00 22 F0 7F 14 7E 00 74
9F60H: 04 90 93 32 12 2B 58 C3 02 2B 7E 90 05 84 12 45
9F70H: 64 74 01 12 45 15 E4 FE 53 07 40 EF 64 40 4E 70
9F80H: 18 90 05 87 E0 90 00 22 F0 7F 14 7E 00 74 04 90
9F90H: 93 32 12 2B 58 C3 02 2B 7E 90 05 84 12 45 64 74
9FA0H: 01 12 45 15 E4 FE 53 07 20 EF 64 20 4E 70 1B 30
9FB0H: 7C 18 90 05 87 E0 90 00 22 F0 7F 14 7E 00 74 04
9FC0H: 90 93 32 12 2B 58 C3 02 2B 7E 90 05 84 12 45 64
9FD0H: 74 01 12 45 15 E4 FE 53 07 30 EF 64 30 4E 70 1B
9FE0H: 30 7A 18 90 05 87 E0 90 00 22 F0 7F 14 7E 00 74
9FF0H: 04 90 93 32 12 2B 58 C3 02 2B 7E 90 05 84 12 45
A000H: 64 74 01 12 45 15 E4 FE 53 07 30 EF 64 10 4E 70
A010H: 18 90 05 87 E0 90 00 22 F0 7F 14 7E 00 74 04 90
A020H: 93 32 12 2B 58 C3 02 2B 7E 90 05 84 12 45 64 74
A030H: 05 12 45 8B 90 05 81 12 44 9C 90 05 88 E0 90 03
A040H: D1 F0 90 05 89 12 45 A6 90 03 D2 12 44 9C 90 05
A050H: 81 12 45 A6 90 03 D5 12 44 9C 90 05 87 E0 FF 74
A060H: 04 90 FA 91 12 2B 58 02 2B 7E 90 00 A3 EF F0 A3
A070H: E0 90 00 97 F0 90 00 A3 E0 FF 74 05 90 B4 48 12
A080H: 2B 58 90 00 9D EE F0 A3 EF F0 90 00 A4 E0 90 00
A090H: 9C F0 90 00 A3 E0 FF 74 05 90 B2 23 12 2B 58 90
A0A0H: 00 9F 12 44 9C 90 00 A4 E0 FF E4 90 00 94 F0 A3
A0B0H: EF F0 90 00 A3 E0 FF 74 05 90 B4 B2 12 2B 58 50
A0C0H: 25 E4 90 00 9E FE E0 54 30 64 10 4E 70 18 90 00
A0D0H: A3 E0 90 00 22 F0 7F 14 7E 00 74 04 90 93 32 12
A0E0H: 2B 58 C3 02 2B 7E 90 00 A4 E0 90 15 6A F0 E4 90
A0F0H: 00 9E FE E0 54 0F 14 4E 70 46 90 00 9F 12 45 64
A100H: 12 44 F3 90 00 A2 EF F0 A3 A3 E0 90 00 99 F0 90
A110H: 00 A3 E0 FF 74 05 90 8D AF 12 2B 58 90 00 A2 E0
A120H: D3 9F 40 04 C3 02 2B 7E 90 00 A2 E0 70 04 D3 02
A130H: 2B 7E 79 01 7A 00 7B 9F 90 00 01 12 47 0F 80 1A
A140H: 90 00 A4 E0 90 00 99 F0 90 00 A3 E0 FF 74 05 90
A150H: 8D AF 12 2B 58 90 00 A2 EF F0 90 00 A2 E0 90 15
A160H: 6B F0 90 15 6B E0 FF 7E 00 C0 06 C0 07 90 00 9F
A170H: 12 45 64 7D 01 7E 15 7F 6C D0 E0 D0 04 12 43 23
A180H: 90 00 A3 E0 FF 12 31 77 02 2B 7E 90 0A 50 12 44
A190H: 9C 30 7C 17 90 00 22 74 01 F0 7F 28 7E 00 74 04
A1A0H: 90 93 32 12 2B 58 7F 7F 02 2B 7E 90 0A 50 12 45
A1B0H: 64 12 44 F3 60 17 90 00 22 74 01 F0 7F 23 7E 00
A1C0H: 74 04 90 93 32 12 2B 58 7F 7F 02 2B 7E 7F 02 74
A1D0H: 05 90 AC 03 12 2B 58 50 08 74 03 90 B2 10 12 2B
A1E0H: 58 7F 03 74 05 90 AC 03 12 2B 58 50 08 74 01 90
A1F0H: C4 9E 12 2B 58 7F 04 74 05 90 AC 03 12 2B 58 50
A200H: 08 74 03 90 A8 B8 12 2B 58 90 15 64 E4 F0 90 15
A210H: 65 74 02 F0 90 15 66 E4 F0 90 15 67 04 F0 F9 7A
A220H: 1C 7B 2E D3 12 46 3C 70 08 90 1C 2E E4 F0 A3 04
A230H: F0 7D 02 7E 49 7F 90 90 03 81 12 44 9C A3 E4 F0
A240H: A3 14 F0 A3 04 F0 A3 14 F0 7D 01 7E 0A 7F 3F 74
A250H: 05 90 AD D7 12 2B 58 7D 01 7E 0A 7F 3F 90 01 FA
A260H: 12 44 9C 7F 00 74 03 90 EF 82 12 2B 58 D2 4A 90
A270H: 07 0C E4 F0 90 1B 7A E0 90 07 0D F0 7F 02 74 03
A280H: 90 80 00 12 2B 58 40 05 7F 7F 02 2B 7E 7F 01 02
A290H: 2B 7E 90 00 2B ED F0 A3 EE F0 A3 EF F0 90 00 2B
A2A0H: E0 F9 A3 E0 FA A3 E0 FB 12 44 F3 24 14 F5 82 E4
A2B0H: 34 67 F5 83 E4 93 54 08 60 10 90 00 2D E0 04 F0
A2C0H: 70 06 90 00 2C E0 04 F0 80 D3 90 00 2B E0 F9 A3
A2D0H: E0 FA A3 E0 FB 12 44 F3 64 2D 70 18 90 00 29 74
A2E0H: FF F0 A3 F0 90 00 2D E0 04 F0 70 06 90 00 2C E0
A2F0H: 04 F0 80 26 90 00 29 E4 F0 A3 04 F0 A3 E0 F9 A3
A300H: E0 FA A3 E0 FB 12 44 F3 64 2B 70 0E 90 00 2D E0
A310H: 04 F0 70 06 90 00 2C E0 04 F0 90 00 27 E4 F0 A3
A320H: F0 90 00 2B E0 F9 A3 E0 FA A3 E0 FB 12 44 F3 24
A330H: 14 F5 82 E4 34 67 F5 83 E4 93 54 04 60 40 90 00
A340H: 2B E0 F9 A3 A3 E0 FB 24 01 F0 90 00 2C E0 FA 34
A350H: 00 F0 12 44 F3 7E 00 90 00 27 E0 FA A3 E0 75 F0
A360H: 0A A4 CA AB F0 75 F0 0A A4 2B CA 2F FF EE 3A CF
A370H: 24 D0 CF 34 FF 90 00 27 F0 A3 EF F0 80 A3 90 00
A380H: 29 E0 FE A3 E0 FF 90 00 27 E0 FA A3 E0 FB 12 3A
A390H: A6 02 2B 7E 90 03 B2 EC F0 A3 ED F0 A3 EE F0 A3
A3A0H: EF F0 90 03 AA EC F0 A3 ED F0 A3 EE F0 A3 EF F0
A3B0H: 90 03 B2 E0 FC A3 E0 FD A3 E0 FE A3 E0 FF E4 FB
A3C0H: FA F9 F8 74 0B 12 41 08 70 24 90 03 AA E0 FC A3
A3D0H: E0 FD A3 E0 FE A3 E0 FF EC 4D 60 04 CC 64 80 CC
A3E0H: 90 03 AA EC F0 A3 ED F0 A3 EE F0 A3 EF F0 90 03
A3F0H: AA E0 FC A3 E0 FD A3 E0 FE A3 E0 FF 7B 80 7A 96
A400H: 79 18 78 4B 74 03 12 41 08 70 22 90 03 B2 E0 FC
A410H: A3 E0 FD A3 E0 FE A3 E0 FF A3 E0 F9 A3 E0 FA A3
A420H: E0 FB 12 44 B7 E4 FF FE FD FC 02 2B 7E 90 03 B2
A430H: E0 FC A3 E0 FD A3 E0 FE A3 E0 FF 12 40 7B 90 03
A440H: AE EC F0 A3 ED F0 A3 EE F0 A3 EF F0 90 03 AE E0
A450H: FC A3 E0 FD A3 E0 FE A3 E0 FF 12 40 B6 90 03 B6
A460H: E0 F9 A3 E0 FA A3 E0 FB 12 44 B7 90 03 B6 E0 F9
A470H: A3 E0 FA A3 E0 FB 12 45 D5 EC 4D 60 04 CC 64 80
A480H: CC 90 03 B2 E0 F8 A3 E0 F9 A3 E0 FA A3 E0 FB 12
A490H: 3F 7A 02 2B 7E 90 05 53 EF F0 A3 E0 90 00 92 F0
A4A0H: 90 05 53 E0 FF 74 05 90 8C EF 12 2B 58 90 05 4D
A4B0H: 12 44 9C 70 18 90 05 53 E0 90 00 22 F0 7F 14 7E
A4C0H: 00 74 04 90 93 32 12 2B 58 C3 02 2B 7E 90 05 54
A4D0H: E0 90 00 97 F0 90 05 53 E0 FF 74 05 90 B3 A4 12
A4E0H: 2B 58 EF 70 18 90 05 53 E0 90 00 22 F0 7F 14 7E
A4F0H: 00 74 04 90 93 32 12 2B 58 C3 02 2B 7E EF 64 0D
A500H: 70 55 90 05 4D 12 45 64 74 05 12 45 8B 90 05 50
A510H: 12 44 9C 90 A5 54 C0 82 C0 83 78 05 C0 00 8E 83
A520H: 8F 82 74 01 93 C0 E0 E4 93 C0 E0 C0 05 74 03 93
A530H: C0 E0 74 02 93 C0 E0 90 05 55 E0 FD A3 E0 FE A3
A540H: E0 D0 83 D0 82 A3 FF ED F0 A3 EE F0 A3 EF F0 7F
A550H: 52 02 2B 7E 02 2B 7E 90 05 54 E0 90 03 F7 F0 90
A560H: 05 4D 12 45 64 74 05 12 45 8B 90 03 F8 12 44 9C
A570H: 90 05 55 12 45 A6 90 03 FB 12 44 9C 90 05 53 E0
A580H: FF 74 04 90 E3 9B 12 2B 58 02 2B 7E 90 00 CC 12
A590H: 44 9C AB 07 AA 06 A9 05 12 44 F3 90 14 F9 EF F0
A5A0H: 79 01 7A 00 7B CC 90 00 01 12 47 0F 90 00 CC 12
A5B0H: 45 64 12 44 F3 70 0F 90 14 F9 E0 C3 94 30 40 06
A5C0H: E0 C3 94 32 40 17 90 00 22 74 01 F0 7F 23 7E 00
A5D0H: 74 04 90 93 32 12 2B 58 7F 7F 02 2B 7E D3 74 04
A5E0H: 90 F2 31 12 2B 58 7F 00 02 2B 7E 90 14 F9 E0 64
A5F0H: 30 70 34 90 1E 97 E0 64 02 70 0C 7F 09 74 05 90
A600H: 80 4C 12 2B 58 80 14 7F 02 74 05 90 80 4C 12 2B
A610H: 58 7F 00 74 03 90 95 E6 12 2B 58 7F 01 74 03 90
A620H: 95 E6 12 2B 58 80 48 90 14 F9 E0 64 31 70 3B 90
A630H: 1E 95 E0 14 70 34 90 1E 97 E0 64 02 70 0C 7F 02
A640H: 74 05 90 80 4C 12 2B 58 80 14 7F 07 74 05 90 80
A650H: 4C 12 2B 58 7F 00 74 03 90 95 E6 12 2B 58 7F 01
A660H: 74 03 90 95 E6 12 2B 58 80 05 7F 7F 02 2B 7E 7F
A670H: 01 02 2B 7E C3 74 04 90 F2 31 12 2B 58 7F 00 02
A680H: 2B 7E 90 03 BD EC F0 A3 ED F0 A3 EE F0 A3 EF F0
A690H: E4 FB FA F9 F8 74 0B 12 41 08 60 03 02 A7 39 90
A6A0H: 03 BD E0 FC A3 E0 FD A3 E0 FE A3 E0 FF EC 4D 60
A6B0H: 04 CC 64 80 CC 90 03 BD EC F0 A3 ED F0 A3 EE F0
A6C0H: A3 EF F0 90 03 B6 74 01 F0 A3 74 03 F0 A3 74 BD
A6D0H: F0 90 03 BD E0 FC A3 E0 FD A3 E0 FE A3 E0 FF 74
A6E0H: 05 90 A3 94 12 2B 58 90 03 B9 EC F0 A3 ED F0 A3
A6F0H: EE F0 A3 EF F0 90 03 B9 E0 FF A3 E0 4F 60 14 7F
A700H: 00 7E 00 7D 80 7C 3F 79 01 7A 03 7B BD 90 3F 7A
A710H: 12 43 FF 90 03 BD E0 FC A3 E0 FD A3 E0 FE A3 E0
A720H: FF EC 4D 60 04 CC 64 80 CC 90 03 BD EC F0 A3 ED
A730H: F0 A3 EE F0 A3 EF F0 80 24 90 03 B6 74 01 F0 A3
A740H: 74 03 F0 A3 74 BD F0 90 03 BD E0 FC A3 E0 FD A3
A750H: E0 FE A3 E0 FF 74 05 90 A3 94 12 2B 58 90 03 BD
A760H: E0 FC A3 E0 FD A3 E0 FE A3 E0 FF 02 2B 7E 90 00
A770H: 52 ED F0 A3 EE F0 A3 EF F0 90 00 58 E0 FF A3 E0
A780H: 4F 70 03 02 A8 02 90 00 52 E0 F9 A3 E0 FA A3 E0
A790H: FB 12 44 F3 CF C0 E0 EF 90 00 55 E0 F9 A3 E0 FA
A7A0H: A3 E0 FB 12 44 F3 D0 E0 6F 70 57 90 00 52 E0 FD
A7B0H: A3 E0 FE A3 E0 FF 7B 01 7A 00 74 01 12 46 21 FF
A7C0H: EA FE EB CF 90 00 52 ED F0 A3 EE F0 A3 EF F0 A3
A7D0H: E0 FD A3 E0 FE A3 E0 FF 7B 01 7A 00 74 01 12 46
A7E0H: 21 FF EA FE EB CF 90 00 55 ED F0 A3 EE F0 A3 EF
A7F0H: F0 A3 A3 E0 14 F0 04 70 06 90 00 58 E0 14 F0 02
A800H: A7 79 90 00 58 E0 FF A3 E0 4F 60 32 90 00 52 E0
A810H: F9 A3 E0 FA A3 E0 FB 12 44 F3 7E 00 CE C0 E0 EF
A820H: C0 E0 EE 90 00 55 E0 F9 A3 E0 FA A3 E0 FB 12 44
A830H: F3 E4 FE D0 E0 C3 9F FF D0 E0 9E FE 80 04 7F 00
A840H: 7E 00 02 2B 7E 90 00 86 ED F0 A3 EE F0 A3 EF F0
A850H: A3 E0 F9 A3 E0 FA A3 E0 FB 12 44 F3 70 03 02 A9
A860H: 0D 90 00 86 E0 F9 A3 E0 FA A3 E0 FB 12 44 F3 70
A870H: 03 02 A9 06 90 00 84 E4 F0 A3 F0 90 00 84 E0 FE
A880H: A3 E0 FF A3 E0 F9 A3 E0 FA A3 E0 FB 74 01 12 46
A890H: 21 12 44 F3 CF C0 E0 EF 90 00 84 E0 FE A3 E0 FF
A8A0H: 90 00 89 E0 F9 A3 E0 FA A3 E0 FB 74 01 12 46 21
A8B0H: 12 44 F3 D0 E0 6F 70 3D 90 00 84 E0 FE A3 E0 FF
A8C0H: 90 00 89 E0 F9 A3 E0 FA A3 E0 FB 74 01 12 46 21
A8D0H: 74 01 12 44 EE 70 0E 90 00 86 E0 FD A3 E0 FE A3
A8E0H: E0 FF 02 2B 7E 90 00 85 E0 04 F0 70 06 90 00 84
A8F0H: E0 04 F0 80 86 90 00 88 E0 04 F0 70 06 90 00 87
A900H: E0 04 F0 02 A8 61 E4 FF FE FD 02 2B 7E 90 00 86
A910H: E0 FD A3 E0 FE A3 E0 FF 02 2B 7E AB 07 AA 06 A9
A920H: 05 74 01 12 44 EE 7E 00 12 41 6A 02 00 0C 00 A9
A930H: D6 A9 65 A9 D6 A9 4B A9 58 A9 6A A9 76 A9 82 A9
A940H: 8E A9 B2 A9 A6 A9 9A A9 BE A9 CA 74 03 90 83 1C
A950H: 12 2B 58 92 3B 02 A9 EA 74 03 90 83 54 12 2B 58
A960H: 92 3B 02 A9 EA C2 64 02 A9 EA 74 03 90 84 49 12
A970H: 2B 58 92 3B 80 74 74 03 90 86 08 12 2B 58 92 3B
A980H: 80 68 74 03 90 F2 00 12 2B 58 92 3B 80 5C 74 02
A990H: 90 93 7D 12 2B 58 92 3B 80 50 74 03 90 A0 B4 12
A9A0H: 2B 58 92 3B 80 44 74 01 90 C2 95 12 2B 58 92 3B
A9B0H: 80 38 74 03 90 AB 53 12 2B 58 92 3B 80 2C 74 03
A9C0H: 90 C6 18 12 2B 58 C2 3B 80 20 74 04 90 AF 72 12
A9D0H: 2B 58 92 3B 80 14 90 00 22 74 01 F0 7F DB 7E 00
A9E0H: 74 04 90 93 32 12 2B 58 C2 3B A2 3B 02 2B 7E 90
A9F0H: 01 FD 12 44 9C AB 07 AA 06 A9 05 12 44 F3 90 15
AA00H: 0C EF F0 79 01 7A 01 7B FD 90 00 01 12 47 0F 90
AA10H: 15 0C E0 24 14 F5 82 E4 34 67 F5 83 E4 93 54 02
AA20H: 60 09 90 15 0C E0 54 5F FF 80 05 90 15 0C E0 FF
AA30H: EF 64 44 60 17 90 00 22 74 01 F0 7F 23 7E 00 74
AA40H: 04 90 93 32 12 2B 58 7F 7F 02 2B 7E 90 1C 40 E0
AA50H: 70 17 90 00 22 74 01 F0 7F F4 7E 00 74 04 90 93
AA60H: 32 12 2B 58 7F 7F 02 2B 7E 7D 02 7E 4C 7F A6 90
AA70H: 01 FA 12 44 9C 7F 00 74 03 90 EF 82 12 2B 58 7F
AA80H: 00 02 2B 7E D3 74 02 90 C1 2B 12 2B 58 D2 45 74
AA90H: 02 90 C1 3D 12 2B 58 C2 45 C3 74 02 90 C1 2B 12
AAA0H: 2B 58 7F 01 02 2B 7E 7F 00 02 2B 7E 90 0C 1D ED
AAB0H: F0 A3 EE F0 A3 EF F0 90 0C 1B E4 F0 A3 F0 90 0C
AAC0H: 1D E0 F9 A3 E0 FA A3 E0 FB 12 44 F3 70 03 02 AB
AAD0H: 50 90 0C 20 E0 FD A3 E0 FE A3 E0 90 0C 18 CD F0
AAE0H: A3 EE F0 A3 ED F0 90 0C 18 E0 F9 A3 E0 FA A3 E0
AAF0H: FB 12 44 F3 60 3B 90 0C 18 E0 F9 A3 A3 E0 FB 24
AB00H: 01 F0 90 0C 19 E0 FA 34 00 F0 12 44 F3 CF C0 E0
AB10H: EF 90 0C 1D E0 F9 A3 E0 FA A3 E0 FB 12 44 F3 D0
AB20H: E0 6F 70 0B 90 0C 1B E0 FE A3 E0 FF 02 2B 7E 80
AB30H: B5 90 0C 1F E0 04 F0 70 06 90 0C 1E E0 04 F0 90
AB40H: 0C 1C E0 04 F0 70 06 90 0C 1B E0 04 F0 02 AA BE
AB50H: 90 0C 1B E0 FE A3 E0 FF 02 2B 7E 90 00 42 ED F0
AB60H: A3 EE F0 A3 EF F0 90 00 40 E4 F0 A3 F0 90 00 42
AB70H: E0 F9 A3 E0 FA A3 E0 FB 12 44 F3 70 03 02 AB F8
AB80H: 90 00 45 E0 FD A3 E0 FE A3 E0 90 00 3D CD F0 A3
AB90H: EE F0 A3 ED F0 90 00 3D E0 F9 A3 E0 FA A3 E0 FB
ABA0H: 12 44 F3 60 40 90 00 3D E0 F9 A3 A3 E0 FB 24 01
ABB0H: F0 90 00 3E E0 FA 34 00 F0 12 44 F3 CF C0 E0 EF
ABC0H: 90 00 42 E0 F9 A3 E0 FA A3 E0 FB 12 44 F3 D0 E0
ABD0H: 6F 70 10 90 00 41 E0 04 F0 70 06 90 00 40 E0 04
ABE0H: F0 80 04 80 B0 80 11 90 00 44 E0 04 F0 70 06 90
ABF0H: 00 43 E0 04 F0 02 AB 6D 90 00 40 E0 FE A3 E0 FF
AC00H: 02 2B 7E 12 41 AB AC 1C 01 AC 20 02 AC 3E 03 AC
AC10H: 5B 04 AC 78 05 AC 95 07 00 00 AC A1 D3 02 2B 7E
AC20H: 90 1D F3 E0 54 01 60 04 D3 02 2B 7E 20 7A 0C 90
AC30H: 1D F1 E0 54 01 60 04 D3 02 2B 7E 02 AC A3 90 1D
AC40H: F3 E0 54 04 60 04 D3 02 2B 7E 20 7A 0C 90 1D F1
AC50H: E0 54 04 60 04 D3 02 2B 7E 80 48 90 1D F3 E0 54
AC60H: 02 60 04 D3 02 2B 7E 20 7A 0C 90 1D F1 E0 54 02
AC70H: 60 04 D3 02 2B 7E 80 2B 90 1D F3 E0 54 08 60 04
AC80H: D3 02 2B 7E 20 7A 0C 90 1D F1 E0 54 08 60 04 D3
AC90H: 02 2B 7E 80 0E 90 1D F3 E0 54 10 60 04 D3 02 2B
ACA0H: 7E 80 00 C3 02 2B 7E 90 0D 5D ED F0 A3 EE F0 A3
ACB0H: EF F0 A3 E0 FC A3 E0 FD A3 E0 FE A3 E0 FF A3 E0
ACC0H: F8 A3 E0 F9 A3 E0 FA A3 E0 FB 12 3B ED 90 0D 55
ACD0H: EC F0 A3 ED F0 A3 EE F0 A3 EF F0 90 0D 55 E0 FC
ACE0H: A3 E0 FD A3 E0 FE A3 E0 FF 90 0D 64 E0 F8 A3 E0
ACF0H: F9 A3 E0 FA A3 E0 FB 12 3B 1F 12 3C 29 90 0D 60
AD00H: E0 F8 A3 E0 F9 A3 E0 FA A3 E0 FB 12 3C 72 90 0D
AD10H: 59 EC F0 A3 ED F0 A3 EE F0 A3 EF F0 79 01 7A 0D
AD20H: 7B 55 A3 E0 FD A3 E0 FE A3 E0 FF 7C 08 75 F0 01
AD30H: 12 43 6C 02 2B 7E 90 03 C5 EC F0 A3 ED F0 A3 EE
AD40H: F0 A3 EF F0 A3 E0 F8 A3 E0 F9 A3 E0 FA A3 E0 FB
AD50H: 12 3E 67 90 03 C1 EC F0 A3 ED F0 A3 EE F0 A3 EF
AD60H: F0 90 03 C1 E0 FC A3 E0 FD A3 E0 FE A3 E0 FF 74
AD70H: 05 90 A6 82 12 2B 58 90 03 C1 EC F0 A3 ED F0 A3
AD80H: EE F0 A3 EF F0 90 03 C1 E0 FC A3 E0 FD A3 E0 FE
AD90H: A3 E0 FF 90 03 C9 E0 F8 A3 E0 F9 A3 E0 FA A3 E0
ADA0H: FB 12 3C F9 EC 4D 60 04 CC 64 80 CC 90 03 C5 E0
ADB0H: F8 A3 E0 F9 A3 E0 FA A3 E0 FB 12 3F 7A 02 2B 7E
ADC0H: 90 02 A6 E0 F9 A3 E0 FA A3 E0 FB 90 00 01 12 46
ADD0H: 65 12 44 41 02 2B 7E 90 03 7E ED F0 A3 EE F0 A3
ADE0H: EF F0 90 03 79 74 01 F0 A3 74 03 F0 A3 74 84 F0
ADF0H: 90 03 70 74 05 F0 A3 74 50 F0 A3 74 E3 F0 A3 74
AE00H: 01 F0 A3 74 03 F0 A3 74 7E F0 A3 74 01 F0 A3 74
AE10H: 03 F0 A3 74 79 F0 90 03 81 E0 FD A3 E0 FE A3 E0
AE20H: FF 74 02 90 A6 EA 12 2B 58 90 03 7C EE F0 A3 EF
AE30H: F0 7F 00 A3 E0 F9 A3 E0 FA A3 E0 FB 12 44 41 90
AE40H: 03 7C E0 FE A3 E0 FF 02 2B 7E EF 64 57 70 16 90
AE50H: 00 22 74 01 F0 7F 14 7E 00 74 04 90 93 32 12 2B
AE60H: 58 C3 02 2B 7E 90 13 DE E0 FF E4 90 16 6C F0 A3
AE70H: EF F0 A2 7C E4 33 FF 7E 00 EE 7E 09 CF C3 33 CF
AE80H: 33 DE F9 FE A2 7A E4 33 FB 7A 00 8B 02 E4 2F FF
AE90H: EE 3A FE 90 16 6D E0 2F F0 90 16 6C E0 3E F0 7D
AEA0H: 02 7E 4E 7F 35 90 03 81 12 44 9C 90 16 6C E0 FE
AEB0H: A3 E0 90 03 84 CE F0 A3 EE F0 90 0C D9 12 45 A6
AEC0H: 74 05 90 AD D7 12 2B 58 D3 02 2B 7E 90 03 AD ED
AED0H: F0 A3 EE F0 A3 EF F0 90 03 AA ED F0 A3 EE F0 A3
AEE0H: EF F0 90 03 AD E0 F9 A3 E0 FA A3 E0 FB 12 44 F3
AEF0H: 60 10 90 03 AF E0 04 F0 70 06 90 03 AE E0 04 F0
AF00H: 80 E0 90 03 B0 E0 F9 A3 A3 E0 FB 24 01 F0 90 03
AF10H: B1 E0 FA 34 00 F0 12 44 F3 90 03 AD E0 F9 A3 A3
AF20H: E0 FB 24 01 F0 90 03 AE E0 FA 34 00 F0 12 44 41
AF30H: 60 02 80 CE 90 03 AA E0 FD A3 E0 FE A3 E0 FF 02
AF40H: 2B 7E 90 02 A1 EF F0 E0 FF 7E 00 74 05 90 B4 23
AF50H: 12 2B 58 02 2B 7E 90 0D 5A ED F0 A3 EE F0 A3 EF
AF60H: F0 90 0D 55 74 01 F0 A3 74 0D F0 A3 74 5D F0 90
AF70H: 03 70 74 05 F0 A3 74 50 F0 A3 74 DF F0 A3 E4 F0
AF80H: A3 F0 A3 F0 A3 04 F0 A3 74 0D F0 A3 74 55 F0 90
AF90H: 0D 5A E0 FD A3 E0 FE A3 E0 FF 74 02 90 A6 EA 12
AFA0H: 2B 58 90 0D 58 EE F0 A3 EF F0 90 0D 58 E0 FE A3
AFB0H: E0 FF 02 2B 7E 90 0C 7D 12 44 9C 7D 02 7E 4C 7F
AFC0H: 91 90 00 45 12 44 9C 90 0C 7D 12 45 A6 74 05 90
AFD0H: AB 5B 12 2B 58 90 0C 7D 12 45 64 74 01 12 46 21
AFE0H: 12 44 F3 60 17 90 00 22 74 01 F0 7F 23 7E 00 74
AFF0H: 04 90 93 32 12 2B 58 7F 7F 02 2B 7E 90 0C 7D 12
B000H: 45 A6 74 05 90 A2 92 12 2B 58 90 0C 7C EF F0 E0
B010H: FF 74 04 90 DF 26 12 2B 58 40 05 7F 7F 02 2B 7E
B020H: 7F 01 02 2B 7E 90 00 EC ED F0 A3 EE F0 A3 EF F0
B030H: 90 00 F2 E0 FF 24 FF F0 90 00 F1 E0 FE 34 FF F0
B040H: EF 4E 60 49 90 00 EC E0 F9 A3 E0 FA A3 E0 FB 12
B050H: 44 F3 90 00 F0 E0 6F 70 0E 90 00 EC E0 FD A3 E0
B060H: FE A3 E0 FF 02 2B 7E 90 00 EC E0 FD A3 E0 FE A3
B070H: E0 FF 7B 01 7A 00 74 01 12 46 21 FF EA FE EB CF
B080H: 90 00 EC ED F0 A3 EE F0 A3 EF F0 80 A3 E4 FF FE
B090H: FD 02 2B 7E 90 0D 59 ED F0 A3 EE F0 A3 EF F0 A3
B0A0H: E0 FE A3 E0 FF A3 E0 FA A3 E0 FB 12 3A BB 90 0D
B0B0H: 55 EE F0 A3 EF F0 90 0D 55 E0 FE A3 E0 FF 90 0D
B0C0H: 5E E0 FA A3 E0 FB 12 3A A6 C3 E4 9F FF E4 9E FE
B0D0H: 90 0D 5D E0 2F FF 90 0D 5C E0 3E 90 0D 57 F0 A3
B0E0H: EF F0 79 01 7A 0D 7B 55 A3 E0 FD A3 E0 FE A3 E0
B0F0H: FF 7C 04 75 F0 01 12 43 6C 02 2B 7E 90 02 68 ED
B100H: F0 A3 EE F0 A3 EF F0 FA ED F9 EF FB EE CA 12 44
B110H: F3 60 49 90 02 63 74 01 F0 A3 74 02 F0 A3 74 6E
B120H: F0 90 02 5D 74 01 F0 A3 74 02 F0 A3 74 6B F0 A3
B130H: 74 01 F0 A3 74 02 F0 A3 74 63 F0 7D 01 7E 02 7F
B140H: 68 74 02 90 C6 94 12 2B 58 90 02 66 EE F0 A3 EF
B150H: F0 90 02 66 E0 FE A3 E0 FF 02 2B 7E 7F FF 7E FF
B160H: 02 2B 7E 90 00 35 EF F0 C3 94 0A 40 16 90 00 22
B170H: 74 01 F0 7F 16 7E 00 74 04 90 93 32 12 2B 58 C3
B180H: 02 2B 7E 90 00 35 E0 64 05 70 08 90 15 6A 74 FE
B190H: F0 80 06 90 15 6A 74 FD F0 90 15 6B 74 01 F0 90
B1A0H: 00 36 E0 90 15 6C F0 90 00 35 E0 FF 12 31 77 40
B1B0H: 04 C3 02 2B 7E 90 00 35 E0 FF 12 31 16 40 04 C3
B1C0H: 02 2B 7E D3 02 2B 7E 90 1B BB E0 FC A3 E0 FD A3
B1D0H: E0 FE A3 E0 FF 7B 6D 7A 4E 79 C6 78 41 12 3B 1F
B1E0H: 7B 39 7A 30 79 00 78 00 12 3C 72 90 1B BB EC F0
B1F0H: A3 ED F0 A3 EE F0 A3 EF F0 90 1B BB E0 FC A3 E0
B200H: FD A3 E0 FE A3 E0 FF 7B 00 7A 00 79 01 78 00 12
B210H: 3B ED E4 FD FC 7B 00 7A 80 79 00 78 00 12 3C 1E
B220H: 02 2B 7E 90 00 9B EF F0 A3 E0 90 00 92 F0 90 00
B230H: 9B E0 FF 74 05 90 8C EF 12 2B 58 90 00 98 12 44
B240H: 9C 70 07 E4 FF FE FD 02 2B 7E 90 00 9C E0 90 00
B250H: 97 F0 90 00 9B E0 FF 74 05 90 B3 A4 12 2B 58 EF
B260H: 60 05 EF 64 0D 70 07 E4 FF FE FD 02 2B 7E 90 00
B270H: 98 12 45 64 74 05 12 45 8B 02 2B 7E 90 00 40 ED
B280H: F0 A3 EE F0 A3 EF F0 90 00 3D ED F0 A3 EE F0 A3
B290H: EF F0 90 00 3D E0 F9 A3 E0 FA A3 E0 FB 12 44 F3
B2A0H: 60 10 90 00 3F E0 04 F0 70 06 90 00 3E E0 04 F0
B2B0H: 80 E0 90 00 3D E0 FD A3 E0 FE A3 E0 FF A3 E0 F9
B2C0H: A3 E0 FA A3 E0 FB EF C3 9B FF EE 9A FE 02 2B 7E
B2D0H: 90 00 52 ED F0 A3 EE F0 A3 EF F0 90 00 52 E0 F9
B2E0H: A3 E0 FA A3 E0 FB 12 44 F3 90 00 56 E0 6F 70 0E
B2F0H: 90 00 52 E0 FD A3 E0 FE A3 E0 FF 02 2B 7E 90 00
B300H: 52 E0 F9 A3 A3 E0 FB 24 01 F0 90 00 53 E0 FA 34
B310H: 00 F0 12 44 F3 70 C4 E4 FF FE FD 02 2B 7E EF 4E
B320H: 60 14 90 00 22 74 01 F0 7F 23 7E 00 74 04 90 93
B330H: 32 12 2B 58 80 2F 74 03 90 C5 C1 12 2B 58 90 1E
B340H: 23 E4 F0 7F 01 74 04 90 98 27 12 2B 58 EF 64 F0
B350H: 4E 70 12 90 07 03 74 01 F0 7F F0 74 04 90 98 8E
B360H: 12 2B 58 80 DE 7F 01 02 2B 7E 90 00 52 EF F0 A3
B370H: E0 90 15 6A F0 90 00 54 E0 90 15 6B F0 90 00 54
B380H: E0 FF 7E 00 C0 06 C0 07 A3 12 45 64 7D 01 7E 15
B390H: 7F 6C D0 E0 D0 04 12 43 23 90 00 52 E0 FF 12 31
B3A0H: 77 02 2B 7E 90 00 96 EF F0 A3 E0 90 00 92 F0 90
B3B0H: 00 96 E0 FF 74 05 90 8C EF 12 2B 58 90 00 93 12
B3C0H: 44 9C 70 05 7F 00 02 2B 7E 90 00 93 12 45 64 74
B3D0H: 01 12 45 15 EF 54 0F FF 02 2B 7E 90 05 81 EC F0
B3E0H: A3 ED F0 A3 EE F0 A3 EF F0 90 05 81 E0 FC A3 E0
B3F0H: FD A3 E0 FE A3 E0 FF EC 4D 60 04 CC 64 80 CC 74
B400H: 05 90 A6 82 12 2B 58 EC 4D 60 04 CC 64 80 CC 02
B410H: 2B 7E 90 02 9E EF F0 30 99 FD C2 99 90 02 9E E0
B420H: F5 99 22 90 02 9F EE F0 A3 EF F0 64 0A 4E 70 05
B430H: 7F 0D 12 B4 12 90 02 A0 E0 FF 12 B4 12 90 02 9F
B440H: E0 FE A3 E0 FF 02 2B 7E 90 00 96 EF F0 A3 E0 90
B450H: 00 92 F0 90 00 96 E0 FF 74 05 90 8C EF 12 2B 58
B460H: 90 00 93 12 44 9C 70 07 7F 00 7E 00 02 2B 7E 90
B470H: 00 93 12 45 64 74 01 12 45 15 02 2B 7E 90 0D 58
B480H: EF F0 A3 E0 90 00 92 F0 90 0D 58 E0 FF 74 05 90
B490H: 8C EF 12 2B 58 90 0D 55 12 44 9C 70 07 7F 00 7E
B4A0H: 00 02 2B 7E 90 0D 55 12 45 64 74 03 12 45 15 02
B4B0H: 2B 7E 90 00 93 EF F0 A3 E0 D3 94 00 40 04 C3 02
B4C0H: 2B 7E 90 00 95 E0 90 00 92 F0 90 00 93 E0 FF 74
B4D0H: 05 90 8C EF 12 2B 58 EF 4E 60 02 74 01 13 02 2B
B4E0H: 7E 90 0B 52 EC F0 A3 ED F0 A3 EE F0 A3 EF F0 90
B4F0H: 0B 50 E4 F0 A3 F0 90 0B 52 E0 FC A3 E0 FD A3 E0
B500H: FE A3 E0 FF 74 04 90 D6 78 12 2B 58 02 2B 7E 40
B510H: 09 7F 06 12 32 DE C2 14 80 0E 90 00 28 E4 F0 A3
B520H: 74 A3 F0 7F 06 12 31 E4 02 2B 7E E4 FD 90 1B BB
B530H: F0 A3 ED F0 A3 EE F0 A3 EF F0 02 2B 7E 00 00 00
B540H: 00 00 00 00 00 00 00 00 00 00 00 00 00 00 00 00
B550H: 00 00 00 00 00 00 00 00 00 00 00 00 00 00 00 00
B560H: 00 00 00 00 00 00 00 00 00 00 00 00 00 00 00 00
B570H: 00 00 00 00 00 00 00 00 00 00 00 00 00 00 00 00
B580H: 00 00 00 00 00 00 00 00 00 00 00 00 00 00 00 00
B590H: 00 00 00 00 00 00 00 00 00 00 00 00 00 00 00 00
B5A0H: 00 00 00 00 00 00 00 00 00 00 00 00 00 00 00 00
B5B0H: 00 00 00 00 00 00 00 00 00 00 00 00 00 00 00 00
B5C0H: 00 00 00 00 00 00 00 00 00 00 00 00 00 00 00 00
B5D0H: 00 00 00 00 00 00 00 00 00 00 00 00 00 00 00 00
B5E0H: 00 00 00 00 00 00 00 00 00 00 00 00 00 00 00 00
B5F0H: 00 00 00 00 00 00 00 00 00 00 00 00 00 00 00 00
B600H: 00 00 00 00 00 00 00 00 00 00 00 00 00 00 00 00
B610H: 00 00 00 00 00 00 00 00 00 00 00 00 00 00 00 00
B620H: 00 00 00 00 00 00 00 00 00 00 00 00 00 00 00 00
B630H: 00 00 00 00 00 00 00 00 00 00 00 00 00 00 00 00
B640H: 00 00 00 00 00 00 00 00 00 00 00 00 00 00 00 00
B650H: 00 00 00 00 00 00 00 00 00 00 00 00 00 00 00 00
B660H: 00 00 00 00 00 00 00 00 00 00 00 00 00 00 00 00
B670H: 00 00 00 00 00 00 00 00 00 00 00 00 00 00 00 00
B680H: 00 00 00 00 00 00 00 00 00 00 00 00 00 00 00 00
B690H: 00 00 00 00 00 00 00 00 00 00 00 00 00 00 00 00
B6A0H: 00 00 00 00 00 00 00 00 00 00 00 00 00 00 00 00
B6B0H: 00 00 00 00 00 00 00 00 00 00 00 00 00 00 00 00
B6C0H: 00 00 00 00 00 00 00 00 00 00 00 00 00 00 00 00
B6D0H: 00 00 00 00 00 00 00 00 00 00 00 00 00 00 00 00
B6E0H: 00 00 00 00 00 00 00 00 00 00 00 00 00 00 00 00
B6F0H: 00 00 00 00 00 00 00 00 00 00 00 00 00 00 00 00
B700H: 00 00 00 00 00 00 00 00 00 00 00 00 00 00 00 00
B710H: 00 00 00 00 00 00 00 00 00 00 00 00 00 00 00 00
B720H: 00 00 00 00 00 00 00 00 00 00 00 00 00 00 00 00
B730H: 00 00 00 00 00 00 00 00 00 00 00 00 00 00 00 00
B740H: 00 00 00 00 00 00 00 00 00 00 00 00 00 00 00 00
B750H: 00 00 00 00 00 00 00 00 00 00 00 00 00 00 00 00
B760H: 00 00 00 00 00 00 00 00 00 00 00 00 00 00 00 00
B770H: 00 00 00 00 00 00 00 00 00 00 00 00 00 00 00 00
B780H: 00 00 00 00 00 00 00 00 00 00 00 00 00 00 00 00
B790H: 00 00 00 00 00 00 00 00 00 00 00 00 00 00 00 00
B7A0H: 00 00 00 00 00 00 00 00 00 00 00 00 00 00 00 00
B7B0H: 00 00 00 00 00 00 00 00 00 00 00 00 00 00 00 00
B7C0H: 00 00 00 00 00 00 00 00 00 00 00 00 00 00 00 00
B7D0H: 00 00 00 00 00 00 00 00 00 00 00 00 00 00 00 00
B7E0H: 00 00 00 00 00 00 00 00 00 00 00 00 00 00 00 00
B7F0H: 00 00 00 00 00 00 00 00 00 00 00 00 00 00 00 00
B800H: 00 00 00 00 00 00 00 00 00 00 00 00 00 00 00 00
B810H: 00 00 00 00 00 00 00 00 00 00 00 00 00 00 00 00
B820H: 00 00 00 00 00 00 00 00 00 00 00 00 00 00 00 00
B830H: 00 00 00 00 00 00 00 00 00 00 00 00 00 00 00 00
B840H: 00 00 00 00 00 00 00 00 00 00 00 00 00 00 00 00
B850H: 00 00 00 00 00 00 00 00 00 00 00 00 00 00 00 00
B860H: 00 00 00 00 00 00 00 00 00 00 00 00 00 00 00 00
B870H: 00 00 00 00 00 00 00 00 00 00 00 00 00 00 00 00
B880H: 00 00 00 00 00 00 00 00 00 00 00 00 00 00 00 00
B890H: 00 00 00 00 00 00 00 00 00 00 00 00 00 00 00 00
B8A0H: 00 00 00 00 00 00 00 00 00 00 00 00 00 00 00 00
B8B0H: 00 00 00 00 00 00 00 00 00 00 00 00 00 00 00 00
B8C0H: 00 00 00 00 00 00 00 00 00 00 00 00 00 00 00 00
B8D0H: 00 00 00 00 00 00 00 00 00 00 00 00 00 00 00 00
B8E0H: 00 00 00 00 00 00 00 00 00 00 00 00 00 00 00 00
B8F0H: 00 00 00 00 00 00 00 00 00 00 00 00 00 00 00 00
B900H: 00 00 00 00 00 00 00 00 00 00 00 00 00 00 00 00
B910H: 00 00 00 00 00 00 00 00 00 00 00 00 00 00 00 00
B920H: 00 00 00 00 00 00 00 00 00 00 00 00 00 00 00 00
B930H: 00 00 00 00 00 00 00 00 00 00 00 00 00 00 00 00
B940H: 00 00 00 00 00 00 00 00 00 00 00 00 00 00 00 00
B950H: 00 00 00 00 00 00 00 00 00 00 00 00 00 00 00 00
B960H: 00 00 00 00 00 00 00 00 00 00 00 00 00 00 00 00
B970H: 00 00 00 00 00 00 00 00 00 00 00 00 00 00 00 00
B980H: 00 00 00 00 00 00 00 00 00 00 00 00 00 00 00 00
B990H: 00 00 00 00 00 00 00 00 00 00 00 00 00 00 00 00
B9A0H: 00 00 00 00 00 00 00 00 00 00 00 00 00 00 00 00
B9B0H: 00 00 00 00 00 00 00 00 00 00 00 00 00 00 00 00
B9C0H: 00 00 00 00 00 00 00 00 00 00 00 00 00 00 00 00
B9D0H: 00 00 00 00 00 00 00 00 00 00 00 00 00 00 00 00
B9E0H: 00 00 00 00 00 00 00 00 00 00 00 00 00 00 00 00
B9F0H: 00 00 00 00 00 00 00 00 00 00 00 00 00 00 00 00
BA00H: 00 00 00 00 00 00 00 00 00 00 00 00 00 00 00 00
BA10H: 00 00 00 00 00 00 00 00 00 00 00 00 00 00 00 00
BA20H: 00 00 00 00 00 00 00 00 00 00 00 00 00 00 00 00
BA30H: 00 00 00 00 00 00 00 00 00 00 00 00 00 00 00 00
BA40H: 00 00 00 00 00 00 00 00 00 00 00 00 00 00 00 00
BA50H: 00 00 00 00 00 00 00 00 00 00 00 00 00 00 00 00
BA60H: 00 00 00 00 00 00 00 00 00 00 00 00 00 00 00 00
BA70H: 00 00 00 00 00 00 00 00 00 00 00 00 00 00 00 00
BA80H: 00 00 00 00 00 00 00 00 00 00 00 00 00 00 00 00
BA90H: 00 00 00 00 00 00 00 00 00 00 00 00 00 00 00 00
BAA0H: 00 00 00 00 00 00 00 00 00 00 00 00 00 00 00 00
BAB0H: 00 00 00 00 00 00 00 00 00 00 00 00 00 00 00 00
BAC0H: 00 00 00 00 00 00 00 00 00 00 00 00 00 00 00 00
BAD0H: 00 00 00 00 00 00 00 00 00 00 00 00 00 00 00 00
BAE0H: 00 00 00 00 00 00 00 00 00 00 00 00 00 00 00 00
BAF0H: 00 00 00 00 00 00 00 00 00 00 00 00 00 00 00 00
BB00H: 00 00 00 00 00 00 00 00 00 00 00 00 00 00 00 00
BB10H: 00 00 00 00 00 00 00 00 00 00 00 00 00 00 00 00
BB20H: 00 00 00 00 00 00 00 00 00 00 00 00 00 00 00 00
BB30H: 00 00 00 00 00 00 00 00 00 00 00 00 00 00 00 00
BB40H: 00 00 00 00 00 00 00 00 00 00 00 00 00 00 00 00
BB50H: 00 00 00 00 00 00 00 00 00 00 00 00 00 00 00 00
BB60H: 00 00 00 00 00 00 00 00 00 00 00 00 00 00 00 00
BB70H: 00 00 00 00 00 00 00 00 00 00 00 00 00 00 00 00
BB80H: 00 00 00 00 00 00 00 00 00 00 00 00 00 00 00 00
BB90H: 00 00 00 00 00 00 00 00 00 00 00 00 00 00 00 00
BBA0H: 00 00 00 00 00 00 00 00 00 00 00 00 00 00 00 00
BBB0H: 00 00 00 00 00 00 00 00 00 00 00 00 00 00 00 00
BBC0H: 00 00 00 00 00 00 00 00 00 00 00 00 00 00 00 00
BBD0H: 00 00 00 00 00 00 00 00 00 00 00 00 00 00 00 00
BBE0H: 00 00 00 00 00 00 00 00 00 00 00 00 00 00 00 00
BBF0H: 00 00 00 00 00 00 00 00 00 00 00 00 00 00 00 00
BC00H: 00 00 00 00 00 00 00 00 00 00 00 00 00 00 00 00
BC10H: 00 00 00 00 00 00 00 00 00 00 00 00 00 00 00 00
BC20H: 00 00 00 00 00 00 00 00 00 00 00 00 00 00 00 00
BC30H: 00 00 00 00 00 00 00 00 00 00 00 00 00 00 00 00
BC40H: 00 00 00 00 00 00 00 00 00 00 00 00 00 00 00 00
BC50H: 00 00 00 00 00 00 00 00 00 00 00 00 00 00 00 00
BC60H: 00 00 00 00 00 00 00 00 00 00 00 00 00 00 00 00
BC70H: 00 00 00 00 00 00 00 00 00 00 00 00 00 00 00 00
BC80H: 00 00 00 00 00 00 00 00 00 00 00 00 00 00 00 00
BC90H: 00 00 00 00 00 00 00 00 00 00 00 00 00 00 00 00
BCA0H: 00 00 00 00 00 00 00 00 00 00 00 00 00 00 00 00
BCB0H: 00 00 00 00 00 00 00 00 00 00 00 00 00 00 00 00
BCC0H: 00 00 00 00 00 00 00 00 00 00 00 00 00 00 00 00
BCD0H: 00 00 00 00 00 00 00 00 00 00 00 00 00 00 00 00
BCE0H: 00 00 00 00 00 00 00 00 00 00 00 00 00 00 00 00
BCF0H: 00 00 00 00 00 00 00 00 00 00 00 00 00 00 00 00
BD00H: 00 00 00 00 00 00 00 00 00 00 00 00 00 00 00 00
BD10H: 00 00 00 00 00 00 00 00 00 00 00 00 00 00 00 00
BD20H: 00 00 00 00 00 00 00 00 00 00 00 00 00 00 00 00
BD30H: 00 00 00 00 00 00 00 00 00 00 00 00 00 00 00 00
BD40H: 00 00 00 00 00 00 00 00 00 00 00 00 00 00 00 00
BD50H: 00 00 00 00 00 00 00 00 00 00 00 00 00 00 00 00
BD60H: 00 00 00 00 00 00 00 00 00 00 00 00 00 00 00 00
BD70H: 00 00 00 00 00 00 00 00 00 00 00 00 00 00 00 00
BD80H: 00 00 00 00 00 00 00 00 00 00 00 00 00 00 00 00
BD90H: 00 00 00 00 00 00 00 00 00 00 00 00 00 00 00 00
BDA0H: 00 00 00 00 00 00 00 00 00 00 00 00 00 00 00 00
BDB0H: 00 00 00 00 00 00 00 00 00 00 00 00 00 00 00 00
BDC0H: 00 00 00 00 00 00 00 00 00 00 00 00 00 00 00 00
BDD0H: 00 00 00 00 00 00 00 00 00 00 00 00 00 00 00 00
BDE0H: 00 00 00 00 00 00 00 00 00 00 00 00 00 00 00 00
BDF0H: 00 00 00 00 00 00 00 00 00 00 00 00 00 00 00 00
BE00H: 00 00 00 00 00 00 00 00 00 00 00 00 00 00 00 00
BE10H: 00 00 00 00 00 00 00 00 00 00 00 00 00 00 00 00
BE20H: 00 00 00 00 00 00 00 00 00 00 00 00 00 00 00 00
BE30H: 00 00 00 00 00 00 00 00 00 00 00 00 00 00 00 00
BE40H: 00 00 00 00 00 00 00 00 00 00 00 00 00 00 00 00
BE50H: 00 00 00 00 00 00 00 00 00 00 00 00 00 00 00 00
BE60H: 00 00 00 00 00 00 00 00 00 00 00 00 00 00 00 00
BE70H: 00 00 00 00 00 00 00 00 00 00 00 00 00 00 00 00
BE80H: 00 00 00 00 00 00 00 00 00 00 00 00 00 00 00 00
BE90H: 00 00 00 00 00 00 00 00 00 00 00 00 00 00 00 00
BEA0H: 00 00 00 00 00 00 00 00 00 00 00 00 00 00 00 00
BEB0H: 00 00 00 00 00 00 00 00 00 00 00 00 00 00 00 00
BEC0H: 00 00 00 00 00 00 00 00 00 00 00 00 00 00 00 00
BED0H: 00 00 00 00 00 00 00 00 00 00 00 00 00 00 00 00
BEE0H: 00 00 00 00 00 00 00 00 00 00 00 00 00 00 00 00
BEF0H: 00 00 00 00 00 00 00 00 00 00 00 00 00 00 00 00
BF00H: 00 00 00 00 00 00 00 00 00 00 00 00 00 00 00 00
BF10H: 00 00 00 00 00 00 00 00 00 00 00 00 00 00 00 00
BF20H: 00 00 00 00 00 00 00 00 00 00 00 00 00 00 00 00
BF30H: 00 00 00 00 00 00 00 00 00 00 00 00 00 00 00 00
BF40H: 00 00 00 00 00 00 00 00 00 00 00 00 00 00 00 00
BF50H: 00 00 00 00 00 00 00 00 00 00 00 00 00 00 00 00
BF60H: 00 00 00 00 00 00 00 00 00 00 00 00 00 00 00 00
BF70H: 00 00 00 00 00 00 00 00 00 00 00 00 00 00 00 00
BF80H: 00 00 00 00 00 00 00 00 00 00 00 00 00 00 00 00
BF90H: 00 00 00 00 00 00 00 00 00 00 00 00 00 00 00 00
BFA0H: 00 00 00 00 00 00 00 00 00 00 00 00 00 00 00 00
BFB0H: 00 00 00 00 00 00 00 00 00 00 00 00 00 00 00 00
BFC0H: 00 00 00 00 00 00 00 00 00 00 00 00 00 00 00 00
BFD0H: 00 00 00 00 00 00 00 00 00 00 00 00 00 00 00 00
BFE0H: 00 00 00 00 00 00 00 00 00 00 00 00 00 00 00 00
BFF0H: 00 00 00 00 00 00 00 00 00 00 00 00 00 00 00 00
C000H: 00 00 00 00 00 00 00 00 00 00 00 00 00 00 00 00
C010H: 00 00 00 00 00 00 00 00 00 00 00 00 00 00 00 00
C020H: 00 00 00 00 00 00 00 00 00 00 00 00 00 00 00 00
C030H: 00 00 00 00 00 00 00 00 00 00 00 00 00 00 00 00
C040H: 00 00 00 00 00 00 00 00 00 00 00 00 00 00 00 00
C050H: 00 00 00 00 00 00 00 00 00 00 00 00 00 00 00 00
C060H: 00 00 00 00 00 00 00 00 00 00 00 00 00 00 00 00
C070H: 00 00 00 00 00 00 00 00 00 00 00 00 00 00 00 00
C080H: 00 00 00 00 00 00 00 00 00 00 00 00 00 00 00 00
C090H: 00 00 00 00 00 00 00 00 00 00 00 00 00 00 00 00
C0A0H: 00 00 00 00 00 00 00 00 00 00 00 00 00 00 00 00
C0B0H: 00 00 00 00 00 00 00 00 00 00 00 00 00 00 00 00
C0C0H: 00 00 00 00 00 00 00 00 00 00 00 00 00 00 00 00
C0D0H: 00 00 00 00 00 00 00 00 00 00 00 00 00 00 00 00
C0E0H: 00 00 00 00 00 00 00 00 00 00 00 00 00 00 00 00
C0F0H: 00 00 00 00 00 00 00 00 00 00 00 00 00 00 00 00
C100H: 00 00 00 00 00 00 00 00 00 00 00 00 00 00 00 00
C110H: 00 00 00 00 00 00 00 00 00 00 00 00 00 00 00 00
C120H: 00 00 00 00 00 00 00 00 00 00 00 00 00 00 00 00
C130H: 00 00 00 00 00 00 00 00 00 00 00 00 00 00 00 00
C140H: 00 00 00 00 00 00 00 00 00 00 00 00 00 00 00 00
C150H: 00 00 00 00 00 00 00 00 00 00 00 00 00 00 00 00
C160H: 00 00 00 00 00 00 00 00 00 00 00 00 00 00 00 00
C170H: 00 00 00 00 00 00 00 00 00 00 00 00 00 00 00 00
C180H: 00 00 00 00 00 00 00 00 00 00 00 00 00 00 00 00
C190H: 00 00 00 00 00 00 00 00 00 00 00 00 00 00 00 00
C1A0H: 00 00 00 00 00 00 00 00 00 00 00 00 00 00 00 00
C1B0H: 00 00 00 00 00 00 00 00 00 00 00 00 00 00 00 00
C1C0H: 00 00 00 00 00 00 00 00 00 00 00 00 00 00 00 00
C1D0H: 00 00 00 00 00 00 00 00 00 00 00 00 00 00 00 00
C1E0H: 00 00 00 00 00 00 00 00 00 00 00 00 00 00 00 00
C1F0H: 00 00 00 00 00 00 00 00 00 00 00 00 00 00 00 00
C200H: 00 00 00 00 00 00 00 00 00 00 00 00 00 00 00 00
C210H: 00 00 00 00 00 00 00 00 00 00 00 00 00 00 00 00
C220H: 00 00 00 00 00 00 00 00 00 00 00 00 00 00 00 00
C230H: 00 00 00 00 00 00 00 00 00 00 00 00 00 00 00 00
C240H: 00 00 00 00 00 00 00 00 00 00 00 00 00 00 00 00
C250H: 00 00 00 00 00 00 00 00 00 00 00 00 00 00 00 00
C260H: 00 00 00 00 00 00 00 00 00 00 00 00 00 00 00 00
C270H: 00 00 00 00 00 00 00 00 00 00 00 00 00 00 00 00
C280H: 00 00 00 00 00 00 00 00 00 00 00 00 00 00 00 00
C290H: 00 00 00 00 00 00 00 00 00 00 00 00 00 00 00 00
C2A0H: 00 00 00 00 00 00 00 00 00 00 00 00 00 00 00 00
C2B0H: 00 00 00 00 00 00 00 00 00 00 00 00 00 00 00 00
C2C0H: 00 00 00 00 00 00 00 00 00 00 00 00 00 00 00 00
C2D0H: 00 00 00 00 00 00 00 00 00 00 00 00 00 00 00 00
C2E0H: 00 00 00 00 00 00 00 00 00 00 00 00 00 00 00 00
C2F0H: 00 00 00 00 00 00 00 00 00 00 00 00 00 00 00 00
C300H: 00 00 00 00 00 00 00 00 00 00 00 00 00 00 00 00
C310H: 00 00 00 00 00 00 00 00 00 00 00 00 00 00 00 00
C320H: 00 00 00 00 00 00 00 00 00 00 00 00 00 00 00 00
C330H: 00 00 00 00 00 00 00 00 00 00 00 00 00 00 00 00
C340H: 00 00 00 00 00 00 00 00 00 00 00 00 00 00 00 00
C350H: 00 00 00 00 00 00 00 00 00 00 00 00 00 00 00 00
C360H: 00 00 00 00 00 00 00 00 00 00 00 00 00 00 00 00
C370H: 00 00 00 00 00 00 00 00 00 00 00 00 00 00 00 00
C380H: 00 00 00 00 00 00 00 00 00 00 00 00 00 00 00 00
C390H: 00 00 00 00 00 00 00 00 00 00 00 00 00 00 00 00
C3A0H: 00 00 00 00 00 00 00 00 00 00 00 00 00 00 00 00
C3B0H: 00 00 00 00 00 00 00 00 00 00 00 00 00 00 00 00
C3C0H: 00 00 00 00 00 00 00 00 00 00 00 00 00 00 00 00
C3D0H: 00 00 00 00 00 00 00 00 00 00 00 00 00 00 00 00
C3E0H: 00 00 00 00 00 00 00 00 00 00 00 00 00 00 00 00
C3F0H: 00 00 00 00 00 00 00 00 00 00 00 00 00 00 00 00
C400H: 00 00 00 00 00 00 00 00 00 00 00 00 00 00 00 00
C410H: 00 00 00 00 00 00 00 00 00 00 00 00 00 00 00 00
C420H: 00 00 00 00 00 00 00 00 00 00 00 00 00 00 00 00
C430H: 00 00 00 00 00 00 00 00 00 00 00 00 00 00 00 00
C440H: 00 00 00 00 00 00 00 00 00 00 00 00 00 00 00 00
C450H: 00 00 00 00 00 00 00 00 00 00 00 00 00 00 00 00
C460H: 00 00 00 00 00 00 00 00 00 00 00 00 00 00 00 00
C470H: 00 00 00 00 00 00 00 00 00 00 00 00 00 00 00 00
C480H: 00 00 00 00 00 00 00 00 00 00 00 00 00 00 00 00
C490H: 00 00 00 00 00 00 00 00 00 00 00 00 00 00 00 00
C4A0H: 00 00 00 00 00 00 00 00 00 00 00 00 00 00 00 00
C4B0H: 00 00 00 00 00 00 00 00 00 00 00 00 00 00 00 00
C4C0H: 00 00 00 00 00 00 00 00 00 00 00 00 00 00 00 00
C4D0H: 00 00 00 00 00 00 00 00 00 00 00 00 00 00 00 00
C4E0H: 00 00 00 00 00 00 00 00 00 00 00 00 00 00 00 00
C4F0H: 00 00 00 00 00 00 00 00 00 00 00 00 00 00 00 00
C500H: 00 00 00 00 00 00 00 00 00 00 00 00 00 00 00 00
C510H: 00 00 00 00 00 00 00 00 00 00 00 00 00 00 00 00
C520H: 00 00 00 00 00 00 00 00 00 00 00 00 00 00 00 00
C530H: 00 00 00 00 00 00 00 00 00 00 00 00 00 00 00 00
C540H: 00 00 00 00 00 00 00 00 00 00 00 00 00 00 00 00
C550H: 00 00 00 00 00 00 00 00 00 00 00 00 00 00 00 00
C560H: 00 00 00 00 00 00 00 00 00 00 00 00 00 00 00 00
C570H: 00 00 00 00 00 00 00 00 00 00 00 00 00 00 00 00
C580H: 00 00 00 00 00 00 00 00 00 00 00 00 00 00 00 00
C590H: 00 00 00 00 00 00 00 00 00 00 00 00 00 00 00 00
C5A0H: 00 00 00 00 00 00 00 00 00 00 00 00 00 00 00 00
C5B0H: 00 00 00 00 00 00 00 00 00 00 00 00 00 00 00 00
C5C0H: 00 00 00 00 00 00 00 00 00 00 00 00 00 00 00 00
C5D0H: 00 00 00 00 00 00 00 00 00 00 00 00 00 00 00 00
C5E0H: 00 00 00 00 00 00 00 00 00 00 00 00 00 00 00 00
C5F0H: 00 00 00 00 00 00 00 00 00 00 00 00 00 00 00 00
C600H: 00 00 00 00 00 00 00 00 00 00 00 00 00 00 00 00
C610H: 00 00 00 00 00 00 00 00 00 00 00 00 00 00 00 00
C620H: 00 00 00 00 00 00 00 00 00 00 00 00 00 00 00 00
C630H: 00 00 00 00 00 00 00 00 00 00 00 00 00 00 00 00
C640H: 00 00 00 00 00 00 00 00 00 00 00 00 00 00 00 00
C650H: 00 00 00 00 00 00 00 00 00 00 00 00 00 00 00 00
C660H: 00 00 00 00 00 00 00 00 00 00 00 00 00 00 00 00
C670H: 00 00 00 00 00 00 00 00 00 00 00 00 00 00 00 00
C680H: 00 00 00 00 00 00 00 00 00 00 00 00 00 00 00 00
C690H: 00 00 00 00 00 00 00 00 00 00 00 00 00 00 00 00
C6A0H: 00 00 00 00 00 00 00 00 00 00 00 00 00 00 00 00
C6B0H: 00 00 00 00 00 00 00 00 00 00 00 00 00 00 00 00
C6C0H: 00 00 00 00 00 00 00 00 00 00 00 00 00 00 00 00
C6D0H: 00 00 00 00 00 00 00 00 00 00 00 00 00 00 00 00
C6E0H: 00 00 00 00 00 00 00 00 00 00 00 00 00 00 00 00
C6F0H: 00 00 00 00 00 00 00 00 00 00 00 00 00 00 00 00
C700H: 00 00 00 00 00 00 00 00 00 00 00 00 00 00 00 00
C710H: 00 00 00 00 00 00 00 00 00 00 00 00 00 00 00 00
C720H: 00 00 00 00 00 00 00 00 00 00 00 00 00 00 00 00
C730H: 00 00 00 00 00 00 00 00 00 00 00 00 00 00 00 00
C740H: 00 00 00 00 00 00 00 00 00 00 00 00 00 00 00 00
C750H: 00 00 00 00 00 00 00 00 00 00 00 00 00 00 00 00
C760H: 00 00 00 00 00 00 00 00 00 00 00 00 00 00 00 00
C770H: 00 00 00 00 00 00 00 00 00 00 00 00 00 00 00 00
C780H: 00 00 00 00 00 00 00 00 00 00 00 00 00 00 00 00
C790H: 00 00 00 00 00 00 00 00 00 00 00 00 00 00 00 00
C7A0H: 00 00 00 00 00 00 00 00 00 00 00 00 00 00 00 00
C7B0H: 00 00 00 00 00 00 00 00 00 00 00 00 00 00 00 00
C7C0H: 00 00 00 00 00 00 00 00 00 00 00 00 00 00 00 00
C7D0H: 00 00 00 00 00 00 00 00 00 00 00 00 00 00 00 00
C7E0H: 00 00 00 00 00 00 00 00 00 00 00 00 00 00 00 00
C7F0H: 00 00 00 00 00 00 00 00 00 00 00 00 00 00 00 00
C800H: 00 00 00 00 00 00 00 00 00 00 00 00 00 00 00 00
C810H: 00 00 00 00 00 00 00 00 00 00 00 00 00 00 00 00
C820H: 00 00 00 00 00 00 00 00 00 00 00 00 00 00 00 00
C830H: 00 00 00 00 00 00 00 00 00 00 00 00 00 00 00 00
C840H: 00 00 00 00 00 00 00 00 00 00 00 00 00 00 00 00
C850H: 00 00 00 00 00 00 00 00 00 00 00 00 00 00 00 00
C860H: 00 00 00 00 00 00 00 00 00 00 00 00 00 00 00 00
C870H: 00 00 00 00 00 00 00 00 00 00 00 00 00 00 00 00
C880H: 00 00 00 00 00 00 00 00 00 00 00 00 00 00 00 00
C890H: 00 00 00 00 00 00 00 00 00 00 00 00 00 00 00 00
C8A0H: 00 00 00 00 00 00 00 00 00 00 00 00 00 00 00 00
C8B0H: 00 00 00 00 00 00 00 00 00 00 00 00 00 00 00 00
C8C0H: 00 00 00 00 00 00 00 00 00 00 00 00 00 00 00 00
C8D0H: 00 00 00 00 00 00 00 00 00 00 00 00 00 00 00 00
C8E0H: 00 00 00 00 00 00 00 00 00 00 00 00 00 00 00 00
C8F0H: 00 00 00 00 00 00 00 00 00 00 00 00 00 00 00 00
C900H: 00 00 00 00 00 00 00 00 00 00 00 00 00 00 00 00
C910H: 00 00 00 00 00 00 00 00 00 00 00 00 00 00 00 00
C920H: 00 00 00 00 00 00 00 00 00 00 00 00 00 00 00 00
C930H: 00 00 00 00 00 00 00 00 00 00 00 00 00 00 00 00
C940H: 00 00 00 00 00 00 00 00 00 00 00 00 00 00 00 00
C950H: 00 00 00 00 00 00 00 00 00 00 00 00 00 00 00 00
C960H: 00 00 00 00 00 00 00 00 00 00 00 00 00 00 00 00
C970H: 00 00 00 00 00 00 00 00 00 00 00 00 00 00 00 00
C980H: 00 00 00 00 00 00 00 00 00 00 00 00 00 00 00 00
C990H: 00 00 00 00 00 00 00 00 00 00 00 00 00 00 00 00
C9A0H: 00 00 00 00 00 00 00 00 00 00 00 00 00 00 00 00
C9B0H: 00 00 00 00 00 00 00 00 00 00 00 00 00 00 00 00
C9C0H: 00 00 00 00 00 00 00 00 00 00 00 00 00 00 00 00
C9D0H: 00 00 00 00 00 00 00 00 00 00 00 00 00 00 00 00
C9E0H: 00 00 00 00 00 00 00 00 00 00 00 00 00 00 00 00
C9F0H: 00 00 00 00 00 00 00 00 00 00 00 00 00 00 00 00
CA00H: 00 00 00 00 00 00 00 00 00 00 00 00 00 00 00 00
CA10H: 00 00 00 00 00 00 00 00 00 00 00 00 00 00 00 00
CA20H: 00 00 00 00 00 00 00 00 00 00 00 00 00 00 00 00
CA30H: 00 00 00 00 00 00 00 00 00 00 00 00 00 00 00 00
CA40H: 00 00 00 00 00 00 00 00 00 00 00 00 00 00 00 00
CA50H: 00 00 00 00 00 00 00 00 00 00 00 00 00 00 00 00
CA60H: 00 00 00 00 00 00 00 00 00 00 00 00 00 00 00 00
CA70H: 00 00 00 00 00 00 00 00 00 00 00 00 00 00 00 00
CA80H: 00 00 00 00 00 00 00 00 00 00 00 00 00 00 00 00
CA90H: 00 00 00 00 00 00 00 00 00 00 00 00 00 00 00 00
CAA0H: 00 00 00 00 00 00 00 00 00 00 00 00 00 00 00 00
CAB0H: 00 00 00 00 00 00 00 00 00 00 00 00 00 00 00 00
CAC0H: 00 00 00 00 00 00 00 00 00 00 00 00 00 00 00 00
CAD0H: 00 00 00 00 00 00 00 00 00 00 00 00 00 00 00 00
CAE0H: 00 00 00 00 00 00 00 00 00 00 00 00 00 00 00 00
CAF0H: 00 00 00 00 00 00 00 00 00 00 00 00 00 00 00 00
CB00H: 00 00 00 00 00 00 00 00 00 00 00 00 00 00 00 00
CB10H: 00 00 00 00 00 00 00 00 00 00 00 00 00 00 00 00
CB20H: 00 00 00 00 00 00 00 00 00 00 00 00 00 00 00 00
CB30H: 00 00 00 00 00 00 00 00 00 00 00 00 00 00 00 00
CB40H: 00 00 00 00 00 00 00 00 00 00 00 00 00 00 00 00
CB50H: 00 00 00 00 00 00 00 00 00 00 00 00 00 00 00 00
CB60H: 00 00 00 00 00 00 00 00 00 00 00 00 00 00 00 00
CB70H: 00 00 00 00 00 00 00 00 00 00 00 00 00 00 00 00
CB80H: 00 00 00 00 00 00 00 00 00 00 00 00 00 00 00 00
CB90H: 00 00 00 00 00 00 00 00 00 00 00 00 00 00 00 00
CBA0H: 00 00 00 00 00 00 00 00 00 00 00 00 00 00 00 00
CBB0H: 00 00 00 00 00 00 00 00 00 00 00 00 00 00 00 00
CBC0H: 00 00 00 00 00 00 00 00 00 00 00 00 00 00 00 00
CBD0H: 00 00 00 00 00 00 00 00 00 00 00 00 00 00 00 00
CBE0H: 00 00 00 00 00 00 00 00 00 00 00 00 00 00 00 00
CBF0H: 00 00 00 00 00 00 00 00 00 00 00 00 00 00 00 00
CC00H: 00 00 00 00 00 00 00 00 00 00 00 00 00 00 00 00
CC10H: 00 00 00 00 00 00 00 00 00 00 00 00 00 00 00 00
CC20H: 00 00 00 00 00 00 00 00 00 00 00 00 00 00 00 00
CC30H: 00 00 00 00 00 00 00 00 00 00 00 00 00 00 00 00
CC40H: 00 00 00 00 00 00 00 00 00 00 00 00 00 00 00 00
CC50H: 00 00 00 00 00 00 00 00 00 00 00 00 00 00 00 00
CC60H: 00 00 00 00 00 00 00 00 00 00 00 00 00 00 00 00
CC70H: 00 00 00 00 00 00 00 00 00 00 00 00 00 00 00 00
CC80H: 00 00 00 00 00 00 00 00 00 00 00 00 00 00 00 00
CC90H: 00 00 00 00 00 00 00 00 00 00 00 00 00 00 00 00
CCA0H: 00 00 00 00 00 00 00 00 00 00 00 00 00 00 00 00
CCB0H: 00 00 00 00 00 00 00 00 00 00 00 00 00 00 00 00
CCC0H: 00 00 00 00 00 00 00 00 00 00 00 00 00 00 00 00
CCD0H: 00 00 00 00 00 00 00 00 00 00 00 00 00 00 00 00
CCE0H: 00 00 00 00 00 00 00 00 00 00 00 00 00 00 00 00
CCF0H: 00 00 00 00 00 00 00 00 00 00 00 00 00 00 00 00
CD00H: 00 00 00 00 00 00 00 00 00 00 00 00 00 00 00 00
CD10H: 00 00 00 00 00 00 00 00 00 00 00 00 00 00 00 00
CD20H: 00 00 00 00 00 00 00 00 00 00 00 00 00 00 00 00
CD30H: 00 00 00 00 00 00 00 00 00 00 00 00 00 00 00 00
CD40H: 00 00 00 00 00 00 00 00 00 00 00 00 00 00 00 00
CD50H: 00 00 00 00 00 00 00 00 00 00 00 00 00 00 00 00
CD60H: 00 00 00 00 00 00 00 00 00 00 00 00 00 00 00 00
CD70H: 00 00 00 00 00 00 00 00 00 00 00 00 00 00 00 00
CD80H: 00 00 00 00 00 00 00 00 00 00 00 00 00 00 00 00
CD90H: 00 00 00 00 00 00 00 00 00 00 00 00 00 00 00 00
CDA0H: 00 00 00 00 00 00 00 00 00 00 00 00 00 00 00 00
CDB0H: 00 00 00 00 00 00 00 00 00 00 00 00 00 00 00 00
CDC0H: 00 00 00 00 00 00 00 00 00 00 00 00 00 00 00 00
CDD0H: 00 00 00 00 00 00 00 00 00 00 00 00 00 00 00 00
CDE0H: 00 00 00 00 00 00 00 00 00 00 00 00 00 00 00 00
CDF0H: 00 00 00 00 00 00 00 00 00 00 00 00 00 00 00 00
CE00H: 00 00 00 00 00 00 00 00 00 00 00 00 00 00 00 00
CE10H: 00 00 00 00 00 00 00 00 00 00 00 00 00 00 00 00
CE20H: 00 00 00 00 00 00 00 00 00 00 00 00 00 00 00 00
CE30H: 00 00 00 00 00 00 00 00 00 00 00 00 00 00 00 00
CE40H: 00 00 00 00 00 00 00 00 00 00 00 00 00 00 00 00
CE50H: 00 00 00 00 00 00 00 00 00 00 00 00 00 00 00 00
CE60H: 00 00 00 00 00 00 00 00 00 00 00 00 00 00 00 00
CE70H: 00 00 00 00 00 00 00 00 00 00 00 00 00 00 00 00
CE80H: 00 00 00 00 00 00 00 00 00 00 00 00 00 00 00 00
CE90H: 00 00 00 00 00 00 00 00 00 00 00 00 00 00 00 00
CEA0H: 00 00 00 00 00 00 00 00 00 00 00 00 00 00 00 00
CEB0H: 00 00 00 00 00 00 00 00 00 00 00 00 00 00 00 00
CEC0H: 00 00 00 00 00 00 00 00 00 00 00 00 00 00 00 00
CED0H: 00 00 00 00 00 00 00 00 00 00 00 00 00 00 00 00
CEE0H: 00 00 00 00 00 00 00 00 00 00 00 00 00 00 00 00
CEF0H: 00 00 00 00 00 00 00 00 00 00 00 00 00 00 00 00
CF00H: 00 00 00 00 00 00 00 00 00 00 00 00 00 00 00 00
CF10H: 00 00 00 00 00 00 00 00 00 00 00 00 00 00 00 00
CF20H: 00 00 00 00 00 00 00 00 00 00 00 00 00 00 00 00
CF30H: 00 00 00 00 00 00 00 00 00 00 00 00 00 00 00 00
CF40H: 00 00 00 00 00 00 00 00 00 00 00 00 00 00 00 00
CF50H: 00 00 00 00 00 00 00 00 00 00 00 00 00 00 00 00
CF60H: 00 00 00 00 00 00 00 00 00 00 00 00 00 00 00 00
CF70H: 00 00 00 00 00 00 00 00 00 00 00 00 00 00 00 00
CF80H: 00 00 00 00 00 00 00 00 00 00 00 00 00 00 00 00
CF90H: 00 00 00 00 00 00 00 00 00 00 00 00 00 00 00 00
CFA0H: 00 00 00 00 00 00 00 00 00 00 00 00 00 00 00 00
CFB0H: 00 00 00 00 00 00 00 00 00 00 00 00 00 00 00 00
CFC0H: 00 00 00 00 00 00 00 00 00 00 00 00 00 00 00 00
CFD0H: 00 00 00 00 00 00 00 00 00 00 00 00 00 00 00 00
CFE0H: 00 00 00 00 00 00 00 00 00 00 00 00 00 00 00 00
CFF0H: 00 00 00 00 00 00 00 00 00 00 00 00 00 00 00 00
D000H: 00 00 00 00 00 00 00 00 00 00 00 00 00 00 00 00
D010H: 00 00 00 00 00 00 00 00 00 00 00 00 00 00 00 00
D020H: 00 00 00 00 00 00 00 00 00 00 00 00 00 00 00 00
D030H: 00 00 00 00 00 00 00 00 00 00 00 00 00 00 00 00
D040H: 00 00 00 00 00 00 00 00 00 00 00 00 00 00 00 00
D050H: 00 00 00 00 00 00 00 00 00 00 00 00 00 00 00 00
D060H: 00 00 00 00 00 00 00 00 00 00 00 00 00 00 00 00
D070H: 00 00 00 00 00 00 00 00 00 00 00 00 00 00 00 00
D080H: 00 00 00 00 00 00 00 00 00 00 00 00 00 00 00 00
D090H: 00 00 00 00 00 00 00 00 00 00 00 00 00 00 00 00
D0A0H: 00 00 00 00 00 00 00 00 00 00 00 00 00 00 00 00
D0B0H: 00 00 00 00 00 00 00 00 00 00 00 00 00 00 00 00
D0C0H: 00 00 00 00 00 00 00 00 00 00 00 00 00 00 00 00
D0D0H: 00 00 00 00 00 00 00 00 00 00 00 00 00 00 00 00
D0E0H: 00 00 00 00 00 00 00 00 00 00 00 00 00 00 00 00
D0F0H: 00 00 00 00 00 00 00 00 00 00 00 00 00 00 00 00
D100H: 00 00 00 00 00 00 00 00 00 00 00 00 00 00 00 00
D110H: 00 00 00 00 00 00 00 00 00 00 00 00 00 00 00 00
D120H: 00 00 00 00 00 00 00 00 00 00 00 00 00 00 00 00
D130H: 00 00 00 00 00 00 00 00 00 00 00 00 00 00 00 00
D140H: 00 00 00 00 00 00 00 00 00 00 00 00 00 00 00 00
D150H: 00 00 00 00 00 00 00 00 00 00 00 00 00 00 00 00
D160H: 00 00 00 00 00 00 00 00 00 00 00 00 00 00 00 00
D170H: 00 00 00 00 00 00 00 00 00 00 00 00 00 00 00 00
D180H: 00 00 00 00 00 00 00 00 00 00 00 00 00 00 00 00
D190H: 00 00 00 00 00 00 00 00 00 00 00 00 00 00 00 00
D1A0H: 00 00 00 00 00 00 00 00 00 00 00 00 00 00 00 00
D1B0H: 00 00 00 00 00 00 00 00 00 00 00 00 00 00 00 00
D1C0H: 00 00 00 00 00 00 00 00 00 00 00 00 00 00 00 00
D1D0H: 00 00 00 00 00 00 00 00 00 00 00 00 00 00 00 00
D1E0H: 00 00 00 00 00 00 00 00 00 00 00 00 00 00 00 00
D1F0H: 00 00 00 00 00 00 00 00 00 00 00 00 00 00 00 00
D200H: 00 00 00 00 00 00 00 00 00 00 00 00 00 00 00 00
D210H: 00 00 00 00 00 00 00 00 00 00 00 00 00 00 00 00
D220H: 00 00 00 00 00 00 00 00 00 00 00 00 00 00 00 00
D230H: 00 00 00 00 00 00 00 00 00 00 00 00 00 00 00 00
D240H: 00 00 00 00 00 00 00 00 00 00 00 00 00 00 00 00
D250H: 00 00 00 00 00 00 00 00 00 00 00 00 00 00 00 00
D260H: 00 00 00 00 00 00 00 00 00 00 00 00 00 00 00 00
D270H: 00 00 00 00 00 00 00 00 00 00 00 00 00 00 00 00
D280H: 00 00 00 00 00 00 00 00 00 00 00 00 00 00 00 00
D290H: 00 00 00 00 00 00 00 00 00 00 00 00 00 00 00 00
D2A0H: 00 00 00 00 00 00 00 00 00 00 00 00 00 00 00 00
D2B0H: 00 00 00 00 00 00 00 00 00 00 00 00 00 00 00 00
D2C0H: 00 00 00 00 00 00 00 00 00 00 00 00 00 00 00 00
D2D0H: 00 00 00 00 00 00 00 00 00 00 00 00 00 00 00 00
D2E0H: 00 00 00 00 00 00 00 00 00 00 00 00 00 00 00 00
D2F0H: 00 00 00 00 00 00 00 00 00 00 00 00 00 00 00 00
D300H: 00 00 00 00 00 00 00 00 00 00 00 00 00 00 00 00
D310H: 00 00 00 00 00 00 00 00 00 00 00 00 00 00 00 00
D320H: 00 00 00 00 00 00 00 00 00 00 00 00 00 00 00 00
D330H: 00 00 00 00 00 00 00 00 00 00 00 00 00 00 00 00
D340H: 00 00 00 00 00 00 00 00 00 00 00 00 00 00 00 00
D350H: 00 00 00 00 00 00 00 00 00 00 00 00 00 00 00 00
D360H: 00 00 00 00 00 00 00 00 00 00 00 00 00 00 00 00
D370H: 00 00 00 00 00 00 00 00 00 00 00 00 00 00 00 00
D380H: 00 00 00 00 00 00 00 00 00 00 00 00 00 00 00 00
D390H: 00 00 00 00 00 00 00 00 00 00 00 00 00 00 00 00
D3A0H: 00 00 00 00 00 00 00 00 00 00 00 00 00 00 00 00
D3B0H: 00 00 00 00 00 00 00 00 00 00 00 00 00 00 00 00
D3C0H: 00 00 00 00 00 00 00 00 00 00 00 00 00 00 00 00
D3D0H: 00 00 00 00 00 00 00 00 00 00 00 00 00 00 00 00
D3E0H: 00 00 00 00 00 00 00 00 00 00 00 00 00 00 00 00
D3F0H: 00 00 00 00 00 00 00 00 00 00 00 00 00 00 00 00
D400H: 00 00 00 00 00 00 00 00 00 00 00 00 00 00 00 00
D410H: 00 00 00 00 00 00 00 00 00 00 00 00 00 00 00 00
D420H: 00 00 00 00 00 00 00 00 00 00 00 00 00 00 00 00
D430H: 00 00 00 00 00 00 00 00 00 00 00 00 00 00 00 00
D440H: 00 00 00 00 00 00 00 00 00 00 00 00 00 00 00 00
D450H: 00 00 00 00 00 00 00 00 00 00 00 00 00 00 00 00
D460H: 00 00 00 00 00 00 00 00 00 00 00 00 00 00 00 00
D470H: 00 00 00 00 00 00 00 00 00 00 00 00 00 00 00 00
D480H: 00 00 00 00 00 00 00 00 00 00 00 00 00 00 00 00
D490H: 00 00 00 00 00 00 00 00 00 00 00 00 00 00 00 00
D4A0H: 00 00 00 00 00 00 00 00 00 00 00 00 00 00 00 00
D4B0H: 00 00 00 00 00 00 00 00 00 00 00 00 00 00 00 00
D4C0H: 00 00 00 00 00 00 00 00 00 00 00 00 00 00 00 00
D4D0H: 00 00 00 00 00 00 00 00 00 00 00 00 00 00 00 00
D4E0H: 00 00 00 00 00 00 00 00 00 00 00 00 00 00 00 00
D4F0H: 00 00 00 00 00 00 00 00 00 00 00 00 00 00 00 00
D500H: 00 00 00 00 00 00 00 00 00 00 00 00 00 00 00 00
D510H: 00 00 00 00 00 00 00 00 00 00 00 00 00 00 00 00
D520H: 00 00 00 00 00 00 00 00 00 00 00 00 00 00 00 00
D530H: 00 00 00 00 00 00 00 00 00 00 00 00 00 00 00 00
D540H: 00 00 00 00 00 00 00 00 00 00 00 00 00 00 00 00
D550H: 00 00 00 00 00 00 00 00 00 00 00 00 00 00 00 00
D560H: 00 00 00 00 00 00 00 00 00 00 00 00 00 00 00 00
D570H: 00 00 00 00 00 00 00 00 00 00 00 00 00 00 00 00
D580H: 00 00 00 00 00 00 00 00 00 00 00 00 00 00 00 00
D590H: 00 00 00 00 00 00 00 00 00 00 00 00 00 00 00 00
D5A0H: 00 00 00 00 00 00 00 00 00 00 00 00 00 00 00 00
D5B0H: 00 00 00 00 00 00 00 00 00 00 00 00 00 00 00 00
D5C0H: 00 00 00 00 00 00 00 00 00 00 00 00 00 00 00 00
D5D0H: 00 00 00 00 00 00 00 00 00 00 00 00 00 00 00 00
D5E0H: 00 00 00 00 00 00 00 00 00 00 00 00 00 00 00 00
D5F0H: 00 00 00 00 00 00 00 00 00 00 00 00 00 00 00 00
D600H: 00 00 00 00 00 00 00 00 00 00 00 00 00 00 00 00
D610H: 00 00 00 00 00 00 00 00 00 00 00 00 00 00 00 00
D620H: 00 00 00 00 00 00 00 00 00 00 00 00 00 00 00 00
D630H: 00 00 00 00 00 00 00 00 00 00 00 00 00 00 00 00
D640H: 00 00 00 00 00 00 00 00 00 00 00 00 00 00 00 00
D650H: 00 00 00 00 00 00 00 00 00 00 00 00 00 00 00 00
D660H: 00 00 00 00 00 00 00 00 00 00 00 00 00 00 00 00
D670H: 00 00 00 00 00 00 00 00 00 00 00 00 00 00 00 00
D680H: 00 00 00 00 00 00 00 00 00 00 00 00 00 00 00 00
D690H: 00 00 00 00 00 00 00 00 00 00 00 00 00 00 00 00
D6A0H: 00 00 00 00 00 00 00 00 00 00 00 00 00 00 00 00
D6B0H: 00 00 00 00 00 00 00 00 00 00 00 00 00 00 00 00
D6C0H: 00 00 00 00 00 00 00 00 00 00 00 00 00 00 00 00
D6D0H: 00 00 00 00 00 00 00 00 00 00 00 00 00 00 00 00
D6E0H: 00 00 00 00 00 00 00 00 00 00 00 00 00 00 00 00
D6F0H: 00 00 00 00 00 00 00 00 00 00 00 00 00 00 00 00
D700H: 00 00 00 00 00 00 00 00 00 00 00 00 00 00 00 00
D710H: 00 00 00 00 00 00 00 00 00 00 00 00 00 00 00 00
D720H: 00 00 00 00 00 00 00 00 00 00 00 00 00 00 00 00
D730H: 00 00 00 00 00 00 00 00 00 00 00 00 00 00 00 00
D740H: 00 00 00 00 00 00 00 00 00 00 00 00 00 00 00 00
D750H: 00 00 00 00 00 00 00 00 00 00 00 00 00 00 00 00
D760H: 00 00 00 00 00 00 00 00 00 00 00 00 00 00 00 00
D770H: 00 00 00 00 00 00 00 00 00 00 00 00 00 00 00 00
D780H: 00 00 00 00 00 00 00 00 00 00 00 00 00 00 00 00
D790H: 00 00 00 00 00 00 00 00 00 00 00 00 00 00 00 00
D7A0H: 00 00 00 00 00 00 00 00 00 00 00 00 00 00 00 00
D7B0H: 00 00 00 00 00 00 00 00 00 00 00 00 00 00 00 00
D7C0H: 00 00 00 00 00 00 00 00 00 00 00 00 00 00 00 00
D7D0H: 00 00 00 00 00 00 00 00 00 00 00 00 00 00 00 00
D7E0H: 00 00 00 00 00 00 00 00 00 00 00 00 00 00 00 00
D7F0H: 00 00 00 00 00 00 00 00 00 00 00 00 00 00 00 00
D800H: 00 00 00 00 00 00 00 00 00 00 00 00 00 00 00 00
D810H: 00 00 00 00 00 00 00 00 00 00 00 00 00 00 00 00
D820H: 00 00 00 00 00 00 00 00 00 00 00 00 00 00 00 00
D830H: 00 00 00 00 00 00 00 00 00 00 00 00 00 00 00 00
D840H: 00 00 00 00 00 00 00 00 00 00 00 00 00 00 00 00
D850H: 00 00 00 00 00 00 00 00 00 00 00 00 00 00 00 00
D860H: 00 00 00 00 00 00 00 00 00 00 00 00 00 00 00 00
D870H: 00 00 00 00 00 00 00 00 00 00 00 00 00 00 00 00
D880H: 00 00 00 00 00 00 00 00 00 00 00 00 00 00 00 00
D890H: 00 00 00 00 00 00 00 00 00 00 00 00 00 00 00 00
D8A0H: 00 00 00 00 00 00 00 00 00 00 00 00 00 00 00 00
D8B0H: 00 00 00 00 00 00 00 00 00 00 00 00 00 00 00 00
D8C0H: 00 00 00 00 00 00 00 00 00 00 00 00 00 00 00 00
D8D0H: 00 00 00 00 00 00 00 00 00 00 00 00 00 00 00 00
D8E0H: 00 00 00 00 00 00 00 00 00 00 00 00 00 00 00 00
D8F0H: 00 00 00 00 00 00 00 00 00 00 00 00 00 00 00 00
D900H: 00 00 00 00 00 00 00 00 00 00 00 00 00 00 00 00
D910H: 00 00 00 00 00 00 00 00 00 00 00 00 00 00 00 00
D920H: 00 00 00 00 00 00 00 00 00 00 00 00 00 00 00 00
D930H: 00 00 00 00 00 00 00 00 00 00 00 00 00 00 00 00
D940H: 00 00 00 00 00 00 00 00 00 00 00 00 00 00 00 00
D950H: 00 00 00 00 00 00 00 00 00 00 00 00 00 00 00 00
D960H: 00 00 00 00 00 00 00 00 00 00 00 00 00 00 00 00
D970H: 00 00 00 00 00 00 00 00 00 00 00 00 00 00 00 00
D980H: 00 00 00 00 00 00 00 00 00 00 00 00 00 00 00 00
D990H: 00 00 00 00 00 00 00 00 00 00 00 00 00 00 00 00
D9A0H: 00 00 00 00 00 00 00 00 00 00 00 00 00 00 00 00
D9B0H: 00 00 00 00 00 00 00 00 00 00 00 00 00 00 00 00
D9C0H: 00 00 00 00 00 00 00 00 00 00 00 00 00 00 00 00
D9D0H: 00 00 00 00 00 00 00 00 00 00 00 00 00 00 00 00
D9E0H: 00 00 00 00 00 00 00 00 00 00 00 00 00 00 00 00
D9F0H: 00 00 00 00 00 00 00 00 00 00 00 00 00 00 00 00
DA00H: 00 00 00 00 00 00 00 00 00 00 00 00 00 00 00 00
DA10H: 00 00 00 00 00 00 00 00 00 00 00 00 00 00 00 00
DA20H: 00 00 00 00 00 00 00 00 00 00 00 00 00 00 00 00
DA30H: 00 00 00 00 00 00 00 00 00 00 00 00 00 00 00 00
DA40H: 00 00 00 00 00 00 00 00 00 00 00 00 00 00 00 00
DA50H: 00 00 00 00 00 00 00 00 00 00 00 00 00 00 00 00
DA60H: 00 00 00 00 00 00 00 00 00 00 00 00 00 00 00 00
DA70H: 00 00 00 00 00 00 00 00 00 00 00 00 00 00 00 00
DA80H: 00 00 00 00 00 00 00 00 00 00 00 00 00 00 00 00
DA90H: 00 00 00 00 00 00 00 00 00 00 00 00 00 00 00 00
DAA0H: 00 00 00 00 00 00 00 00 00 00 00 00 00 00 00 00
DAB0H: 00 00 00 00 00 00 00 00 00 00 00 00 00 00 00 00
DAC0H: 00 00 00 00 00 00 00 00 00 00 00 00 00 00 00 00
DAD0H: 00 00 00 00 00 00 00 00 00 00 00 00 00 00 00 00
DAE0H: 00 00 00 00 00 00 00 00 00 00 00 00 00 00 00 00
DAF0H: 00 00 00 00 00 00 00 00 00 00 00 00 00 00 00 00
DB00H: 00 00 00 00 00 00 00 00 00 00 00 00 00 00 00 00
DB10H: 00 00 00 00 00 00 00 00 00 00 00 00 00 00 00 00
DB20H: 00 00 00 00 00 00 00 00 00 00 00 00 00 00 00 00
DB30H: 00 00 00 00 00 00 00 00 00 00 00 00 00 00 00 00
DB40H: 00 00 00 00 00 00 00 00 00 00 00 00 00 00 00 00
DB50H: 00 00 00 00 00 00 00 00 00 00 00 00 00 00 00 00
DB60H: 00 00 00 00 00 00 00 00 00 00 00 00 00 00 00 00
DB70H: 00 00 00 00 00 00 00 00 00 00 00 00 00 00 00 00
DB80H: 00 00 00 00 00 00 00 00 00 00 00 00 00 00 00 00
DB90H: 00 00 00 00 00 00 00 00 00 00 00 00 00 00 00 00
DBA0H: 00 00 00 00 00 00 00 00 00 00 00 00 00 00 00 00
DBB0H: 00 00 00 00 00 00 00 00 00 00 00 00 00 00 00 00
DBC0H: 00 00 00 00 00 00 00 00 00 00 00 00 00 00 00 00
DBD0H: 00 00 00 00 00 00 00 00 00 00 00 00 00 00 00 00
DBE0H: 00 00 00 00 00 00 00 00 00 00 00 00 00 00 00 00
DBF0H: 00 00 00 00 00 00 00 00 00 00 00 00 00 00 00 00
DC00H: 00 00 00 00 00 00 00 00 00 00 00 00 00 00 00 00
DC10H: 00 00 00 00 00 00 00 00 00 00 00 00 00 00 00 00
DC20H: 00 00 00 00 00 00 00 00 00 00 00 00 00 00 00 00
DC30H: 00 00 00 00 00 00 00 00 00 00 00 00 00 00 00 00
DC40H: 00 00 00 00 00 00 00 00 00 00 00 00 00 00 00 00
DC50H: 00 00 00 00 00 00 00 00 00 00 00 00 00 00 00 00
DC60H: 00 00 00 00 00 00 00 00 00 00 00 00 00 00 00 00
DC70H: 00 00 00 00 00 00 00 00 00 00 00 00 00 00 00 00
DC80H: 00 00 00 00 00 00 00 00 00 00 00 00 00 00 00 00
DC90H: 00 00 00 00 00 00 00 00 00 00 00 00 00 00 00 00
DCA0H: 00 00 00 00 00 00 00 00 00 00 00 00 00 00 00 00
DCB0H: 00 00 00 00 00 00 00 00 00 00 00 00 00 00 00 00
DCC0H: 00 00 00 00 00 00 00 00 00 00 00 00 00 00 00 00
DCD0H: 00 00 00 00 00 00 00 00 00 00 00 00 00 00 00 00
DCE0H: 00 00 00 00 00 00 00 00 00 00 00 00 00 00 00 00
DCF0H: 00 00 00 00 00 00 00 00 00 00 00 00 00 00 00 00
DD00H: 00 00 00 00 00 00 00 00 00 00 00 00 00 00 00 00
DD10H: 00 00 00 00 00 00 00 00 00 00 00 00 00 00 00 00
DD20H: 00 00 00 00 00 00 00 00 00 00 00 00 00 00 00 00
DD30H: 00 00 00 00 00 00 00 00 00 00 00 00 00 00 00 00
DD40H: 00 00 00 00 00 00 00 00 00 00 00 00 00 00 00 00
DD50H: 00 00 00 00 00 00 00 00 00 00 00 00 00 00 00 00
DD60H: 00 00 00 00 00 00 00 00 00 00 00 00 00 00 00 00
DD70H: 00 00 00 00 00 00 00 00 00 00 00 00 00 00 00 00
DD80H: 00 00 00 00 00 00 00 00 00 00 00 00 00 00 00 00
DD90H: 00 00 00 00 00 00 00 00 00 00 00 00 00 00 00 00
DDA0H: 00 00 00 00 00 00 00 00 00 00 00 00 00 00 00 00
DDB0H: 00 00 00 00 00 00 00 00 00 00 00 00 00 00 00 00
DDC0H: 00 00 00 00 00 00 00 00 00 00 00 00 00 00 00 00
DDD0H: 00 00 00 00 00 00 00 00 00 00 00 00 00 00 00 00
DDE0H: 00 00 00 00 00 00 00 00 00 00 00 00 00 00 00 00
DDF0H: 00 00 00 00 00 00 00 00 00 00 00 00 00 00 00 00
DE00H: 00 00 00 00 00 00 00 00 00 00 00 00 00 00 00 00
DE10H: 00 00 00 00 00 00 00 00 00 00 00 00 00 00 00 00
DE20H: 00 00 00 00 00 00 00 00 00 00 00 00 00 00 00 00
DE30H: 00 00 00 00 00 00 00 00 00 00 00 00 00 00 00 00
DE40H: 00 00 00 00 00 00 00 00 00 00 00 00 00 00 00 00
DE50H: 00 00 00 00 00 00 00 00 00 00 00 00 00 00 00 00
DE60H: 00 00 00 00 00 00 00 00 00 00 00 00 00 00 00 00
DE70H: 00 00 00 00 00 00 00 00 00 00 00 00 00 00 00 00
DE80H: 00 00 00 00 00 00 00 00 00 00 00 00 00 00 00 00
DE90H: 00 00 00 00 00 00 00 00 00 00 00 00 00 00 00 00
DEA0H: 00 00 00 00 00 00 00 00 00 00 00 00 00 00 00 00
DEB0H: 00 00 00 00 00 00 00 00 00 00 00 00 00 00 00 00
DEC0H: 00 00 00 00 00 00 00 00 00 00 00 00 00 00 00 00
DED0H: 00 00 00 00 00 00 00 00 00 00 00 00 00 00 00 00
DEE0H: 00 00 00 00 00 00 00 00 00 00 00 00 00 00 00 00
DEF0H: 00 00 00 00 00 00 00 00 00 00 00 00 00 00 00 00
DF00H: 00 00 00 00 00 00 00 00 00 00 00 00 00 00 00 00
DF10H: 00 00 00 00 00 00 00 00 00 00 00 00 00 00 00 00
DF20H: 00 00 00 00 00 00 00 00 00 00 00 00 00 00 00 00
DF30H: 00 00 00 00 00 00 00 00 00 00 00 00 00 00 00 00
DF40H: 00 00 00 00 00 00 00 00 00 00 00 00 00 00 00 00
DF50H: 00 00 00 00 00 00 00 00 00 00 00 00 00 00 00 00
DF60H: 00 00 00 00 00 00 00 00 00 00 00 00 00 00 00 00
DF70H: 00 00 00 00 00 00 00 00 00 00 00 00 00 00 00 00
DF80H: 00 00 00 00 00 00 00 00 00 00 00 00 00 00 00 00
DF90H: 00 00 00 00 00 00 00 00 00 00 00 00 00 00 00 00
DFA0H: 00 00 00 00 00 00 00 00 00 00 00 00 00 00 00 00
DFB0H: 00 00 00 00 00 00 00 00 00 00 00 00 00 00 00 00
DFC0H: 00 00 00 00 00 00 00 00 00 00 00 00 00 00 00 00
DFD0H: 00 00 00 00 00 00 00 00 00 00 00 00 00 00 00 00
DFE0H: 00 00 00 00 00 00 00 00 00 00 00 00 00 00 00 00
DFF0H: 00 00 00 00 00 00 00 00 00 00 00 00 00 00 00 00
E000H: 00 00 00 00 00 00 00 00 00 00 00 00 00 00 00 00
E010H: 00 00 00 00 00 00 00 00 00 00 00 00 00 00 00 00
E020H: 00 00 00 00 00 00 00 00 00 00 00 00 00 00 00 00
E030H: 00 00 00 00 00 00 00 00 00 00 00 00 00 00 00 00
E040H: 00 00 00 00 00 00 00 00 00 00 00 00 00 00 00 00
E050H: 00 00 00 00 00 00 00 00 00 00 00 00 00 00 00 00
E060H: 00 00 00 00 00 00 00 00 00 00 00 00 00 00 00 00
E070H: 00 00 00 00 00 00 00 00 00 00 00 00 00 00 00 00
E080H: 00 00 00 00 00 00 00 00 00 00 00 00 00 00 00 00
E090H: 00 00 00 00 00 00 00 00 00 00 00 00 00 00 00 00
E0A0H: 00 00 00 00 00 00 00 00 00 00 00 00 00 00 00 00
E0B0H: 00 00 00 00 00 00 00 00 00 00 00 00 00 00 00 00
E0C0H: 00 00 00 00 00 00 00 00 00 00 00 00 00 00 00 00
E0D0H: 00 00 00 00 00 00 00 00 00 00 00 00 00 00 00 00
E0E0H: 00 00 00 00 00 00 00 00 00 00 00 00 00 00 00 00
E0F0H: 00 00 00 00 00 00 00 00 00 00 00 00 00 00 00 00
E100H: 00 00 00 00 00 00 00 00 00 00 00 00 00 00 00 00
E110H: 00 00 00 00 00 00 00 00 00 00 00 00 00 00 00 00
E120H: 00 00 00 00 00 00 00 00 00 00 00 00 00 00 00 00
E130H: 00 00 00 00 00 00 00 00 00 00 00 00 00 00 00 00
E140H: 00 00 00 00 00 00 00 00 00 00 00 00 00 00 00 00
E150H: 00 00 00 00 00 00 00 00 00 00 00 00 00 00 00 00
E160H: 00 00 00 00 00 00 00 00 00 00 00 00 00 00 00 00
E170H: 00 00 00 00 00 00 00 00 00 00 00 00 00 00 00 00
E180H: 00 00 00 00 00 00 00 00 00 00 00 00 00 00 00 00
E190H: 00 00 00 00 00 00 00 00 00 00 00 00 00 00 00 00
E1A0H: 00 00 00 00 00 00 00 00 00 00 00 00 00 00 00 00
E1B0H: 00 00 00 00 00 00 00 00 00 00 00 00 00 00 00 00
E1C0H: 00 00 00 00 00 00 00 00 00 00 00 00 00 00 00 00
E1D0H: 00 00 00 00 00 00 00 00 00 00 00 00 00 00 00 00
E1E0H: 00 00 00 00 00 00 00 00 00 00 00 00 00 00 00 00
E1F0H: 00 00 00 00 00 00 00 00 00 00 00 00 00 00 00 00
E200H: 00 00 00 00 00 00 00 00 00 00 00 00 00 00 00 00
E210H: 00 00 00 00 00 00 00 00 00 00 00 00 00 00 00 00
E220H: 00 00 00 00 00 00 00 00 00 00 00 00 00 00 00 00
E230H: 00 00 00 00 00 00 00 00 00 00 00 00 00 00 00 00
E240H: 00 00 00 00 00 00 00 00 00 00 00 00 00 00 00 00
E250H: 00 00 00 00 00 00 00 00 00 00 00 00 00 00 00 00
E260H: 00 00 00 00 00 00 00 00 00 00 00 00 00 00 00 00
E270H: 00 00 00 00 00 00 00 00 00 00 00 00 00 00 00 00
E280H: 00 00 00 00 00 00 00 00 00 00 00 00 00 00 00 00
E290H: 00 00 00 00 00 00 00 00 00 00 00 00 00 00 00 00
E2A0H: 00 00 00 00 00 00 00 00 00 00 00 00 00 00 00 00
E2B0H: 00 00 00 00 00 00 00 00 00 00 00 00 00 00 00 00
E2C0H: 00 00 00 00 00 00 00 00 00 00 00 00 00 00 00 00
E2D0H: 00 00 00 00 00 00 00 00 00 00 00 00 00 00 00 00
E2E0H: 00 00 00 00 00 00 00 00 00 00 00 00 00 00 00 00
E2F0H: 00 00 00 00 00 00 00 00 00 00 00 00 00 00 00 00
E300H: 00 00 00 00 00 00 00 00 00 00 00 00 00 00 00 00
E310H: 00 00 00 00 00 00 00 00 00 00 00 00 00 00 00 00
E320H: 00 00 00 00 00 00 00 00 00 00 00 00 00 00 00 00
E330H: 00 00 00 00 00 00 00 00 00 00 00 00 00 00 00 00
E340H: 00 00 00 00 00 00 00 00 00 00 00 00 00 00 00 00
E350H: 00 00 00 00 00 00 00 00 00 00 00 00 00 00 00 00
E360H: 00 00 00 00 00 00 00 00 00 00 00 00 00 00 00 00
E370H: 00 00 00 00 00 00 00 00 00 00 00 00 00 00 00 00
E380H: 00 00 00 00 00 00 00 00 00 00 00 00 00 00 00 00
E390H: 00 00 00 00 00 00 00 00 00 00 00 00 00 00 00 00
E3A0H: 00 00 00 00 00 00 00 00 00 00 00 00 00 00 00 00
E3B0H: 00 00 00 00 00 00 00 00 00 00 00 00 00 00 00 00
E3C0H: 00 00 00 00 00 00 00 00 00 00 00 00 00 00 00 00
E3D0H: 00 00 00 00 00 00 00 00 00 00 00 00 00 00 00 00
E3E0H: 00 00 00 00 00 00 00 00 00 00 00 00 00 00 00 00
E3F0H: 00 00 00 00 00 00 00 00 00 00 00 00 00 00 00 00
E400H: 00 00 00 00 00 00 00 00 00 00 00 00 00 00 00 00
E410H: 00 00 00 00 00 00 00 00 00 00 00 00 00 00 00 00
E420H: 00 00 00 00 00 00 00 00 00 00 00 00 00 00 00 00
E430H: 00 00 00 00 00 00 00 00 00 00 00 00 00 00 00 00
E440H: 00 00 00 00 00 00 00 00 00 00 00 00 00 00 00 00
E450H: 00 00 00 00 00 00 00 00 00 00 00 00 00 00 00 00
E460H: 00 00 00 00 00 00 00 00 00 00 00 00 00 00 00 00
E470H: 00 00 00 00 00 00 00 00 00 00 00 00 00 00 00 00
E480H: 00 00 00 00 00 00 00 00 00 00 00 00 00 00 00 00
E490H: 00 00 00 00 00 00 00 00 00 00 00 00 00 00 00 00
E4A0H: 00 00 00 00 00 00 00 00 00 00 00 00 00 00 00 00
E4B0H: 00 00 00 00 00 00 00 00 00 00 00 00 00 00 00 00
E4C0H: 00 00 00 00 00 00 00 00 00 00 00 00 00 00 00 00
E4D0H: 00 00 00 00 00 00 00 00 00 00 00 00 00 00 00 00
E4E0H: 00 00 00 00 00 00 00 00 00 00 00 00 00 00 00 00
E4F0H: 00 00 00 00 00 00 00 00 00 00 00 00 00 00 00 00
E500H: 00 00 00 00 00 00 00 00 00 00 00 00 00 00 00 00
E510H: 00 00 00 00 00 00 00 00 00 00 00 00 00 00 00 00
E520H: 00 00 00 00 00 00 00 00 00 00 00 00 00 00 00 00
E530H: 00 00 00 00 00 00 00 00 00 00 00 00 00 00 00 00
E540H: 00 00 00 00 00 00 00 00 00 00 00 00 00 00 00 00
E550H: 00 00 00 00 00 00 00 00 00 00 00 00 00 00 00 00
E560H: 00 00 00 00 00 00 00 00 00 00 00 00 00 00 00 00
E570H: 00 00 00 00 00 00 00 00 00 00 00 00 00 00 00 00
E580H: 00 00 00 00 00 00 00 00 00 00 00 00 00 00 00 00
E590H: 00 00 00 00 00 00 00 00 00 00 00 00 00 00 00 00
E5A0H: 00 00 00 00 00 00 00 00 00 00 00 00 00 00 00 00
E5B0H: 00 00 00 00 00 00 00 00 00 00 00 00 00 00 00 00
E5C0H: 00 00 00 00 00 00 00 00 00 00 00 00 00 00 00 00
E5D0H: 00 00 00 00 00 00 00 00 00 00 00 00 00 00 00 00
E5E0H: 00 00 00 00 00 00 00 00 00 00 00 00 00 00 00 00
E5F0H: 00 00 00 00 00 00 00 00 00 00 00 00 00 00 00 00
E600H: 00 00 00 00 00 00 00 00 00 00 00 00 00 00 00 00
E610H: 00 00 00 00 00 00 00 00 00 00 00 00 00 00 00 00
E620H: 00 00 00 00 00 00 00 00 00 00 00 00 00 00 00 00
E630H: 00 00 00 00 00 00 00 00 00 00 00 00 00 00 00 00
E640H: 00 00 00 00 00 00 00 00 00 00 00 00 00 00 00 00
E650H: 00 00 00 00 00 00 00 00 00 00 00 00 00 00 00 00
E660H: 00 00 00 00 00 00 00 00 00 00 00 00 00 00 00 00
E670H: 00 00 00 00 00 00 00 00 00 00 00 00 00 00 00 00
E680H: 00 00 00 00 00 00 00 00 00 00 00 00 00 00 00 00
E690H: 00 00 00 00 00 00 00 00 00 00 00 00 00 00 00 00
E6A0H: 00 00 00 00 00 00 00 00 00 00 00 00 00 00 00 00
E6B0H: 00 00 00 00 00 00 00 00 00 00 00 00 00 00 00 00
E6C0H: 00 00 00 00 00 00 00 00 00 00 00 00 00 00 00 00
E6D0H: 00 00 00 00 00 00 00 00 00 00 00 00 00 00 00 00
E6E0H: 00 00 00 00 00 00 00 00 00 00 00 00 00 00 00 00
E6F0H: 00 00 00 00 00 00 00 00 00 00 00 00 00 00 00 00
E700H: 00 00 00 00 00 00 00 00 00 00 00 00 00 00 00 00
E710H: 00 00 00 00 00 00 00 00 00 00 00 00 00 00 00 00
E720H: 00 00 00 00 00 00 00 00 00 00 00 00 00 00 00 00
E730H: 00 00 00 00 00 00 00 00 00 00 00 00 00 00 00 00
E740H: 00 00 00 00 00 00 00 00 00 00 00 00 00 00 00 00
E750H: 00 00 00 00 00 00 00 00 00 00 00 00 00 00 00 00
E760H: 00 00 00 00 00 00 00 00 00 00 00 00 00 00 00 00
E770H: 00 00 00 00 00 00 00 00 00 00 00 00 00 00 00 00
E780H: 00 00 00 00 00 00 00 00 00 00 00 00 00 00 00 00
E790H: 00 00 00 00 00 00 00 00 00 00 00 00 00 00 00 00
E7A0H: 00 00 00 00 00 00 00 00 00 00 00 00 00 00 00 00
E7B0H: 00 00 00 00 00 00 00 00 00 00 00 00 00 00 00 00
E7C0H: 00 00 00 00 00 00 00 00 00 00 00 00 00 00 00 00
E7D0H: 00 00 00 00 00 00 00 00 00 00 00 00 00 00 00 00
E7E0H: 00 00 00 00 00 00 00 00 00 00 00 00 00 00 00 00
E7F0H: 00 00 00 00 00 00 00 00 00 00 00 00 00 00 00 00
E800H: 00 00 00 00 00 00 00 00 00 00 00 00 00 00 00 00
E810H: 00 00 00 00 00 00 00 00 00 00 00 00 00 00 00 00
E820H: 00 00 00 00 00 00 00 00 00 00 00 00 00 00 00 00
E830H: 00 00 00 00 00 00 00 00 00 00 00 00 00 00 00 00
E840H: 00 00 00 00 00 00 00 00 00 00 00 00 00 00 00 00
E850H: 00 00 00 00 00 00 00 00 00 00 00 00 00 00 00 00
E860H: 00 00 00 00 00 00 00 00 00 00 00 00 00 00 00 00
E870H: 00 00 00 00 00 00 00 00 00 00 00 00 00 00 00 00
E880H: 00 00 00 00 00 00 00 00 00 00 00 00 00 00 00 00
E890H: 00 00 00 00 00 00 00 00 00 00 00 00 00 00 00 00
E8A0H: 00 00 00 00 00 00 00 00 00 00 00 00 00 00 00 00
E8B0H: 00 00 00 00 00 00 00 00 00 00 00 00 00 00 00 00
E8C0H: 00 00 00 00 00 00 00 00 00 00 00 00 00 00 00 00
E8D0H: 00 00 00 00 00 00 00 00 00 00 00 00 00 00 00 00
E8E0H: 00 00 00 00 00 00 00 00 00 00 00 00 00 00 00 00
E8F0H: 00 00 00 00 00 00 00 00 00 00 00 00 00 00 00 00
E900H: 00 00 00 00 00 00 00 00 00 00 00 00 00 00 00 00
E910H: 00 00 00 00 00 00 00 00 00 00 00 00 00 00 00 00
E920H: 00 00 00 00 00 00 00 00 00 00 00 00 00 00 00 00
E930H: 00 00 00 00 00 00 00 00 00 00 00 00 00 00 00 00
E940H: 00 00 00 00 00 00 00 00 00 00 00 00 00 00 00 00
E950H: 00 00 00 00 00 00 00 00 00 00 00 00 00 00 00 00
E960H: 00 00 00 00 00 00 00 00 00 00 00 00 00 00 00 00
E970H: 00 00 00 00 00 00 00 00 00 00 00 00 00 00 00 00
E980H: 00 00 00 00 00 00 00 00 00 00 00 00 00 00 00 00
E990H: 00 00 00 00 00 00 00 00 00 00 00 00 00 00 00 00
E9A0H: 00 00 00 00 00 00 00 00 00 00 00 00 00 00 00 00
E9B0H: 00 00 00 00 00 00 00 00 00 00 00 00 00 00 00 00
E9C0H: 00 00 00 00 00 00 00 00 00 00 00 00 00 00 00 00
E9D0H: 00 00 00 00 00 00 00 00 00 00 00 00 00 00 00 00
E9E0H: 00 00 00 00 00 00 00 00 00 00 00 00 00 00 00 00
E9F0H: 00 00 00 00 00 00 00 00 00 00 00 00 00 00 00 00
EA00H: 00 00 00 00 00 00 00 00 00 00 00 00 00 00 00 00
EA10H: 00 00 00 00 00 00 00 00 00 00 00 00 00 00 00 00
EA20H: 00 00 00 00 00 00 00 00 00 00 00 00 00 00 00 00
EA30H: 00 00 00 00 00 00 00 00 00 00 00 00 00 00 00 00
EA40H: 00 00 00 00 00 00 00 00 00 00 00 00 00 00 00 00
EA50H: 00 00 00 00 00 00 00 00 00 00 00 00 00 00 00 00
EA60H: 00 00 00 00 00 00 00 00 00 00 00 00 00 00 00 00
EA70H: 00 00 00 00 00 00 00 00 00 00 00 00 00 00 00 00
EA80H: 00 00 00 00 00 00 00 00 00 00 00 00 00 00 00 00
EA90H: 00 00 00 00 00 00 00 00 00 00 00 00 00 00 00 00
EAA0H: 00 00 00 00 00 00 00 00 00 00 00 00 00 00 00 00
EAB0H: 00 00 00 00 00 00 00 00 00 00 00 00 00 00 00 00
EAC0H: 00 00 00 00 00 00 00 00 00 00 00 00 00 00 00 00
EAD0H: 00 00 00 00 00 00 00 00 00 00 00 00 00 00 00 00
EAE0H: 00 00 00 00 00 00 00 00 00 00 00 00 00 00 00 00
EAF0H: 00 00 00 00 00 00 00 00 00 00 00 00 00 00 00 00
EB00H: 00 00 00 00 00 00 00 00 00 00 00 00 00 00 00 00
EB10H: 00 00 00 00 00 00 00 00 00 00 00 00 00 00 00 00
EB20H: 00 00 00 00 00 00 00 00 00 00 00 00 00 00 00 00
EB30H: 00 00 00 00 00 00 00 00 00 00 00 00 00 00 00 00
EB40H: 00 00 00 00 00 00 00 00 00 00 00 00 00 00 00 00
EB50H: 00 00 00 00 00 00 00 00 00 00 00 00 00 00 00 00
EB60H: 00 00 00 00 00 00 00 00 00 00 00 00 00 00 00 00
EB70H: 00 00 00 00 00 00 00 00 00 00 00 00 00 00 00 00
EB80H: 00 00 00 00 00 00 00 00 00 00 00 00 00 00 00 00
EB90H: 00 00 00 00 00 00 00 00 00 00 00 00 00 00 00 00
EBA0H: 00 00 00 00 00 00 00 00 00 00 00 00 00 00 00 00
EBB0H: 00 00 00 00 00 00 00 00 00 00 00 00 00 00 00 00
EBC0H: 00 00 00 00 00 00 00 00 00 00 00 00 00 00 00 00
EBD0H: 00 00 00 00 00 00 00 00 00 00 00 00 00 00 00 00
EBE0H: 00 00 00 00 00 00 00 00 00 00 00 00 00 00 00 00
EBF0H: 00 00 00 00 00 00 00 00 00 00 00 00 00 00 00 00
EC00H: 00 00 00 00 00 00 00 00 00 00 00 00 00 00 00 00
EC10H: 00 00 00 00 00 00 00 00 00 00 00 00 00 00 00 00
EC20H: 00 00 00 00 00 00 00 00 00 00 00 00 00 00 00 00
EC30H: 00 00 00 00 00 00 00 00 00 00 00 00 00 00 00 00
EC40H: 00 00 00 00 00 00 00 00 00 00 00 00 00 00 00 00
EC50H: 00 00 00 00 00 00 00 00 00 00 00 00 00 00 00 00
EC60H: 00 00 00 00 00 00 00 00 00 00 00 00 00 00 00 00
EC70H: 00 00 00 00 00 00 00 00 00 00 00 00 00 00 00 00
EC80H: 00 00 00 00 00 00 00 00 00 00 00 00 00 00 00 00
EC90H: 00 00 00 00 00 00 00 00 00 00 00 00 00 00 00 00
ECA0H: 00 00 00 00 00 00 00 00 00 00 00 00 00 00 00 00
ECB0H: 00 00 00 00 00 00 00 00 00 00 00 00 00 00 00 00
ECC0H: 00 00 00 00 00 00 00 00 00 00 00 00 00 00 00 00
ECD0H: 00 00 00 00 00 00 00 00 00 00 00 00 00 00 00 00
ECE0H: 00 00 00 00 00 00 00 00 00 00 00 00 00 00 00 00
ECF0H: 00 00 00 00 00 00 00 00 00 00 00 00 00 00 00 00
ED00H: 00 00 00 00 00 00 00 00 00 00 00 00 00 00 00 00
ED10H: 00 00 00 00 00 00 00 00 00 00 00 00 00 00 00 00
ED20H: 00 00 00 00 00 00 00 00 00 00 00 00 00 00 00 00
ED30H: 00 00 00 00 00 00 00 00 00 00 00 00 00 00 00 00
ED40H: 00 00 00 00 00 00 00 00 00 00 00 00 00 00 00 00
ED50H: 00 00 00 00 00 00 00 00 00 00 00 00 00 00 00 00
ED60H: 00 00 00 00 00 00 00 00 00 00 00 00 00 00 00 00
ED70H: 00 00 00 00 00 00 00 00 00 00 00 00 00 00 00 00
ED80H: 00 00 00 00 00 00 00 00 00 00 00 00 00 00 00 00
ED90H: 00 00 00 00 00 00 00 00 00 00 00 00 00 00 00 00
EDA0H: 00 00 00 00 00 00 00 00 00 00 00 00 00 00 00 00
EDB0H: 00 00 00 00 00 00 00 00 00 00 00 00 00 00 00 00
EDC0H: 00 00 00 00 00 00 00 00 00 00 00 00 00 00 00 00
EDD0H: 00 00 00 00 00 00 00 00 00 00 00 00 00 00 00 00
EDE0H: 00 00 00 00 00 00 00 00 00 00 00 00 00 00 00 00
EDF0H: 00 00 00 00 00 00 00 00 00 00 00 00 00 00 00 00
EE00H: 00 00 00 00 00 00 00 00 00 00 00 00 00 00 00 00
EE10H: 00 00 00 00 00 00 00 00 00 00 00 00 00 00 00 00
EE20H: 00 00 00 00 00 00 00 00 00 00 00 00 00 00 00 00
EE30H: 00 00 00 00 00 00 00 00 00 00 00 00 00 00 00 00
EE40H: 00 00 00 00 00 00 00 00 00 00 00 00 00 00 00 00
EE50H: 00 00 00 00 00 00 00 00 00 00 00 00 00 00 00 00
EE60H: 00 00 00 00 00 00 00 00 00 00 00 00 00 00 00 00
EE70H: 00 00 00 00 00 00 00 00 00 00 00 00 00 00 00 00
EE80H: 00 00 00 00 00 00 00 00 00 00 00 00 00 00 00 00
EE90H: 00 00 00 00 00 00 00 00 00 00 00 00 00 00 00 00
EEA0H: 00 00 00 00 00 00 00 00 00 00 00 00 00 00 00 00
EEB0H: 00 00 00 00 00 00 00 00 00 00 00 00 00 00 00 00
EEC0H: 00 00 00 00 00 00 00 00 00 00 00 00 00 00 00 00
EED0H: 00 00 00 00 00 00 00 00 00 00 00 00 00 00 00 00
EEE0H: 00 00 00 00 00 00 00 00 00 00 00 00 00 00 00 00
EEF0H: 00 00 00 00 00 00 00 00 00 00 00 00 00 00 00 00
EF00H: 00 00 00 00 00 00 00 00 00 00 00 00 00 00 00 00
EF10H: 00 00 00 00 00 00 00 00 00 00 00 00 00 00 00 00
EF20H: 00 00 00 00 00 00 00 00 00 00 00 00 00 00 00 00
EF30H: 00 00 00 00 00 00 00 00 00 00 00 00 00 00 00 00
EF40H: 00 00 00 00 00 00 00 00 00 00 00 00 00 00 00 00
EF50H: 00 00 00 00 00 00 00 00 00 00 00 00 00 00 00 00
EF60H: 00 00 00 00 00 00 00 00 00 00 00 00 00 00 00 00
EF70H: 00 00 00 00 00 00 00 00 00 00 00 00 00 00 00 00
EF80H: 00 00 00 00 00 00 00 00 00 00 00 00 00 00 00 00
EF90H: 00 00 00 00 00 00 00 00 00 00 00 00 00 00 00 00
EFA0H: 00 00 00 00 00 00 00 00 00 00 00 00 00 00 00 00
EFB0H: 00 00 00 00 00 00 00 00 00 00 00 00 00 00 00 00
EFC0H: 00 00 00 00 00 00 00 00 00 00 00 00 00 00 00 00
EFD0H: 00 00 00 00 00 00 00 00 00 00 00 00 00 00 00 00
EFE0H: 00 00 00 00 00 00 00 00 00 00 00 00 00 00 00 00
EFF0H: 00 00 00 00 00 00 00 00 00 00 00 00 00 00 00 00
F000H: 00 00 00 00 00 00 00 00 00 00 00 00 00 00 00 00
F010H: 00 00 00 00 00 00 00 00 00 00 00 00 00 00 00 00
F020H: 00 00 00 00 00 00 00 00 00 00 00 00 00 00 00 00
F030H: 00 00 00 00 00 00 00 00 00 00 00 00 00 00 00 00
F040H: 00 00 00 00 00 00 00 00 00 00 00 00 00 00 00 00
F050H: 00 00 00 00 00 00 00 00 00 00 00 00 00 00 00 00
F060H: 00 00 00 00 00 00 00 00 00 00 00 00 00 00 00 00
F070H: 00 00 00 00 00 00 00 00 00 00 00 00 00 00 00 00
F080H: 00 00 00 00 00 00 00 00 00 00 00 00 00 00 00 00
F090H: 00 00 00 00 00 00 00 00 00 00 00 00 00 00 00 00
F0A0H: 00 00 00 00 00 00 00 00 00 00 00 00 00 00 00 00
F0B0H: 00 00 00 00 00 00 00 00 00 00 00 00 00 00 00 00
F0C0H: 00 00 00 00 00 00 00 00 00 00 00 00 00 00 00 00
F0D0H: 00 00 00 00 00 00 00 00 00 00 00 00 00 00 00 00
F0E0H: 00 00 00 00 00 00 00 00 00 00 00 00 00 00 00 00
F0F0H: 00 00 00 00 00 00 00 00 00 00 00 00 00 00 00 00
F100H: 00 00 00 00 00 00 00 00 00 00 00 00 00 00 00 00
F110H: 00 00 00 00 00 00 00 00 00 00 00 00 00 00 00 00
F120H: 00 00 00 00 00 00 00 00 00 00 00 00 00 00 00 00
F130H: 00 00 00 00 00 00 00 00 00 00 00 00 00 00 00 00
F140H: 00 00 00 00 00 00 00 00 00 00 00 00 00 00 00 00
F150H: 00 00 00 00 00 00 00 00 00 00 00 00 00 00 00 00
F160H: 00 00 00 00 00 00 00 00 00 00 00 00 00 00 00 00
F170H: 00 00 00 00 00 00 00 00 00 00 00 00 00 00 00 00
F180H: 00 00 00 00 00 00 00 00 00 00 00 00 00 00 00 00
F190H: 00 00 00 00 00 00 00 00 00 00 00 00 00 00 00 00
F1A0H: 00 00 00 00 00 00 00 00 00 00 00 00 00 00 00 00
F1B0H: 00 00 00 00 00 00 00 00 00 00 00 00 00 00 00 00
F1C0H: 00 00 00 00 00 00 00 00 00 00 00 00 00 00 00 00
F1D0H: 00 00 00 00 00 00 00 00 00 00 00 00 00 00 00 00
F1E0H: 00 00 00 00 00 00 00 00 00 00 00 00 00 00 00 00
F1F0H: 00 00 00 00 00 00 00 00 00 00 00 00 00 00 00 00
F200H: 00 00 00 00 00 00 00 00 00 00 00 00 00 00 00 00
F210H: 00 00 00 00 00 00 00 00 00 00 00 00 00 00 00 00
F220H: 00 00 00 00 00 00 00 00 00 00 00 00 00 00 00 00
F230H: 00 00 00 00 00 00 00 00 00 00 00 00 00 00 00 00
F240H: 00 00 00 00 00 00 00 00 00 00 00 00 00 00 00 00
F250H: 00 00 00 00 00 00 00 00 00 00 00 00 00 00 00 00
F260H: 00 00 00 00 00 00 00 00 00 00 00 00 00 00 00 00
F270H: 00 00 00 00 00 00 00 00 00 00 00 00 00 00 00 00
F280H: 00 00 00 00 00 00 00 00 00 00 00 00 00 00 00 00
F290H: 00 00 00 00 00 00 00 00 00 00 00 00 00 00 00 00
F2A0H: 00 00 00 00 00 00 00 00 00 00 00 00 00 00 00 00
F2B0H: 00 00 00 00 00 00 00 00 00 00 00 00 00 00 00 00
F2C0H: 00 00 00 00 00 00 00 00 00 00 00 00 00 00 00 00
F2D0H: 00 00 00 00 00 00 00 00 00 00 00 00 00 00 00 00
F2E0H: 00 00 00 00 00 00 00 00 00 00 00 00 00 00 00 00
F2F0H: 00 00 00 00 00 00 00 00 00 00 00 00 00 00 00 00
F300H: 00 00 00 00 00 00 00 00 00 00 00 00 00 00 00 00
F310H: 00 00 00 00 00 00 00 00 00 00 00 00 00 00 00 00
F320H: 00 00 00 00 00 00 00 00 00 00 00 00 00 00 00 00
F330H: 00 00 00 00 00 00 00 00 00 00 00 00 00 00 00 00
F340H: 00 00 00 00 00 00 00 00 00 00 00 00 00 00 00 00
F350H: 00 00 00 00 00 00 00 00 00 00 00 00 00 00 00 00
F360H: 00 00 00 00 00 00 00 00 00 00 00 00 00 00 00 00
F370H: 00 00 00 00 00 00 00 00 00 00 00 00 00 00 00 00
F380H: 00 00 00 00 00 00 00 00 00 00 00 00 00 00 00 00
F390H: 00 00 00 00 00 00 00 00 00 00 00 00 00 00 00 00
F3A0H: 00 00 00 00 00 00 00 00 00 00 00 00 00 00 00 00
F3B0H: 00 00 00 00 00 00 00 00 00 00 00 00 00 00 00 00
F3C0H: 00 00 00 00 00 00 00 00 00 00 00 00 00 00 00 00
F3D0H: 00 00 00 00 00 00 00 00 00 00 00 00 00 00 00 00
F3E0H: 00 00 00 00 00 00 00 00 00 00 00 00 00 00 00 00
F3F0H: 00 00 00 00 00 00 00 00 00 00 00 00 00 00 00 00
F400H: 00 00 00 00 00 00 00 00 00 00 00 00 00 00 00 00
F410H: 00 00 00 00 00 00 00 00 00 00 00 00 00 00 00 00
F420H: 00 00 00 00 00 00 00 00 00 00 00 00 00 00 00 00
F430H: 00 00 00 00 00 00 00 00 00 00 00 00 00 00 00 00
F440H: 00 00 00 00 00 00 00 00 00 00 00 00 00 00 00 00
F450H: 00 00 00 00 00 00 00 00 00 00 00 00 00 00 00 00
F460H: 00 00 00 00 00 00 00 00 00 00 00 00 00 00 00 00
F470H: 00 00 00 00 00 00 00 00 00 00 00 00 00 00 00 00
F480H: 00 00 00 00 00 00 00 00 00 00 00 00 00 00 00 00
F490H: 00 00 00 00 00 00 00 00 00 00 00 00 00 00 00 00
F4A0H: 00 00 00 00 00 00 00 00 00 00 00 00 00 00 00 00
F4B0H: 00 00 00 00 00 00 00 00 00 00 00 00 00 00 00 00
F4C0H: 00 00 00 00 00 00 00 00 00 00 00 00 00 00 00 00
F4D0H: 00 00 00 00 00 00 00 00 00 00 00 00 00 00 00 00
F4E0H: 00 00 00 00 00 00 00 00 00 00 00 00 00 00 00 00
F4F0H: 00 00 00 00 00 00 00 00 00 00 00 00 00 00 00 00
F500H: 00 00 00 00 00 00 00 00 00 00 00 00 00 00 00 00
F510H: 00 00 00 00 00 00 00 00 00 00 00 00 00 00 00 00
F520H: 00 00 00 00 00 00 00 00 00 00 00 00 00 00 00 00
F530H: 00 00 00 00 00 00 00 00 00 00 00 00 00 00 00 00
F540H: 00 00 00 00 00 00 00 00 00 00 00 00 00 00 00 00
F550H: 00 00 00 00 00 00 00 00 00 00 00 00 00 00 00 00
F560H: 00 00 00 00 00 00 00 00 00 00 00 00 00 00 00 00
F570H: 00 00 00 00 00 00 00 00 00 00 00 00 00 00 00 00
F580H: 00 00 00 00 00 00 00 00 00 00 00 00 00 00 00 00
F590H: 00 00 00 00 00 00 00 00 00 00 00 00 00 00 00 00
F5A0H: 00 00 00 00 00 00 00 00 00 00 00 00 00 00 00 00
F5B0H: 00 00 00 00 00 00 00 00 00 00 00 00 00 00 00 00
F5C0H: 00 00 00 00 00 00 00 00 00 00 00 00 00 00 00 00
F5D0H: 00 00 00 00 00 00 00 00 00 00 00 00 00 00 00 00
F5E0H: 00 00 00 00 00 00 00 00 00 00 00 00 00 00 00 00
F5F0H: 00 00 00 00 00 00 00 00 00 00 00 00 00 00 00 00
F600H: 00 00 00 00 00 00 00 00 00 00 00 00 00 00 00 00
F610H: 00 00 00 00 00 00 00 00 00 00 00 00 00 00 00 00
F620H: 00 00 00 00 00 00 00 00 00 00 00 00 00 00 00 00
F630H: 00 00 00 00 00 00 00 00 00 00 00 00 00 00 00 00
F640H: 00 00 00 00 00 00 00 00 00 00 00 00 00 00 00 00
F650H: 00 00 00 00 00 00 00 00 00 00 00 00 00 00 00 00
F660H: 00 00 00 00 00 00 00 00 00 00 00 00 00 00 00 00
F670H: 00 00 00 00 00 00 00 00 00 00 00 00 00 00 00 00
F680H: 00 00 00 00 00 00 00 00 00 00 00 00 00 00 00 00
F690H: 00 00 00 00 00 00 00 00 00 00 00 00 00 00 00 00
F6A0H: 00 00 00 00 00 00 00 00 00 00 00 00 00 00 00 00
F6B0H: 00 00 00 00 00 00 00 00 00 00 00 00 00 00 00 00
F6C0H: 00 00 00 00 00 00 00 00 00 00 00 00 00 00 00 00
F6D0H: 00 00 00 00 00 00 00 00 00 00 00 00 00 00 00 00
F6E0H: 00 00 00 00 00 00 00 00 00 00 00 00 00 00 00 00
F6F0H: 00 00 00 00 00 00 00 00 00 00 00 00 00 00 00 00
F700H: 00 00 00 00 00 00 00 00 00 00 00 00 00 00 00 00
F710H: 00 00 00 00 00 00 00 00 00 00 00 00 00 00 00 00
F720H: 00 00 00 00 00 00 00 00 00 00 00 00 00 00 00 00
F730H: 00 00 00 00 00 00 00 00 00 00 00 00 00 00 00 00
F740H: 00 00 00 00 00 00 00 00 00 00 00 00 00 00 00 00
F750H: 00 00 00 00 00 00 00 00 00 00 00 00 00 00 00 00
F760H: 00 00 00 00 00 00 00 00 00 00 00 00 00 00 00 00
F770H: 00 00 00 00 00 00 00 00 00 00 00 00 00 00 00 00
F780H: 00 00 00 00 00 00 00 00 00 00 00 00 00 00 00 00
F790H: 00 00 00 00 00 00 00 00 00 00 00 00 00 00 00 00
F7A0H: 00 00 00 00 00 00 00 00 00 00 00 00 00 00 00 00
F7B0H: 00 00 00 00 00 00 00 00 00 00 00 00 00 00 00 00
F7C0H: 00 00 00 00 00 00 00 00 00 00 00 00 00 00 00 00
F7D0H: 00 00 00 00 00 00 00 00 00 00 00 00 00 00 00 00
F7E0H: 00 00 00 00 00 00 00 00 00 00 00 00 00 00 00 00
F7F0H: 00 00 00 00 00 00 00 00 00 00 00 00 00 00 00 00
F800H: 00 00 00 00 00 00 00 00 00 00 00 00 00 00 00 00
F810H: 00 00 00 00 00 00 00 00 00 00 00 00 00 00 00 00
F820H: 00 00 00 00 00 00 00 00 00 00 00 00 00 00 00 00
F830H: 00 00 00 00 00 00 00 00 00 00 00 00 00 00 00 00
F840H: 00 00 00 00 00 00 00 00 00 00 00 00 00 00 00 00
F850H: 00 00 00 00 00 00 00 00 00 00 00 00 00 00 00 00
F860H: 00 00 00 00 00 00 00 00 00 00 00 00 00 00 00 00
F870H: 00 00 00 00 00 00 00 00 00 00 00 00 00 00 00 00
F880H: 00 00 00 00 00 00 00 00 00 00 00 00 00 00 00 00
F890H: 00 00 00 00 00 00 00 00 00 00 00 00 00 00 00 00
F8A0H: 00 00 00 00 00 00 00 00 00 00 00 00 00 00 00 00
F8B0H: 00 00 00 00 00 00 00 00 00 00 00 00 00 00 00 00
F8C0H: 00 00 00 00 00 00 00 00 00 00 00 00 00 00 00 00
F8D0H: 00 00 00 00 00 00 00 00 00 00 00 00 00 00 00 00
F8E0H: 00 00 00 00 00 00 00 00 00 00 00 00 00 00 00 00
F8F0H: 00 00 00 00 00 00 00 00 00 00 00 00 00 00 00 00
F900H: 00 00 00 00 00 00 00 00 00 00 00 00 00 00 00 00
F910H: 00 00 00 00 00 00 00 00 00 00 00 00 00 00 00 00
F920H: 00 00 00 00 00 00 00 00 00 00 00 00 00 00 00 00
F930H: 00 00 00 00 00 00 00 00 00 00 00 00 00 00 00 00
F940H: 00 00 00 00 00 00 00 00 00 00 00 00 00 00 00 00
F950H: 00 00 00 00 00 00 00 00 00 00 00 00 00 00 00 00
F960H: 00 00 00 00 00 00 00 00 00 00 00 00 00 00 00 00
F970H: 00 00 00 00 00 00 00 00 00 00 00 00 00 00 00 00
F980H: 00 00 00 00 00 00 00 00 00 00 00 00 00 00 00 00
F990H: 00 00 00 00 00 00 00 00 00 00 00 00 00 00 00 00
F9A0H: 00 00 00 00 00 00 00 00 00 00 00 00 00 00 00 00
F9B0H: 00 00 00 00 00 00 00 00 00 00 00 00 00 00 00 00
F9C0H: 00 00 00 00 00 00 00 00 00 00 00 00 00 00 00 00
F9D0H: 00 00 00 00 00 00 00 00 00 00 00 00 00 00 00 00
F9E0H: 00 00 00 00 00 00 00 00 00 00 00 00 00 00 00 00
F9F0H: 00 00 00 00 00 00 00 00 00 00 00 00 00 00 00 00
FA00H: 00 00 00 00 00 00 00 00 00 00 00 00 00 00 00 00
FA10H: 00 00 00 00 00 00 00 00 00 00 00 00 00 00 00 00
FA20H: 00 00 00 00 00 00 00 00 00 00 00 00 00 00 00 00
FA30H: 00 00 00 00 00 00 00 00 00 00 00 00 00 00 00 00
FA40H: 00 00 00 00 00 00 00 00 00 00 00 00 00 00 00 00
FA50H: 00 00 00 00 00 00 00 00 00 00 00 00 00 00 00 00
FA60H: 00 00 00 00 00 00 00 00 00 00 00 00 00 00 00 00
FA70H: 00 00 00 00 00 00 00 00 00 00 00 00 00 00 00 00
FA80H: 00 00 00 00 00 00 00 00 00 00 00 00 00 00 00 00
FA90H: 00 00 00 00 00 00 00 00 00 00 00 00 00 00 00 00
FAA0H: 00 00 00 00 00 00 00 00 00 00 00 00 00 00 00 00
FAB0H: 00 00 00 00 00 00 00 00 00 00 00 00 00 00 00 00
FAC0H: 00 00 00 00 00 00 00 00 00 00 00 00 00 00 00 00
FAD0H: 00 00 00 00 00 00 00 00 00 00 00 00 00 00 00 00
FAE0H: 00 00 00 00 00 00 00 00 00 00 00 00 00 00 00 00
FAF0H: 00 00 00 00 00 00 00 00 00 00 00 00 00 00 00 00
FB00H: 00 00 00 00 00 00 00 00 00 00 00 00 00 00 00 00
FB10H: 00 00 00 00 00 00 00 00 00 00 00 00 00 00 00 00
FB20H: 00 00 00 00 00 00 00 00 00 00 00 00 00 00 00 00
FB30H: 00 00 00 00 00 00 00 00 00 00 00 00 00 00 00 00
FB40H: 00 00 00 00 00 00 00 00 00 00 00 00 00 00 00 00
FB50H: 00 00 00 00 00 00 00 00 00 00 00 00 00 00 00 00
FB60H: 00 00 00 00 00 00 00 00 00 00 00 00 00 00 00 00
FB70H: 00 00 00 00 00 00 00 00 00 00 00 00 00 00 00 00
FB80H: 00 00 00 00 00 00 00 00 00 00 00 00 00 00 00 00
FB90H: 00 00 00 00 00 00 00 00 00 00 00 00 00 00 00 00
FBA0H: 00 00 00 00 00 00 00 00 00 00 00 00 00 00 00 00
FBB0H: 00 00 00 00 00 00 00 00 00 00 00 00 00 00 00 00
FBC0H: 00 00 00 00 00 00 00 00 00 00 00 00 00 00 00 00
FBD0H: 00 00 00 00 00 00 00 00 00 00 00 00 00 00 00 00
FBE0H: 00 00 00 00 00 00 00 00 00 00 00 00 00 00 00 00
FBF0H: 00 00 00 00 00 00 00 00 00 00 00 00 00 00 00 00
FC00H: 00 00 00 00 00 00 00 00 00 00 00 00 00 00 00 00
FC10H: 00 00 00 00 00 00 00 00 00 00 00 00 00 00 00 00
FC20H: 00 00 00 00 00 00 00 00 00 00 00 00 00 00 00 00
FC30H: 00 00 00 00 00 00 00 00 00 00 00 00 00 00 00 00
FC40H: 00 00 00 00 00 00 00 00 00 00 00 00 00 00 00 00
FC50H: 00 00 00 00 00 00 00 00 00 00 00 00 00 00 00 00
FC60H: 00 00 00 00 00 00 00 00 00 00 00 00 00 00 00 00
FC70H: 00 00 00 00 00 00 00 00 00 00 00 00 00 00 00 00
FC80H: 00 00 00 00 00 00 00 00 00 00 00 00 00 00 00 00
FC90H: 00 00 00 00 00 00 00 00 00 00 00 00 00 00 00 00
FCA0H: 00 00 00 00 00 00 00 00 00 00 00 00 00 00 00 00
FCB0H: 00 00 00 00 00 00 00 00 00 00 00 00 00 00 00 00
FCC0H: 00 00 00 00 00 00 00 00 00 00 00 00 00 00 00 00
FCD0H: 00 00 00 00 00 00 00 00 00 00 00 00 00 00 00 00
FCE0H: 00 00 00 00 00 00 00 00 00 00 00 00 00 00 00 00
FCF0H: 00 00 00 00 00 00 00 00 00 00 00 00 00 00 00 00
FD00H: 00 00 00 00 00 00 00 00 00 00 00 00 00 00 00 00
FD10H: 00 00 00 00 00 00 00 00 00 00 00 00 00 00 00 00
FD20H: 00 00 00 00 00 00 00 00 00 00 00 00 00 00 00 00
FD30H: 00 00 00 00 00 00 00 00 00 00 00 00 00 00 00 00
FD40H: 00 00 00 00 00 00 00 00 00 00 00 00 00 00 00 00
FD50H: 00 00 00 00 00 00 00 00 00 00 00 00 00 00 00 00
FD60H: 00 00 00 00 00 00 00 00 00 00 00 00 00 00 00 00
FD70H: 00 00 00 00 00 00 00 00 00 00 00 00 00 00 00 00
FD80H: 00 00 00 00 00 00 00 00 00 00 00 00 00 00 00 00
FD90H: 00 00 00 00 00 00 00 00 00 00 00 00 00 00 00 00
FDA0H: 00 00 00 00 00 00 00 00 00 00 00 00 00 00 00 00
FDB0H: 00 00 00 00 00 00 00 00 00 00 00 00 00 00 00 00
FDC0H: 00 00 00 00 00 00 00 00 00 00 00 00 00 00 00 00
FDD0H: 00 00 00 00 00 00 00 00 00 00 00 00 00 00 00 00
FDE0H: 00 00 00 00 00 00 00 00 00 00 00 00 00 00 00 00
FDF0H: 00 00 00 00 00 00 00 00 00 00 00 00 00 00 00 00
FE00H: 00 00 00 00 00 00 00 00 00 00 00 00 00 00 00 00
FE10H: 00 00 00 00 00 00 00 00 00 00 00 00 00 00 00 00
FE20H: 00 00 00 00 00 00 00 00 00 00 00 00 00 00 00 00
FE30H: 00 00 00 00 00 00 00 00 00 00 00 00 00 00 00 00
FE40H: 00 00 00 00 00 00 00 00 00 00 00 00 00 00 00 00
FE50H: 00 00 00 00 00 00 00 00 00 00 00 00 00 00 00 00
FE60H: 00 00 00 00 00 00 00 00 00 00 00 00 00 00 00 00
FE70H: 00 00 00 00 00 00 00 00 00 00 00 00 00 00 00 00
FE80H: 00 00 00 00 00 00 00 00 00 00 00 00 00 00 00 00
FE90H: 00 00 00 00 00 00 00 00 00 00 00 00 00 00 00 00
FEA0H: 00 00 00 00 00 00 00 00 00 00 00 00 00 00 00 00
FEB0H: 00 00 00 00 00 00 00 00 00 00 00 00 00 00 00 00
FEC0H: 00 00 00 00 00 00 00 00 00 00 00 00 00 00 00 00
FED0H: 00 00 00 00 00 00 00 00 00 00 00 00 00 00 00 00
FEE0H: 00 00 00 00 00 00 00 00 00 00 00 00 00 00 00 00
FEF0H: 00 00 00 00 00 00 00 00 00 00 00 00 00 00 00 00
FF00H: 00 00 00 00 00 00 00 00 00 00 00 00 00 00 00 00
FF10H: 00 00 00 00 00 00 00 00 00 00 00 00 00 00 00 00
FF20H: 00 00 00 00 00 00 00 00 00 00 00 00 00 00 00 00
FF30H: 00 00 00 00 00 00 00 00 00 00 00 00 00 00 00 00
FF40H: 00 00 00 00 00 00 00 00 00 00 00 00 00 00 00 00
FF50H: 00 00 00 00 00 00 00 00 00 00 00 00 00 00 00 00
FF60H: 00 00 00 00 00 00 00 00 00 00 00 00 00 00 00 00
FF70H: 00 00 00 00 00 00 00 00 00 00 00 00 00 00 00 00
FF80H: 00 00 00 00 00 00 00 00 00 00 00 00 00 00 00 00
FF90H: 00 00 00 00 00 00 00 00 00 00 00 00 00 00 00 00
FFA0H: 00 00 00 00 00 00 00 00 00 00 00 00 00 00 00 00
FFB0H: 00 00 00 00 00 00 00 00 00 00 00 00 00 00 00 00
FFC0H: 00 00 00 00 00 00 00 00 00 00 00 00 00 00 00 00
FFD0H: 00 00 00 00 00 00 00 00 00 00 00 00 00 00 00 00
FFE0H: 00 00 00 00 00 00 00 00 00 00 00 00 00 00 00 00
FFF0H: 00 00 00 00 00 00 00 00 00 00 00 00 00 00 00 00
Bank # 

8000H: 00 00 00 00 00 00 00 00 00 00 00 00 00 00 00 00
8010H: 00 00 00 00 00 00 00 00 00 00 00 00 00 00 00 00
8020H: 00 00 00 00 00 00 00 00 00 00 00 00 00 00 00 00
8030H: 00 00 00 00 00 00 00 00 00 00 00 00 00 00 00 00
8040H: 00 00 00 00 00 00 00 00 00 00 00 00 00 00 00 00
8050H: 00 00 00 00 00 00 00 00 00 00 00 00 00 00 00 00
8060H: 00 00 00 00 00 00 00 00 00 00 00 00 00 00 00 00
8070H: 00 00 00 00 00 00 00 00 00 00 00 00 00 00 00 00
8080H: 00 00 00 00 00 00 00 00 00 00 00 00 00 00 00 00
8090H: 00 00 00 00 00 00 00 00 00 00 00 00 00 00 00 00
80A0H: 00 00 00 00 00 00 00 00 00 00 00 00 00 00 00 00
80B0H: 00 00 00 00 00 00 00 00 00 00 00 00 00 00 00 00
80C0H: 00 00 00 00 00 00 00 00 00 00 00 00 00 00 00 00
80D0H: 00 00 00 00 00 00 00 00 00 00 00 00 00 00 00 00
80E0H: 00 00 00 00 00 00 00 00 00 00 00 00 00 00 00 00
80F0H: 00 00 00 00 00 00 00 00 00 00 00 00 00 00 00 00
8100H: 00 00 00 00 00 00 00 00 00 00 00 00 00 00 00 00
8110H: 00 00 00 00 00 00 00 00 00 00 00 00 00 00 00 00
8120H: 00 00 00 00 00 00 00 00 00 00 00 00 00 00 00 00
8130H: 00 00 00 00 00 00 00 00 00 00 00 00 00 00 00 00
8140H: 00 00 00 00 00 00 00 00 00 00 00 00 00 00 00 00
8150H: 00 00 00 00 00 00 00 00 00 00 00 00 00 00 00 00
8160H: 00 00 00 00 00 00 00 00 00 00 00 00 00 00 00 00
8170H: 00 00 00 00 00 00 00 00 00 00 00 00 00 00 00 00
8180H: 00 00 00 00 00 00 00 00 00 00 00 00 00 00 00 00
8190H: 00 00 00 00 00 00 00 00 00 00 00 00 00 00 00 00
81A0H: 00 00 00 00 00 00 00 00 00 00 00 00 00 00 00 00
81B0H: 00 00 00 00 00 00 00 00 00 00 00 00 00 00 00 00
81C0H: 00 00 00 00 00 00 00 00 00 00 00 00 00 00 00 00
81D0H: 00 00 00 00 00 00 00 00 00 00 00 00 00 00 00 00
81E0H: 00 00 00 00 00 00 00 00 00 00 00 00 00 00 00 00
81F0H: 00 00 00 00 00 00 00 00 00 00 00 00 00 00 00 00
8200H: 00 00 00 00 00 00 00 00 00 00 00 00 00 00 00 00
8210H: 00 00 00 00 00 00 00 00 00 00 00 00 00 00 00 00
8220H: 00 00 00 00 00 00 00 00 00 00 00 00 00 00 00 00
8230H: 00 00 00 00 00 00 00 00 00 00 00 00 00 00 00 00
8240H: 00 00 00 00 00 00 00 00 00 00 00 00 00 00 00 00
8250H: 00 00 00 00 00 00 00 00 00 00 00 00 00 00 00 00
8260H: 00 00 00 00 00 00 00 00 00 00 00 00 00 00 00 00
8270H: 00 00 00 00 00 00 00 00 00 00 00 00 00 00 00 00
8280H: 00 00 00 00 00 00 00 00 00 00 00 00 00 00 00 00
8290H: 00 00 00 00 00 00 00 00 00 00 00 00 00 00 00 00
82A0H: 00 00 00 00 00 00 00 00 00 00 00 00 00 00 00 00
82B0H: 00 00 00 00 00 00 00 00 00 00 00 00 00 00 00 00
82C0H: 00 00 00 00 00 00 00 00 00 00 00 00 00 00 00 00
82D0H: 00 00 00 00 00 00 00 00 00 00 00 00 00 00 00 00
82E0H: 00 00 00 00 00 00 00 00 00 00 00 00 00 00 00 00
82F0H: 00 00 00 00 00 00 00 00 00 00 00 00 00 00 00 00
8300H: 00 00 00 00 00 00 00 00 00 00 00 00 00 00 00 00
8310H: 00 00 00 00 00 00 00 00 00 00 00 00 00 00 00 00
8320H: 00 00 00 00 00 00 00 00 00 00 00 00 00 00 00 00
8330H: 00 00 00 00 00 00 00 00 00 00 00 00 00 00 00 00
8340H: 00 00 00 00 00 00 00 00 00 00 00 00 00 00 00 00
8350H: 00 00 00 00 00 00 00 00 00 00 00 00 00 00 00 00
8360H: 00 00 00 00 00 00 00 00 00 00 00 00 00 00 00 00
8370H: 00 00 00 00 00 00 00 00 00 00 00 00 00 00 00 00
8380H: 00 00 00 00 00 00 00 00 00 00 00 00 00 00 00 00
8390H: 00 00 00 00 00 00 00 00 00 00 00 00 00 00 00 00
83A0H: 00 00 00 00 00 00 00 00 00 00 00 00 00 00 00 00
83B0H: 00 00 00 00 00 00 00 00 00 00 00 00 00 00 00 00
83C0H: 00 00 00 00 00 00 00 00 00 00 00 00 00 00 00 00
83D0H: 00 00 00 00 00 00 00 00 00 00 00 00 00 00 00 00
83E0H: 00 00 00 00 00 00 00 00 00 00 00 00 00 00 00 00
83F0H: 00 00 00 00 00 00 00 00 00 00 00 00 00 00 00 00
8400H: 00 00 00 00 00 00 00 00 00 00 00 00 00 00 00 00
8410H: 00 00 00 00 00 00 00 00 00 00 00 00 00 00 00 00
8420H: 00 00 00 00 00 00 00 00 00 00 00 00 00 00 00 00
8430H: 00 00 00 00 00 00 00 00 00 00 00 00 00 00 00 00
8440H: 00 00 00 00 00 00 00 00 00 00 00 00 00 00 00 00
8450H: 00 00 00 00 00 00 00 00 00 00 00 00 00 00 00 00
8460H: 00 00 00 00 00 00 00 00 00 00 00 00 00 00 00 00
8470H: 00 00 00 00 00 00 00 00 00 00 00 00 00 00 00 00
8480H: 00 00 00 00 00 00 00 00 00 00 00 00 00 00 00 00
8490H: 00 00 00 00 00 00 00 00 00 00 00 00 00 00 00 00
84A0H: 00 00 00 00 00 00 00 00 00 00 00 00 00 00 00 00
84B0H: 00 00 00 00 00 00 00 00 00 00 00 00 00 00 00 00
84C0H: 00 00 00 00 00 00 00 00 00 00 00 00 00 00 00 00
84D0H: 00 00 00 00 00 00 00 00 00 00 00 00 00 00 00 00
84E0H: 00 00 00 00 00 00 00 00 00 00 00 00 00 00 00 00
84F0H: 00 00 00 00 00 00 00 00 00 00 00 00 00 00 00 00
8500H: 00 00 00 00 00 00 00 00 00 00 00 00 00 00 00 00
8510H: 00 00 00 00 00 00 00 00 00 00 00 00 00 00 00 00
8520H: 00 00 00 00 00 00 00 00 00 00 00 00 00 00 00 00
8530H: 00 00 00 00 00 00 00 00 00 00 00 00 00 00 00 00
8540H: 00 00 00 00 00 00 00 00 00 00 00 00 00 00 00 00
8550H: 00 00 00 00 00 00 00 00 00 00 00 00 00 00 00 00
8560H: 00 00 00 00 00 00 00 00 00 00 00 00 00 00 00 00
8570H: 00 00 00 00 00 00 00 00 00 00 00 00 00 00 00 00
8580H: 00 00 00 00 00 00 00 00 00 00 00 00 00 00 00 00
8590H: 00 00 00 00 00 00 00 00 00 00 00 00 00 00 00 00
85A0H: 00 00 00 00 00 00 00 00 00 00 00 00 00 00 00 00
85B0H: 00 00 00 00 00 00 00 00 00 00 00 00 00 00 00 00
85C0H: 00 00 00 00 00 00 00 00 00 00 00 00 00 00 00 00
85D0H: 00 00 00 00 00 00 00 00 00 00 00 00 00 00 00 00
85E0H: 00 00 00 00 00 00 00 00 00 00 00 00 00 00 00 00
85F0H: 00 00 00 00 00 00 00 00 00 00 00 00 00 00 00 00
8600H: 00 00 00 00 00 00 00 00 00 00 00 00 00 00 00 00
8610H: 00 00 00 00 00 00 00 00 00 00 00 00 00 00 00 00
8620H: 00 00 00 00 00 00 00 00 00 00 00 00 00 00 00 00
8630H: 00 00 00 00 00 00 00 00 00 00 00 00 00 00 00 00
8640H: 00 00 00 00 00 00 00 00 00 00 00 00 00 00 00 00
8650H: 00 00 00 00 00 00 00 00 00 00 00 00 00 00 00 00
8660H: 00 00 00 00 00 00 00 00 00 00 00 00 00 00 00 00
8670H: 00 00 00 00 00 00 00 00 00 00 00 00 00 00 00 00
8680H: 00 00 00 00 00 00 00 00 00 00 00 00 00 00 00 00
8690H: 00 00 00 00 00 00 00 00 00 00 00 00 00 00 00 00
86A0H: 00 00 00 00 00 00 00 00 00 00 00 00 00 00 00 00
86B0H: 00 00 00 00 00 00 00 00 00 00 00 00 00 00 00 00
86C0H: 00 00 00 00 00 00 00 00 00 00 00 00 00 00 00 00
86D0H: 00 00 00 00 00 00 00 00 00 00 00 00 00 00 00 00
86E0H: 00 00 00 00 00 00 00 00 00 00 00 00 00 00 00 00
86F0H: 00 00 00 00 00 00 00 00 00 00 00 00 00 00 00 00
8700H: 00 00 00 00 00 00 00 00 00 00 00 00 00 00 00 00
8710H: 00 00 00 00 00 00 00 00 00 00 00 00 00 00 00 00
8720H: 00 00 00 00 00 00 00 00 00 00 00 00 00 00 00 00
8730H: 00 00 00 00 00 00 00 00 00 00 00 00 00 00 00 00
8740H: 00 00 00 00 00 00 00 00 00 00 00 00 00 00 00 00
8750H: 00 00 00 00 00 00 00 00 00 00 00 00 00 00 00 00
8760H: 00 00 00 00 00 00 00 00 00 00 00 00 00 00 00 00
8770H: 00 00 00 00 00 00 00 00 00 00 00 00 00 00 00 00
8780H: 00 00 00 00 00 00 00 00 00 00 00 00 00 00 00 00
8790H: 00 00 00 00 00 00 00 00 00 00 00 00 00 00 00 00
87A0H: 00 00 00 00 00 00 00 00 00 00 00 00 00 00 00 00
87B0H: 00 00 00 00 00 00 00 00 00 00 00 00 00 00 00 00
87C0H: 00 00 00 00 00 00 00 00 00 00 00 00 00 00 00 00
87D0H: 00 00 00 00 00 00 00 00 00 00 00 00 00 00 00 00
87E0H: 00 00 00 00 00 00 00 00 00 00 00 00 00 00 00 00
87F0H: 00 00 00 00 00 00 00 00 00 00 00 00 00 00 00 00
8800H: 00 00 00 00 00 00 00 00 00 00 00 00 00 00 00 00
8810H: 00 00 00 00 00 00 00 00 00 00 00 00 00 00 00 00
8820H: 00 00 00 00 00 00 00 00 00 00 00 00 00 00 00 00
8830H: 00 00 00 00 00 00 00 00 00 00 00 00 00 00 00 00
8840H: 00 00 00 00 00 00 00 00 00 00 00 00 00 00 00 00
8850H: 00 00 00 00 00 00 00 00 00 00 00 00 00 00 00 00
8860H: 00 00 00 00 00 00 00 00 00 00 00 00 00 00 00 00
8870H: 00 00 00 00 00 00 00 00 00 00 00 00 00 00 00 00
8880H: 00 00 00 00 00 00 00 00 00 00 00 00 00 00 00 00
8890H: 00 00 00 00 00 00 00 00 00 00 00 00 00 00 00 00
88A0H: 00 00 00 00 00 00 00 00 00 00 00 00 00 00 00 00
88B0H: 00 00 00 00 00 00 00 00 00 00 00 00 00 00 00 00
88C0H: 00 00 00 00 00 00 00 00 00 00 00 00 00 00 00 00
88D0H: 00 00 00 00 00 00 00 00 00 00 00 00 00 00 00 00
88E0H: 00 00 00 00 00 00 00 00 00 00 00 00 00 00 00 00
88F0H: 00 00 00 00 00 00 00 00 00 00 00 00 00 00 00 00
8900H: 00 00 00 00 00 00 00 00 00 00 00 00 00 00 00 00
8910H: 00 00 00 00 00 00 00 00 00 00 00 00 00 00 00 00
8920H: 00 00 00 00 00 00 00 00 00 00 00 00 00 00 00 00
8930H: 00 00 00 00 00 00 00 00 00 00 00 00 00 00 00 00
8940H: 00 00 00 00 00 00 00 00 00 00 00 00 00 00 00 00
8950H: 00 00 00 00 00 00 00 00 00 00 00 00 00 00 00 00
8960H: 00 00 00 00 00 00 00 00 00 00 00 00 00 00 00 00
8970H: 00 00 00 00 00 00 00 00 00 00 00 00 00 00 00 00
8980H: 00 00 00 00 00 00 00 00 00 00 00 00 00 00 00 00
8990H: 00 00 00 00 00 00 00 00 00 00 00 00 00 00 00 00
89A0H: 00 00 00 00 00 00 00 00 00 00 00 00 00 00 00 00
89B0H: 00 00 00 00 00 00 00 00 00 00 00 00 00 00 00 00
89C0H: 00 00 00 00 00 00 00 00 00 00 00 00 00 00 00 00
89D0H: 00 00 00 00 00 00 00 00 00 00 00 00 00 00 00 00
89E0H: 00 00 00 00 00 00 00 00 00 00 00 00 00 00 00 00
89F0H: 00 00 00 00 00 00 00 00 00 00 00 00 00 00 00 00
8A00H: 00 00 00 00 00 00 00 00 00 00 00 00 00 00 00 00
8A10H: 00 00 00 00 00 00 00 00 00 00 00 00 00 00 00 00
8A20H: 00 00 00 00 00 00 00 00 00 00 00 00 00 00 00 00
8A30H: 00 00 00 00 00 00 00 00 00 00 00 00 00 00 00 00
8A40H: 00 00 00 00 00 00 00 00 00 00 00 00 00 00 00 00
8A50H: 00 00 00 00 00 00 00 00 00 00 00 00 00 00 00 00
8A60H: 00 00 00 00 00 00 00 00 00 00 00 00 00 00 00 00
8A70H: 00 00 00 00 00 00 00 00 00 00 00 00 00 00 00 00
8A80H: 00 00 00 00 00 00 00 00 00 00 00 00 00 00 00 00
8A90H: 00 00 00 00 00 00 00 00 00 00 00 00 00 00 00 00
8AA0H: 00 00 00 00 00 00 00 00 00 00 00 00 00 00 00 00
8AB0H: 00 00 00 00 00 00 00 00 00 00 00 00 00 00 00 00
8AC0H: 00 00 00 00 00 00 00 00 00 00 00 00 00 00 00 00
8AD0H: 00 00 00 00 00 00 00 00 00 00 00 00 00 00 00 00
8AE0H: 00 00 00 00 00 00 00 00 00 00 00 00 00 00 00 00
8AF0H: 00 00 00 00 00 00 00 00 00 00 00 00 00 00 00 00
8B00H: 00 00 00 00 00 00 00 00 00 00 00 00 00 00 00 00
8B10H: 00 00 00 00 00 00 00 00 00 00 00 00 00 00 00 00
8B20H: 00 00 00 00 00 00 00 00 00 00 00 00 00 00 00 00
8B30H: 00 00 00 00 00 00 00 00 00 00 00 00 00 00 00 00
8B40H: 00 00 00 00 00 00 00 00 00 00 00 00 00 00 00 00
8B50H: 00 00 00 00 00 00 00 00 00 00 00 00 00 00 00 00
8B60H: 00 00 00 00 00 00 00 00 00 00 00 00 00 00 00 00
8B70H: 00 00 00 00 00 00 00 00 00 00 00 00 00 00 00 00
8B80H: 00 00 00 00 00 00 00 00 00 00 00 00 00 00 00 00
8B90H: 00 00 00 00 00 00 00 00 00 00 00 00 00 00 00 00
8BA0H: 00 00 00 00 00 00 00 00 00 00 00 00 00 00 00 00
8BB0H: 00 00 00 00 00 00 00 00 00 00 00 00 00 00 00 00
8BC0H: 00 00 00 00 00 00 00 00 00 00 00 00 00 00 00 00
8BD0H: 00 00 00 00 00 00 00 00 00 00 00 00 00 00 00 00
8BE0H: 00 00 00 00 00 00 00 00 00 00 00 00 00 00 00 00
8BF0H: 00 00 00 00 00 00 00 00 00 00 00 00 00 00 00 00
8C00H: 00 00 00 00 00 00 00 00 00 00 00 00 00 00 00 00
8C10H: 00 00 00 00 00 00 00 00 00 00 00 00 00 00 00 00
8C20H: 00 00 00 00 00 00 00 00 00 00 00 00 00 00 00 00
8C30H: 00 00 00 00 00 00 00 00 00 00 00 00 00 00 00 00
8C40H: 00 00 00 00 00 00 00 00 00 00 00 00 00 00 00 00
8C50H: 00 00 00 00 00 00 00 00 00 00 00 00 00 00 00 00
8C60H: 00 00 00 00 00 00 00 00 00 00 00 00 00 00 00 00
8C70H: 00 00 00 00 00 00 00 00 00 00 00 00 00 00 00 00
8C80H: 00 00 00 00 00 00 00 00 00 00 00 00 00 00 00 00
8C90H: 00 00 00 00 00 00 00 00 00 00 00 00 00 00 00 00
8CA0H: 00 00 00 00 00 00 00 00 00 00 00 00 00 00 00 00
8CB0H: 00 00 00 00 00 00 00 00 00 00 00 00 00 00 00 00
8CC0H: 00 00 00 00 00 00 00 00 00 00 00 00 00 00 00 00
8CD0H: 00 00 00 00 00 00 00 00 00 00 00 00 00 00 00 00
8CE0H: 00 00 00 00 00 00 00 00 00 00 00 00 00 00 00 00
8CF0H: 00 00 00 00 00 00 00 00 00 00 00 00 00 00 00 00
8D00H: 00 00 00 00 00 00 00 00 00 00 00 00 00 00 00 00
8D10H: 00 00 00 00 00 00 00 00 00 00 00 00 00 00 00 00
8D20H: 00 00 00 00 00 00 00 00 00 00 00 00 00 00 00 00
8D30H: 00 00 00 00 00 00 00 00 00 00 00 00 00 00 00 00
8D40H: 00 00 00 00 00 00 00 00 00 00 00 00 00 00 00 00
8D50H: 00 00 00 00 00 00 00 00 00 00 00 00 00 00 00 00
8D60H: 00 00 00 00 00 00 00 00 00 00 00 00 00 00 00 00
8D70H: 00 00 00 00 00 00 00 00 00 00 00 00 00 00 00 00
8D80H: 00 00 00 00 00 00 00 00 00 00 00 00 00 00 00 00
8D90H: 00 00 00 00 00 00 00 00 00 00 00 00 00 00 00 00
8DA0H: 00 00 00 00 00 00 00 00 00 00 00 00 00 00 00 00
8DB0H: 00 00 00 00 00 00 00 00 00 00 00 00 00 00 00 00
8DC0H: 00 00 00 00 00 00 00 00 00 00 00 00 00 00 00 00
8DD0H: 00 00 00 00 00 00 00 00 00 00 00 00 00 00 00 00
8DE0H: 00 00 00 00 00 00 00 00 00 00 00 00 00 00 00 00
8DF0H: 00 00 00 00 00 00 00 00 00 00 00 00 00 00 00 00
8E00H: 00 00 00 00 00 00 00 00 00 00 00 00 00 00 00 00
8E10H: 00 00 00 00 00 00 00 00 00 00 00 00 00 00 00 00
8E20H: 00 00 00 00 00 00 00 00 00 00 00 00 00 00 00 00
8E30H: 00 00 00 00 00 00 00 00 00 00 00 00 00 00 00 00
8E40H: 00 00 00 00 00 00 00 00 00 00 00 00 00 00 00 00
8E50H: 00 00 00 00 00 00 00 00 00 00 00 00 00 00 00 00
8E60H: 00 00 00 00 00 00 00 00 00 00 00 00 00 00 00 00
8E70H: 00 00 00 00 00 00 00 00 00 00 00 00 00 00 00 00
8E80H: 00 00 00 00 00 00 00 00 00 00 00 00 00 00 00 00
8E90H: 00 00 00 00 00 00 00 00 00 00 00 00 00 00 00 00
8EA0H: 00 00 00 00 00 00 00 00 00 00 00 00 00 00 00 00
8EB0H: 00 00 00 00 00 00 00 00 00 00 00 00 00 00 00 00
8EC0H: 00 00 00 00 00 00 00 00 00 00 00 00 00 00 00 00
8ED0H: 00 00 00 00 00 00 00 00 00 00 00 00 00 00 00 00
8EE0H: 00 00 00 00 00 00 00 00 00 00 00 00 00 00 00 00
8EF0H: 00 00 00 00 00 00 00 00 00 00 00 00 00 00 00 00
8F00H: 00 00 00 00 00 00 00 00 00 00 00 00 00 00 00 00
8F10H: 00 00 00 00 00 00 00 00 00 00 00 00 00 00 00 00
8F20H: 00 00 00 00 00 00 00 00 00 00 00 00 00 00 00 00
8F30H: 00 00 00 00 00 00 00 00 00 00 00 00 00 00 00 00
8F40H: 00 00 00 00 00 00 00 00 00 00 00 00 00 00 00 00
8F50H: 00 00 00 00 00 00 00 00 00 00 00 00 00 00 00 00
8F60H: 00 00 00 00 00 00 00 00 00 00 00 00 00 00 00 00
8F70H: 00 00 00 00 00 00 00 00 00 00 00 00 00 00 00 00
8F80H: 00 00 00 00 00 00 00 00 00 00 00 00 00 00 00 00
8F90H: 00 00 00 00 00 00 00 00 00 00 00 00 00 00 00 00
8FA0H: 00 00 00 00 00 00 00 00 00 00 00 00 00 00 00 00
8FB0H: 00 00 00 00 00 00 00 00 00 00 00 00 00 00 00 00
8FC0H: 00 00 00 00 00 00 00 00 00 00 00 00 00 00 00 00
8FD0H: 00 00 00 00 00 00 00 00 00 00 00 00 00 00 00 00
8FE0H: 00 00 00 00 00 00 00 00 00 00 00 00 00 00 00 00
8FF0H: 00 00 00 00 00 00 00 00 00 00 00 00 00 00 00 00
9000H: 00 00 00 00 00 00 00 00 00 00 00 00 00 00 00 00
9010H: 00 00 00 00 00 00 00 00 00 00 00 00 00 00 00 00
9020H: 00 00 00 00 00 00 00 00 00 00 00 00 00 00 00 00
9030H: 00 00 00 00 00 00 00 00 00 00 00 00 00 00 00 00
9040H: 00 00 00 00 00 00 00 00 00 00 00 00 00 00 00 00
9050H: 00 00 00 00 00 00 00 00 00 00 00 00 00 00 00 00
9060H: 00 00 00 00 00 00 00 00 00 00 00 00 00 00 00 00
9070H: 00 00 00 00 00 00 00 00 00 00 00 00 00 00 00 00
9080H: 00 00 00 00 00 00 00 00 00 00 00 00 00 00 00 00
9090H: 00 00 00 00 00 00 00 00 00 00 00 00 00 00 00 00
90A0H: 00 00 00 00 00 00 00 00 00 00 00 00 00 00 00 00
90B0H: 00 00 00 00 00 00 00 00 00 00 00 00 00 00 00 00
90C0H: 00 00 00 00 00 00 00 00 00 00 00 00 00 00 00 00
90D0H: 00 00 00 00 00 00 00 00 00 00 00 00 00 00 00 00
90E0H: 00 00 00 00 00 00 00 00 00 00 00 00 00 00 00 00
90F0H: 00 00 00 00 00 00 00 00 00 00 00 00 00 00 00 00
9100H: 00 00 00 00 00 00 00 00 00 00 00 00 00 00 00 00
9110H: 00 00 00 00 00 00 00 00 00 00 00 00 00 00 00 00
9120H: 00 00 00 00 00 00 00 00 00 00 00 00 00 00 00 00
9130H: 00 00 00 00 00 00 00 00 00 00 00 00 00 00 00 00
9140H: 00 00 00 00 00 00 00 00 00 00 00 00 00 00 00 00
9150H: 00 00 00 00 00 00 00 00 00 00 00 00 00 00 00 00
9160H: 00 00 00 00 00 00 00 00 00 00 00 00 00 00 00 00
9170H: 00 00 00 00 00 00 00 00 00 00 00 00 00 00 00 00
9180H: 00 00 00 00 00 00 00 00 00 00 00 00 00 00 00 00
9190H: 00 00 00 00 00 00 00 00 00 00 00 00 00 00 00 00
91A0H: 00 00 00 00 00 00 00 00 00 00 00 00 00 00 00 00
91B0H: 00 00 00 00 00 00 00 00 00 00 00 00 00 00 00 00
91C0H: 00 00 00 00 00 00 00 00 00 00 00 00 00 00 00 00
91D0H: 00 00 00 00 00 00 00 00 00 00 00 00 00 00 00 00
91E0H: 00 00 00 00 00 00 00 00 00 00 00 00 00 00 00 00
91F0H: 00 00 00 00 00 00 00 00 00 00 00 00 00 00 00 00
9200H: 00 00 00 00 00 00 00 00 00 00 00 00 00 00 00 00
9210H: 00 00 00 00 00 00 00 00 00 00 00 00 00 00 00 00
9220H: 00 00 00 00 00 00 00 00 00 00 00 00 00 00 00 00
9230H: 00 00 00 00 00 00 00 00 00 00 00 00 00 00 00 00
9240H: 00 00 00 00 00 00 00 00 00 00 00 00 00 00 00 00
9250H: 00 00 00 00 00 00 00 00 00 00 00 00 00 00 00 00
9260H: 00 00 00 00 00 00 00 00 00 00 00 00 00 00 00 00
9270H: 00 00 00 00 00 00 00 00 00 00 00 00 00 00 00 00
9280H: 00 00 00 00 00 00 00 00 00 00 00 00 00 00 00 00
9290H: 00 00 00 00 00 00 00 00 00 00 00 00 00 00 00 00
92A0H: 00 00 00 00 00 00 00 00 00 00 00 00 00 00 00 00
92B0H: 00 00 00 00 00 00 00 00 00 00 00 00 00 00 00 00
92C0H: 00 00 00 00 00 00 00 00 00 00 00 00 00 00 00 00
92D0H: 00 00 00 00 00 00 00 00 00 00 00 00 00 00 00 00
92E0H: 00 00 00 00 00 00 00 00 00 00 00 00 00 00 00 00
92F0H: 00 00 00 00 00 00 00 00 00 00 00 00 00 00 00 00
9300H: 00 00 00 00 00 00 00 00 00 00 00 00 00 00 00 00
9310H: 00 00 00 00 00 00 00 00 00 00 00 00 00 00 00 00
9320H: 00 00 00 00 00 00 00 00 00 00 00 00 00 00 00 00
9330H: 00 00 00 00 00 00 00 00 00 00 00 00 00 00 00 00
9340H: 00 00 00 00 00 00 00 00 00 00 00 00 00 00 00 00
9350H: 00 00 00 00 00 00 00 00 00 00 00 00 00 00 00 00
9360H: 00 00 00 00 00 00 00 00 00 00 00 00 00 00 00 00
9370H: 00 00 00 00 00 00 00 00 00 00 00 00 00 00 00 00
9380H: 00 00 00 00 00 00 00 00 00 00 00 00 00 00 00 00
9390H: 00 00 00 00 00 00 00 00 00 00 00 00 00 00 00 00
93A0H: 00 00 00 00 00 00 00 00 00 00 00 00 00 00 00 00
93B0H: 00 00 00 00 00 00 00 00 00 00 00 00 00 00 00 00
93C0H: 00 00 00 00 00 00 00 00 00 00 00 00 00 00 00 00
93D0H: 00 00 00 00 00 00 00 00 00 00 00 00 00 00 00 00
93E0H: 00 00 00 00 00 00 00 00 00 00 00 00 00 00 00 00
93F0H: 00 00 00 00 00 00 00 00 00 00 00 00 00 00 00 00
9400H: 00 00 00 00 00 00 00 00 00 00 00 00 00 00 00 00
9410H: 00 00 00 00 00 00 00 00 00 00 00 00 00 00 00 00
9420H: 00 00 00 00 00 00 00 00 00 00 00 00 00 00 00 00
9430H: 00 00 00 00 00 00 00 00 00 00 00 00 00 00 00 00
9440H: 00 00 00 00 00 00 00 00 00 00 00 00 00 00 00 00
9450H: 00 00 00 00 00 00 00 00 00 00 00 00 00 00 00 00
9460H: 00 00 00 00 00 00 00 00 00 00 00 00 00 00 00 00
9470H: 00 00 00 00 00 00 00 00 00 00 00 00 00 00 00 00
9480H: 00 00 00 00 00 00 00 00 00 00 00 00 00 00 00 00
9490H: 00 00 00 00 00 00 00 00 00 00 00 00 00 00 00 00
94A0H: 00 00 00 00 00 00 00 00 00 00 00 00 00 00 00 00
94B0H: 00 00 00 00 00 00 00 00 00 00 00 00 00 00 00 00
94C0H: 00 00 00 00 00 00 00 00 00 00 00 00 00 00 00 00
94D0H: 00 00 00 00 00 00 00 00 00 00 00 00 00 00 00 00
94E0H: 00 00 00 00 00 00 00 00 00 00 00 00 00 00 00 00
94F0H: 00 00 00 00 00 00 00 00 00 00 00 00 00 00 00 00
9500H: 00 00 00 00 00 00 00 00 00 00 00 00 00 00 00 00
9510H: 00 00 00 00 00 00 00 00 00 00 00 00 00 00 00 00
9520H: 00 00 00 00 00 00 00 00 00 00 00 00 00 00 00 00
9530H: 00 00 00 00 00 00 00 00 00 00 00 00 00 00 00 00
9540H: 00 00 00 00 00 00 00 00 00 00 00 00 00 00 00 00
9550H: 00 00 00 00 00 00 00 00 00 00 00 00 00 00 00 00
9560H: 00 00 00 00 00 00 00 00 00 00 00 00 00 00 00 00
9570H: 00 00 00 00 00 00 00 00 00 00 00 00 00 00 00 00
9580H: 00 00 00 00 00 00 00 00 00 00 00 00 00 00 00 00
9590H: 00 00 00 00 00 00 00 00 00 00 00 00 00 00 00 00
95A0H: 00 00 00 00 00 00 00 00 00 00 00 00 00 00 00 00
95B0H: 00 00 00 00 00 00 00 00 00 00 00 00 00 00 00 00
95C0H: 00 00 00 00 00 00 00 00 00 00 00 00 00 00 00 00
95D0H: 00 00 00 00 00 00 00 00 00 00 00 00 00 00 00 00
95E0H: 00 00 00 00 00 00 00 00 00 00 00 00 00 00 00 00
95F0H: 00 00 00 00 00 00 00 00 00 00 00 00 00 00 00 00
9600H: 00 00 00 00 00 00 00 00 00 00 00 00 00 00 00 00
9610H: 00 00 00 00 00 00 00 00 00 00 00 00 00 00 00 00
9620H: 00 00 00 00 00 00 00 00 00 00 00 00 00 00 00 00
9630H: 00 00 00 00 00 00 00 00 00 00 00 00 00 00 00 00
9640H: 00 00 00 00 00 00 00 00 00 00 00 00 00 00 00 00
9650H: 00 00 00 00 00 00 00 00 00 00 00 00 00 00 00 00
9660H: 00 00 00 00 00 00 00 00 00 00 00 00 00 00 00 00
9670H: 00 00 00 00 00 00 00 00 00 00 00 00 00 00 00 00
9680H: 00 00 00 00 00 00 00 00 00 00 00 00 00 00 00 00
9690H: 00 00 00 00 00 00 00 00 00 00 00 00 00 00 00 00
96A0H: 00 00 00 00 00 00 00 00 00 00 00 00 00 00 00 00
96B0H: 00 00 00 00 00 00 00 00 00 00 00 00 00 00 00 00
96C0H: 00 00 00 00 00 00 00 00 00 00 00 00 00 00 00 00
96D0H: 00 00 00 00 00 00 00 00 00 00 00 00 00 00 00 00
96E0H: 00 00 00 00 00 00 00 00 00 00 00 00 00 00 00 00
96F0H: 00 00 00 00 00 00 00 00 00 00 00 00 00 00 00 00
9700H: 00 00 00 00 00 00 00 00 00 00 00 00 00 00 00 00
9710H: 00 00 00 00 00 00 00 00 00 00 00 00 00 00 00 00
9720H: 00 00 00 00 00 00 00 00 00 00 00 00 00 00 00 00
9730H: 00 00 00 00 00 00 00 00 00 00 00 00 00 00 00 00
9740H: 00 00 00 00 00 00 00 00 00 00 00 00 00 00 00 00
9750H: 00 00 00 00 00 00 00 00 00 00 00 00 00 00 00 00
9760H: 00 00 00 00 00 00 00 00 00 00 00 00 00 00 00 00
9770H: 00 00 00 00 00 00 00 00 00 00 00 00 00 00 00 00
9780H: 00 00 00 00 00 00 00 00 00 00 00 00 00 00 00 00
9790H: 00 00 00 00 00 00 00 00 00 00 00 00 00 00 00 00
97A0H: 00 00 00 00 00 00 00 00 00 00 00 00 00 00 00 00
97B0H: 00 00 00 00 00 00 00 00 00 00 00 00 00 00 00 00
97C0H: 00 00 00 00 00 00 00 00 00 00 00 00 00 00 00 00
97D0H: 00 00 00 00 00 00 00 00 00 00 00 00 00 00 00 00
97E0H: 00 00 00 00 00 00 00 00 00 00 00 00 00 00 00 00
97F0H: 00 00 00 00 00 00 00 00 00 00 00 00 00 00 00 00
9800H: 00 00 00 00 00 00 00 00 00 00 00 00 00 00 00 00
9810H: 00 00 00 00 00 00 00 00 00 00 00 00 00 00 00 00
9820H: 00 00 00 00 00 00 00 00 00 00 00 00 00 00 00 00
9830H: 00 00 00 00 00 00 00 00 00 00 00 00 00 00 00 00
9840H: 00 00 00 00 00 00 00 00 00 00 00 00 00 00 00 00
9850H: 00 00 00 00 00 00 00 00 00 00 00 00 00 00 00 00
9860H: 00 00 00 00 00 00 00 00 00 00 00 00 00 00 00 00
9870H: 00 00 00 00 00 00 00 00 00 00 00 00 00 00 00 00
9880H: 00 00 00 00 00 00 00 00 00 00 00 00 00 00 00 00
9890H: 00 00 00 00 00 00 00 00 00 00 00 00 00 00 00 00
98A0H: 00 00 00 00 00 00 00 00 00 00 00 00 00 00 00 00
98B0H: 00 00 00 00 00 00 00 00 00 00 00 00 00 00 00 00
98C0H: 00 00 00 00 00 00 00 00 00 00 00 00 00 00 00 00
98D0H: 00 00 00 00 00 00 00 00 00 00 00 00 00 00 00 00
98E0H: 00 00 00 00 00 00 00 00 00 00 00 00 00 00 00 00
98F0H: 00 00 00 00 00 00 00 00 00 00 00 00 00 00 00 00
9900H: 00 00 00 00 00 00 00 00 00 00 00 00 00 00 00 00
9910H: 00 00 00 00 00 00 00 00 00 00 00 00 00 00 00 00
9920H: 00 00 00 00 00 00 00 00 00 00 00 00 00 00 00 00
9930H: 00 00 00 00 00 00 00 00 00 00 00 00 00 00 00 00
9940H: 00 00 00 00 00 00 00 00 00 00 00 00 00 00 00 00
9950H: 00 00 00 00 00 00 00 00 00 00 00 00 00 00 00 00
9960H: 00 00 00 00 00 00 00 00 00 00 00 00 00 00 00 00
9970H: 00 00 00 00 00 00 00 00 00 00 00 00 00 00 00 00
9980H: 00 00 00 00 00 00 00 00 00 00 00 00 00 00 00 00
9990H: 00 00 00 00 00 00 00 00 00 00 00 00 00 00 00 00
99A0H: 00 00 00 00 00 00 00 00 00 00 00 00 00 00 00 00
99B0H: 00 00 00 00 00 00 00 00 00 00 00 00 00 00 00 00
99C0H: 00 00 00 00 00 00 00 00 00 00 00 00 00 00 00 00
99D0H: 00 00 00 00 00 00 00 00 00 00 00 00 00 00 00 00
99E0H: 00 00 00 00 00 00 00 00 00 00 00 00 00 00 00 00
99F0H: 00 00 00 00 00 00 00 00 00 00 00 00 00 00 00 00
9A00H: 00 00 00 00 00 00 00 00 00 00 00 00 00 00 00 00
9A10H: 00 00 00 00 00 00 00 00 00 00 00 00 00 00 00 00
9A20H: 00 00 00 00 00 00 00 00 00 00 00 00 00 00 00 00
9A30H: 00 00 00 00 00 00 00 00 00 00 00 00 00 00 00 00
9A40H: 00 00 00 00 00 00 00 00 00 00 00 00 00 00 00 00
9A50H: 00 00 00 00 00 00 00 00 00 00 00 00 00 00 00 00
9A60H: 00 00 00 00 00 00 00 00 00 00 00 00 00 00 00 00
9A70H: 00 00 00 00 00 00 00 00 00 00 00 00 00 00 00 00
9A80H: 00 00 00 00 00 00 00 00 00 00 00 00 00 00 00 00
9A90H: 00 00 00 00 00 00 00 00 00 00 00 00 00 00 00 00
9AA0H: 00 00 00 00 00 00 00 00 00 00 00 00 00 00 00 00
9AB0H: 00 00 00 00 00 00 00 00 00 00 00 00 00 00 00 00
9AC0H: 00 00 00 00 00 00 00 00 00 00 00 00 00 00 00 00
9AD0H: 00 00 00 00 00 00 00 00 00 00 00 00 00 00 00 00
9AE0H: 00 00 00 00 00 00 00 00 00 00 00 00 00 00 00 00
9AF0H: 00 00 00 00 00 00 00 00 00 00 00 00 00 00 00 00
9B00H: 00 00 00 00 00 00 00 00 00 00 00 00 00 00 00 00
9B10H: 00 00 00 00 00 00 00 00 00 00 00 00 00 00 00 00
9B20H: 00 00 00 00 00 00 00 00 00 00 00 00 00 00 00 00
9B30H: 00 00 00 00 00 00 00 00 00 00 00 00 00 00 00 00
9B40H: 00 00 00 00 00 00 00 00 00 00 00 00 00 00 00 00
9B50H: 00 00 00 00 00 00 00 00 00 00 00 00 00 00 00 00
9B60H: 00 00 00 00 00 00 00 00 00 00 00 00 00 00 00 00
9B70H: 00 00 00 00 00 00 00 00 00 00 00 00 00 00 00 00
9B80H: 00 00 00 00 00 00 00 00 00 00 00 00 00 00 00 00
9B90H: 00 00 00 00 00 00 00 00 00 00 00 00 00 00 00 00
9BA0H: 00 00 00 00 00 00 00 00 00 00 00 00 00 00 00 00
9BB0H: 00 00 00 00 00 00 00 00 00 00 00 00 00 00 00 00
9BC0H: 00 00 00 00 00 00 00 00 00 00 00 00 00 00 00 00
9BD0H: 00 00 00 00 00 00 00 00 00 00 00 00 00 00 00 00
9BE0H: 00 00 00 00 00 00 00 00 00 00 00 00 00 00 00 00
9BF0H: 00 00 00 00 00 00 00 00 00 00 00 00 00 00 00 00
9C00H: 00 00 00 00 00 00 00 00 00 00 00 00 00 00 00 00
9C10H: 00 00 00 00 00 00 00 00 00 00 00 00 00 00 00 00
9C20H: 00 00 00 00 00 00 00 00 00 00 00 00 00 00 00 00
9C30H: 00 00 00 00 00 00 00 00 00 00 00 00 00 00 00 00
9C40H: 00 00 00 00 00 00 00 00 00 00 00 00 00 00 00 00
9C50H: 00 00 00 00 00 00 00 00 00 00 00 00 00 00 00 00
9C60H: 00 00 00 00 00 00 00 00 00 00 00 00 00 00 00 00
9C70H: 00 00 00 00 00 00 00 00 00 00 00 00 00 00 00 00
9C80H: 00 00 00 00 00 00 00 00 00 00 00 00 00 00 00 00
9C90H: 00 00 00 00 00 00 00 00 00 00 00 00 00 00 00 00
9CA0H: 00 00 00 00 00 00 00 00 00 00 00 00 00 00 00 00
9CB0H: 00 00 00 00 00 00 00 00 00 00 00 00 00 00 00 00
9CC0H: 00 00 00 00 00 00 00 00 00 00 00 00 00 00 00 00
9CD0H: 00 00 00 00 00 00 00 00 00 00 00 00 00 00 00 00
9CE0H: 00 00 00 00 00 00 00 00 00 00 00 00 00 00 00 00
9CF0H: 00 00 00 00 00 00 00 00 00 00 00 00 00 00 00 00
9D00H: 00 00 00 00 00 00 00 00 00 00 00 00 00 00 00 00
9D10H: 00 00 00 00 00 00 00 00 00 00 00 00 00 00 00 00
9D20H: 00 00 00 00 00 00 00 00 00 00 00 00 00 00 00 00
9D30H: 00 00 00 00 00 00 00 00 00 00 00 00 00 00 00 00
9D40H: 00 00 00 00 00 00 00 00 00 00 00 00 00 00 00 00
9D50H: 00 00 00 00 00 00 00 00 00 00 00 00 00 00 00 00
9D60H: 00 00 00 00 00 00 00 00 00 00 00 00 00 00 00 00
9D70H: 00 00 00 00 00 00 00 00 00 00 00 00 00 00 00 00
9D80H: 00 00 00 00 00 00 00 00 00 00 00 00 00 00 00 00
9D90H: 00 00 00 00 00 00 00 00 00 00 00 00 00 00 00 00
9DA0H: 00 00 00 00 00 00 00 00 00 00 00 00 00 00 00 00
9DB0H: 00 00 00 00 00 00 00 00 00 00 00 00 00 00 00 00
9DC0H: 00 00 00 00 00 00 00 00 00 00 00 00 00 00 00 00
9DD0H: 00 00 00 00 00 00 00 00 00 00 00 00 00 00 00 00
9DE0H: 00 00 00 00 00 00 00 00 00 00 00 00 00 00 00 00
9DF0H: 00 00 00 00 00 00 00 00 00 00 00 00 00 00 00 00
9E00H: 00 00 00 00 00 00 00 00 00 00 00 00 00 00 00 00
9E10H: 00 00 00 00 00 00 00 00 00 00 00 00 00 00 00 00
9E20H: 00 00 00 00 00 00 00 00 00 00 00 00 00 00 00 00
9E30H: 00 00 00 00 00 00 00 00 00 00 00 00 00 00 00 00
9E40H: 00 00 00 00 00 00 00 00 00 00 00 00 00 00 00 00
9E50H: 00 00 00 00 00 00 00 00 00 00 00 00 00 00 00 00
9E60H: 00 00 00 00 00 00 00 00 00 00 00 00 00 00 00 00
9E70H: 00 00 00 00 00 00 00 00 00 00 00 00 00 00 00 00
9E80H: 00 00 00 00 00 00 00 00 00 00 00 00 00 00 00 00
9E90H: 00 00 00 00 00 00 00 00 00 00 00 00 00 00 00 00
9EA0H: 00 00 00 00 00 00 00 00 00 00 00 00 00 00 00 00
9EB0H: 00 00 00 00 00 00 00 00 00 00 00 00 00 00 00 00
9EC0H: 00 00 00 00 00 00 00 00 00 00 00 00 00 00 00 00
9ED0H: 00 00 00 00 00 00 00 00 00 00 00 00 00 00 00 00
9EE0H: 00 00 00 00 00 00 00 00 00 00 00 00 00 00 00 00
9EF0H: 00 00 00 00 00 00 00 00 00 00 00 00 00 00 00 00
9F00H: 00 00 00 00 00 00 00 00 00 00 00 00 00 00 00 00
9F10H: 00 00 00 00 00 00 00 00 00 00 00 00 00 00 00 00
9F20H: 00 00 00 00 00 00 00 00 00 00 00 00 00 00 00 00
9F30H: 00 00 00 00 00 00 00 00 00 00 00 00 00 00 00 00
9F40H: 00 00 00 00 00 00 00 00 00 00 00 00 00 00 00 00
9F50H: 00 00 00 00 00 00 00 00 00 00 00 00 00 00 00 00
9F60H: 00 00 00 00 00 00 00 00 00 00 00 00 00 00 00 00
9F70H: 00 00 00 00 00 00 00 00 00 00 00 00 00 00 00 00
9F80H: 00 00 00 00 00 00 00 00 00 00 00 00 00 00 00 00
9F90H: 00 00 00 00 00 00 00 00 00 00 00 00 00 00 00 00
9FA0H: 00 00 00 00 00 00 00 00 00 00 00 00 00 00 00 00
9FB0H: 00 00 00 00 00 00 00 00 00 00 00 00 00 00 00 00
9FC0H: 00 00 00 00 00 00 00 00 00 00 00 00 00 00 00 00
9FD0H: 00 00 00 00 00 00 00 00 00 00 00 00 00 00 00 00
9FE0H: 00 00 00 00 00 00 00 00 00 00 00 00 00 00 00 00
9FF0H: 00 00 00 00 00 00 00 00 00 00 00 00 00 00 00 00
A000H: 00 00 00 00 00 00 00 00 00 00 00 00 00 00 00 00
A010H: 00 00 00 00 00 00 00 00 00 00 00 00 00 00 00 00
A020H: 00 00 00 00 00 00 00 00 00 00 00 00 00 00 00 00
A030H: 00 00 00 00 00 00 00 00 00 00 00 00 00 00 00 00
A040H: 00 00 00 00 00 00 00 00 00 00 00 00 00 00 00 00
A050H: 00 00 00 00 00 00 00 00 00 00 00 00 00 00 00 00
A060H: 00 00 00 00 00 00 00 00 00 00 00 00 00 00 00 00
A070H: 00 00 00 00 00 00 00 00 00 00 00 00 00 00 00 00
A080H: 00 00 00 00 00 00 00 00 00 00 00 00 00 00 00 00
A090H: 00 00 00 00 00 00 00 00 00 00 00 00 00 00 00 00
A0A0H: 00 00 00 00 00 00 00 00 00 00 00 00 00 00 00 00
A0B0H: 00 00 00 00 00 00 00 00 00 00 00 00 00 00 00 00
A0C0H: 00 00 00 00 00 00 00 00 00 00 00 00 00 00 00 00
A0D0H: 00 00 00 00 00 00 00 00 00 00 00 00 00 00 00 00
A0E0H: 00 00 00 00 00 00 00 00 00 00 00 00 00 00 00 00
A0F0H: 00 00 00 00 00 00 00 00 00 00 00 00 00 00 00 00
A100H: 00 00 00 00 00 00 00 00 00 00 00 00 00 00 00 00
A110H: 00 00 00 00 00 00 00 00 00 00 00 00 00 00 00 00
A120H: 00 00 00 00 00 00 00 00 00 00 00 00 00 00 00 00
A130H: 00 00 00 00 00 00 00 00 00 00 00 00 00 00 00 00
A140H: 00 00 00 00 00 00 00 00 00 00 00 00 00 00 00 00
A150H: 00 00 00 00 00 00 00 00 00 00 00 00 00 00 00 00
A160H: 00 00 00 00 00 00 00 00 00 00 00 00 00 00 00 00
A170H: 00 00 00 00 00 00 00 00 00 00 00 00 00 00 00 00
A180H: 00 00 00 00 00 00 00 00 00 00 00 00 00 00 00 00
A190H: 00 00 00 00 00 00 00 00 00 00 00 00 00 00 00 00
A1A0H: 00 00 00 00 00 00 00 00 00 00 00 00 00 00 00 00
A1B0H: 00 00 00 00 00 00 00 00 00 00 00 00 00 00 00 00
A1C0H: 00 00 00 00 00 00 00 00 00 00 00 00 00 00 00 00
A1D0H: 00 00 00 00 00 00 00 00 00 00 00 00 00 00 00 00
A1E0H: 00 00 00 00 00 00 00 00 00 00 00 00 00 00 00 00
A1F0H: 00 00 00 00 00 00 00 00 00 00 00 00 00 00 00 00
A200H: 00 00 00 00 00 00 00 00 00 00 00 00 00 00 00 00
A210H: 00 00 00 00 00 00 00 00 00 00 00 00 00 00 00 00
A220H: 00 00 00 00 00 00 00 00 00 00 00 00 00 00 00 00
A230H: 00 00 00 00 00 00 00 00 00 00 00 00 00 00 00 00
A240H: 00 00 00 00 00 00 00 00 00 00 00 00 00 00 00 00
A250H: 00 00 00 00 00 00 00 00 00 00 00 00 00 00 00 00
A260H: 00 00 00 00 00 00 00 00 00 00 00 00 00 00 00 00
A270H: 00 00 00 00 00 00 00 00 00 00 00 00 00 00 00 00
A280H: 00 00 00 00 00 00 00 00 00 00 00 00 00 00 00 00
A290H: 00 00 00 00 00 00 00 00 00 00 00 00 00 00 00 00
A2A0H: 00 00 00 00 00 00 00 00 00 00 00 00 00 00 00 00
A2B0H: 00 00 00 00 00 00 00 00 00 00 00 00 00 00 00 00
A2C0H: 00 00 00 00 00 00 00 00 00 00 00 00 00 00 00 00
A2D0H: 00 00 00 00 00 00 00 00 00 00 00 00 00 00 00 00
A2E0H: 00 00 00 00 00 00 00 00 00 00 00 00 00 00 00 00
A2F0H: 00 00 00 00 00 00 00 00 00 00 00 00 00 00 00 00
A300H: 00 00 00 00 00 00 00 00 00 00 00 00 00 00 00 00
A310H: 00 00 00 00 00 00 00 00 00 00 00 00 00 00 00 00
A320H: 00 00 00 00 00 00 00 00 00 00 00 00 00 00 00 00
A330H: 00 00 00 00 00 00 00 00 00 00 00 00 00 00 00 00
A340H: 00 00 00 00 00 00 00 00 00 00 00 00 00 00 00 00
A350H: 00 00 00 00 00 00 00 00 00 00 00 00 00 00 00 00
A360H: 00 00 00 00 00 00 00 00 00 00 00 00 00 00 00 00
A370H: 00 00 00 00 00 00 00 00 00 00 00 00 00 00 00 00
A380H: 00 00 00 00 00 00 00 00 00 00 00 00 00 00 00 00
A390H: 00 00 00 00 00 00 00 00 00 00 00 00 00 00 00 00
A3A0H: 00 00 00 00 00 00 00 00 00 00 00 00 00 00 00 00
A3B0H: 00 00 00 00 00 00 00 00 00 00 00 00 00 00 00 00
A3C0H: 00 00 00 00 00 00 00 00 00 00 00 00 00 00 00 00
A3D0H: 00 00 00 00 00 00 00 00 00 00 00 00 00 00 00 00
A3E0H: 00 00 00 00 00 00 00 00 00 00 00 00 00 00 00 00
A3F0H: 00 00 00 00 00 00 00 00 00 00 00 00 00 00 00 00
A400H: 00 00 00 00 00 00 00 00 00 00 00 00 00 00 00 00
A410H: 00 00 00 00 00 00 00 00 00 00 00 00 00 00 00 00
A420H: 00 00 00 00 00 00 00 00 00 00 00 00 00 00 00 00
A430H: 00 00 00 00 00 00 00 00 00 00 00 00 00 00 00 00
A440H: 00 00 00 00 00 00 00 00 00 00 00 00 00 00 00 00
A450H: 00 00 00 00 00 00 00 00 00 00 00 00 00 00 00 00
A460H: 00 00 00 00 00 00 00 00 00 00 00 00 00 00 00 00
A470H: 00 00 00 00 00 00 00 00 00 00 00 00 00 00 00 00
A480H: 00 00 00 00 00 00 00 00 00 00 00 00 00 00 00 00
A490H: 00 00 00 00 00 00 00 00 00 00 00 00 00 00 00 00
A4A0H: 00 00 00 00 00 00 00 00 00 00 00 00 00 00 00 00
A4B0H: 00 00 00 00 00 00 00 00 00 00 00 00 00 00 00 00
A4C0H: 00 00 00 00 00 00 00 00 00 00 00 00 00 00 00 00
A4D0H: 00 00 00 00 00 00 00 00 00 00 00 00 00 00 00 00
A4E0H: 00 00 00 00 00 00 00 00 00 00 00 00 00 00 00 00
A4F0H: 00 00 00 00 00 00 00 00 00 00 00 00 00 00 00 00
A500H: 00 00 00 00 00 00 00 00 00 00 00 00 00 00 00 00
A510H: 00 00 00 00 00 00 00 00 00 00 00 00 00 00 00 00
A520H: 00 00 00 00 00 00 00 00 00 00 00 00 00 00 00 00
A530H: 00 00 00 00 00 00 00 00 00 00 00 00 00 00 00 00
A540H: 00 00 00 00 00 00 00 00 00 00 00 00 00 00 00 00
A550H: 00 00 00 00 00 00 00 00 00 00 00 00 00 00 00 00
A560H: 00 00 00 00 00 00 00 00 00 00 00 00 00 00 00 00
A570H: 00 00 00 00 00 00 00 00 00 00 00 00 00 00 00 00
A580H: 00 00 00 00 00 00 00 00 00 00 00 00 00 00 00 00
A590H: 00 00 00 00 00 00 00 00 00 00 00 00 00 00 00 00
A5A0H: 00 00 00 00 00 00 00 00 00 00 00 00 00 00 00 00
A5B0H: 00 00 00 00 00 00 00 00 00 00 00 00 00 00 00 00
A5C0H: 00 00 00 00 00 00 00 00 00 00 00 00 00 00 00 00
A5D0H: 00 00 00 00 00 00 00 00 00 00 00 00 00 00 00 00
A5E0H: 00 00 00 00 00 00 00 00 00 00 00 00 00 00 00 00
A5F0H: 00 00 00 00 00 00 00 00 00 00 00 00 00 00 00 00
A600H: 00 00 00 00 00 00 00 00 00 00 00 00 00 00 00 00
A610H: 00 00 00 00 00 00 00 00 00 00 00 00 00 00 00 00
A620H: 00 00 00 00 00 00 00 00 00 00 00 00 00 00 00 00
A630H: 00 00 00 00 00 00 00 00 00 00 00 00 00 00 00 00
A640H: 00 00 00 00 00 00 00 00 00 00 00 00 00 00 00 00
A650H: 00 00 00 00 00 00 00 00 00 00 00 00 00 00 00 00
A660H: 00 00 00 00 00 00 00 00 00 00 00 00 00 00 00 00
A670H: 00 00 00 00 00 00 00 00 00 00 00 00 00 00 00 00
A680H: 00 00 00 00 00 00 00 00 00 00 00 00 00 00 00 00
A690H: 00 00 00 00 00 00 00 00 00 00 00 00 00 00 00 00
A6A0H: 00 00 00 00 00 00 00 00 00 00 00 00 00 00 00 00
A6B0H: 00 00 00 00 00 00 00 00 00 00 00 00 00 00 00 00
A6C0H: 00 00 00 00 00 00 00 00 00 00 00 00 00 00 00 00
A6D0H: 00 00 00 00 00 00 00 00 00 00 00 00 00 00 00 00
A6E0H: 00 00 00 00 00 00 00 00 00 00 00 00 00 00 00 00
A6F0H: 00 00 00 00 00 00 00 00 00 00 00 00 00 00 00 00
A700H: 00 00 00 00 00 00 00 00 00 00 00 00 00 00 00 00
A710H: 00 00 00 00 00 00 00 00 00 00 00 00 00 00 00 00
A720H: 00 00 00 00 00 00 00 00 00 00 00 00 00 00 00 00
A730H: 00 00 00 00 00 00 00 00 00 00 00 00 00 00 00 00
A740H: 00 00 00 00 00 00 00 00 00 00 00 00 00 00 00 00
A750H: 00 00 00 00 00 00 00 00 00 00 00 00 00 00 00 00
A760H: 00 00 00 00 00 00 00 00 00 00 00 00 00 00 00 00
A770H: 00 00 00 00 00 00 00 00 00 00 00 00 00 00 00 00
A780H: 00 00 00 00 00 00 00 00 00 00 00 00 00 00 00 00
A790H: 00 00 00 00 00 00 00 00 00 00 00 00 00 00 00 00
A7A0H: 00 00 00 00 00 00 00 00 00 00 00 00 00 00 00 00
A7B0H: 00 00 00 00 00 00 00 00 00 00 00 00 00 00 00 00
A7C0H: 00 00 00 00 00 00 00 00 00 00 00 00 00 00 00 00
A7D0H: 00 00 00 00 00 00 00 00 00 00 00 00 00 00 00 00
A7E0H: 00 00 00 00 00 00 00 00 00 00 00 00 00 00 00 00
A7F0H: 00 00 00 00 00 00 00 00 00 00 00 00 00 00 00 00
A800H: 00 00 00 00 00 00 00 00 00 00 00 00 00 00 00 00
A810H: 00 00 00 00 00 00 00 00 00 00 00 00 00 00 00 00
A820H: 00 00 00 00 00 00 00 00 00 00 00 00 00 00 00 00
A830H: 00 00 00 00 00 00 00 00 00 00 00 00 00 00 00 00
A840H: 00 00 00 00 00 00 00 00 00 00 00 00 00 00 00 00
A850H: 00 00 00 00 00 00 00 00 00 00 00 00 00 00 00 00
A860H: 00 00 00 00 00 00 00 00 00 00 00 00 00 00 00 00
A870H: 00 00 00 00 00 00 00 00 00 00 00 00 00 00 00 00
A880H: 00 00 00 00 00 00 00 00 00 00 00 00 00 00 00 00
A890H: 00 00 00 00 00 00 00 00 00 00 00 00 00 00 00 00
A8A0H: 00 00 00 00 00 00 00 00 00 00 00 00 00 00 00 00
A8B0H: 00 00 00 00 00 00 00 00 00 00 00 00 00 00 00 00
A8C0H: 00 00 00 00 00 00 00 00 00 00 00 00 00 00 00 00
A8D0H: 00 00 00 00 00 00 00 00 00 00 00 00 00 00 00 00
A8E0H: 00 00 00 00 00 00 00 00 00 00 00 00 00 00 00 00
A8F0H: 00 00 00 00 00 00 00 00 00 00 00 00 00 00 00 00
A900H: 00 00 00 00 00 00 00 00 00 00 00 00 00 00 00 00
A910H: 00 00 00 00 00 00 00 00 00 00 00 00 00 00 00 00
A920H: 00 00 00 00 00 00 00 00 00 00 00 00 00 00 00 00
A930H: 00 00 00 00 00 00 00 00 00 00 00 00 00 00 00 00
A940H: 00 00 00 00 00 00 00 00 00 00 00 00 00 00 00 00
A950H: 00 00 00 00 00 00 00 00 00 00 00 00 00 00 00 00
A960H: 00 00 00 00 00 00 00 00 00 00 00 00 00 00 00 00
A970H: 00 00 00 00 00 00 00 00 00 00 00 00 00 00 00 00
A980H: 00 00 00 00 00 00 00 00 00 00 00 00 00 00 00 00
A990H: 00 00 00 00 00 00 00 00 00 00 00 00 00 00 00 00
A9A0H: 00 00 00 00 00 00 00 00 00 00 00 00 00 00 00 00
A9B0H: 00 00 00 00 00 00 00 00 00 00 00 00 00 00 00 00
A9C0H: 00 00 00 00 00 00 00 00 00 00 00 00 00 00 00 00
A9D0H: 00 00 00 00 00 00 00 00 00 00 00 00 00 00 00 00
A9E0H: 00 00 00 00 00 00 00 00 00 00 00 00 00 00 00 00
A9F0H: 00 00 00 00 00 00 00 00 00 00 00 00 00 00 00 00
AA00H: 00 00 00 00 00 00 00 00 00 00 00 00 00 00 00 00
AA10H: 00 00 00 00 00 00 00 00 00 00 00 00 00 00 00 00
AA20H: 00 00 00 00 00 00 00 00 00 00 00 00 00 00 00 00
AA30H: 00 00 00 00 00 00 00 00 00 00 00 00 00 00 00 00
AA40H: 00 00 00 00 00 00 00 00 00 00 00 00 00 00 00 00
AA50H: 00 00 00 00 00 00 00 00 00 00 00 00 00 00 00 00
AA60H: 00 00 00 00 00 00 00 00 00 00 00 00 00 00 00 00
AA70H: 00 00 00 00 00 00 00 00 00 00 00 00 00 00 00 00
AA80H: 00 00 00 00 00 00 00 00 00 00 00 00 00 00 00 00
AA90H: 00 00 00 00 00 00 00 00 00 00 00 00 00 00 00 00
AAA0H: 00 00 00 00 00 00 00 00 00 00 00 00 00 00 00 00
AAB0H: 00 00 00 00 00 00 00 00 00 00 00 00 00 00 00 00
AAC0H: 00 00 00 00 00 00 00 00 00 00 00 00 00 00 00 00
AAD0H: 00 00 00 00 00 00 00 00 00 00 00 00 00 00 00 00
AAE0H: 00 00 00 00 00 00 00 00 00 00 00 00 00 00 00 00
AAF0H: 00 00 00 00 00 00 00 00 00 00 00 00 00 00 00 00
AB00H: 00 00 00 00 00 00 00 00 00 00 00 00 00 00 00 00
AB10H: 00 00 00 00 00 00 00 00 00 00 00 00 00 00 00 00
AB20H: 00 00 00 00 00 00 00 00 00 00 00 00 00 00 00 00
AB30H: 00 00 00 00 00 00 00 00 00 00 00 00 00 00 00 00
AB40H: 00 00 00 00 00 00 00 00 00 00 00 00 00 00 00 00
AB50H: 00 00 00 00 00 00 00 00 00 00 00 00 00 00 00 00
AB60H: 00 00 00 00 00 00 00 00 00 00 00 00 00 00 00 00
AB70H: 00 00 00 00 00 00 00 00 00 00 00 00 00 00 00 00
AB80H: 00 00 00 00 00 00 00 00 00 00 00 00 00 00 00 00
AB90H: 00 00 00 00 00 00 00 00 00 00 00 00 00 00 00 00
ABA0H: 00 00 00 00 00 00 00 00 00 00 00 00 00 00 00 00
ABB0H: 00 00 00 00 00 00 00 00 00 00 00 00 00 00 00 00
ABC0H: 00 00 00 00 00 00 00 00 00 00 00 00 00 00 00 00
ABD0H: 00 00 00 00 00 00 00 00 00 00 00 00 00 00 00 00
ABE0H: 00 00 00 00 00 00 00 00 00 00 00 00 00 00 00 00
ABF0H: 00 00 00 00 00 00 00 00 00 00 00 00 00 00 00 00
AC00H: 00 00 00 00 00 00 00 00 00 00 00 00 00 00 00 00
AC10H: 00 00 00 00 00 00 00 00 00 00 00 00 00 00 00 00
AC20H: 00 00 00 00 00 00 00 00 00 00 00 00 00 00 00 00
AC30H: 00 00 00 00 00 00 00 00 00 00 00 00 00 00 00 00
AC40H: 00 00 00 00 00 00 00 00 00 00 00 00 00 00 00 00
AC50H: 00 00 00 00 00 00 00 00 00 00 00 00 00 00 00 00
AC60H: 00 00 00 00 00 00 00 00 00 00 00 00 00 00 00 00
AC70H: 00 00 00 00 00 00 00 00 00 00 00 00 00 00 00 00
AC80H: 00 00 00 00 00 00 00 00 00 00 00 00 00 00 00 00
AC90H: 00 00 00 00 00 00 00 00 00 00 00 00 00 00 00 00
ACA0H: 00 00 00 00 00 00 00 00 00 00 00 00 00 00 00 00
ACB0H: 00 00 00 00 00 00 00 00 00 00 00 00 00 00 00 00
ACC0H: 00 00 00 00 00 00 00 00 00 00 00 00 00 00 00 00
ACD0H: 00 00 00 00 00 00 00 00 00 00 00 00 00 00 00 00
ACE0H: 00 00 00 00 00 00 00 00 00 00 00 00 00 00 00 00
ACF0H: 00 00 00 00 00 00 00 00 00 00 00 00 00 00 00 00
AD00H: 00 00 00 00 00 00 00 00 00 00 00 00 00 00 00 00
AD10H: 00 00 00 00 00 00 00 00 00 00 00 00 00 00 00 00
AD20H: 00 00 00 00 00 00 00 00 00 00 00 00 00 00 00 00
AD30H: 00 00 00 00 00 00 00 00 00 00 00 00 00 00 00 00
AD40H: 00 00 00 00 00 00 00 00 00 00 00 00 00 00 00 00
AD50H: 00 00 00 00 00 00 00 00 00 00 00 00 00 00 00 00
AD60H: 00 00 00 00 00 00 00 00 00 00 00 00 00 00 00 00
AD70H: 00 00 00 00 00 00 00 00 00 00 00 00 00 00 00 00
AD80H: 00 00 00 00 00 00 00 00 00 00 00 00 00 00 00 00
AD90H: 00 00 00 00 00 00 00 00 00 00 00 00 00 00 00 00
ADA0H: 00 00 00 00 00 00 00 00 00 00 00 00 00 00 00 00
ADB0H: 00 00 00 00 00 00 00 00 00 00 00 00 00 00 00 00
ADC0H: 00 00 00 00 00 00 00 00 00 00 00 00 00 00 00 00
ADD0H: 00 00 00 00 00 00 00 00 00 00 00 00 00 00 00 00
ADE0H: 00 00 00 00 00 00 00 00 00 00 00 00 00 00 00 00
ADF0H: 00 00 00 00 00 00 00 00 00 00 00 00 00 00 00 00
AE00H: 00 00 00 00 00 00 00 00 00 00 00 00 00 00 00 00
AE10H: 00 00 00 00 00 00 00 00 00 00 00 00 00 00 00 00
AE20H: 00 00 00 00 00 00 00 00 00 00 00 00 00 00 00 00
AE30H: 00 00 00 00 00 00 00 00 00 00 00 00 00 00 00 00
AE40H: 00 00 00 00 00 00 00 00 00 00 00 00 00 00 00 00
AE50H: 00 00 00 00 00 00 00 00 00 00 00 00 00 00 00 00
AE60H: 00 00 00 00 00 00 00 00 00 00 00 00 00 00 00 00
AE70H: 00 00 00 00 00 00 00 00 00 00 00 00 00 00 00 00
AE80H: 00 00 00 00 00 00 00 00 00 00 00 00 00 00 00 00
AE90H: 00 00 00 00 00 00 00 00 00 00 00 00 00 00 00 00
AEA0H: 00 00 00 00 00 00 00 00 00 00 00 00 00 00 00 00
AEB0H: 00 00 00 00 00 00 00 00 00 00 00 00 00 00 00 00
AEC0H: 00 00 00 00 00 00 00 00 00 00 00 00 00 00 00 00
AED0H: 00 00 00 00 00 00 00 00 00 00 00 00 00 00 00 00
AEE0H: 00 00 00 00 00 00 00 00 00 00 00 00 00 00 00 00
AEF0H: 00 00 00 00 00 00 00 00 00 00 00 00 00 00 00 00
AF00H: 00 00 00 00 00 00 00 00 00 00 00 00 00 00 00 00
AF10H: 00 00 00 00 00 00 00 00 00 00 00 00 00 00 00 00
AF20H: 00 00 00 00 00 00 00 00 00 00 00 00 00 00 00 00
AF30H: 00 00 00 00 00 00 00 00 00 00 00 00 00 00 00 00
AF40H: 00 00 00 00 00 00 00 00 00 00 00 00 00 00 00 00
AF50H: 00 00 00 00 00 00 00 00 00 00 00 00 00 00 00 00
AF60H: 00 00 00 00 00 00 00 00 00 00 00 00 00 00 00 00
AF70H: 00 00 00 00 00 00 00 00 00 00 00 00 00 00 00 00
AF80H: 00 00 00 00 00 00 00 00 00 00 00 00 00 00 00 00
AF90H: 00 00 00 00 00 00 00 00 00 00 00 00 00 00 00 00
AFA0H: 00 00 00 00 00 00 00 00 00 00 00 00 00 00 00 00
AFB0H: 00 00 00 00 00 00 00 00 00 00 00 00 00 00 00 00
AFC0H: 00 00 00 00 00 00 00 00 00 00 00 00 00 00 00 00
AFD0H: 00 00 00 00 00 00 00 00 00 00 00 00 00 00 00 00
AFE0H: 00 00 00 00 00 00 00 00 00 00 00 00 00 00 00 00
AFF0H: 00 00 00 00 00 00 00 00 00 00 00 00 00 00 00 00
B000H: 00 00 00 00 00 00 00 00 00 00 00 00 00 00 00 00
B010H: 00 00 00 00 00 00 00 00 00 00 00 00 00 00 00 00
B020H: 00 00 00 00 00 00 00 00 00 00 00 00 00 00 00 00
B030H: 00 00 00 00 00 00 00 00 00 00 00 00 00 00 00 00
B040H: 00 00 00 00 00 00 00 00 00 00 00 00 00 00 00 00
B050H: 00 00 00 00 00 00 00 00 00 00 00 00 00 00 00 00
B060H: 00 00 00 00 00 00 00 00 00 00 00 00 00 00 00 00
B070H: 00 00 00 00 00 00 00 00 00 00 00 00 00 00 00 00
B080H: 00 00 00 00 00 00 00 00 00 00 00 00 00 00 00 00
B090H: 00 00 00 00 00 00 00 00 00 00 00 00 00 00 00 00
B0A0H: 00 00 00 00 00 00 00 00 00 00 00 00 00 00 00 00
B0B0H: 00 00 00 00 00 00 00 00 00 00 00 00 00 00 00 00
B0C0H: 00 00 00 00 00 00 00 00 00 00 00 00 00 00 00 00
B0D0H: 00 00 00 00 00 00 00 00 00 00 00 00 00 00 00 00
B0E0H: 00 00 00 00 00 00 00 00 00 00 00 00 00 00 00 00
B0F0H: 00 00 00 00 00 00 00 00 00 00 00 00 00 00 00 00
B100H: 00 00 00 00 00 00 00 00 00 00 00 00 00 00 00 00
B110H: 00 00 00 00 00 00 00 00 00 00 00 00 00 00 00 00
B120H: 00 00 00 00 00 00 00 00 00 00 00 00 00 00 00 00
B130H: 00 00 00 00 00 00 00 00 00 00 00 00 00 00 00 00
B140H: 00 00 00 00 00 00 00 00 00 00 00 00 00 00 00 00
B150H: 00 00 00 00 00 00 00 00 00 00 00 00 00 00 00 00
B160H: 00 00 00 00 00 00 00 00 00 00 00 00 00 00 00 00
B170H: 00 00 00 00 00 00 00 00 00 00 00 00 00 00 00 00
B180H: 00 00 00 00 00 00 00 00 00 00 00 00 00 00 00 00
B190H: 00 00 00 00 00 00 00 00 00 00 00 00 00 00 00 00
B1A0H: 00 00 00 00 00 00 00 00 00 00 00 00 00 00 00 00
B1B0H: 00 00 00 00 00 00 00 00 00 00 00 00 00 00 00 00
B1C0H: 00 00 00 00 00 00 00 00 00 00 00 00 00 00 00 00
B1D0H: 00 00 00 00 00 00 00 00 00 00 00 00 00 00 00 00
B1E0H: 00 00 00 00 00 00 00 00 00 00 00 00 00 00 00 00
B1F0H: 00 00 00 00 00 00 00 00 00 00 00 00 00 00 00 00
B200H: 00 00 00 00 00 00 00 00 00 00 00 00 00 00 00 00
B210H: 00 00 00 00 00 00 00 00 00 00 00 00 00 00 00 00
B220H: 00 00 00 00 00 00 00 00 00 00 00 00 00 00 00 00
B230H: 00 00 00 00 00 00 00 00 00 00 00 00 00 00 00 00
B240H: 00 00 00 00 00 00 00 00 00 00 00 00 00 00 00 00
B250H: 00 00 00 00 00 00 00 00 00 00 00 00 00 00 00 00
B260H: 00 00 00 00 00 00 00 00 00 00 00 00 00 00 00 00
B270H: 00 00 00 00 00 00 00 00 00 00 00 00 00 00 00 00
B280H: 00 00 00 00 00 00 00 00 00 00 00 00 00 00 00 00
B290H: 00 00 00 00 00 00 00 00 00 00 00 00 00 00 00 00
B2A0H: 00 00 00 00 00 00 00 00 00 00 00 00 00 00 00 00
B2B0H: 00 00 00 00 00 00 00 00 00 00 00 00 00 00 00 00
B2C0H: 00 00 00 00 00 00 00 00 00 00 00 00 00 00 00 00
B2D0H: 00 00 00 00 00 00 00 00 00 00 00 00 00 00 00 00
B2E0H: 00 00 00 00 00 00 00 00 00 00 00 00 00 00 00 00
B2F0H: 00 00 00 00 00 00 00 00 00 00 00 00 00 00 00 00
B300H: 00 00 00 00 00 00 00 00 00 00 00 00 00 00 00 00
B310H: 00 00 00 00 00 00 00 00 00 00 00 00 00 00 00 00
B320H: 00 00 00 00 00 00 00 00 00 00 00 00 00 00 00 00
B330H: 00 00 00 00 00 00 00 00 00 00 00 00 00 00 00 00
B340H: 00 00 00 00 00 00 00 00 00 00 00 00 00 00 00 00
B350H: 00 00 00 00 00 00 00 00 00 00 00 00 00 00 00 00
B360H: 00 00 00 00 00 00 00 00 00 00 00 00 00 00 00 00
B370H: 00 00 00 00 00 00 00 00 00 00 00 00 00 00 00 00
B380H: 00 00 00 00 00 00 00 00 00 00 00 00 00 00 00 00
B390H: 00 00 00 00 00 00 00 00 00 00 00 00 00 00 00 00
B3A0H: 00 00 00 00 00 00 00 00 00 00 00 00 00 00 00 00
B3B0H: 00 00 00 00 00 00 00 00 00 00 00 00 00 00 00 00
B3C0H: 00 00 00 00 00 00 00 00 00 00 00 00 00 00 00 00
B3D0H: 00 00 00 00 00 00 00 00 00 00 00 00 00 00 00 00
B3E0H: 00 00 00 00 00 00 00 00 00 00 00 00 00 00 00 00
B3F0H: 00 00 00 00 00 00 00 00 00 00 00 00 00 00 00 00
B400H: 00 00 00 00 00 00 00 00 00 00 00 00 00 00 00 00
B410H: 00 00 00 00 00 00 00 00 00 00 00 00 00 00 00 00
B420H: 00 00 00 00 00 00 00 00 00 00 00 00 00 00 00 00
B430H: 00 00 00 00 00 00 00 00 00 00 00 00 00 00 00 00
B440H: 00 00 00 00 00 00 00 00 00 00 00 00 00 00 00 00
B450H: 00 00 00 00 00 00 00 00 00 00 00 00 00 00 00 00
B460H: 00 00 00 00 00 00 00 00 00 00 00 00 00 00 00 00
B470H: 00 00 00 00 00 00 00 00 00 00 00 00 00 00 00 00
B480H: 00 00 00 00 00 00 00 00 00 00 00 00 00 00 00 00
B490H: 00 00 00 00 00 00 00 00 00 00 00 00 00 00 00 00
B4A0H: 00 00 00 00 00 00 00 00 00 00 00 00 00 00 00 00
B4B0H: 00 00 00 00 00 00 00 00 00 00 00 00 00 00 00 00
B4C0H: 00 00 00 00 00 00 00 00 00 00 00 00 00 00 00 00
B4D0H: 00 00 00 00 00 00 00 00 00 00 00 00 00 00 00 00
B4E0H: 00 00 00 00 00 00 00 00 00 00 00 00 00 00 00 00
B4F0H: 00 00 00 00 00 00 00 00 00 00 00 00 00 00 00 00
B500H: 00 00 00 00 00 00 00 00 00 00 00 00 00 00 00 00
B510H: 00 00 00 00 00 00 00 00 00 00 00 00 00 00 00 00
B520H: 00 00 00 00 00 00 00 00 00 00 00 00 00 00 00 00
B530H: 00 00 00 00 00 00 00 00 00 00 00 00 00 00 00 00
B540H: 00 00 00 00 00 00 00 00 00 00 00 00 00 00 00 00
B550H: 00 00 00 00 00 00 00 00 00 00 00 00 00 00 00 00
B560H: 00 00 00 00 00 00 00 00 00 00 00 00 00 00 00 00
B570H: 00 00 00 00 00 00 00 00 00 00 00 00 00 00 00 00
B580H: 00 00 00 00 00 00 00 00 00 00 00 00 00 00 00 00
B590H: 00 00 00 00 00 00 00 00 00 00 00 00 00 00 00 00
B5A0H: 00 00 00 00 00 00 00 00 00 00 00 00 00 00 00 00
B5B0H: 00 00 00 00 00 00 00 00 00 00 00 00 00 00 00 00
B5C0H: 00 00 00 00 00 00 00 00 00 00 00 00 00 00 00 00
B5D0H: 00 00 00 00 00 00 00 00 00 00 00 00 00 00 00 00
B5E0H: 00 00 00 00 00 00 00 00 00 00 00 00 00 00 00 00
B5F0H: 00 00 00 00 00 00 00 00 00 00 00 00 00 00 00 00
B600H: 00 00 00 00 00 00 00 00 00 00 00 00 00 00 00 00
B610H: 00 00 00 00 00 00 00 00 00 00 00 00 00 00 00 00
B620H: 00 00 00 00 00 00 00 00 00 00 00 00 00 00 00 00
B630H: 00 00 00 00 00 00 00 00 00 00 00 00 00 00 00 00
B640H: 00 00 00 00 00 00 00 00 00 00 00 00 00 00 00 00
B650H: 00 00 00 00 00 00 00 00 00 00 00 00 00 00 00 00
B660H: 00 00 00 00 00 00 00 00 00 00 00 00 00 00 00 00
B670H: 00 00 00 00 00 00 00 00 00 00 00 00 00 00 00 00
B680H: 00 00 00 00 00 00 00 00 00 00 00 00 00 00 00 00
B690H: 00 00 00 00 00 00 00 00 00 00 00 00 00 00 00 00
B6A0H: 00 00 00 00 00 00 00 00 00 00 00 00 00 00 00 00
B6B0H: 00 00 00 00 00 00 00 00 00 00 00 00 00 00 00 00
B6C0H: 00 00 00 00 00 00 00 00 00 00 00 00 00 00 00 00
B6D0H: 00 00 00 00 00 00 00 00 00 00 00 00 00 00 00 00
B6E0H: 00 00 00 00 00 00 00 00 00 00 00 00 00 00 00 00
B6F0H: 00 00 00 00 00 00 00 00 00 00 00 00 00 00 00 00
B700H: 00 00 00 00 00 00 00 00 00 00 00 00 00 00 00 00
B710H: 00 00 00 00 00 00 00 00 00 00 00 00 00 00 00 00
B720H: 00 00 00 00 00 00 00 00 00 00 00 00 00 00 00 00
B730H: 00 00 00 00 00 00 00 00 00 00 00 00 00 00 00 00
B740H: 00 00 00 00 00 00 00 00 00 00 00 00 00 00 00 00
B750H: 00 00 00 00 00 00 00 00 00 00 00 00 00 00 00 00
B760H: 00 00 00 00 00 00 00 00 00 00 00 00 00 00 00 00
B770H: 00 00 00 00 00 00 00 00 00 00 00 00 00 00 00 00
B780H: 00 00 00 00 00 00 00 00 00 00 00 00 00 00 00 00
B790H: 00 00 00 00 00 00 00 00 00 00 00 00 00 00 00 00
B7A0H: 00 00 00 00 00 00 00 00 00 00 00 00 00 00 00 00
B7B0H: 00 00 00 00 00 00 00 00 00 00 00 00 00 00 00 00
B7C0H: 00 00 00 00 00 00 00 00 00 00 00 00 00 00 00 00
B7D0H: 00 00 00 00 00 00 00 00 00 00 00 00 00 00 00 00
B7E0H: 00 00 00 00 00 00 00 00 00 00 00 00 00 00 00 00
B7F0H: 00 00 00 00 00 00 00 00 00 00 00 00 00 00 00 00
B800H: 00 00 00 00 00 00 00 00 00 00 00 00 00 00 00 00
B810H: 00 00 00 00 00 00 00 00 00 00 00 00 00 00 00 00
B820H: 00 00 00 00 00 00 00 00 00 00 00 00 00 00 00 00
B830H: 00 00 00 00 00 00 00 00 00 00 00 00 00 00 00 00
B840H: 00 00 00 00 00 00 00 00 00 00 00 00 00 00 00 00
B850H: 00 00 00 00 00 00 00 00 00 00 00 00 00 00 00 00
B860H: 00 00 00 00 00 00 00 00 00 00 00 00 00 00 00 00
B870H: 00 00 00 00 00 00 00 00 00 00 00 00 00 00 00 00
B880H: 00 00 00 00 00 00 00 00 00 00 00 00 00 00 00 00
B890H: 00 00 00 00 00 00 00 00 00 00 00 00 00 00 00 00
B8A0H: 00 00 00 00 00 00 00 00 00 00 00 00 00 00 00 00
B8B0H: 00 00 00 00 00 00 00 00 00 00 00 00 00 00 00 00
B8C0H: 00 00 00 00 00 00 00 00 00 00 00 00 00 00 00 00
B8D0H: 00 00 00 00 00 00 00 00 00 00 00 00 00 00 00 00
B8E0H: 00 00 00 00 00 00 00 00 00 00 00 00 00 00 00 00
B8F0H: 00 00 00 00 00 00 00 00 00 00 00 00 00 00 00 00
B900H: 00 00 00 00 00 00 00 00 00 00 00 00 00 00 00 00
B910H: 00 00 00 00 00 00 00 00 00 00 00 00 00 00 00 00
B920H: 00 00 00 00 00 00 00 00 00 00 00 00 00 00 00 00
B930H: 00 00 00 00 00 00 00 00 00 00 00 00 00 00 00 00
B940H: 00 00 00 00 00 00 00 00 00 00 00 00 00 00 00 00
B950H: 00 00 00 00 00 00 00 00 00 00 00 00 00 00 00 00
B960H: 00 00 00 00 00 00 00 00 00 00 00 00 00 00 00 00
B970H: 00 00 00 00 00 00 00 00 00 00 00 00 00 00 00 00
B980H: 00 00 00 00 00 00 00 00 00 00 00 00 00 00 00 00
B990H: 00 00 00 00 00 00 00 00 00 00 00 00 00 00 00 00
B9A0H: 00 00 00 00 00 00 00 00 00 00 00 00 00 00 00 00
B9B0H: 00 00 00 00 00 00 00 00 00 00 00 00 00 00 00 00
B9C0H: 00 00 00 00 00 00 00 00 00 00 00 00 00 00 00 00
B9D0H: 00 00 00 00 00 00 00 00 00 00 00 00 00 00 00 00
B9E0H: 00 00 00 00 00 00 00 00 00 00 00 00 00 00 00 00
B9F0H: 00 00 00 00 00 00 00 00 00 00 00 00 00 00 00 00
BA00H: 00 00 00 00 00 00 00 00 00 00 00 00 00 00 00 00
BA10H: 00 00 00 00 00 00 00 00 00 00 00 00 00 00 00 00
BA20H: 00 00 00 00 00 00 00 00 00 00 00 00 00 00 00 00
BA30H: 00 00 00 00 00 00 00 00 00 00 00 00 00 00 00 00
BA40H: 00 00 00 00 00 00 00 00 00 00 00 00 00 00 00 00
BA50H: 00 00 00 00 00 00 00 00 00 00 00 00 00 00 00 00
BA60H: 00 00 00 00 00 00 00 00 00 00 00 00 00 00 00 00
BA70H: 00 00 00 00 00 00 00 00 00 00 00 00 00 00 00 00
BA80H: 00 00 00 00 00 00 00 00 00 00 00 00 00 00 00 00
BA90H: 00 00 00 00 00 00 00 00 00 00 00 00 00 00 00 00
BAA0H: 00 00 00 00 00 00 00 00 00 00 00 00 00 00 00 00
BAB0H: 00 00 00 00 00 00 00 00 00 00 00 00 00 00 00 00
BAC0H: 00 00 00 00 00 00 00 00 00 00 00 00 00 00 00 00
BAD0H: 00 00 00 00 00 00 00 00 00 00 00 00 00 00 00 00
BAE0H: 00 00 00 00 00 00 00 00 00 00 00 00 00 00 00 00
BAF0H: 00 00 00 00 00 00 00 00 00 00 00 00 00 00 00 00
BB00H: 00 00 00 00 00 00 00 00 00 00 00 00 00 00 00 00
BB10H: 00 00 00 00 00 00 00 00 00 00 00 00 00 00 00 00
BB20H: 00 00 00 00 00 00 00 00 00 00 00 00 00 00 00 00
BB30H: 00 00 00 00 00 00 00 00 00 00 00 00 00 00 00 00
BB40H: 00 00 00 00 00 00 00 00 00 00 00 00 00 00 00 00
BB50H: 00 00 00 00 00 00 00 00 00 00 00 00 00 00 00 00
BB60H: 00 00 00 00 00 00 00 00 00 00 00 00 00 00 00 00
BB70H: 00 00 00 00 00 00 00 00 00 00 00 00 00 00 00 00
BB80H: 00 00 00 00 00 00 00 00 00 00 00 00 00 00 00 00
BB90H: 00 00 00 00 00 00 00 00 00 00 00 00 00 00 00 00
BBA0H: 00 00 00 00 00 00 00 00 00 00 00 00 00 00 00 00
BBB0H: 00 00 00 00 00 00 00 00 00 00 00 00 00 00 00 00
BBC0H: 00 00 00 00 00 00 00 00 00 00 00 00 00 00 00 00
BBD0H: 00 00 00 00 00 00 00 00 00 00 00 00 00 00 00 00
BBE0H: 00 00 00 00 00 00 00 00 00 00 00 00 00 00 00 00
BBF0H: 00 00 00 00 00 00 00 00 00 00 00 00 00 00 00 00
BC00H: 00 00 00 00 00 00 00 00 00 00 00 00 00 00 00 00
BC10H: 00 00 00 00 00 00 00 00 00 00 00 00 00 00 00 00
BC20H: 00 00 00 00 00 00 00 00 00 00 00 00 00 00 00 00
BC30H: 00 00 00 00 00 00 00 00 00 00 00 00 00 00 00 00
BC40H: 00 00 00 00 00 00 00 00 00 00 00 00 00 00 00 00
BC50H: 00 00 00 00 00 00 00 00 00 00 00 00 00 00 00 00
BC60H: 00 00 00 00 00 00 00 00 00 00 00 00 00 00 00 00
BC70H: 00 00 00 00 00 00 00 00 00 00 00 00 00 00 00 00
BC80H: 00 00 00 00 00 00 00 00 00 00 00 00 00 00 00 00
BC90H: 00 00 00 00 00 00 00 00 00 00 00 00 00 00 00 00
BCA0H: 00 00 00 00 00 00 00 00 00 00 00 00 00 00 00 00
BCB0H: 00 00 00 00 00 00 00 00 00 00 00 00 00 00 00 00
BCC0H: 00 00 00 00 00 00 00 00 00 00 00 00 00 00 00 00
BCD0H: 00 00 00 00 00 00 00 00 00 00 00 00 00 00 00 00
BCE0H: 00 00 00 00 00 00 00 00 00 00 00 00 00 00 00 00
BCF0H: 00 00 00 00 00 00 00 00 00 00 00 00 00 00 00 00
BD00H: 00 00 00 00 00 00 00 00 00 00 00 00 00 00 00 00
BD10H: 00 00 00 00 00 00 00 00 00 00 00 00 00 00 00 00
BD20H: 00 00 00 00 00 00 00 00 00 00 00 00 00 00 00 00
BD30H: 00 00 00 00 00 00 00 00 00 00 00 00 00 00 00 00
BD40H: 00 00 00 00 00 00 00 00 00 00 00 00 00 00 00 00
BD50H: 00 00 00 00 00 00 00 00 00 00 00 00 00 00 00 00
BD60H: 00 00 00 00 00 00 00 00 00 00 00 00 00 00 00 00
BD70H: 00 00 00 00 00 00 00 00 00 00 00 00 00 00 00 00
BD80H: 00 00 00 00 00 00 00 00 00 00 00 00 00 00 00 00
BD90H: 00 00 00 00 00 00 00 00 00 00 00 00 00 00 00 00
BDA0H: 00 00 00 00 00 00 00 00 00 00 00 00 00 00 00 00
BDB0H: 00 00 00 00 00 00 00 00 00 00 00 00 00 00 00 00
BDC0H: 00 00 00 00 00 00 00 00 00 00 00 00 00 00 00 00
BDD0H: 00 00 00 00 00 00 00 00 00 00 00 00 00 00 00 00
BDE0H: 00 00 00 00 00 00 00 00 00 00 00 00 00 00 00 00
BDF0H: 00 00 00 00 00 00 00 00 00 00 00 00 00 00 00 00
BE00H: 00 00 00 00 00 00 00 00 00 00 00 00 00 00 00 00
BE10H: 00 00 00 00 00 00 00 00 00 00 00 00 00 00 00 00
BE20H: 00 00 00 00 00 00 00 00 00 00 00 00 00 00 00 00
BE30H: 00 00 00 00 00 00 00 00 00 00 00 00 00 00 00 00
BE40H: 00 00 00 00 00 00 00 00 00 00 00 00 00 00 00 00
BE50H: 00 00 00 00 00 00 00 00 00 00 00 00 00 00 00 00
BE60H: 00 00 00 00 00 00 00 00 00 00 00 00 00 00 00 00
BE70H: 00 00 00 00 00 00 00 00 00 00 00 00 00 00 00 00
BE80H: 00 00 00 00 00 00 00 00 00 00 00 00 00 00 00 00
BE90H: 00 00 00 00 00 00 00 00 00 00 00 00 00 00 00 00
BEA0H: 00 00 00 00 00 00 00 00 00 00 00 00 00 00 00 00
BEB0H: 00 00 00 00 00 00 00 00 00 00 00 00 00 00 00 00
BEC0H: 00 00 00 00 00 00 00 00 00 00 00 00 00 00 00 00
BED0H: 00 00 00 00 00 00 00 00 00 00 00 00 00 00 00 00
BEE0H: 00 00 00 00 00 00 00 00 00 00 00 00 00 00 00 00
BEF0H: 00 00 00 00 00 00 00 00 00 00 00 00 00 00 00 00
BF00H: 00 00 00 00 00 00 00 00 00 00 00 00 00 00 00 00
BF10H: 00 00 00 00 00 00 00 00 00 00 00 00 00 00 00 00
BF20H: 00 00 00 00 00 00 00 00 00 00 00 00 00 00 00 00
BF30H: 00 00 00 00 00 00 00 00 00 00 00 00 00 00 00 00
BF40H: 00 00 00 00 00 00 00 00 00 00 00 00 00 00 00 00
BF50H: 00 00 00 00 00 00 00 00 00 00 00 00 00 00 00 00
BF60H: 00 00 00 00 00 00 00 00 00 00 00 00 00 00 00 00
BF70H: 00 00 00 00 00 00 00 00 00 00 00 00 00 00 00 00
BF80H: 00 00 00 00 00 00 00 00 00 00 00 00 00 00 00 00
BF90H: 00 00 00 00 00 00 00 00 00 00 00 00 00 00 00 00
BFA0H: 00 00 00 00 00 00 00 00 00 00 00 00 00 00 00 00
BFB0H: 00 00 00 00 00 00 00 00 00 00 00 00 00 00 00 00
BFC0H: 00 00 00 00 00 00 00 00 00 00 00 00 00 00 00 00
BFD0H: 00 00 00 00 00 00 00 00 00 00 00 00 00 00 00 00
BFE0H: 00 00 00 00 00 00 00 00 00 00 00 00 00 00 00 00
BFF0H: 00 00 00 00 00 00 00 00 00 00 00 00 00 00 00 00
C000H: 00 00 00 00 00 00 00 00 00 00 00 00 00 00 00 00
C010H: 00 00 00 00 00 00 00 00 00 00 00 00 00 00 00 00
C020H: 00 00 00 00 00 00 00 00 00 00 00 00 00 00 00 00
C030H: 00 00 00 00 00 00 00 00 00 00 00 00 00 00 00 00
C040H: 00 00 00 00 00 00 00 00 00 00 00 00 00 00 00 00
C050H: 00 00 00 00 00 00 00 00 00 00 00 00 00 00 00 00
C060H: 00 00 00 00 00 00 00 00 00 00 00 00 00 00 00 00
C070H: 00 00 00 00 00 00 00 00 00 00 00 00 00 00 00 00
C080H: 00 00 00 00 00 00 00 00 00 00 00 00 00 00 00 00
C090H: 00 00 00 00 00 00 00 00 00 00 00 00 00 00 00 00
C0A0H: 00 00 00 00 00 00 00 00 00 00 00 00 00 00 00 00
C0B0H: 00 00 00 00 00 00 00 00 00 00 00 00 00 00 00 00
C0C0H: 00 00 00 00 00 00 00 00 00 00 00 00 00 00 00 00
C0D0H: 00 00 00 00 00 00 00 00 00 00 00 00 00 00 00 00
C0E0H: 00 00 00 00 00 00 00 00 00 00 00 00 00 00 00 00
C0F0H: 00 00 00 00 00 00 00 00 00 00 00 00 00 00 00 00
C100H: 00 00 00 00 00 00 00 00 00 00 00 00 00 00 00 00
C110H: 00 00 00 00 00 00 00 00 00 00 00 00 00 00 00 00
C120H: 00 00 00 00 00 00 00 00 00 00 00 00 00 00 00 00
C130H: 00 00 00 00 00 00 00 00 00 00 00 00 00 00 00 00
C140H: 00 00 00 00 00 00 00 00 00 00 00 00 00 00 00 00
C150H: 00 00 00 00 00 00 00 00 00 00 00 00 00 00 00 00
C160H: 00 00 00 00 00 00 00 00 00 00 00 00 00 00 00 00
C170H: 00 00 00 00 00 00 00 00 00 00 00 00 00 00 00 00
C180H: 00 00 00 00 00 00 00 00 00 00 00 00 00 00 00 00
C190H: 00 00 00 00 00 00 00 00 00 00 00 00 00 00 00 00
C1A0H: 00 00 00 00 00 00 00 00 00 00 00 00 00 00 00 00
C1B0H: 00 00 00 00 00 00 00 00 00 00 00 00 00 00 00 00
C1C0H: 00 00 00 00 00 00 00 00 00 00 00 00 00 00 00 00
C1D0H: 00 00 00 00 00 00 00 00 00 00 00 00 00 00 00 00
C1E0H: 00 00 00 00 00 00 00 00 00 00 00 00 00 00 00 00
C1F0H: 00 00 00 00 00 00 00 00 00 00 00 00 00 00 00 00
C200H: 00 00 00 00 00 00 00 00 00 00 00 00 00 00 00 00
C210H: 00 00 00 00 00 00 00 00 00 00 00 00 00 00 00 00
C220H: 00 00 00 00 00 00 00 00 00 00 00 00 00 00 00 00
C230H: 00 00 00 00 00 00 00 00 00 00 00 00 00 00 00 00
C240H: 00 00 00 00 00 00 00 00 00 00 00 00 00 00 00 00
C250H: 00 00 00 00 00 00 00 00 00 00 00 00 00 00 00 00
C260H: 00 00 00 00 00 00 00 00 00 00 00 00 00 00 00 00
C270H: 00 00 00 00 00 00 00 00 00 00 00 00 00 00 00 00
C280H: 00 00 00 00 00 00 00 00 00 00 00 00 00 00 00 00
C290H: 00 00 00 00 00 00 00 00 00 00 00 00 00 00 00 00
C2A0H: 00 00 00 00 00 00 00 00 00 00 00 00 00 00 00 00
C2B0H: 00 00 00 00 00 00 00 00 00 00 00 00 00 00 00 00
C2C0H: 00 00 00 00 00 00 00 00 00 00 00 00 00 00 00 00
C2D0H: 00 00 00 00 00 00 00 00 00 00 00 00 00 00 00 00
C2E0H: 00 00 00 00 00 00 00 00 00 00 00 00 00 00 00 00
C2F0H: 00 00 00 00 00 00 00 00 00 00 00 00 00 00 00 00
C300H: 00 00 00 00 00 00 00 00 00 00 00 00 00 00 00 00
C310H: 00 00 00 00 00 00 00 00 00 00 00 00 00 00 00 00
C320H: 00 00 00 00 00 00 00 00 00 00 00 00 00 00 00 00
C330H: 00 00 00 00 00 00 00 00 00 00 00 00 00 00 00 00
C340H: 00 00 00 00 00 00 00 00 00 00 00 00 00 00 00 00
C350H: 00 00 00 00 00 00 00 00 00 00 00 00 00 00 00 00
C360H: 00 00 00 00 00 00 00 00 00 00 00 00 00 00 00 00
C370H: 00 00 00 00 00 00 00 00 00 00 00 00 00 00 00 00
C380H: 00 00 00 00 00 00 00 00 00 00 00 00 00 00 00 00
C390H: 00 00 00 00 00 00 00 00 00 00 00 00 00 00 00 00
C3A0H: 00 00 00 00 00 00 00 00 00 00 00 00 00 00 00 00
C3B0H: 00 00 00 00 00 00 00 00 00 00 00 00 00 00 00 00
C3C0H: 00 00 00 00 00 00 00 00 00 00 00 00 00 00 00 00
C3D0H: 00 00 00 00 00 00 00 00 00 00 00 00 00 00 00 00
C3E0H: 00 00 00 00 00 00 00 00 00 00 00 00 00 00 00 00
C3F0H: 00 00 00 00 00 00 00 00 00 00 00 00 00 00 00 00
C400H: 00 00 00 00 00 00 00 00 00 00 00 00 00 00 00 00
C410H: 00 00 00 00 00 00 00 00 00 00 00 00 00 00 00 00
C420H: 00 00 00 00 00 00 00 00 00 00 00 00 00 00 00 00
C430H: 00 00 00 00 00 00 00 00 00 00 00 00 00 00 00 00
C440H: 00 00 00 00 00 00 00 00 00 00 00 00 00 00 00 00
C450H: 00 00 00 00 00 00 00 00 00 00 00 00 00 00 00 00
C460H: 00 00 00 00 00 00 00 00 00 00 00 00 00 00 00 00
C470H: 00 00 00 00 00 00 00 00 00 00 00 00 00 00 00 00
C480H: 00 00 00 00 00 00 00 00 00 00 00 00 00 00 00 00
C490H: 00 00 00 00 00 00 00 00 00 00 00 00 00 00 00 00
C4A0H: 00 00 00 00 00 00 00 00 00 00 00 00 00 00 00 00
C4B0H: 00 00 00 00 00 00 00 00 00 00 00 00 00 00 00 00
C4C0H: 00 00 00 00 00 00 00 00 00 00 00 00 00 00 00 00
C4D0H: 00 00 00 00 00 00 00 00 00 00 00 00 00 00 00 00
C4E0H: 00 00 00 00 00 00 00 00 00 00 00 00 00 00 00 00
C4F0H: 00 00 00 00 00 00 00 00 00 00 00 00 00 00 00 00
C500H: 00 00 00 00 00 00 00 00 00 00 00 00 00 00 00 00
C510H: 00 00 00 00 00 00 00 00 00 00 00 00 00 00 00 00
C520H: 00 00 00 00 00 00 00 00 00 00 00 00 00 00 00 00
C530H: 00 00 00 00 00 00 00 00 00 00 00 00 00 00 00 00
C540H: 00 00 00 00 00 00 00 00 00 00 00 00 00 00 00 00
C550H: 00 00 00 00 00 00 00 00 00 00 00 00 00 00 00 00
C560H: 00 00 00 00 00 00 00 00 00 00 00 00 00 00 00 00
C570H: 00 00 00 00 00 00 00 00 00 00 00 00 00 00 00 00
C580H: 00 00 00 00 00 00 00 00 00 00 00 00 00 00 00 00
C590H: 00 00 00 00 00 00 00 00 00 00 00 00 00 00 00 00
C5A0H: 00 00 00 00 00 00 00 00 00 00 00 00 00 00 00 00
C5B0H: 00 00 00 00 00 00 00 00 00 00 00 00 00 00 00 00
C5C0H: 00 00 00 00 00 00 00 00 00 00 00 00 00 00 00 00
C5D0H: 00 00 00 00 00 00 00 00 00 00 00 00 00 00 00 00
C5E0H: 00 00 00 00 00 00 00 00 00 00 00 00 00 00 00 00
C5F0H: 00 00 00 00 00 00 00 00 00 00 00 00 00 00 00 00
C600H: 00 00 00 00 00 00 00 00 00 00 00 00 00 00 00 00
C610H: 00 00 00 00 00 00 00 00 00 00 00 00 00 00 00 00
C620H: 00 00 00 00 00 00 00 00 00 00 00 00 00 00 00 00
C630H: 00 00 00 00 00 00 00 00 00 00 00 00 00 00 00 00
C640H: 00 00 00 00 00 00 00 00 00 00 00 00 00 00 00 00
C650H: 00 00 00 00 00 00 00 00 00 00 00 00 00 00 00 00
C660H: 00 00 00 00 00 00 00 00 00 00 00 00 00 00 00 00
C670H: 00 00 00 00 00 00 00 00 00 00 00 00 00 00 00 00
C680H: 00 00 00 00 00 00 00 00 00 00 00 00 00 00 00 00
C690H: 00 00 00 00 00 00 00 00 00 00 00 00 00 00 00 00
C6A0H: 00 00 00 00 00 00 00 00 00 00 00 00 00 00 00 00
C6B0H: 00 00 00 00 00 00 00 00 00 00 00 00 00 00 00 00
C6C0H: 00 00 00 00 00 00 00 00 00 00 00 00 00 00 00 00
C6D0H: 00 00 00 00 00 00 00 00 00 00 00 00 00 00 00 00
C6E0H: 00 00 00 00 00 00 00 00 00 00 00 00 00 00 00 00
C6F0H: 00 00 00 00 00 00 00 00 00 00 00 00 00 00 00 00
C700H: 00 00 00 00 00 00 00 00 00 00 00 00 00 00 00 00
C710H: 00 00 00 00 00 00 00 00 00 00 00 00 00 00 00 00
C720H: 00 00 00 00 00 00 00 00 00 00 00 00 00 00 00 00
C730H: 00 00 00 00 00 00 00 00 00 00 00 00 00 00 00 00
C740H: 00 00 00 00 00 00 00 00 00 00 00 00 00 00 00 00
C750H: 00 00 00 00 00 00 00 00 00 00 00 00 00 00 00 00
C760H: 00 00 00 00 00 00 00 00 00 00 00 00 00 00 00 00
C770H: 00 00 00 00 00 00 00 00 00 00 00 00 00 00 00 00
C780H: 00 00 00 00 00 00 00 00 00 00 00 00 00 00 00 00
C790H: 00 00 00 00 00 00 00 00 00 00 00 00 00 00 00 00
C7A0H: 00 00 00 00 00 00 00 00 00 00 00 00 00 00 00 00
C7B0H: 00 00 00 00 00 00 00 00 00 00 00 00 00 00 00 00
C7C0H: 00 00 00 00 00 00 00 00 00 00 00 00 00 00 00 00
C7D0H: 00 00 00 00 00 00 00 00 00 00 00 00 00 00 00 00
C7E0H: 00 00 00 00 00 00 00 00 00 00 00 00 00 00 00 00
C7F0H: 00 00 00 00 00 00 00 00 00 00 00 00 00 00 00 00
C800H: 00 00 00 00 00 00 00 00 00 00 00 00 00 00 00 00
C810H: 00 00 00 00 00 00 00 00 00 00 00 00 00 00 00 00
C820H: 00 00 00 00 00 00 00 00 00 00 00 00 00 00 00 00
C830H: 00 00 00 00 00 00 00 00 00 00 00 00 00 00 00 00
C840H: 00 00 00 00 00 00 00 00 00 00 00 00 00 00 00 00
C850H: 00 00 00 00 00 00 00 00 00 00 00 00 00 00 00 00
C860H: 00 00 00 00 00 00 00 00 00 00 00 00 00 00 00 00
C870H: 00 00 00 00 00 00 00 00 00 00 00 00 00 00 00 00
C880H: 00 00 00 00 00 00 00 00 00 00 00 00 00 00 00 00
C890H: 00 00 00 00 00 00 00 00 00 00 00 00 00 00 00 00
C8A0H: 00 00 00 00 00 00 00 00 00 00 00 00 00 00 00 00
C8B0H: 00 00 00 00 00 00 00 00 00 00 00 00 00 00 00 00
C8C0H: 00 00 00 00 00 00 00 00 00 00 00 00 00 00 00 00
C8D0H: 00 00 00 00 00 00 00 00 00 00 00 00 00 00 00 00
C8E0H: 00 00 00 00 00 00 00 00 00 00 00 00 00 00 00 00
C8F0H: 00 00 00 00 00 00 00 00 00 00 00 00 00 00 00 00
C900H: 00 00 00 00 00 00 00 00 00 00 00 00 00 00 00 00
C910H: 00 00 00 00 00 00 00 00 00 00 00 00 00 00 00 00
C920H: 00 00 00 00 00 00 00 00 00 00 00 00 00 00 00 00
C930H: 00 00 00 00 00 00 00 00 00 00 00 00 00 00 00 00
C940H: 00 00 00 00 00 00 00 00 00 00 00 00 00 00 00 00
C950H: 00 00 00 00 00 00 00 00 00 00 00 00 00 00 00 00
C960H: 00 00 00 00 00 00 00 00 00 00 00 00 00 00 00 00
C970H: 00 00 00 00 00 00 00 00 00 00 00 00 00 00 00 00
C980H: 00 00 00 00 00 00 00 00 00 00 00 00 00 00 00 00
C990H: 00 00 00 00 00 00 00 00 00 00 00 00 00 00 00 00
C9A0H: 00 00 00 00 00 00 00 00 00 00 00 00 00 00 00 00
C9B0H: 00 00 00 00 00 00 00 00 00 00 00 00 00 00 00 00
C9C0H: 00 00 00 00 00 00 00 00 00 00 00 00 00 00 00 00
C9D0H: 00 00 00 00 00 00 00 00 00 00 00 00 00 00 00 00
C9E0H: 00 00 00 00 00 00 00 00 00 00 00 00 00 00 00 00
C9F0H: 00 00 00 00 00 00 00 00 00 00 00 00 00 00 00 00
CA00H: 00 00 00 00 00 00 00 00 00 00 00 00 00 00 00 00
CA10H: 00 00 00 00 00 00 00 00 00 00 00 00 00 00 00 00
CA20H: 00 00 00 00 00 00 00 00 00 00 00 00 00 00 00 00
CA30H: 00 00 00 00 00 00 00 00 00 00 00 00 00 00 00 00
CA40H: 00 00 00 00 00 00 00 00 00 00 00 00 00 00 00 00
CA50H: 00 00 00 00 00 00 00 00 00 00 00 00 00 00 00 00
CA60H: 00 00 00 00 00 00 00 00 00 00 00 00 00 00 00 00
CA70H: 00 00 00 00 00 00 00 00 00 00 00 00 00 00 00 00
CA80H: 00 00 00 00 00 00 00 00 00 00 00 00 00 00 00 00
CA90H: 00 00 00 00 00 00 00 00 00 00 00 00 00 00 00 00
CAA0H: 00 00 00 00 00 00 00 00 00 00 00 00 00 00 00 00
CAB0H: 00 00 00 00 00 00 00 00 00 00 00 00 00 00 00 00
CAC0H: 00 00 00 00 00 00 00 00 00 00 00 00 00 00 00 00
CAD0H: 00 00 00 00 00 00 00 00 00 00 00 00 00 00 00 00
CAE0H: 00 00 00 00 00 00 00 00 00 00 00 00 00 00 00 00
CAF0H: 00 00 00 00 00 00 00 00 00 00 00 00 00 00 00 00
CB00H: 00 00 00 00 00 00 00 00 00 00 00 00 00 00 00 00
CB10H: 00 00 00 00 00 00 00 00 00 00 00 00 00 00 00 00
CB20H: 00 00 00 00 00 00 00 00 00 00 00 00 00 00 00 00
CB30H: 00 00 00 00 00 00 00 00 00 00 00 00 00 00 00 00
CB40H: 00 00 00 00 00 00 00 00 00 00 00 00 00 00 00 00
CB50H: 00 00 00 00 00 00 00 00 00 00 00 00 00 00 00 00
CB60H: 00 00 00 00 00 00 00 00 00 00 00 00 00 00 00 00
CB70H: 00 00 00 00 00 00 00 00 00 00 00 00 00 00 00 00
CB80H: 00 00 00 00 00 00 00 00 00 00 00 00 00 00 00 00
CB90H: 00 00 00 00 00 00 00 00 00 00 00 00 00 00 00 00
CBA0H: 00 00 00 00 00 00 00 00 00 00 00 00 00 00 00 00
CBB0H: 00 00 00 00 00 00 00 00 00 00 00 00 00 00 00 00
CBC0H: 00 00 00 00 00 00 00 00 00 00 00 00 00 00 00 00
CBD0H: 00 00 00 00 00 00 00 00 00 00 00 00 00 00 00 00
CBE0H: 00 00 00 00 00 00 00 00 00 00 00 00 00 00 00 00
CBF0H: 00 00 00 00 00 00 00 00 00 00 00 00 00 00 00 00
CC00H: 00 00 00 00 00 00 00 00 00 00 00 00 00 00 00 00
CC10H: 00 00 00 00 00 00 00 00 00 00 00 00 00 00 00 00
CC20H: 00 00 00 00 00 00 00 00 00 00 00 00 00 00 00 00
CC30H: 00 00 00 00 00 00 00 00 00 00 00 00 00 00 00 00
CC40H: 00 00 00 00 00 00 00 00 00 00 00 00 00 00 00 00
CC50H: 00 00 00 00 00 00 00 00 00 00 00 00 00 00 00 00
CC60H: 00 00 00 00 00 00 00 00 00 00 00 00 00 00 00 00
CC70H: 00 00 00 00 00 00 00 00 00 00 00 00 00 00 00 00
CC80H: 00 00 00 00 00 00 00 00 00 00 00 00 00 00 00 00
CC90H: 00 00 00 00 00 00 00 00 00 00 00 00 00 00 00 00
CCA0H: 00 00 00 00 00 00 00 00 00 00 00 00 00 00 00 00
CCB0H: 00 00 00 00 00 00 00 00 00 00 00 00 00 00 00 00
CCC0H: 00 00 00 00 00 00 00 00 00 00 00 00 00 00 00 00
CCD0H: 00 00 00 00 00 00 00 00 00 00 00 00 00 00 00 00
CCE0H: 00 00 00 00 00 00 00 00 00 00 00 00 00 00 00 00
CCF0H: 00 00 00 00 00 00 00 00 00 00 00 00 00 00 00 00
CD00H: 00 00 00 00 00 00 00 00 00 00 00 00 00 00 00 00
CD10H: 00 00 00 00 00 00 00 00 00 00 00 00 00 00 00 00
CD20H: 00 00 00 00 00 00 00 00 00 00 00 00 00 00 00 00
CD30H: 00 00 00 00 00 00 00 00 00 00 00 00 00 00 00 00
CD40H: 00 00 00 00 00 00 00 00 00 00 00 00 00 00 00 00
CD50H: 00 00 00 00 00 00 00 00 00 00 00 00 00 00 00 00
CD60H: 00 00 00 00 00 00 00 00 00 00 00 00 00 00 00 00
CD70H: 00 00 00 00 00 00 00 00 00 00 00 00 00 00 00 00
CD80H: 00 00 00 00 00 00 00 00 00 00 00 00 00 00 00 00
CD90H: 00 00 00 00 00 00 00 00 00 00 00 00 00 00 00 00
CDA0H: 00 00 00 00 00 00 00 00 00 00 00 00 00 00 00 00
CDB0H: 00 00 00 00 00 00 00 00 00 00 00 00 00 00 00 00
CDC0H: 00 00 00 00 00 00 00 00 00 00 00 00 00 00 00 00
CDD0H: 00 00 00 00 00 00 00 00 00 00 00 00 00 00 00 00
CDE0H: 00 00 00 00 00 00 00 00 00 00 00 00 00 00 00 00
CDF0H: 00 00 00 00 00 00 00 00 00 00 00 00 00 00 00 00
CE00H: 00 00 00 00 00 00 00 00 00 00 00 00 00 00 00 00
CE10H: 00 00 00 00 00 00 00 00 00 00 00 00 00 00 00 00
CE20H: 00 00 00 00 00 00 00 00 00 00 00 00 00 00 00 00
CE30H: 00 00 00 00 00 00 00 00 00 00 00 00 00 00 00 00
CE40H: 00 00 00 00 00 00 00 00 00 00 00 00 00 00 00 00
CE50H: 00 00 00 00 00 00 00 00 00 00 00 00 00 00 00 00
CE60H: 00 00 00 00 00 00 00 00 00 00 00 00 00 00 00 00
CE70H: 00 00 00 00 00 00 00 00 00 00 00 00 00 00 00 00
CE80H: 00 00 00 00 00 00 00 00 00 00 00 00 00 00 00 00
CE90H: 00 00 00 00 00 00 00 00 00 00 00 00 00 00 00 00
CEA0H: 00 00 00 00 00 00 00 00 00 00 00 00 00 00 00 00
CEB0H: 00 00 00 00 00 00 00 00 00 00 00 00 00 00 00 00
CEC0H: 00 00 00 00 00 00 00 00 00 00 00 00 00 00 00 00
CED0H: 00 00 00 00 00 00 00 00 00 00 00 00 00 00 00 00
CEE0H: 00 00 00 00 00 00 00 00 00 00 00 00 00 00 00 00
CEF0H: 00 00 00 00 00 00 00 00 00 00 00 00 00 00 00 00
CF00H: 00 00 00 00 00 00 00 00 00 00 00 00 00 00 00 00
CF10H: 00 00 00 00 00 00 00 00 00 00 00 00 00 00 00 00
CF20H: 00 00 00 00 00 00 00 00 00 00 00 00 00 00 00 00
CF30H: 00 00 00 00 00 00 00 00 00 00 00 00 00 00 00 00
CF40H: 00 00 00 00 00 00 00 00 00 00 00 00 00 00 00 00
CF50H: 00 00 00 00 00 00 00 00 00 00 00 00 00 00 00 00
CF60H: 00 00 00 00 00 00 00 00 00 00 00 00 00 00 00 00
CF70H: 00 00 00 00 00 00 00 00 00 00 00 00 00 00 00 00
CF80H: 00 00 00 00 00 00 00 00 00 00 00 00 00 00 00 00
CF90H: 00 00 00 00 00 00 00 00 00 00 00 00 00 00 00 00
CFA0H: 00 00 00 00 00 00 00 00 00 00 00 00 00 00 00 00
CFB0H: 00 00 00 00 00 00 00 00 00 00 00 00 00 00 00 00
CFC0H: 00 00 00 00 00 00 00 00 00 00 00 00 00 00 00 00
CFD0H: 00 00 00 00 00 00 00 00 00 00 00 00 00 00 00 00
CFE0H: 00 00 00 00 00 00 00 00 00 00 00 00 00 00 00 00
CFF0H: 00 00 00 00 00 00 00 00 00 00 00 00 00 00 00 00
D000H: 00 00 00 00 00 00 00 00 00 00 00 00 00 00 00 00
D010H: 00 00 00 00 00 00 00 00 00 00 00 00 00 00 00 00
D020H: 00 00 00 00 00 00 00 00 00 00 00 00 00 00 00 00
D030H: 00 00 00 00 00 00 00 00 00 00 00 00 00 00 00 00
D040H: 00 00 00 00 00 00 00 00 00 00 00 00 00 00 00 00
D050H: 00 00 00 00 00 00 00 00 00 00 00 00 00 00 00 00
D060H: 00 00 00 00 00 00 00 00 00 00 00 00 00 00 00 00
D070H: 00 00 00 00 00 00 00 00 00 00 00 00 00 00 00 00
D080H: 00 00 00 00 00 00 00 00 00 00 00 00 00 00 00 00
D090H: 00 00 00 00 00 00 00 00 00 00 00 00 00 00 00 00
D0A0H: 00 00 00 00 00 00 00 00 00 00 00 00 00 00 00 00
D0B0H: 00 00 00 00 00 00 00 00 00 00 00 00 00 00 00 00
D0C0H: 00 00 00 00 00 00 00 00 00 00 00 00 00 00 00 00
D0D0H: 00 00 00 00 00 00 00 00 00 00 00 00 00 00 00 00
D0E0H: 00 00 00 00 00 00 00 00 00 00 00 00 00 00 00 00
D0F0H: 00 00 00 00 00 00 00 00 00 00 00 00 00 00 00 00
D100H: 00 00 00 00 00 00 00 00 00 00 00 00 00 00 00 00
D110H: 00 00 00 00 00 00 00 00 00 00 00 00 00 00 00 00
D120H: 00 00 00 00 00 00 00 00 00 00 00 00 00 00 00 00
D130H: 00 00 00 00 00 00 00 00 00 00 00 00 00 00 00 00
D140H: 00 00 00 00 00 00 00 00 00 00 00 00 00 00 00 00
D150H: 00 00 00 00 00 00 00 00 00 00 00 00 00 00 00 00
D160H: 00 00 00 00 00 00 00 00 00 00 00 00 00 00 00 00
D170H: 00 00 00 00 00 00 00 00 00 00 00 00 00 00 00 00
D180H: 00 00 00 00 00 00 00 00 00 00 00 00 00 00 00 00
D190H: 00 00 00 00 00 00 00 00 00 00 00 00 00 00 00 00
D1A0H: 00 00 00 00 00 00 00 00 00 00 00 00 00 00 00 00
D1B0H: 00 00 00 00 00 00 00 00 00 00 00 00 00 00 00 00
D1C0H: 00 00 00 00 00 00 00 00 00 00 00 00 00 00 00 00
D1D0H: 00 00 00 00 00 00 00 00 00 00 00 00 00 00 00 00
D1E0H: 00 00 00 00 00 00 00 00 00 00 00 00 00 00 00 00
D1F0H: 00 00 00 00 00 00 00 00 00 00 00 00 00 00 00 00
D200H: 00 00 00 00 00 00 00 00 00 00 00 00 00 00 00 00
D210H: 00 00 00 00 00 00 00 00 00 00 00 00 00 00 00 00
D220H: 00 00 00 00 00 00 00 00 00 00 00 00 00 00 00 00
D230H: 00 00 00 00 00 00 00 00 00 00 00 00 00 00 00 00
D240H: 00 00 00 00 00 00 00 00 00 00 00 00 00 00 00 00
D250H: 00 00 00 00 00 00 00 00 00 00 00 00 00 00 00 00
D260H: 00 00 00 00 00 00 00 00 00 00 00 00 00 00 00 00
D270H: 00 00 00 00 00 00 00 00 00 00 00 00 00 00 00 00
D280H: 00 00 00 00 00 00 00 00 00 00 00 00 00 00 00 00
D290H: 00 00 00 00 00 00 00 00 00 00 00 00 00 00 00 00
D2A0H: 00 00 00 00 00 00 00 00 00 00 00 00 00 00 00 00
D2B0H: 00 00 00 00 00 00 00 00 00 00 00 00 00 00 00 00
D2C0H: 00 00 00 00 00 00 00 00 00 00 00 00 00 00 00 00
D2D0H: 00 00 00 00 00 00 00 00 00 00 00 00 00 00 00 00
D2E0H: 00 00 00 00 00 00 00 00 00 00 00 00 00 00 00 00
D2F0H: 00 00 00 00 00 00 00 00 00 00 00 00 00 00 00 00
D300H: 00 00 00 00 00 00 00 00 00 00 00 00 00 00 00 00
D310H: 00 00 00 00 00 00 00 00 00 00 00 00 00 00 00 00
D320H: 00 00 00 00 00 00 00 00 00 00 00 00 00 00 00 00
D330H: 00 00 00 00 00 00 00 00 00 00 00 00 00 00 00 00
D340H: 00 00 00 00 00 00 00 00 00 00 00 00 00 00 00 00
D350H: 00 00 00 00 00 00 00 00 00 00 00 00 00 00 00 00
D360H: 00 00 00 00 00 00 00 00 00 00 00 00 00 00 00 00
D370H: 00 00 00 00 00 00 00 00 00 00 00 00 00 00 00 00
D380H: 00 00 00 00 00 00 00 00 00 00 00 00 00 00 00 00
D390H: 00 00 00 00 00 00 00 00 00 00 00 00 00 00 00 00
D3A0H: 00 00 00 00 00 00 00 00 00 00 00 00 00 00 00 00
D3B0H: 00 00 00 00 00 00 00 00 00 00 00 00 00 00 00 00
D3C0H: 00 00 00 00 00 00 00 00 00 00 00 00 00 00 00 00
D3D0H: 00 00 00 00 00 00 00 00 00 00 00 00 00 00 00 00
D3E0H: 00 00 00 00 00 00 00 00 00 00 00 00 00 00 00 00
D3F0H: 00 00 00 00 00 00 00 00 00 00 00 00 00 00 00 00
D400H: 00 00 00 00 00 00 00 00 00 00 00 00 00 00 00 00
D410H: 00 00 00 00 00 00 00 00 00 00 00 00 00 00 00 00
D420H: 00 00 00 00 00 00 00 00 00 00 00 00 00 00 00 00
D430H: 00 00 00 00 00 00 00 00 00 00 00 00 00 00 00 00
D440H: 00 00 00 00 00 00 00 00 00 00 00 00 00 00 00 00
D450H: 00 00 00 00 00 00 00 00 00 00 00 00 00 00 00 00
D460H: 00 00 00 00 00 00 00 00 00 00 00 00 00 00 00 00
D470H: 00 00 00 00 00 00 00 00 00 00 00 00 00 00 00 00
D480H: 00 00 00 00 00 00 00 00 00 00 00 00 00 00 00 00
D490H: 00 00 00 00 00 00 00 00 00 00 00 00 00 00 00 00
D4A0H: 00 00 00 00 00 00 00 00 00 00 00 00 00 00 00 00
D4B0H: 00 00 00 00 00 00 00 00 00 00 00 00 00 00 00 00
D4C0H: 00 00 00 00 00 00 00 00 00 00 00 00 00 00 00 00
D4D0H: 00 00 00 00 00 00 00 00 00 00 00 00 00 00 00 00
D4E0H: 00 00 00 00 00 00 00 00 00 00 00 00 00 00 00 00
D4F0H: 00 00 00 00 00 00 00 00 00 00 00 00 00 00 00 00
D500H: 00 00 00 00 00 00 00 00 00 00 00 00 00 00 00 00
D510H: 00 00 00 00 00 00 00 00 00 00 00 00 00 00 00 00
D520H: 00 00 00 00 00 00 00 00 00 00 00 00 00 00 00 00
D530H: 00 00 00 00 00 00 00 00 00 00 00 00 00 00 00 00
D540H: 00 00 00 00 00 00 00 00 00 00 00 00 00 00 00 00
D550H: 00 00 00 00 00 00 00 00 00 00 00 00 00 00 00 00
D560H: 00 00 00 00 00 00 00 00 00 00 00 00 00 00 00 00
D570H: 00 00 00 00 00 00 00 00 00 00 00 00 00 00 00 00
D580H: 00 00 00 00 00 00 00 00 00 00 00 00 00 00 00 00
D590H: 00 00 00 00 00 00 00 00 00 00 00 00 00 00 00 00
D5A0H: 00 00 00 00 00 00 00 00 00 00 00 00 00 00 00 00
D5B0H: 00 00 00 00 00 00 00 00 00 00 00 00 00 00 00 00
D5C0H: 00 00 00 00 00 00 00 00 00 00 00 00 00 00 00 00
D5D0H: 00 00 00 00 00 00 00 00 00 00 00 00 00 00 00 00
D5E0H: 00 00 00 00 00 00 00 00 00 00 00 00 00 00 00 00
D5F0H: 00 00 00 00 00 00 00 00 00 00 00 00 00 00 00 00
D600H: 00 00 00 00 00 00 00 00 00 00 00 00 00 00 00 00
D610H: 00 00 00 00 00 00 00 00 00 00 00 00 00 00 00 00
D620H: 00 00 00 00 00 00 00 00 00 00 00 00 00 00 00 00
D630H: 00 00 00 00 00 00 00 00 00 00 00 00 00 00 00 00
D640H: 00 00 00 00 00 00 00 00 00 00 00 00 00 00 00 00
D650H: 00 00 00 00 00 00 00 00 00 00 00 00 00 00 00 00
D660H: 00 00 00 00 00 00 00 00 00 00 00 00 00 00 00 00
D670H: 00 00 00 00 00 00 00 00 00 00 00 00 00 00 00 00
D680H: 00 00 00 00 00 00 00 00 00 00 00 00 00 00 00 00
D690H: 00 00 00 00 00 00 00 00 00 00 00 00 00 00 00 00
D6A0H: 00 00 00 00 00 00 00 00 00 00 00 00 00 00 00 00
D6B0H: 00 00 00 00 00 00 00 00 00 00 00 00 00 00 00 00
D6C0H: 00 00 00 00 00 00 00 00 00 00 00 00 00 00 00 00
D6D0H: 00 00 00 00 00 00 00 00 00 00 00 00 00 00 00 00
D6E0H: 00 00 00 00 00 00 00 00 00 00 00 00 00 00 00 00
D6F0H: 00 00 00 00 00 00 00 00 00 00 00 00 00 00 00 00
D700H: 00 00 00 00 00 00 00 00 00 00 00 00 00 00 00 00
D710H: 00 00 00 00 00 00 00 00 00 00 00 00 00 00 00 00
D720H: 00 00 00 00 00 00 00 00 00 00 00 00 00 00 00 00
D730H: 00 00 00 00 00 00 00 00 00 00 00 00 00 00 00 00
D740H: 00 00 00 00 00 00 00 00 00 00 00 00 00 00 00 00
D750H: 00 00 00 00 00 00 00 00 00 00 00 00 00 00 00 00
D760H: 00 00 00 00 00 00 00 00 00 00 00 00 00 00 00 00
D770H: 00 00 00 00 00 00 00 00 00 00 00 00 00 00 00 00
D780H: 00 00 00 00 00 00 00 00 00 00 00 00 00 00 00 00
D790H: 00 00 00 00 00 00 00 00 00 00 00 00 00 00 00 00
D7A0H: 00 00 00 00 00 00 00 00 00 00 00 00 00 00 00 00
D7B0H: 00 00 00 00 00 00 00 00 00 00 00 00 00 00 00 00
D7C0H: 00 00 00 00 00 00 00 00 00 00 00 00 00 00 00 00
D7D0H: 00 00 00 00 00 00 00 00 00 00 00 00 00 00 00 00
D7E0H: 00 00 00 00 00 00 00 00 00 00 00 00 00 00 00 00
D7F0H: 00 00 00 00 00 00 00 00 00 00 00 00 00 00 00 00
D800H: 00 00 00 00 00 00 00 00 00 00 00 00 00 00 00 00
D810H: 00 00 00 00 00 00 00 00 00 00 00 00 00 00 00 00
D820H: 00 00 00 00 00 00 00 00 00 00 00 00 00 00 00 00
D830H: 00 00 00 00 00 00 00 00 00 00 00 00 00 00 00 00
D840H: 00 00 00 00 00 00 00 00 00 00 00 00 00 00 00 00
D850H: 00 00 00 00 00 00 00 00 00 00 00 00 00 00 00 00
D860H: 00 00 00 00 00 00 00 00 00 00 00 00 00 00 00 00
D870H: 00 00 00 00 00 00 00 00 00 00 00 00 00 00 00 00
D880H: 00 00 00 00 00 00 00 00 00 00 00 00 00 00 00 00
D890H: 00 00 00 00 00 00 00 00 00 00 00 00 00 00 00 00
D8A0H: 00 00 00 00 00 00 00 00 00 00 00 00 00 00 00 00
D8B0H: 00 00 00 00 00 00 00 00 00 00 00 00 00 00 00 00
D8C0H: 00 00 00 00 00 00 00 00 00 00 00 00 00 00 00 00
D8D0H: 00 00 00 00 00 00 00 00 00 00 00 00 00 00 00 00
D8E0H: 00 00 00 00 00 00 00 00 00 00 00 00 00 00 00 00
D8F0H: 00 00 00 00 00 00 00 00 00 00 00 00 00 00 00 00
D900H: 00 00 00 00 00 00 00 00 00 00 00 00 00 00 00 00
D910H: 00 00 00 00 00 00 00 00 00 00 00 00 00 00 00 00
D920H: 00 00 00 00 00 00 00 00 00 00 00 00 00 00 00 00
D930H: 00 00 00 00 00 00 00 00 00 00 00 00 00 00 00 00
D940H: 00 00 00 00 00 00 00 00 00 00 00 00 00 00 00 00
D950H: 00 00 00 00 00 00 00 00 00 00 00 00 00 00 00 00
D960H: 00 00 00 00 00 00 00 00 00 00 00 00 00 00 00 00
D970H: 00 00 00 00 00 00 00 00 00 00 00 00 00 00 00 00
D980H: 00 00 00 00 00 00 00 00 00 00 00 00 00 00 00 00
D990H: 00 00 00 00 00 00 00 00 00 00 00 00 00 00 00 00
D9A0H: 00 00 00 00 00 00 00 00 00 00 00 00 00 00 00 00
D9B0H: 00 00 00 00 00 00 00 00 00 00 00 00 00 00 00 00
D9C0H: 00 00 00 00 00 00 00 00 00 00 00 00 00 00 00 00
D9D0H: 00 00 00 00 00 00 00 00 00 00 00 00 00 00 00 00
D9E0H: 00 00 00 00 00 00 00 00 00 00 00 00 00 00 00 00
D9F0H: 00 00 00 00 00 00 00 00 00 00 00 00 00 00 00 00
DA00H: 00 00 00 00 00 00 00 00 00 00 00 00 00 00 00 00
DA10H: 00 00 00 00 00 00 00 00 00 00 00 00 00 00 00 00
DA20H: 00 00 00 00 00 00 00 00 00 00 00 00 00 00 00 00
DA30H: 00 00 00 00 00 00 00 00 00 00 00 00 00 00 00 00
DA40H: 00 00 00 00 00 00 00 00 00 00 00 00 00 00 00 00
DA50H: 00 00 00 00 00 00 00 00 00 00 00 00 00 00 00 00
DA60H: 00 00 00 00 00 00 00 00 00 00 00 00 00 00 00 00
DA70H: 00 00 00 00 00 00 00 00 00 00 00 00 00 00 00 00
DA80H: 00 00 00 00 00 00 00 00 00 00 00 00 00 00 00 00
DA90H: 00 00 00 00 00 00 00 00 00 00 00 00 00 00 00 00
DAA0H: 00 00 00 00 00 00 00 00 00 00 00 00 00 00 00 00
DAB0H: 00 00 00 00 00 00 00 00 00 00 00 00 00 00 00 00
DAC0H: 00 00 00 00 00 00 00 00 00 00 00 00 00 00 00 00
DAD0H: 00 00 00 00 00 00 00 00 00 00 00 00 00 00 00 00
DAE0H: 00 00 00 00 00 00 00 00 00 00 00 00 00 00 00 00
DAF0H: 00 00 00 00 00 00 00 00 00 00 00 00 00 00 00 00
DB00H: 00 00 00 00 00 00 00 00 00 00 00 00 00 00 00 00
DB10H: 00 00 00 00 00 00 00 00 00 00 00 00 00 00 00 00
DB20H: 00 00 00 00 00 00 00 00 00 00 00 00 00 00 00 00
DB30H: 00 00 00 00 00 00 00 00 00 00 00 00 00 00 00 00
DB40H: 00 00 00 00 00 00 00 00 00 00 00 00 00 00 00 00
DB50H: 00 00 00 00 00 00 00 00 00 00 00 00 00 00 00 00
DB60H: 00 00 00 00 00 00 00 00 00 00 00 00 00 00 00 00
DB70H: 00 00 00 00 00 00 00 00 00 00 00 00 00 00 00 00
DB80H: 00 00 00 00 00 00 00 00 00 00 00 00 00 00 00 00
DB90H: 00 00 00 00 00 00 00 00 00 00 00 00 00 00 00 00
DBA0H: 00 00 00 00 00 00 00 00 00 00 00 00 00 00 00 00
DBB0H: 00 00 00 00 00 00 00 00 00 00 00 00 00 00 00 00
DBC0H: 00 00 00 00 00 00 00 00 00 00 00 00 00 00 00 00
DBD0H: 00 00 00 00 00 00 00 00 00 00 00 00 00 00 00 00
DBE0H: 00 00 00 00 00 00 00 00 00 00 00 00 00 00 00 00
DBF0H: 00 00 00 00 00 00 00 00 00 00 00 00 00 00 00 00
DC00H: 00 00 00 00 00 00 00 00 00 00 00 00 00 00 00 00
DC10H: 00 00 00 00 00 00 00 00 00 00 00 00 00 00 00 00
DC20H: 00 00 00 00 00 00 00 00 00 00 00 00 00 00 00 00
DC30H: 00 00 00 00 00 00 00 00 00 00 00 00 00 00 00 00
DC40H: 00 00 00 00 00 00 00 00 00 00 00 00 00 00 00 00
DC50H: 00 00 00 00 00 00 00 00 00 00 00 00 00 00 00 00
DC60H: 00 00 00 00 00 00 00 00 00 00 00 00 00 00 00 00
DC70H: 00 00 00 00 00 00 00 00 00 00 00 00 00 00 00 00
DC80H: 00 00 00 00 00 00 00 00 00 00 00 00 00 00 00 00
DC90H: 00 00 00 00 00 00 00 00 00 00 00 00 00 00 00 00
DCA0H: 00 00 00 00 00 00 00 00 00 00 00 00 00 00 00 00
DCB0H: 00 00 00 00 00 00 00 00 00 00 00 00 00 00 00 00
DCC0H: 00 00 00 00 00 00 00 00 00 00 00 00 00 00 00 00
DCD0H: 00 00 00 00 00 00 00 00 00 00 00 00 00 00 00 00
DCE0H: 00 00 00 00 00 00 00 00 00 00 00 00 00 00 00 00
DCF0H: 00 00 00 00 00 00 00 00 00 00 00 00 00 00 00 00
DD00H: 00 00 00 00 00 00 00 00 00 00 00 00 00 00 00 00
DD10H: 00 00 00 00 00 00 00 00 00 00 00 00 00 00 00 00
DD20H: 00 00 00 00 00 00 00 00 00 00 00 00 00 00 00 00
DD30H: 00 00 00 00 00 00 00 00 00 00 00 00 00 00 00 00
DD40H: 00 00 00 00 00 00 00 00 00 00 00 00 00 00 00 00
DD50H: 00 00 00 00 00 00 00 00 00 00 00 00 00 00 00 00
DD60H: 00 00 00 00 00 00 00 00 00 00 00 00 00 00 00 00
DD70H: 00 00 00 00 00 00 00 00 00 00 00 00 00 00 00 00
DD80H: 00 00 00 00 00 00 00 00 00 00 00 00 00 00 00 00
DD90H: 00 00 00 00 00 00 00 00 00 00 00 00 00 00 00 00
DDA0H: 00 00 00 00 00 00 00 00 00 00 00 00 00 00 00 00
DDB0H: 00 00 00 00 00 00 00 00 00 00 00 00 00 00 00 00
DDC0H: 00 00 00 00 00 00 00 00 00 00 00 00 00 00 00 00
DDD0H: 00 00 00 00 00 00 00 00 00 00 00 00 00 00 00 00
DDE0H: 00 00 00 00 00 00 00 00 00 00 00 00 00 00 00 00
DDF0H: 00 00 00 00 00 00 00 00 00 00 00 00 00 00 00 00
DE00H: 00 00 00 00 00 00 00 00 00 00 00 00 00 00 00 00
DE10H: 00 00 00 00 00 00 00 00 00 00 00 00 00 00 00 00
DE20H: 00 00 00 00 00 00 00 00 00 00 00 00 00 00 00 00
DE30H: 00 00 00 00 00 00 00 00 00 00 00 00 00 00 00 00
DE40H: 00 00 00 00 00 00 00 00 00 00 00 00 00 00 00 00
DE50H: 00 00 00 00 00 00 00 00 00 00 00 00 00 00 00 00
DE60H: 00 00 00 00 00 00 00 00 00 00 00 00 00 00 00 00
DE70H: 00 00 00 00 00 00 00 00 00 00 00 00 00 00 00 00
DE80H: 00 00 00 00 00 00 00 00 00 00 00 00 00 00 00 00
DE90H: 00 00 00 00 00 00 00 00 00 00 00 00 00 00 00 00
DEA0H: 00 00 00 00 00 00 00 00 00 00 00 00 00 00 00 00
DEB0H: 00 00 00 00 00 00 00 00 00 00 00 00 00 00 00 00
DEC0H: 00 00 00 00 00 00 00 00 00 00 00 00 00 00 00 00
DED0H: 00 00 00 00 00 00 00 00 00 00 00 00 00 00 00 00
DEE0H: 00 00 00 00 00 00 00 00 00 00 00 00 00 00 00 00
DEF0H: 00 00 00 00 00 00 00 00 00 00 00 00 00 00 00 00
DF00H: 00 00 00 00 00 00 00 00 00 00 00 00 00 00 00 00
DF10H: 00 00 00 00 00 00 00 00 00 00 00 00 00 00 00 00
DF20H: 00 00 00 00 00 00 00 00 00 00 00 00 00 00 00 00
DF30H: 00 00 00 00 00 00 00 00 00 00 00 00 00 00 00 00
DF40H: 00 00 00 00 00 00 00 00 00 00 00 00 00 00 00 00
DF50H: 00 00 00 00 00 00 00 00 00 00 00 00 00 00 00 00
DF60H: 00 00 00 00 00 00 00 00 00 00 00 00 00 00 00 00
DF70H: 00 00 00 00 00 00 00 00 00 00 00 00 00 00 00 00
DF80H: 00 00 00 00 00 00 00 00 00 00 00 00 00 00 00 00
DF90H: 00 00 00 00 00 00 00 00 00 00 00 00 00 00 00 00
DFA0H: 00 00 00 00 00 00 00 00 00 00 00 00 00 00 00 00
DFB0H: 00 00 00 00 00 00 00 00 00 00 00 00 00 00 00 00
DFC0H: 00 00 00 00 00 00 00 00 00 00 00 00 00 00 00 00
DFD0H: 00 00 00 00 00 00 00 00 00 00 00 00 00 00 00 00
DFE0H: 00 00 00 00 00 00 00 00 00 00 00 00 00 00 00 00
DFF0H: 00 00 00 00 00 00 00 00 00 00 00 00 00 00 00 00
E000H: 00 00 00 00 00 00 00 00 00 00 00 00 00 00 00 00
E010H: 00 00 00 00 00 00 00 00 00 00 00 00 00 00 00 00
E020H: 00 00 00 00 00 00 00 00 00 00 00 00 00 00 00 00
E030H: 00 00 00 00 00 00 00 00 00 00 00 00 00 00 00 00
E040H: 00 00 00 00 00 00 00 00 00 00 00 00 00 00 00 00
E050H: 00 00 00 00 00 00 00 00 00 00 00 00 00 00 00 00
E060H: 00 00 00 00 00 00 00 00 00 00 00 00 00 00 00 00
E070H: 00 00 00 00 00 00 00 00 00 00 00 00 00 00 00 00
E080H: 00 00 00 00 00 00 00 00 00 00 00 00 00 00 00 00
E090H: 00 00 00 00 00 00 00 00 00 00 00 00 00 00 00 00
E0A0H: 00 00 00 00 00 00 00 00 00 00 00 00 00 00 00 00
E0B0H: 00 00 00 00 00 00 00 00 00 00 00 00 00 00 00 00
E0C0H: 00 00 00 00 00 00 00 00 00 00 00 00 00 00 00 00
E0D0H: 00 00 00 00 00 00 00 00 00 00 00 00 00 00 00 00
E0E0H: 00 00 00 00 00 00 00 00 00 00 00 00 00 00 00 00
E0F0H: 00 00 00 00 00 00 00 00 00 00 00 00 00 00 00 00
E100H: 00 00 00 00 00 00 00 00 00 00 00 00 00 00 00 00
E110H: 00 00 00 00 00 00 00 00 00 00 00 00 00 00 00 00
E120H: 00 00 00 00 00 00 00 00 00 00 00 00 00 00 00 00
E130H: 00 00 00 00 00 00 00 00 00 00 00 00 00 00 00 00
E140H: 00 00 00 00 00 00 00 00 00 00 00 00 00 00 00 00
E150H: 00 00 00 00 00 00 00 00 00 00 00 00 00 00 00 00
E160H: 00 00 00 00 00 00 00 00 00 00 00 00 00 00 00 00
E170H: 00 00 00 00 00 00 00 00 00 00 00 00 00 00 00 00
E180H: 00 00 00 00 00 00 00 00 00 00 00 00 00 00 00 00
E190H: 00 00 00 00 00 00 00 00 00 00 00 00 00 00 00 00
E1A0H: 00 00 00 00 00 00 00 00 00 00 00 00 00 00 00 00
E1B0H: 00 00 00 00 00 00 00 00 00 00 00 00 00 00 00 00
E1C0H: 00 00 00 00 00 00 00 00 00 00 00 00 00 00 00 00
E1D0H: 00 00 00 00 00 00 00 00 00 00 00 00 00 00 00 00
E1E0H: 00 00 00 00 00 00 00 00 00 00 00 00 00 00 00 00
E1F0H: 00 00 00 00 00 00 00 00 00 00 00 00 00 00 00 00
E200H: 00 00 00 00 00 00 00 00 00 00 00 00 00 00 00 00
E210H: 00 00 00 00 00 00 00 00 00 00 00 00 00 00 00 00
E220H: 00 00 00 00 00 00 00 00 00 00 00 00 00 00 00 00
E230H: 00 00 00 00 00 00 00 00 00 00 00 00 00 00 00 00
E240H: 00 00 00 00 00 00 00 00 00 00 00 00 00 00 00 00
E250H: 00 00 00 00 00 00 00 00 00 00 00 00 00 00 00 00
E260H: 00 00 00 00 00 00 00 00 00 00 00 00 00 00 00 00
E270H: 00 00 00 00 00 00 00 00 00 00 00 00 00 00 00 00
E280H: 00 00 00 00 00 00 00 00 00 00 00 00 00 00 00 00
E290H: 00 00 00 00 00 00 00 00 00 00 00 00 00 00 00 00
E2A0H: 00 00 00 00 00 00 00 00 00 00 00 00 00 00 00 00
E2B0H: 00 00 00 00 00 00 00 00 00 00 00 00 00 00 00 00
E2C0H: 00 00 00 00 00 00 00 00 00 00 00 00 00 00 00 00
E2D0H: 00 00 00 00 00 00 00 00 00 00 00 00 00 00 00 00
E2E0H: 00 00 00 00 00 00 00 00 00 00 00 00 00 00 00 00
E2F0H: 00 00 00 00 00 00 00 00 00 00 00 00 00 00 00 00
E300H: 00 00 00 00 00 00 00 00 00 00 00 00 00 00 00 00
E310H: 00 00 00 00 00 00 00 00 00 00 00 00 00 00 00 00
E320H: 00 00 00 00 00 00 00 00 00 00 00 00 00 00 00 00
E330H: 00 00 00 00 00 00 00 00 00 00 00 00 00 00 00 00
E340H: 00 00 00 00 00 00 00 00 00 00 00 00 00 00 00 00
E350H: 00 00 00 00 00 00 00 00 00 00 00 00 00 00 00 00
E360H: 00 00 00 00 00 00 00 00 00 00 00 00 00 00 00 00
E370H: 00 00 00 00 00 00 00 00 00 00 00 00 00 00 00 00
E380H: 00 00 00 00 00 00 00 00 00 00 00 00 00 00 00 00
E390H: 00 00 00 00 00 00 00 00 00 00 00 00 00 00 00 00
E3A0H: 00 00 00 00 00 00 00 00 00 00 00 00 00 00 00 00
E3B0H: 00 00 00 00 00 00 00 00 00 00 00 00 00 00 00 00
E3C0H: 00 00 00 00 00 00 00 00 00 00 00 00 00 00 00 00
E3D0H: 00 00 00 00 00 00 00 00 00 00 00 00 00 00 00 00
E3E0H: 00 00 00 00 00 00 00 00 00 00 00 00 00 00 00 00
E3F0H: 00 00 00 00 00 00 00 00 00 00 00 00 00 00 00 00
E400H: 00 00 00 00 00 00 00 00 00 00 00 00 00 00 00 00
E410H: 00 00 00 00 00 00 00 00 00 00 00 00 00 00 00 00
E420H: 00 00 00 00 00 00 00 00 00 00 00 00 00 00 00 00
E430H: 00 00 00 00 00 00 00 00 00 00 00 00 00 00 00 00
E440H: 00 00 00 00 00 00 00 00 00 00 00 00 00 00 00 00
E450H: 00 00 00 00 00 00 00 00 00 00 00 00 00 00 00 00
E460H: 00 00 00 00 00 00 00 00 00 00 00 00 00 00 00 00
E470H: 00 00 00 00 00 00 00 00 00 00 00 00 00 00 00 00
E480H: 00 00 00 00 00 00 00 00 00 00 00 00 00 00 00 00
E490H: 00 00 00 00 00 00 00 00 00 00 00 00 00 00 00 00
E4A0H: 00 00 00 00 00 00 00 00 00 00 00 00 00 00 00 00
E4B0H: 00 00 00 00 00 00 00 00 00 00 00 00 00 00 00 00
E4C0H: 00 00 00 00 00 00 00 00 00 00 00 00 00 00 00 00
E4D0H: 00 00 00 00 00 00 00 00 00 00 00 00 00 00 00 00
E4E0H: 00 00 00 00 00 00 00 00 00 00 00 00 00 00 00 00
E4F0H: 00 00 00 00 00 00 00 00 00 00 00 00 00 00 00 00
E500H: 00 00 00 00 00 00 00 00 00 00 00 00 00 00 00 00
E510H: 00 00 00 00 00 00 00 00 00 00 00 00 00 00 00 00
E520H: 00 00 00 00 00 00 00 00 00 00 00 00 00 00 00 00
E530H: 00 00 00 00 00 00 00 00 00 00 00 00 00 00 00 00
E540H: 00 00 00 00 00 00 00 00 00 00 00 00 00 00 00 00
E550H: 00 00 00 00 00 00 00 00 00 00 00 00 00 00 00 00
E560H: 00 00 00 00 00 00 00 00 00 00 00 00 00 00 00 00
E570H: 00 00 00 00 00 00 00 00 00 00 00 00 00 00 00 00
E580H: 00 00 00 00 00 00 00 00 00 00 00 00 00 00 00 00
E590H: 00 00 00 00 00 00 00 00 00 00 00 00 00 00 00 00
E5A0H: 00 00 00 00 00 00 00 00 00 00 00 00 00 00 00 00
E5B0H: 00 00 00 00 00 00 00 00 00 00 00 00 00 00 00 00
E5C0H: 00 00 00 00 00 00 00 00 00 00 00 00 00 00 00 00
E5D0H: 00 00 00 00 00 00 00 00 00 00 00 00 00 00 00 00
E5E0H: 00 00 00 00 00 00 00 00 00 00 00 00 00 00 00 00
E5F0H: 00 00 00 00 00 00 00 00 00 00 00 00 00 00 00 00
E600H: 00 00 00 00 00 00 00 00 00 00 00 00 00 00 00 00
E610H: 00 00 00 00 00 00 00 00 00 00 00 00 00 00 00 00
E620H: 00 00 00 00 00 00 00 00 00 00 00 00 00 00 00 00
E630H: 00 00 00 00 00 00 00 00 00 00 00 00 00 00 00 00
E640H: 00 00 00 00 00 00 00 00 00 00 00 00 00 00 00 00
E650H: 00 00 00 00 00 00 00 00 00 00 00 00 00 00 00 00
E660H: 00 00 00 00 00 00 00 00 00 00 00 00 00 00 00 00
E670H: 00 00 00 00 00 00 00 00 00 00 00 00 00 00 00 00
E680H: 00 00 00 00 00 00 00 00 00 00 00 00 00 00 00 00
E690H: 00 00 00 00 00 00 00 00 00 00 00 00 00 00 00 00
E6A0H: 00 00 00 00 00 00 00 00 00 00 00 00 00 00 00 00
E6B0H: 00 00 00 00 00 00 00 00 00 00 00 00 00 00 00 00
E6C0H: 00 00 00 00 00 00 00 00 00 00 00 00 00 00 00 00
E6D0H: 00 00 00 00 00 00 00 00 00 00 00 00 00 00 00 00
E6E0H: 00 00 00 00 00 00 00 00 00 00 00 00 00 00 00 00
E6F0H: 00 00 00 00 00 00 00 00 00 00 00 00 00 00 00 00
E700H: 00 00 00 00 00 00 00 00 00 00 00 00 00 00 00 00
E710H: 00 00 00 00 00 00 00 00 00 00 00 00 00 00 00 00
E720H: 00 00 00 00 00 00 00 00 00 00 00 00 00 00 00 00
E730H: 00 00 00 00 00 00 00 00 00 00 00 00 00 00 00 00
E740H: 00 00 00 00 00 00 00 00 00 00 00 00 00 00 00 00
E750H: 00 00 00 00 00 00 00 00 00 00 00 00 00 00 00 00
E760H: 00 00 00 00 00 00 00 00 00 00 00 00 00 00 00 00
E770H: 00 00 00 00 00 00 00 00 00 00 00 00 00 00 00 00
E780H: 00 00 00 00 00 00 00 00 00 00 00 00 00 00 00 00
E790H: 00 00 00 00 00 00 00 00 00 00 00 00 00 00 00 00
E7A0H: 00 00 00 00 00 00 00 00 00 00 00 00 00 00 00 00
E7B0H: 00 00 00 00 00 00 00 00 00 00 00 00 00 00 00 00
E7C0H: 00 00 00 00 00 00 00 00 00 00 00 00 00 00 00 00
E7D0H: 00 00 00 00 00 00 00 00 00 00 00 00 00 00 00 00
E7E0H: 00 00 00 00 00 00 00 00 00 00 00 00 00 00 00 00
E7F0H: 00 00 00 00 00 00 00 00 00 00 00 00 00 00 00 00
E800H: 00 00 00 00 00 00 00 00 00 00 00 00 00 00 00 00
E810H: 00 00 00 00 00 00 00 00 00 00 00 00 00 00 00 00
E820H: 00 00 00 00 00 00 00 00 00 00 00 00 00 00 00 00
E830H: 00 00 00 00 00 00 00 00 00 00 00 00 00 00 00 00
E840H: 00 00 00 00 00 00 00 00 00 00 00 00 00 00 00 00
E850H: 00 00 00 00 00 00 00 00 00 00 00 00 00 00 00 00
E860H: 00 00 00 00 00 00 00 00 00 00 00 00 00 00 00 00
E870H: 00 00 00 00 00 00 00 00 00 00 00 00 00 00 00 00
E880H: 00 00 00 00 00 00 00 00 00 00 00 00 00 00 00 00
E890H: 00 00 00 00 00 00 00 00 00 00 00 00 00 00 00 00
E8A0H: 00 00 00 00 00 00 00 00 00 00 00 00 00 00 00 00
E8B0H: 00 00 00 00 00 00 00 00 00 00 00 00 00 00 00 00
E8C0H: 00 00 00 00 00 00 00 00 00 00 00 00 00 00 00 00
E8D0H: 00 00 00 00 00 00 00 00 00 00 00 00 00 00 00 00
E8E0H: 00 00 00 00 00 00 00 00 00 00 00 00 00 00 00 00
E8F0H: 00 00 00 00 00 00 00 00 00 00 00 00 00 00 00 00
E900H: 00 00 00 00 00 00 00 00 00 00 00 00 00 00 00 00
E910H: 00 00 00 00 00 00 00 00 00 00 00 00 00 00 00 00
E920H: 00 00 00 00 00 00 00 00 00 00 00 00 00 00 00 00
E930H: 00 00 00 00 00 00 00 00 00 00 00 00 00 00 00 00
E940H: 00 00 00 00 00 00 00 00 00 00 00 00 00 00 00 00
E950H: 00 00 00 00 00 00 00 00 00 00 00 00 00 00 00 00
E960H: 00 00 00 00 00 00 00 00 00 00 00 00 00 00 00 00
E970H: 00 00 00 00 00 00 00 00 00 00 00 00 00 00 00 00
E980H: 00 00 00 00 00 00 00 00 00 00 00 00 00 00 00 00
E990H: 00 00 00 00 00 00 00 00 00 00 00 00 00 00 00 00
E9A0H: 00 00 00 00 00 00 00 00 00 00 00 00 00 00 00 00
E9B0H: 00 00 00 00 00 00 00 00 00 00 00 00 00 00 00 00
E9C0H: 00 00 00 00 00 00 00 00 00 00 00 00 00 00 00 00
E9D0H: 00 00 00 00 00 00 00 00 00 00 00 00 00 00 00 00
E9E0H: 00 00 00 00 00 00 00 00 00 00 00 00 00 00 00 00
E9F0H: 00 00 00 00 00 00 00 00 00 00 00 00 00 00 00 00
EA00H: 00 00 00 00 00 00 00 00 00 00 00 00 00 00 00 00
EA10H: 00 00 00 00 00 00 00 00 00 00 00 00 00 00 00 00
EA20H: 00 00 00 00 00 00 00 00 00 00 00 00 00 00 00 00
EA30H: 00 00 00 00 00 00 00 00 00 00 00 00 00 00 00 00
EA40H: 00 00 00 00 00 00 00 00 00 00 00 00 00 00 00 00
EA50H: 00 00 00 00 00 00 00 00 00 00 00 00 00 00 00 00
EA60H: 00 00 00 00 00 00 00 00 00 00 00 00 00 00 00 00
EA70H: 00 00 00 00 00 00 00 00 00 00 00 00 00 00 00 00
EA80H: 00 00 00 00 00 00 00 00 00 00 00 00 00 00 00 00
EA90H: 00 00 00 00 00 00 00 00 00 00 00 00 00 00 00 00
EAA0H: 00 00 00 00 00 00 00 00 00 00 00 00 00 00 00 00
EAB0H: 00 00 00 00 00 00 00 00 00 00 00 00 00 00 00 00
EAC0H: 00 00 00 00 00 00 00 00 00 00 00 00 00 00 00 00
EAD0H: 00 00 00 00 00 00 00 00 00 00 00 00 00 00 00 00
EAE0H: 00 00 00 00 00 00 00 00 00 00 00 00 00 00 00 00
EAF0H: 00 00 00 00 00 00 00 00 00 00 00 00 00 00 00 00
EB00H: 00 00 00 00 00 00 00 00 00 00 00 00 00 00 00 00
EB10H: 00 00 00 00 00 00 00 00 00 00 00 00 00 00 00 00
EB20H: 00 00 00 00 00 00 00 00 00 00 00 00 00 00 00 00
EB30H: 00 00 00 00 00 00 00 00 00 00 00 00 00 00 00 00
EB40H: 00 00 00 00 00 00 00 00 00 00 00 00 00 00 00 00
EB50H: 00 00 00 00 00 00 00 00 00 00 00 00 00 00 00 00
EB60H: 00 00 00 00 00 00 00 00 00 00 00 00 00 00 00 00
EB70H: 00 00 00 00 00 00 00 00 00 00 00 00 00 00 00 00
EB80H: 00 00 00 00 00 00 00 00 00 00 00 00 00 00 00 00
EB90H: 00 00 00 00 00 00 00 00 00 00 00 00 00 00 00 00
EBA0H: 00 00 00 00 00 00 00 00 00 00 00 00 00 00 00 00
EBB0H: 00 00 00 00 00 00 00 00 00 00 00 00 00 00 00 00
EBC0H: 00 00 00 00 00 00 00 00 00 00 00 00 00 00 00 00
EBD0H: 00 00 00 00 00 00 00 00 00 00 00 00 00 00 00 00
EBE0H: 00 00 00 00 00 00 00 00 00 00 00 00 00 00 00 00
EBF0H: 00 00 00 00 00 00 00 00 00 00 00 00 00 00 00 00
EC00H: 00 00 00 00 00 00 00 00 00 00 00 00 00 00 00 00
EC10H: 00 00 00 00 00 00 00 00 00 00 00 00 00 00 00 00
EC20H: 00 00 00 00 00 00 00 00 00 00 00 00 00 00 00 00
EC30H: 00 00 00 00 00 00 00 00 00 00 00 00 00 00 00 00
EC40H: 00 00 00 00 00 00 00 00 00 00 00 00 00 00 00 00
EC50H: 00 00 00 00 00 00 00 00 00 00 00 00 00 00 00 00
EC60H: 00 00 00 00 00 00 00 00 00 00 00 00 00 00 00 00
EC70H: 00 00 00 00 00 00 00 00 00 00 00 00 00 00 00 00
EC80H: 00 00 00 00 00 00 00 00 00 00 00 00 00 00 00 00
EC90H: 00 00 00 00 00 00 00 00 00 00 00 00 00 00 00 00
ECA0H: 00 00 00 00 00 00 00 00 00 00 00 00 00 00 00 00
ECB0H: 00 00 00 00 00 00 00 00 00 00 00 00 00 00 00 00
ECC0H: 00 00 00 00 00 00 00 00 00 00 00 00 00 00 00 00
ECD0H: 00 00 00 00 00 00 00 00 00 00 00 00 00 00 00 00
ECE0H: 00 00 00 00 00 00 00 00 00 00 00 00 00 00 00 00
ECF0H: 00 00 00 00 00 00 00 00 00 00 00 00 00 00 00 00
ED00H: 00 00 00 00 00 00 00 00 00 00 00 00 00 00 00 00
ED10H: 00 00 00 00 00 00 00 00 00 00 00 00 00 00 00 00
ED20H: 00 00 00 00 00 00 00 00 00 00 00 00 00 00 00 00
ED30H: 00 00 00 00 00 00 00 00 00 00 00 00 00 00 00 00
ED40H: 00 00 00 00 00 00 00 00 00 00 00 00 00 00 00 00
ED50H: 00 00 00 00 00 00 00 00 00 00 00 00 00 00 00 00
ED60H: 00 00 00 00 00 00 00 00 00 00 00 00 00 00 00 00
ED70H: 00 00 00 00 00 00 00 00 00 00 00 00 00 00 00 00
ED80H: 00 00 00 00 00 00 00 00 00 00 00 00 00 00 00 00
ED90H: 00 00 00 00 00 00 00 00 00 00 00 00 00 00 00 00
EDA0H: 00 00 00 00 00 00 00 00 00 00 00 00 00 00 00 00
EDB0H: 00 00 00 00 00 00 00 00 00 00 00 00 00 00 00 00
EDC0H: 00 00 00 00 00 00 00 00 00 00 00 00 00 00 00 00
EDD0H: 00 00 00 00 00 00 00 00 00 00 00 00 00 00 00 00
EDE0H: 00 00 00 00 00 00 00 00 00 00 00 00 00 00 00 00
EDF0H: 00 00 00 00 00 00 00 00 00 00 00 00 00 00 00 00
EE00H: 00 00 00 00 00 00 00 00 00 00 00 00 00 00 00 00
EE10H: 00 00 00 00 00 00 00 00 00 00 00 00 00 00 00 00
EE20H: 00 00 00 00 00 00 00 00 00 00 00 00 00 00 00 00
EE30H: 00 00 00 00 00 00 00 00 00 00 00 00 00 00 00 00
EE40H: 00 00 00 00 00 00 00 00 00 00 00 00 00 00 00 00
EE50H: 00 00 00 00 00 00 00 00 00 00 00 00 00 00 00 00
EE60H: 00 00 00 00 00 00 00 00 00 00 00 00 00 00 00 00
EE70H: 00 00 00 00 00 00 00 00 00 00 00 00 00 00 00 00
EE80H: 00 00 00 00 00 00 00 00 00 00 00 00 00 00 00 00
EE90H: 00 00 00 00 00 00 00 00 00 00 00 00 00 00 00 00
EEA0H: 00 00 00 00 00 00 00 00 00 00 00 00 00 00 00 00
EEB0H: 00 00 00 00 00 00 00 00 00 00 00 00 00 00 00 00
EEC0H: 00 00 00 00 00 00 00 00 00 00 00 00 00 00 00 00
EED0H: 00 00 00 00 00 00 00 00 00 00 00 00 00 00 00 00
EEE0H: 00 00 00 00 00 00 00 00 00 00 00 00 00 00 00 00
EEF0H: 00 00 00 00 00 00 00 00 00 00 00 00 00 00 00 00
EF00H: 00 00 00 00 00 00 00 00 00 00 00 00 00 00 00 00
EF10H: 00 00 00 00 00 00 00 00 00 00 00 00 00 00 00 00
EF20H: 00 00 00 00 00 00 00 00 00 00 00 00 00 00 00 00
EF30H: 00 00 00 00 00 00 00 00 00 00 00 00 00 00 00 00
EF40H: 00 00 00 00 00 00 00 00 00 00 00 00 00 00 00 00
EF50H: 00 00 00 00 00 00 00 00 00 00 00 00 00 00 00 00
EF60H: 00 00 00 00 00 00 00 00 00 00 00 00 00 00 00 00
EF70H: 00 00 00 00 00 00 00 00 00 00 00 00 00 00 00 00
EF80H: 00 00 00 00 00 00 00 00 00 00 00 00 00 00 00 00
EF90H: 00 00 00 00 00 00 00 00 00 00 00 00 00 00 00 00
EFA0H: 00 00 00 00 00 00 00 00 00 00 00 00 00 00 00 00
EFB0H: 00 00 00 00 00 00 00 00 00 00 00 00 00 00 00 00
EFC0H: 00 00 00 00 00 00 00 00 00 00 00 00 00 00 00 00
EFD0H: 00 00 00 00 00 00 00 00 00 00 00 00 00 00 00 00
EFE0H: 00 00 00 00 00 00 00 00 00 00 00 00 00 00 00 00
EFF0H: 00 00 00 00 00 00 00 00 00 00 00 00 00 00 00 00
F000H: 00 00 00 00 00 00 00 00 00 00 00 00 00 00 00 00
F010H: 00 00 00 00 00 00 00 00 00 00 00 00 00 00 00 00
F020H: 00 00 00 00 00 00 00 00 00 00 00 00 00 00 00 00
F030H: 00 00 00 00 00 00 00 00 00 00 00 00 00 00 00 00
F040H: 00 00 00 00 00 00 00 00 00 00 00 00 00 00 00 00
F050H: 00 00 00 00 00 00 00 00 00 00 00 00 00 00 00 00
F060H: 00 00 00 00 00 00 00 00 00 00 00 00 00 00 00 00
F070H: 00 00 00 00 00 00 00 00 00 00 00 00 00 00 00 00
F080H: 00 00 00 00 00 00 00 00 00 00 00 00 00 00 00 00
F090H: 00 00 00 00 00 00 00 00 00 00 00 00 00 00 00 00
F0A0H: 00 00 00 00 00 00 00 00 00 00 00 00 00 00 00 00
F0B0H: 00 00 00 00 00 00 00 00 00 00 00 00 00 00 00 00
F0C0H: 00 00 00 00 00 00 00 00 00 00 00 00 00 00 00 00
F0D0H: 00 00 00 00 00 00 00 00 00 00 00 00 00 00 00 00
F0E0H: 00 00 00 00 00 00 00 00 00 00 00 00 00 00 00 00
F0F0H: 00 00 00 00 00 00 00 00 00 00 00 00 00 00 00 00
F100H: 00 00 00 00 00 00 00 00 00 00 00 00 00 00 00 00
F110H: 00 00 00 00 00 00 00 00 00 00 00 00 00 00 00 00
F120H: 00 00 00 00 00 00 00 00 00 00 00 00 00 00 00 00
F130H: 00 00 00 00 00 00 00 00 00 00 00 00 00 00 00 00
F140H: 00 00 00 00 00 00 00 00 00 00 00 00 00 00 00 00
F150H: 00 00 00 00 00 00 00 00 00 00 00 00 00 00 00 00
F160H: 00 00 00 00 00 00 00 00 00 00 00 00 00 00 00 00
F170H: 00 00 00 00 00 00 00 00 00 00 00 00 00 00 00 00
F180H: 00 00 00 00 00 00 00 00 00 00 00 00 00 00 00 00
F190H: 00 00 00 00 00 00 00 00 00 00 00 00 00 00 00 00
F1A0H: 00 00 00 00 00 00 00 00 00 00 00 00 00 00 00 00
F1B0H: 00 00 00 00 00 00 00 00 00 00 00 00 00 00 00 00
F1C0H: 00 00 00 00 00 00 00 00 00 00 00 00 00 00 00 00
F1D0H: 00 00 00 00 00 00 00 00 00 00 00 00 00 00 00 00
F1E0H: 00 00 00 00 00 00 00 00 00 00 00 00 00 00 00 00
F1F0H: 00 00 00 00 00 00 00 00 00 00 00 00 00 00 00 00
F200H: 00 00 00 00 00 00 00 00 00 00 00 00 00 00 00 00
F210H: 00 00 00 00 00 00 00 00 00 00 00 00 00 00 00 00
F220H: 00 00 00 00 00 00 00 00 00 00 00 00 00 00 00 00
F230H: 00 00 00 00 00 00 00 00 00 00 00 00 00 00 00 00
F240H: 00 00 00 00 00 00 00 00 00 00 00 00 00 00 00 00
F250H: 00 00 00 00 00 00 00 00 00 00 00 00 00 00 00 00
F260H: 00 00 00 00 00 00 00 00 00 00 00 00 00 00 00 00
F270H: 00 00 00 00 00 00 00 00 00 00 00 00 00 00 00 00
F280H: 00 00 00 00 00 00 00 00 00 00 00 00 00 00 00 00
F290H: 00 00 00 00 00 00 00 00 00 00 00 00 00 00 00 00
F2A0H: 00 00 00 00 00 00 00 00 00 00 00 00 00 00 00 00
F2B0H: 00 00 00 00 00 00 00 00 00 00 00 00 00 00 00 00
F2C0H: 00 00 00 00 00 00 00 00 00 00 00 00 00 00 00 00
F2D0H: 00 00 00 00 00 00 00 00 00 00 00 00 00 00 00 00
F2E0H: 00 00 00 00 00 00 00 00 00 00 00 00 00 00 00 00
F2F0H: 00 00 00 00 00 00 00 00 00 00 00 00 00 00 00 00
F300H: 00 00 00 00 00 00 00 00 00 00 00 00 00 00 00 00
F310H: 00 00 00 00 00 00 00 00 00 00 00 00 00 00 00 00
F320H: 00 00 00 00 00 00 00 00 00 00 00 00 00 00 00 00
F330H: 00 00 00 00 00 00 00 00 00 00 00 00 00 00 00 00
F340H: 00 00 00 00 00 00 00 00 00 00 00 00 00 00 00 00
F350H: 00 00 00 00 00 00 00 00 00 00 00 00 00 00 00 00
F360H: 00 00 00 00 00 00 00 00 00 00 00 00 00 00 00 00
F370H: 00 00 00 00 00 00 00 00 00 00 00 00 00 00 00 00
F380H: 00 00 00 00 00 00 00 00 00 00 00 00 00 00 00 00
F390H: 00 00 00 00 00 00 00 00 00 00 00 00 00 00 00 00
F3A0H: 00 00 00 00 00 00 00 00 00 00 00 00 00 00 00 00
F3B0H: 00 00 00 00 00 00 00 00 00 00 00 00 00 00 00 00
F3C0H: 00 00 00 00 00 00 00 00 00 00 00 00 00 00 00 00
F3D0H: 00 00 00 00 00 00 00 00 00 00 00 00 00 00 00 00
F3E0H: 00 00 00 00 00 00 00 00 00 00 00 00 00 00 00 00
F3F0H: 00 00 00 00 00 00 00 00 00 00 00 00 00 00 00 00
F400H: 00 00 00 00 00 00 00 00 00 00 00 00 00 00 00 00
F410H: 00 00 00 00 00 00 00 00 00 00 00 00 00 00 00 00
F420H: 00 00 00 00 00 00 00 00 00 00 00 00 00 00 00 00
F430H: 00 00 00 00 00 00 00 00 00 00 00 00 00 00 00 00
F440H: 00 00 00 00 00 00 00 00 00 00 00 00 00 00 00 00
F450H: 00 00 00 00 00 00 00 00 00 00 00 00 00 00 00 00
F460H: 00 00 00 00 00 00 00 00 00 00 00 00 00 00 00 00
F470H: 00 00 00 00 00 00 00 00 00 00 00 00 00 00 00 00
F480H: 00 00 00 00 00 00 00 00 00 00 00 00 00 00 00 00
F490H: 00 00 00 00 00 00 00 00 00 00 00 00 00 00 00 00
F4A0H: 00 00 00 00 00 00 00 00 00 00 00 00 00 00 00 00
F4B0H: 00 00 00 00 00 00 00 00 00 00 00 00 00 00 00 00
F4C0H: 00 00 00 00 00 00 00 00 00 00 00 00 00 00 00 00
F4D0H: 00 00 00 00 00 00 00 00 00 00 00 00 00 00 00 00
F4E0H: 00 00 00 00 00 00 00 00 00 00 00 00 00 00 00 00
F4F0H: 00 00 00 00 00 00 00 00 00 00 00 00 00 00 00 00
F500H: 00 00 00 00 00 00 00 00 00 00 00 00 00 00 00 00
F510H: 00 00 00 00 00 00 00 00 00 00 00 00 00 00 00 00
F520H: 00 00 00 00 00 00 00 00 00 00 00 00 00 00 00 00
F530H: 00 00 00 00 00 00 00 00 00 00 00 00 00 00 00 00
F540H: 00 00 00 00 00 00 00 00 00 00 00 00 00 00 00 00
F550H: 00 00 00 00 00 00 00 00 00 00 00 00 00 00 00 00
F560H: 00 00 00 00 00 00 00 00 00 00 00 00 00 00 00 00
F570H: 00 00 00 00 00 00 00 00 00 00 00 00 00 00 00 00
F580H: 00 00 00 00 00 00 00 00 00 00 00 00 00 00 00 00
F590H: 00 00 00 00 00 00 00 00 00 00 00 00 00 00 00 00
F5A0H: 00 00 00 00 00 00 00 00 00 00 00 00 00 00 00 00
F5B0H: 00 00 00 00 00 00 00 00 00 00 00 00 00 00 00 00
F5C0H: 00 00 00 00 00 00 00 00 00 00 00 00 00 00 00 00
F5D0H: 00 00 00 00 00 00 00 00 00 00 00 00 00 00 00 00
F5E0H: 00 00 00 00 00 00 00 00 00 00 00 00 00 00 00 00
F5F0H: 00 00 00 00 00 00 00 00 00 00 00 00 00 00 00 00
F600H: 00 00 00 00 00 00 00 00 00 00 00 00 00 00 00 00
F610H: 00 00 00 00 00 00 00 00 00 00 00 00 00 00 00 00
F620H: 00 00 00 00 00 00 00 00 00 00 00 00 00 00 00 00
F630H: 00 00 00 00 00 00 00 00 00 00 00 00 00 00 00 00
F640H: 00 00 00 00 00 00 00 00 00 00 00 00 00 00 00 00
F650H: 00 00 00 00 00 00 00 00 00 00 00 00 00 00 00 00
F660H: 00 00 00 00 00 00 00 00 00 00 00 00 00 00 00 00
F670H: 00 00 00 00 00 00 00 00 00 00 00 00 00 00 00 00
F680H: 00 00 00 00 00 00 00 00 00 00 00 00 00 00 00 00
F690H: 00 00 00 00 00 00 00 00 00 00 00 00 00 00 00 00
F6A0H: 00 00 00 00 00 00 00 00 00 00 00 00 00 00 00 00
F6B0H: 00 00 00 00 00 00 00 00 00 00 00 00 00 00 00 00
F6C0H: 00 00 00 00 00 00 00 00 00 00 00 00 00 00 00 00
F6D0H: 00 00 00 00 00 00 00 00 00 00 00 00 00 00 00 00
F6E0H: 00 00 00 00 00 00 00 00 00 00 00 00 00 00 00 00
F6F0H: 00 00 00 00 00 00 00 00 00 00 00 00 00 00 00 00
F700H: 00 00 00 00 00 00 00 00 00 00 00 00 00 00 00 00
F710H: 00 00 00 00 00 00 00 00 00 00 00 00 00 00 00 00
F720H: 00 00 00 00 00 00 00 00 00 00 00 00 00 00 00 00
F730H: 00 00 00 00 00 00 00 00 00 00 00 00 00 00 00 00
F740H: 00 00 00 00 00 00 00 00 00 00 00 00 00 00 00 00
F750H: 00 00 00 00 00 00 00 00 00 00 00 00 00 00 00 00
F760H: 00 00 00 00 00 00 00 00 00 00 00 00 00 00 00 00
F770H: 00 00 00 00 00 00 00 00 00 00 00 00 00 00 00 00
F780H: 00 00 00 00 00 00 00 00 00 00 00 00 00 00 00 00
F790H: 00 00 00 00 00 00 00 00 00 00 00 00 00 00 00 00
F7A0H: 00 00 00 00 00 00 00 00 00 00 00 00 00 00 00 00
F7B0H: 00 00 00 00 00 00 00 00 00 00 00 00 00 00 00 00
F7C0H: 00 00 00 00 00 00 00 00 00 00 00 00 00 00 00 00
F7D0H: 00 00 00 00 00 00 00 00 00 00 00 00 00 00 00 00
F7E0H: 00 00 00 00 00 00 00 00 00 00 00 00 00 00 00 00
F7F0H: 00 00 00 00 00 00 00 00 00 00 00 00 00 00 00 00
F800H: 00 00 00 00 00 00 00 00 00 00 00 00 00 00 00 00
F810H: 00 00 00 00 00 00 00 00 00 00 00 00 00 00 00 00
F820H: 00 00 00 00 00 00 00 00 00 00 00 00 00 00 00 00
F830H: 00 00 00 00 00 00 00 00 00 00 00 00 00 00 00 00
F840H: 00 00 00 00 00 00 00 00 00 00 00 00 00 00 00 00
F850H: 00 00 00 00 00 00 00 00 00 00 00 00 00 00 00 00
F860H: 00 00 00 00 00 00 00 00 00 00 00 00 00 00 00 00
F870H: 00 00 00 00 00 00 00 00 00 00 00 00 00 00 00 00
F880H: 00 00 00 00 00 00 00 00 00 00 00 00 00 00 00 00
F890H: 00 00 00 00 00 00 00 00 00 00 00 00 00 00 00 00
F8A0H: 00 00 00 00 00 00 00 00 00 00 00 00 00 00 00 00
F8B0H: 00 00 00 00 00 00 00 00 00 00 00 00 00 00 00 00
F8C0H: 00 00 00 00 00 00 00 00 00 00 00 00 00 00 00 00
F8D0H: 00 00 00 00 00 00 00 00 00 00 00 00 00 00 00 00
F8E0H: 00 00 00 00 00 00 00 00 00 00 00 00 00 00 00 00
F8F0H: 00 00 00 00 00 00 00 00 00 00 00 00 00 00 00 00
F900H: 00 00 00 00 00 00 00 00 00 00 00 00 00 00 00 00
F910H: 00 00 00 00 00 00 00 00 00 00 00 00 00 00 00 00
F920H: 00 00 00 00 00 00 00 00 00 00 00 00 00 00 00 00
F930H: 00 00 00 00 00 00 00 00 00 00 00 00 00 00 00 00
F940H: 00 00 00 00 00 00 00 00 00 00 00 00 00 00 00 00
F950H: 00 00 00 00 00 00 00 00 00 00 00 00 00 00 00 00
F960H: 00 00 00 00 00 00 00 00 00 00 00 00 00 00 00 00
F970H: 00 00 00 00 00 00 00 00 00 00 00 00 00 00 00 00
F980H: 00 00 00 00 00 00 00 00 00 00 00 00 00 00 00 00
F990H: 00 00 00 00 00 00 00 00 00 00 00 00 00 00 00 00
F9A0H: 00 00 00 00 00 00 00 00 00 00 00 00 00 00 00 00
F9B0H: 00 00 00 00 00 00 00 00 00 00 00 00 00 00 00 00
F9C0H: 00 00 00 00 00 00 00 00 00 00 00 00 00 00 00 00
F9D0H: 00 00 00 00 00 00 00 00 00 00 00 00 00 00 00 00
F9E0H: 00 00 00 00 00 00 00 00 00 00 00 00 00 00 00 00
F9F0H: 00 00 00 00 00 00 00 00 00 00 00 00 00 00 00 00
FA00H: 00 00 00 00 00 00 00 00 00 00 00 00 00 00 00 00
FA10H: 00 00 00 00 00 00 00 00 00 00 00 00 00 00 00 00
FA20H: 00 00 00 00 00 00 00 00 00 00 00 00 00 00 00 00
FA30H: 00 00 00 00 00 00 00 00 00 00 00 00 00 00 00 00
FA40H: 00 00 00 00 00 00 00 00 00 00 00 00 00 00 00 00
FA50H: 00 00 00 00 00 00 00 00 00 00 00 00 00 00 00 00
FA60H: 00 00 00 00 00 00 00 00 00 00 00 00 00 00 00 00
FA70H: 00 00 00 00 00 00 00 00 00 00 00 00 00 00 00 00
FA80H: 00 00 00 00 00 00 00 00 00 00 00 00 00 00 00 00
FA90H: 00 00 00 00 00 00 00 00 00 00 00 00 00 00 00 00
FAA0H: 00 00 00 00 00 00 00 00 00 00 00 00 00 00 00 00
FAB0H: 00 00 00 00 00 00 00 00 00 00 00 00 00 00 00 00
FAC0H: 00 00 00 00 00 00 00 00 00 00 00 00 00 00 00 00
FAD0H: 00 00 00 00 00 00 00 00 00 00 00 00 00 00 00 00
FAE0H: 00 00 00 00 00 00 00 00 00 00 00 00 00 00 00 00
FAF0H: 00 00 00 00 00 00 00 00 00 00 00 00 00 00 00 00
FB00H: 00 00 00 00 00 00 00 00 00 00 00 00 00 00 00 00
FB10H: 00 00 00 00 00 00 00 00 00 00 00 00 00 00 00 00
FB20H: 00 00 00 00 00 00 00 00 00 00 00 00 00 00 00 00
FB30H: 00 00 00 00 00 00 00 00 00 00 00 00 00 00 00 00
FB40H: 00 00 00 00 00 00 00 00 00 00 00 00 00 00 00 00
FB50H: 00 00 00 00 00 00 00 00 00 00 00 00 00 00 00 00
FB60H: 00 00 00 00 00 00 00 00 00 00 00 00 00 00 00 00
FB70H: 00 00 00 00 00 00 00 00 00 00 00 00 00 00 00 00
FB80H: 00 00 00 00 00 00 00 00 00 00 00 00 00 00 00 00
FB90H: 00 00 00 00 00 00 00 00 00 00 00 00 00 00 00 00
FBA0H: 00 00 00 00 00 00 00 00 00 00 00 00 00 00 00 00
FBB0H: 00 00 00 00 00 00 00 00 00 00 00 00 00 00 00 00
FBC0H: 00 00 00 00 00 00 00 00 00 00 00 00 00 00 00 00
FBD0H: 00 00 00 00 00 00 00 00 00 00 00 00 00 00 00 00
FBE0H: 00 00 00 00 00 00 00 00 00 00 00 00 00 00 00 00
FBF0H: 00 00 00 00 00 00 00 00 00 00 00 00 00 00 00 00
FC00H: 00 00 00 00 00 00 00 00 00 00 00 00 00 00 00 00
FC10H: 00 00 00 00 00 00 00 00 00 00 00 00 00 00 00 00
FC20H: 00 00 00 00 00 00 00 00 00 00 00 00 00 00 00 00
FC30H: 00 00 00 00 00 00 00 00 00 00 00 00 00 00 00 00
FC40H: 00 00 00 00 00 00 00 00 00 00 00 00 00 00 00 00
FC50H: 00 00 00 00 00 00 00 00 00 00 00 00 00 00 00 00
FC60H: 00 00 00 00 00 00 00 00 00 00 00 00 00 00 00 00
FC70H: 00 00 00 00 00 00 00 00 00 00 00 00 00 00 00 00
FC80H: 00 00 00 00 00 00 00 00 00 00 00 00 00 00 00 00
FC90H: 00 00 00 00 00 00 00 00 00 00 00 00 00 00 00 00
FCA0H: 00 00 00 00 00 00 00 00 00 00 00 00 00 00 00 00
FCB0H: 00 00 00 00 00 00 00 00 00 00 00 00 00 00 00 00
FCC0H: 00 00 00 00 00 00 00 00 00 00 00 00 00 00 00 00
FCD0H: 00 00 00 00 00 00 00 00 00 00 00 00 00 00 00 00
FCE0H: 00 00 00 00 00 00 00 00 00 00 00 00 00 00 00 00
FCF0H: 00 00 00 00 00 00 00 00 00 00 00 00 00 00 00 00
FD00H: 00 00 00 00 00 00 00 00 00 00 00 00 00 00 00 00
FD10H: 00 00 00 00 00 00 00 00 00 00 00 00 00 00 00 00
FD20H: 00 00 00 00 00 00 00 00 00 00 00 00 00 00 00 00
FD30H: 00 00 00 00 00 00 00 00 00 00 00 00 00 00 00 00
FD40H: 00 00 00 00 00 00 00 00 00 00 00 00 00 00 00 00
FD50H: 00 00 00 00 00 00 00 00 00 00 00 00 00 00 00 00
FD60H: 00 00 00 00 00 00 00 00 00 00 00 00 00 00 00 00
FD70H: 00 00 00 00 00 00 00 00 00 00 00 00 00 00 00 00
FD80H: 00 00 00 00 00 00 00 00 00 00 00 00 00 00 00 00
FD90H: 00 00 00 00 00 00 00 00 00 00 00 00 00 00 00 00
FDA0H: 00 00 00 00 00 00 00 00 00 00 00 00 00 00 00 00
FDB0H: 00 00 00 00 00 00 00 00 00 00 00 00 00 00 00 00
FDC0H: 00 00 00 00 00 00 00 00 00 00 00 00 00 00 00 00
FDD0H: 00 00 00 00 00 00 00 00 00 00 00 00 00 00 00 00
FDE0H: 00 00 00 00 00 00 00 00 00 00 00 00 00 00 00 00
FDF0H: 00 00 00 00 00 00 00 00 00 00 00 00 00 00 00 00
FE00H: 00 00 00 00 00 00 00 00 00 00 00 00 00 00 00 00
FE10H: 00 00 00 00 00 00 00 00 00 00 00 00 00 00 00 00
FE20H: 00 00 00 00 00 00 00 00 00 00 00 00 00 00 00 00
FE30H: 00 00 00 00 00 00 00 00 00 00 00 00 00 00 00 00
FE40H: 00 00 00 00 00 00 00 00 00 00 00 00 00 00 00 00
FE50H: 00 00 00 00 00 00 00 00 00 00 00 00 00 00 00 00
FE60H: 00 00 00 00 00 00 00 00 00 00 00 00 00 00 00 00
FE70H: 00 00 00 00 00 00 00 00 00 00 00 00 00 00 00 00
FE80H: 00 00 00 00 00 00 00 00 00 00 00 00 00 00 00 00
FE90H: 00 00 00 00 00 00 00 00 00 00 00 00 00 00 00 00
FEA0H: 00 00 00 00 00 00 00 00 00 00 00 00 00 00 00 00
FEB0H: 00 00 00 00 00 00 00 00 00 00 00 00 00 00 00 00
FEC0H: 00 00 00 00 00 00 00 00 00 00 00 00 00 00 00 00
FED0H: 00 00 00 00 00 00 00 00 00 00 00 00 00 00 00 00
FEE0H: 00 00 00 00 00 00 00 00 00 00 00 00 00 00 00 00
FEF0H: 00 00 00 00 00 00 00 00 00 00 00 00 00 00 00 00
FF00H: 00 00 00 00 00 00 00 00 00 00 00 00 00 00 00 00
FF10H: 00 00 00 00 00 00 00 00 00 00 00 00 00 00 00 00
FF20H: 00 00 00 00 00 00 00 00 00 00 00 00 00 00 00 00
FF30H: 00 00 00 00 00 00 00 00 00 00 00 00 00 00 00 00
FF40H: 00 00 00 00 00 00 00 00 00 00 00 00 00 00 00 00
FF50H: 00 00 00 00 00 00 00 00 00 00 00 00 00 00 00 00
FF60H: 00 00 00 00 00 00 00 00 00 00 00 00 00 00 00 00
FF70H: 00 00 00 00 00 00 00 00 00 00 00 00 00 00 00 00
FF80H: 00 00 00 00 00 00 00 00 00 00 00 00 00 00 00 00
FF90H: 00 00 00 00 00 00 00 00 00 00 00 00 00 00 00 00
FFA0H: 00 00 00 00 00 00 00 00 00 00 00 00 00 00 00 00
FFB0H: 00 00 00 00 00 00 00 00 00 00 00 00 00 00 00 00
FFC0H: 00 00 00 00 00 00 00 00 00 00 00 00 00 00 00 00
FFD0H: 00 00 00 00 00 00 00 00 00 00 00 00 00 00 00 00
FFE0H: 00 00 00 00 00 00 00 00 00 00 00 00 00 00 00 00
FFF0H: 00 00 00 00 00 00 00 00 00 00 00 00 00 00 00 00
Bank # 

8000H: 00 00 00 00 00 00 00 00 00 00 00 00 00 00 00 00
8010H: 00 00 00 00 00 00 00 00 00 00 00 00 00 00 00 00
8020H: 00 00 00 00 00 00 00 00 00 00 00 00 00 00 00 00
8030H: 00 00 00 00 00 00 00 00 00 00 00 00 00 00 00 00
8040H: 00 00 00 00 00 00 00 00 00 00 00 00 00 00 00 00
8050H: 00 00 00 00 00 00 00 00 00 00 00 00 00 00 00 00
8060H: 00 00 00 00 00 00 00 00 00 00 00 00 00 00 00 00
8070H: 00 00 00 00 00 00 00 00 00 00 00 00 00 00 00 00
8080H: 00 00 00 00 00 00 00 00 00 00 00 00 00 00 00 00
8090H: 00 00 00 00 00 00 00 00 00 00 00 00 00 00 00 00
80A0H: 00 00 00 00 00 00 00 00 00 00 00 00 00 00 00 00
80B0H: 00 00 00 00 00 00 00 00 00 00 00 00 00 00 00 00
80C0H: 00 00 00 00 00 00 00 00 00 00 00 00 00 00 00 00
80D0H: 00 00 00 00 00 00 00 00 00 00 00 00 00 00 00 00
80E0H: 00 00 00 00 00 00 00 00 00 00 00 00 00 00 00 00
80F0H: 00 00 00 00 00 00 00 00 00 00 00 00 00 00 00 00
8100H: 00 00 00 00 00 00 00 00 00 00 00 00 00 00 00 00
8110H: 00 00 00 00 00 00 00 00 00 00 00 00 00 00 00 00
8120H: 00 00 00 00 00 00 00 00 00 00 00 00 00 00 00 00
8130H: 00 00 00 00 00 00 00 00 00 00 00 00 00 00 00 00
8140H: 00 00 00 00 00 00 00 00 00 00 00 00 00 00 00 00
8150H: 00 00 00 00 00 00 00 00 00 00 00 00 00 00 00 00
8160H: 00 00 00 00 00 00 00 00 00 00 00 00 00 00 00 00
8170H: 00 00 00 00 00 00 00 00 00 00 00 00 00 00 00 00
8180H: 00 00 00 00 00 00 00 00 00 00 00 00 00 00 00 00
8190H: 00 00 00 00 00 00 00 00 00 00 00 00 00 00 00 00
81A0H: 00 00 00 00 00 00 00 00 00 00 00 00 00 00 00 00
81B0H: 00 00 00 00 00 00 00 00 00 00 00 00 00 00 00 00
81C0H: 00 00 00 00 00 00 00 00 00 00 00 00 00 00 00 00
81D0H: 00 00 00 00 00 00 00 00 00 00 00 00 00 00 00 00
81E0H: 00 00 00 00 00 00 00 00 00 00 00 00 00 00 00 00
81F0H: 00 00 00 00 00 00 00 00 00 00 00 00 00 00 00 00
8200H: 00 00 00 00 00 00 00 00 00 00 00 00 00 00 00 00
8210H: 00 00 00 00 00 00 00 00 00 00 00 00 00 00 00 00
8220H: 00 00 00 00 00 00 00 00 00 00 00 00 00 00 00 00
8230H: 00 00 00 00 00 00 00 00 00 00 00 00 00 00 00 00
8240H: 00 00 00 00 00 00 00 00 00 00 00 00 00 00 00 00
8250H: 00 00 00 00 00 00 00 00 00 00 00 00 00 00 00 00
8260H: 00 00 00 00 00 00 00 00 00 00 00 00 00 00 00 00
8270H: 00 00 00 00 00 00 00 00 00 00 00 00 00 00 00 00
8280H: 00 00 00 00 00 00 00 00 00 00 00 00 00 00 00 00
8290H: 00 00 00 00 00 00 00 00 00 00 00 00 00 00 00 00
82A0H: 00 00 00 00 00 00 00 00 00 00 00 00 00 00 00 00
82B0H: 00 00 00 00 00 00 00 00 00 00 00 00 00 00 00 00
82C0H: 00 00 00 00 00 00 00 00 00 00 00 00 00 00 00 00
82D0H: 00 00 00 00 00 00 00 00 00 00 00 00 00 00 00 00
82E0H: 00 00 00 00 00 00 00 00 00 00 00 00 00 00 00 00
82F0H: 00 00 00 00 00 00 00 00 00 00 00 00 00 00 00 00
8300H: 00 00 00 00 00 00 00 00 00 00 00 00 00 00 00 00
8310H: 00 00 00 00 00 00 00 00 00 00 00 00 00 00 00 00
8320H: 00 00 00 00 00 00 00 00 00 00 00 00 00 00 00 00
8330H: 00 00 00 00 00 00 00 00 00 00 00 00 00 00 00 00
8340H: 00 00 00 00 00 00 00 00 00 00 00 00 00 00 00 00
8350H: 00 00 00 00 00 00 00 00 00 00 00 00 00 00 00 00
8360H: 00 00 00 00 00 00 00 00 00 00 00 00 00 00 00 00
8370H: 00 00 00 00 00 00 00 00 00 00 00 00 00 00 00 00
8380H: 00 00 00 00 00 00 00 00 00 00 00 00 00 00 00 00
8390H: 00 00 00 00 00 00 00 00 00 00 00 00 00 00 00 00
83A0H: 00 00 00 00 00 00 00 00 00 00 00 00 00 00 00 00
83B0H: 00 00 00 00 00 00 00 00 00 00 00 00 00 00 00 00
83C0H: 00 00 00 00 00 00 00 00 00 00 00 00 00 00 00 00
83D0H: 00 00 00 00 00 00 00 00 00 00 00 00 00 00 00 00
83E0H: 00 00 00 00 00 00 00 00 00 00 00 00 00 00 00 00
83F0H: 00 00 00 00 00 00 00 00 00 00 00 00 00 00 00 00
8400H: 00 00 00 00 00 00 00 00 00 00 00 00 00 00 00 00
8410H: 00 00 00 00 00 00 00 00 00 00 00 00 00 00 00 00
8420H: 00 00 00 00 00 00 00 00 00 00 00 00 00 00 00 00
8430H: 00 00 00 00 00 00 00 00 00 00 00 00 00 00 00 00
8440H: 00 00 00 00 00 00 00 00 00 00 00 00 00 00 00 00
8450H: 00 00 00 00 00 00 00 00 00 00 00 00 00 00 00 00
8460H: 00 00 00 00 00 00 00 00 00 00 00 00 00 00 00 00
8470H: 00 00 00 00 00 00 00 00 00 00 00 00 00 00 00 00
8480H: 00 00 00 00 00 00 00 00 00 00 00 00 00 00 00 00
8490H: 00 00 00 00 00 00 00 00 00 00 00 00 00 00 00 00
84A0H: 00 00 00 00 00 00 00 00 00 00 00 00 00 00 00 00
84B0H: 00 00 00 00 00 00 00 00 00 00 00 00 00 00 00 00
84C0H: 00 00 00 00 00 00 00 00 00 00 00 00 00 00 00 00
84D0H: 00 00 00 00 00 00 00 00 00 00 00 00 00 00 00 00
84E0H: 00 00 00 00 00 00 00 00 00 00 00 00 00 00 00 00
84F0H: 00 00 00 00 00 00 00 00 00 00 00 00 00 00 00 00
8500H: 00 00 00 00 00 00 00 00 00 00 00 00 00 00 00 00
8510H: 00 00 00 00 00 00 00 00 00 00 00 00 00 00 00 00
8520H: 00 00 00 00 00 00 00 00 00 00 00 00 00 00 00 00
8530H: 00 00 00 00 00 00 00 00 00 00 00 00 00 00 00 00
8540H: 00 00 00 00 00 00 00 00 00 00 00 00 00 00 00 00
8550H: 00 00 00 00 00 00 00 00 00 00 00 00 00 00 00 00
8560H: 00 00 00 00 00 00 00 00 00 00 00 00 00 00 00 00
8570H: 00 00 00 00 00 00 00 00 00 00 00 00 00 00 00 00
8580H: 00 00 00 00 00 00 00 00 00 00 00 00 00 00 00 00
8590H: 00 00 00 00 00 00 00 00 00 00 00 00 00 00 00 00
85A0H: 00 00 00 00 00 00 00 00 00 00 00 00 00 00 00 00
85B0H: 00 00 00 00 00 00 00 00 00 00 00 00 00 00 00 00
85C0H: 00 00 00 00 00 00 00 00 00 00 00 00 00 00 00 00
85D0H: 00 00 00 00 00 00 00 00 00 00 00 00 00 00 00 00
85E0H: 00 00 00 00 00 00 00 00 00 00 00 00 00 00 00 00
85F0H: 00 00 00 00 00 00 00 00 00 00 00 00 00 00 00 00
8600H: 00 00 00 00 00 00 00 00 00 00 00 00 00 00 00 00
8610H: 00 00 00 00 00 00 00 00 00 00 00 00 00 00 00 00
8620H: 00 00 00 00 00 00 00 00 00 00 00 00 00 00 00 00
8630H: 00 00 00 00 00 00 00 00 00 00 00 00 00 00 00 00
8640H: 00 00 00 00 00 00 00 00 00 00 00 00 00 00 00 00
8650H: 00 00 00 00 00 00 00 00 00 00 00 00 00 00 00 00
8660H: 00 00 00 00 00 00 00 00 00 00 00 00 00 00 00 00
8670H: 00 00 00 00 00 00 00 00 00 00 00 00 00 00 00 00
8680H: 00 00 00 00 00 00 00 00 00 00 00 00 00 00 00 00
8690H: 00 00 00 00 00 00 00 00 00 00 00 00 00 00 00 00
86A0H: 00 00 00 00 00 00 00 00 00 00 00 00 00 00 00 00
86B0H: 00 00 00 00 00 00 00 00 00 00 00 00 00 00 00 00
86C0H: 00 00 00 00 00 00 00 00 00 00 00 00 00 00 00 00
86D0H: 00 00 00 00 00 00 00 00 00 00 00 00 00 00 00 00
86E0H: 00 00 00 00 00 00 00 00 00 00 00 00 00 00 00 00
86F0H: 00 00 00 00 00 00 00 00 00 00 00 00 00 00 00 00
8700H: 00 00 00 00 00 00 00 00 00 00 00 00 00 00 00 00
8710H: 00 00 00 00 00 00 00 00 00 00 00 00 00 00 00 00
8720H: 00 00 00 00 00 00 00 00 00 00 00 00 00 00 00 00
8730H: 00 00 00 00 00 00 00 00 00 00 00 00 00 00 00 00
8740H: 00 00 00 00 00 00 00 00 00 00 00 00 00 00 00 00
8750H: 00 00 00 00 00 00 00 00 00 00 00 00 00 00 00 00
8760H: 00 00 00 00 00 00 00 00 00 00 00 00 00 00 00 00
8770H: 00 00 00 00 00 00 00 00 00 00 00 00 00 00 00 00
8780H: 00 00 00 00 00 00 00 00 00 00 00 00 00 00 00 00
8790H: 00 00 00 00 00 00 00 00 00 00 00 00 00 00 00 00
87A0H: 00 00 00 00 00 00 00 00 00 00 00 00 00 00 00 00
87B0H: 00 00 00 00 00 00 00 00 00 00 00 00 00 00 00 00
87C0H: 00 00 00 00 00 00 00 00 00 00 00 00 00 00 00 00
87D0H: 00 00 00 00 00 00 00 00 00 00 00 00 00 00 00 00
87E0H: 00 00 00 00 00 00 00 00 00 00 00 00 00 00 00 00
87F0H: 00 00 00 00 00 00 00 00 00 00 00 00 00 00 00 00
8800H: 00 00 00 00 00 00 00 00 00 00 00 00 00 00 00 00
8810H: 00 00 00 00 00 00 00 00 00 00 00 00 00 00 00 00
8820H: 00 00 00 00 00 00 00 00 00 00 00 00 00 00 00 00
8830H: 00 00 00 00 00 00 00 00 00 00 00 00 00 00 00 00
8840H: 00 00 00 00 00 00 00 00 00 00 00 00 00 00 00 00
8850H: 00 00 00 00 00 00 00 00 00 00 00 00 00 00 00 00
8860H: 00 00 00 00 00 00 00 00 00 00 00 00 00 00 00 00
8870H: 00 00 00 00 00 00 00 00 00 00 00 00 00 00 00 00
8880H: 00 00 00 00 00 00 00 00 00 00 00 00 00 00 00 00
8890H: 00 00 00 00 00 00 00 00 00 00 00 00 00 00 00 00
88A0H: 00 00 00 00 00 00 00 00 00 00 00 00 00 00 00 00
88B0H: 00 00 00 00 00 00 00 00 00 00 00 00 00 00 00 00
88C0H: 00 00 00 00 00 00 00 00 00 00 00 00 00 00 00 00
88D0H: 00 00 00 00 00 00 00 00 00 00 00 00 00 00 00 00
88E0H: 00 00 00 00 00 00 00 00 00 00 00 00 00 00 00 00
88F0H: 00 00 00 00 00 00 00 00 00 00 00 00 00 00 00 00
8900H: 00 00 00 00 00 00 00 00 00 00 00 00 00 00 00 00
8910H: 00 00 00 00 00 00 00 00 00 00 00 00 00 00 00 00
8920H: 00 00 00 00 00 00 00 00 00 00 00 00 00 00 00 00
8930H: 00 00 00 00 00 00 00 00 00 00 00 00 00 00 00 00
8940H: 00 00 00 00 00 00 00 00 00 00 00 00 00 00 00 00
8950H: 00 00 00 00 00 00 00 00 00 00 00 00 00 00 00 00
8960H: 00 00 00 00 00 00 00 00 00 00 00 00 00 00 00 00
8970H: 00 00 00 00 00 00 00 00 00 00 00 00 00 00 00 00
8980H: 00 00 00 00 00 00 00 00 00 00 00 00 00 00 00 00
8990H: 00 00 00 00 00 00 00 00 00 00 00 00 00 00 00 00
89A0H: 00 00 00 00 00 00 00 00 00 00 00 00 00 00 00 00
89B0H: 00 00 00 00 00 00 00 00 00 00 00 00 00 00 00 00
89C0H: 00 00 00 00 00 00 00 00 00 00 00 00 00 00 00 00
89D0H: 00 00 00 00 00 00 00 00 00 00 00 00 00 00 00 00
89E0H: 00 00 00 00 00 00 00 00 00 00 00 00 00 00 00 00
89F0H: 00 00 00 00 00 00 00 00 00 00 00 00 00 00 00 00
8A00H: 00 00 00 00 00 00 00 00 00 00 00 00 00 00 00 00
8A10H: 00 00 00 00 00 00 00 00 00 00 00 00 00 00 00 00
8A20H: 00 00 00 00 00 00 00 00 00 00 00 00 00 00 00 00
8A30H: 00 00 00 00 00 00 00 00 00 00 00 00 00 00 00 00
8A40H: 00 00 00 00 00 00 00 00 00 00 00 00 00 00 00 00
8A50H: 00 00 00 00 00 00 00 00 00 00 00 00 00 00 00 00
8A60H: 00 00 00 00 00 00 00 00 00 00 00 00 00 00 00 00
8A70H: 00 00 00 00 00 00 00 00 00 00 00 00 00 00 00 00
8A80H: 00 00 00 00 00 00 00 00 00 00 00 00 00 00 00 00
8A90H: 00 00 00 00 00 00 00 00 00 00 00 00 00 00 00 00
8AA0H: 00 00 00 00 00 00 00 00 00 00 00 00 00 00 00 00
8AB0H: 00 00 00 00 00 00 00 00 00 00 00 00 00 00 00 00
8AC0H: 00 00 00 00 00 00 00 00 00 00 00 00 00 00 00 00
8AD0H: 00 00 00 00 00 00 00 00 00 00 00 00 00 00 00 00
8AE0H: 00 00 00 00 00 00 00 00 00 00 00 00 00 00 00 00
8AF0H: 00 00 00 00 00 00 00 00 00 00 00 00 00 00 00 00
8B00H: 00 00 00 00 00 00 00 00 00 00 00 00 00 00 00 00
8B10H: 00 00 00 00 00 00 00 00 00 00 00 00 00 00 00 00
8B20H: 00 00 00 00 00 00 00 00 00 00 00 00 00 00 00 00
8B30H: 00 00 00 00 00 00 00 00 00 00 00 00 00 00 00 00
8B40H: 00 00 00 00 00 00 00 00 00 00 00 00 00 00 00 00
8B50H: 00 00 00 00 00 00 00 00 00 00 00 00 00 00 00 00
8B60H: 00 00 00 00 00 00 00 00 00 00 00 00 00 00 00 00
8B70H: 00 00 00 00 00 00 00 00 00 00 00 00 00 00 00 00
8B80H: 00 00 00 00 00 00 00 00 00 00 00 00 00 00 00 00
8B90H: 00 00 00 00 00 00 00 00 00 00 00 00 00 00 00 00
8BA0H: 00 00 00 00 00 00 00 00 00 00 00 00 00 00 00 00
8BB0H: 00 00 00 00 00 00 00 00 00 00 00 00 00 00 00 00
8BC0H: 00 00 00 00 00 00 00 00 00 00 00 00 00 00 00 00
8BD0H: 00 00 00 00 00 00 00 00 00 00 00 00 00 00 00 00
8BE0H: 00 00 00 00 00 00 00 00 00 00 00 00 00 00 00 00
8BF0H: 00 00 00 00 00 00 00 00 00 00 00 00 00 00 00 00
8C00H: 00 00 00 00 00 00 00 00 00 00 00 00 00 00 00 00
8C10H: 00 00 00 00 00 00 00 00 00 00 00 00 00 00 00 00
8C20H: 00 00 00 00 00 00 00 00 00 00 00 00 00 00 00 00
8C30H: 00 00 00 00 00 00 00 00 00 00 00 00 00 00 00 00
8C40H: 00 00 00 00 00 00 00 00 00 00 00 00 00 00 00 00
8C50H: 00 00 00 00 00 00 00 00 00 00 00 00 00 00 00 00
8C60H: 00 00 00 00 00 00 00 00 00 00 00 00 00 00 00 00
8C70H: 00 00 00 00 00 00 00 00 00 00 00 00 00 00 00 00
8C80H: 00 00 00 00 00 00 00 00 00 00 00 00 00 00 00 00
8C90H: 00 00 00 00 00 00 00 00 00 00 00 00 00 00 00 00
8CA0H: 00 00 00 00 00 00 00 00 00 00 00 00 00 00 00 00
8CB0H: 00 00 00 00 00 00 00 00 00 00 00 00 00 00 00 00
8CC0H: 00 00 00 00 00 00 00 00 00 00 00 00 00 00 00 00
8CD0H: 00 00 00 00 00 00 00 00 00 00 00 00 00 00 00 00
8CE0H: 00 00 00 00 00 00 00 00 00 00 00 00 00 00 00 00
8CF0H: 00 00 00 00 00 00 00 00 00 00 00 00 00 00 00 00
8D00H: 00 00 00 00 00 00 00 00 00 00 00 00 00 00 00 00
8D10H: 00 00 00 00 00 00 00 00 00 00 00 00 00 00 00 00
8D20H: 00 00 00 00 00 00 00 00 00 00 00 00 00 00 00 00
8D30H: 00 00 00 00 00 00 00 00 00 00 00 00 00 00 00 00
8D40H: 00 00 00 00 00 00 00 00 00 00 00 00 00 00 00 00
8D50H: 00 00 00 00 00 00 00 00 00 00 00 00 00 00 00 00
8D60H: 00 00 00 00 00 00 00 00 00 00 00 00 00 00 00 00
8D70H: 00 00 00 00 00 00 00 00 00 00 00 00 00 00 00 00
8D80H: 00 00 00 00 00 00 00 00 00 00 00 00 00 00 00 00
8D90H: 00 00 00 00 00 00 00 00 00 00 00 00 00 00 00 00
8DA0H: 00 00 00 00 00 00 00 00 00 00 00 00 00 00 00 00
8DB0H: 00 00 00 00 00 00 00 00 00 00 00 00 00 00 00 00
8DC0H: 00 00 00 00 00 00 00 00 00 00 00 00 00 00 00 00
8DD0H: 00 00 00 00 00 00 00 00 00 00 00 00 00 00 00 00
8DE0H: 00 00 00 00 00 00 00 00 00 00 00 00 00 00 00 00
8DF0H: 00 00 00 00 00 00 00 00 00 00 00 00 00 00 00 00
8E00H: 00 00 00 00 00 00 00 00 00 00 00 00 00 00 00 00
8E10H: 00 00 00 00 00 00 00 00 00 00 00 00 00 00 00 00
8E20H: 00 00 00 00 00 00 00 00 00 00 00 00 00 00 00 00
8E30H: 00 00 00 00 00 00 00 00 00 00 00 00 00 00 00 00
8E40H: 00 00 00 00 00 00 00 00 00 00 00 00 00 00 00 00
8E50H: 00 00 00 00 00 00 00 00 00 00 00 00 00 00 00 00
8E60H: 00 00 00 00 00 00 00 00 00 00 00 00 00 00 00 00
8E70H: 00 00 00 00 00 00 00 00 00 00 00 00 00 00 00 00
8E80H: 00 00 00 00 00 00 00 00 00 00 00 00 00 00 00 00
8E90H: 00 00 00 00 00 00 00 00 00 00 00 00 00 00 00 00
8EA0H: 00 00 00 00 00 00 00 00 00 00 00 00 00 00 00 00
8EB0H: 00 00 00 00 00 00 00 00 00 00 00 00 00 00 00 00
8EC0H: 00 00 00 00 00 00 00 00 00 00 00 00 00 00 00 00
8ED0H: 00 00 00 00 00 00 00 00 00 00 00 00 00 00 00 00
8EE0H: 00 00 00 00 00 00 00 00 00 00 00 00 00 00 00 00
8EF0H: 00 00 00 00 00 00 00 00 00 00 00 00 00 00 00 00
8F00H: 00 00 00 00 00 00 00 00 00 00 00 00 00 00 00 00
8F10H: 00 00 00 00 00 00 00 00 00 00 00 00 00 00 00 00
8F20H: 00 00 00 00 00 00 00 00 00 00 00 00 00 00 00 00
8F30H: 00 00 00 00 00 00 00 00 00 00 00 00 00 00 00 00
8F40H: 00 00 00 00 00 00 00 00 00 00 00 00 00 00 00 00
8F50H: 00 00 00 00 00 00 00 00 00 00 00 00 00 00 00 00
8F60H: 00 00 00 00 00 00 00 00 00 00 00 00 00 00 00 00
8F70H: 00 00 00 00 00 00 00 00 00 00 00 00 00 00 00 00
8F80H: 00 00 00 00 00 00 00 00 00 00 00 00 00 00 00 00
8F90H: 00 00 00 00 00 00 00 00 00 00 00 00 00 00 00 00
8FA0H: 00 00 00 00 00 00 00 00 00 00 00 00 00 00 00 00
8FB0H: 00 00 00 00 00 00 00 00 00 00 00 00 00 00 00 00
8FC0H: 00 00 00 00 00 00 00 00 00 00 00 00 00 00 00 00
8FD0H: 00 00 00 00 00 00 00 00 00 00 00 00 00 00 00 00
8FE0H: 00 00 00 00 00 00 00 00 00 00 00 00 00 00 00 00
8FF0H: 00 00 00 00 00 00 00 00 00 00 00 00 00 00 00 00
9000H: 00 00 00 00 00 00 00 00 00 00 00 00 00 00 00 00
9010H: 00 00 00 00 00 00 00 00 00 00 00 00 00 00 00 00
9020H: 00 00 00 00 00 00 00 00 00 00 00 00 00 00 00 00
9030H: 00 00 00 00 00 00 00 00 00 00 00 00 00 00 00 00
9040H: 00 00 00 00 00 00 00 00 00 00 00 00 00 00 00 00
9050H: 00 00 00 00 00 00 00 00 00 00 00 00 00 00 00 00
9060H: 00 00 00 00 00 00 00 00 00 00 00 00 00 00 00 00
9070H: 00 00 00 00 00 00 00 00 00 00 00 00 00 00 00 00
9080H: 00 00 00 00 00 00 00 00 00 00 00 00 00 00 00 00
9090H: 00 00 00 00 00 00 00 00 00 00 00 00 00 00 00 00
90A0H: 00 00 00 00 00 00 00 00 00 00 00 00 00 00 00 00
90B0H: 00 00 00 00 00 00 00 00 00 00 00 00 00 00 00 00
90C0H: 00 00 00 00 00 00 00 00 00 00 00 00 00 00 00 00
90D0H: 00 00 00 00 00 00 00 00 00 00 00 00 00 00 00 00
90E0H: 00 00 00 00 00 00 00 00 00 00 00 00 00 00 00 00
90F0H: 00 00 00 00 00 00 00 00 00 00 00 00 00 00 00 00
9100H: 00 00 00 00 00 00 00 00 00 00 00 00 00 00 00 00
9110H: 00 00 00 00 00 00 00 00 00 00 00 00 00 00 00 00
9120H: 00 00 00 00 00 00 00 00 00 00 00 00 00 00 00 00
9130H: 00 00 00 00 00 00 00 00 00 00 00 00 00 00 00 00
9140H: 00 00 00 00 00 00 00 00 00 00 00 00 00 00 00 00
9150H: 00 00 00 00 00 00 00 00 00 00 00 00 00 00 00 00
9160H: 00 00 00 00 00 00 00 00 00 00 00 00 00 00 00 00
9170H: 00 00 00 00 00 00 00 00 00 00 00 00 00 00 00 00
9180H: 00 00 00 00 00 00 00 00 00 00 00 00 00 00 00 00
9190H: 00 00 00 00 00 00 00 00 00 00 00 00 00 00 00 00
91A0H: 00 00 00 00 00 00 00 00 00 00 00 00 00 00 00 00
91B0H: 00 00 00 00 00 00 00 00 00 00 00 00 00 00 00 00
91C0H: 00 00 00 00 00 00 00 00 00 00 00 00 00 00 00 00
91D0H: 00 00 00 00 00 00 00 00 00 00 00 00 00 00 00 00
91E0H: 00 00 00 00 00 00 00 00 00 00 00 00 00 00 00 00
91F0H: 00 00 00 00 00 00 00 00 00 00 00 00 00 00 00 00
9200H: 00 00 00 00 00 00 00 00 00 00 00 00 00 00 00 00
9210H: 00 00 00 00 00 00 00 00 00 00 00 00 00 00 00 00
9220H: 00 00 00 00 00 00 00 00 00 00 00 00 00 00 00 00
9230H: 00 00 00 00 00 00 00 00 00 00 00 00 00 00 00 00
9240H: 00 00 00 00 00 00 00 00 00 00 00 00 00 00 00 00
9250H: 00 00 00 00 00 00 00 00 00 00 00 00 00 00 00 00
9260H: 00 00 00 00 00 00 00 00 00 00 00 00 00 00 00 00
9270H: 00 00 00 00 00 00 00 00 00 00 00 00 00 00 00 00
9280H: 00 00 00 00 00 00 00 00 00 00 00 00 00 00 00 00
9290H: 00 00 00 00 00 00 00 00 00 00 00 00 00 00 00 00
92A0H: 00 00 00 00 00 00 00 00 00 00 00 00 00 00 00 00
92B0H: 00 00 00 00 00 00 00 00 00 00 00 00 00 00 00 00
92C0H: 00 00 00 00 00 00 00 00 00 00 00 00 00 00 00 00
92D0H: 00 00 00 00 00 00 00 00 00 00 00 00 00 00 00 00
92E0H: 00 00 00 00 00 00 00 00 00 00 00 00 00 00 00 00
92F0H: 00 00 00 00 00 00 00 00 00 00 00 00 00 00 00 00
9300H: 00 00 00 00 00 00 00 00 00 00 00 00 00 00 00 00
9310H: 00 00 00 00 00 00 00 00 00 00 00 00 00 00 00 00
9320H: 00 00 00 00 00 00 00 00 00 00 00 00 00 00 00 00
9330H: 00 00 00 00 00 00 00 00 00 00 00 00 00 00 00 00
9340H: 00 00 00 00 00 00 00 00 00 00 00 00 00 00 00 00
9350H: 00 00 00 00 00 00 00 00 00 00 00 00 00 00 00 00
9360H: 00 00 00 00 00 00 00 00 00 00 00 00 00 00 00 00
9370H: 00 00 00 00 00 00 00 00 00 00 00 00 00 00 00 00
9380H: 00 00 00 00 00 00 00 00 00 00 00 00 00 00 00 00
9390H: 00 00 00 00 00 00 00 00 00 00 00 00 00 00 00 00
93A0H: 00 00 00 00 00 00 00 00 00 00 00 00 00 00 00 00
93B0H: 00 00 00 00 00 00 00 00 00 00 00 00 00 00 00 00
93C0H: 00 00 00 00 00 00 00 00 00 00 00 00 00 00 00 00
93D0H: 00 00 00 00 00 00 00 00 00 00 00 00 00 00 00 00
93E0H: 00 00 00 00 00 00 00 00 00 00 00 00 00 00 00 00
93F0H: 00 00 00 00 00 00 00 00 00 00 00 00 00 00 00 00
9400H: 00 00 00 00 00 00 00 00 00 00 00 00 00 00 00 00
9410H: 00 00 00 00 00 00 00 00 00 00 00 00 00 00 00 00
9420H: 00 00 00 00 00 00 00 00 00 00 00 00 00 00 00 00
9430H: 00 00 00 00 00 00 00 00 00 00 00 00 00 00 00 00
9440H: 00 00 00 00 00 00 00 00 00 00 00 00 00 00 00 00
9450H: 00 00 00 00 00 00 00 00 00 00 00 00 00 00 00 00
9460H: 00 00 00 00 00 00 00 00 00 00 00 00 00 00 00 00
9470H: 00 00 00 00 00 00 00 00 00 00 00 00 00 00 00 00
9480H: 00 00 00 00 00 00 00 00 00 00 00 00 00 00 00 00
9490H: 00 00 00 00 00 00 00 00 00 00 00 00 00 00 00 00
94A0H: 00 00 00 00 00 00 00 00 00 00 00 00 00 00 00 00
94B0H: 00 00 00 00 00 00 00 00 00 00 00 00 00 00 00 00
94C0H: 00 00 00 00 00 00 00 00 00 00 00 00 00 00 00 00
94D0H: 00 00 00 00 00 00 00 00 00 00 00 00 00 00 00 00
94E0H: 00 00 00 00 00 00 00 00 00 00 00 00 00 00 00 00
94F0H: 00 00 00 00 00 00 00 00 00 00 00 00 00 00 00 00
9500H: 00 00 00 00 00 00 00 00 00 00 00 00 00 00 00 00
9510H: 00 00 00 00 00 00 00 00 00 00 00 00 00 00 00 00
9520H: 00 00 00 00 00 00 00 00 00 00 00 00 00 00 00 00
9530H: 00 00 00 00 00 00 00 00 00 00 00 00 00 00 00 00
9540H: 00 00 00 00 00 00 00 00 00 00 00 00 00 00 00 00
9550H: 00 00 00 00 00 00 00 00 00 00 00 00 00 00 00 00
9560H: 00 00 00 00 00 00 00 00 00 00 00 00 00 00 00 00
9570H: 00 00 00 00 00 00 00 00 00 00 00 00 00 00 00 00
9580H: 00 00 00 00 00 00 00 00 00 00 00 00 00 00 00 00
9590H: 00 00 00 00 00 00 00 00 00 00 00 00 00 00 00 00
95A0H: 00 00 00 00 00 00 00 00 00 00 00 00 00 00 00 00
95B0H: 00 00 00 00 00 00 00 00 00 00 00 00 00 00 00 00
95C0H: 00 00 00 00 00 00 00 00 00 00 00 00 00 00 00 00
95D0H: 00 00 00 00 00 00 00 00 00 00 00 00 00 00 00 00
95E0H: 00 00 00 00 00 00 00 00 00 00 00 00 00 00 00 00
95F0H: 00 00 00 00 00 00 00 00 00 00 00 00 00 00 00 00
9600H: 00 00 00 00 00 00 00 00 00 00 00 00 00 00 00 00
9610H: 00 00 00 00 00 00 00 00 00 00 00 00 00 00 00 00
9620H: 00 00 00 00 00 00 00 00 00 00 00 00 00 00 00 00
9630H: 00 00 00 00 00 00 00 00 00 00 00 00 00 00 00 00
9640H: 00 00 00 00 00 00 00 00 00 00 00 00 00 00 00 00
9650H: 00 00 00 00 00 00 00 00 00 00 00 00 00 00 00 00
9660H: 00 00 00 00 00 00 00 00 00 00 00 00 00 00 00 00
9670H: 00 00 00 00 00 00 00 00 00 00 00 00 00 00 00 00
9680H: 00 00 00 00 00 00 00 00 00 00 00 00 00 00 00 00
9690H: 00 00 00 00 00 00 00 00 00 00 00 00 00 00 00 00
96A0H: 00 00 00 00 00 00 00 00 00 00 00 00 00 00 00 00
96B0H: 00 00 00 00 00 00 00 00 00 00 00 00 00 00 00 00
96C0H: 00 00 00 00 00 00 00 00 00 00 00 00 00 00 00 00
96D0H: 00 00 00 00 00 00 00 00 00 00 00 00 00 00 00 00
96E0H: 00 00 00 00 00 00 00 00 00 00 00 00 00 00 00 00
96F0H: 00 00 00 00 00 00 00 00 00 00 00 00 00 00 00 00
9700H: 00 00 00 00 00 00 00 00 00 00 00 00 00 00 00 00
9710H: 00 00 00 00 00 00 00 00 00 00 00 00 00 00 00 00
9720H: 00 00 00 00 00 00 00 00 00 00 00 00 00 00 00 00
9730H: 00 00 00 00 00 00 00 00 00 00 00 00 00 00 00 00
9740H: 00 00 00 00 00 00 00 00 00 00 00 00 00 00 00 00
9750H: 00 00 00 00 00 00 00 00 00 00 00 00 00 00 00 00
9760H: 00 00 00 00 00 00 00 00 00 00 00 00 00 00 00 00
9770H: 00 00 00 00 00 00 00 00 00 00 00 00 00 00 00 00
9780H: 00 00 00 00 00 00 00 00 00 00 00 00 00 00 00 00
9790H: 00 00 00 00 00 00 00 00 00 00 00 00 00 00 00 00
97A0H: 00 00 00 00 00 00 00 00 00 00 00 00 00 00 00 00
97B0H: 00 00 00 00 00 00 00 00 00 00 00 00 00 00 00 00
97C0H: 00 00 00 00 00 00 00 00 00 00 00 00 00 00 00 00
97D0H: 00 00 00 00 00 00 00 00 00 00 00 00 00 00 00 00
97E0H: 00 00 00 00 00 00 00 00 00 00 00 00 00 00 00 00
97F0H: 00 00 00 00 00 00 00 00 00 00 00 00 00 00 00 00
9800H: 00 00 00 00 00 00 00 00 00 00 00 00 00 00 00 00
9810H: 00 00 00 00 00 00 00 00 00 00 00 00 00 00 00 00
9820H: 00 00 00 00 00 00 00 00 00 00 00 00 00 00 00 00
9830H: 00 00 00 00 00 00 00 00 00 00 00 00 00 00 00 00
9840H: 00 00 00 00 00 00 00 00 00 00 00 00 00 00 00 00
9850H: 00 00 00 00 00 00 00 00 00 00 00 00 00 00 00 00
9860H: 00 00 00 00 00 00 00 00 00 00 00 00 00 00 00 00
9870H: 00 00 00 00 00 00 00 00 00 00 00 00 00 00 00 00
9880H: 00 00 00 00 00 00 00 00 00 00 00 00 00 00 00 00
9890H: 00 00 00 00 00 00 00 00 00 00 00 00 00 00 00 00
98A0H: 00 00 00 00 00 00 00 00 00 00 00 00 00 00 00 00
98B0H: 00 00 00 00 00 00 00 00 00 00 00 00 00 00 00 00
98C0H: 00 00 00 00 00 00 00 00 00 00 00 00 00 00 00 00
98D0H: 00 00 00 00 00 00 00 00 00 00 00 00 00 00 00 00
98E0H: 00 00 00 00 00 00 00 00 00 00 00 00 00 00 00 00
98F0H: 00 00 00 00 00 00 00 00 00 00 00 00 00 00 00 00
9900H: 00 00 00 00 00 00 00 00 00 00 00 00 00 00 00 00
9910H: 00 00 00 00 00 00 00 00 00 00 00 00 00 00 00 00
9920H: 00 00 00 00 00 00 00 00 00 00 00 00 00 00 00 00
9930H: 00 00 00 00 00 00 00 00 00 00 00 00 00 00 00 00
9940H: 00 00 00 00 00 00 00 00 00 00 00 00 00 00 00 00
9950H: 00 00 00 00 00 00 00 00 00 00 00 00 00 00 00 00
9960H: 00 00 00 00 00 00 00 00 00 00 00 00 00 00 00 00
9970H: 00 00 00 00 00 00 00 00 00 00 00 00 00 00 00 00
9980H: 00 00 00 00 00 00 00 00 00 00 00 00 00 00 00 00
9990H: 00 00 00 00 00 00 00 00 00 00 00 00 00 00 00 00
99A0H: 00 00 00 00 00 00 00 00 00 00 00 00 00 00 00 00
99B0H: 00 00 00 00 00 00 00 00 00 00 00 00 00 00 00 00
99C0H: 00 00 00 00 00 00 00 00 00 00 00 00 00 00 00 00
99D0H: 00 00 00 00 00 00 00 00 00 00 00 00 00 00 00 00
99E0H: 00 00 00 00 00 00 00 00 00 00 00 00 00 00 00 00
99F0H: 00 00 00 00 00 00 00 00 00 00 00 00 00 00 00 00
9A00H: 00 00 00 00 00 00 00 00 00 00 00 00 00 00 00 00
9A10H: 00 00 00 00 00 00 00 00 00 00 00 00 00 00 00 00
9A20H: 00 00 00 00 00 00 00 00 00 00 00 00 00 00 00 00
9A30H: 00 00 00 00 00 00 00 00 00 00 00 00 00 00 00 00
9A40H: 00 00 00 00 00 00 00 00 00 00 00 00 00 00 00 00
9A50H: 00 00 00 00 00 00 00 00 00 00 00 00 00 00 00 00
9A60H: 00 00 00 00 00 00 00 00 00 00 00 00 00 00 00 00
9A70H: 00 00 00 00 00 00 00 00 00 00 00 00 00 00 00 00
9A80H: 00 00 00 00 00 00 00 00 00 00 00 00 00 00 00 00
9A90H: 00 00 00 00 00 00 00 00 00 00 00 00 00 00 00 00
9AA0H: 00 00 00 00 00 00 00 00 00 00 00 00 00 00 00 00
9AB0H: 00 00 00 00 00 00 00 00 00 00 00 00 00 00 00 00
9AC0H: 00 00 00 00 00 00 00 00 00 00 00 00 00 00 00 00
9AD0H: 00 00 00 00 00 00 00 00 00 00 00 00 00 00 00 00
9AE0H: 00 00 00 00 00 00 00 00 00 00 00 00 00 00 00 00
9AF0H: 00 00 00 00 00 00 00 00 00 00 00 00 00 00 00 00
9B00H: 00 00 00 00 00 00 00 00 00 00 00 00 00 00 00 00
9B10H: 00 00 00 00 00 00 00 00 00 00 00 00 00 00 00 00
9B20H: 00 00 00 00 00 00 00 00 00 00 00 00 00 00 00 00
9B30H: 00 00 00 00 00 00 00 00 00 00 00 00 00 00 00 00
9B40H: 00 00 00 00 00 00 00 00 00 00 00 00 00 00 00 00
9B50H: 00 00 00 00 00 00 00 00 00 00 00 00 00 00 00 00
9B60H: 00 00 00 00 00 00 00 00 00 00 00 00 00 00 00 00
9B70H: 00 00 00 00 00 00 00 00 00 00 00 00 00 00 00 00
9B80H: 00 00 00 00 00 00 00 00 00 00 00 00 00 00 00 00
9B90H: 00 00 00 00 00 00 00 00 00 00 00 00 00 00 00 00
9BA0H: 00 00 00 00 00 00 00 00 00 00 00 00 00 00 00 00
9BB0H: 00 00 00 00 00 00 00 00 00 00 00 00 00 00 00 00
9BC0H: 00 00 00 00 00 00 00 00 00 00 00 00 00 00 00 00
9BD0H: 00 00 00 00 00 00 00 00 00 00 00 00 00 00 00 00
9BE0H: 00 00 00 00 00 00 00 00 00 00 00 00 00 00 00 00
9BF0H: 00 00 00 00 00 00 00 00 00 00 00 00 00 00 00 00
9C00H: 00 00 00 00 00 00 00 00 00 00 00 00 00 00 00 00
9C10H: 00 00 00 00 00 00 00 00 00 00 00 00 00 00 00 00
9C20H: 00 00 00 00 00 00 00 00 00 00 00 00 00 00 00 00
9C30H: 00 00 00 00 00 00 00 00 00 00 00 00 00 00 00 00
9C40H: 00 00 00 00 00 00 00 00 00 00 00 00 00 00 00 00
9C50H: 00 00 00 00 00 00 00 00 00 00 00 00 00 00 00 00
9C60H: 00 00 00 00 00 00 00 00 00 00 00 00 00 00 00 00
9C70H: 00 00 00 00 00 00 00 00 00 00 00 00 00 00 00 00
9C80H: 00 00 00 00 00 00 00 00 00 00 00 00 00 00 00 00
9C90H: 00 00 00 00 00 00 00 00 00 00 00 00 00 00 00 00
9CA0H: 00 00 00 00 00 00 00 00 00 00 00 00 00 00 00 00
9CB0H: 00 00 00 00 00 00 00 00 00 00 00 00 00 00 00 00
9CC0H: 00 00 00 00 00 00 00 00 00 00 00 00 00 00 00 00
9CD0H: 00 00 00 00 00 00 00 00 00 00 00 00 00 00 00 00
9CE0H: 00 00 00 00 00 00 00 00 00 00 00 00 00 00 00 00
9CF0H: 00 00 00 00 00 00 00 00 00 00 00 00 00 00 00 00
9D00H: 00 00 00 00 00 00 00 00 00 00 00 00 00 00 00 00
9D10H: 00 00 00 00 00 00 00 00 00 00 00 00 00 00 00 00
9D20H: 00 00 00 00 00 00 00 00 00 00 00 00 00 00 00 00
9D30H: 00 00 00 00 00 00 00 00 00 00 00 00 00 00 00 00
9D40H: 00 00 00 00 00 00 00 00 00 00 00 00 00 00 00 00
9D50H: 00 00 00 00 00 00 00 00 00 00 00 00 00 00 00 00
9D60H: 00 00 00 00 00 00 00 00 00 00 00 00 00 00 00 00
9D70H: 00 00 00 00 00 00 00 00 00 00 00 00 00 00 00 00
9D80H: 00 00 00 00 00 00 00 00 00 00 00 00 00 00 00 00
9D90H: 00 00 00 00 00 00 00 00 00 00 00 00 00 00 00 00
9DA0H: 00 00 00 00 00 00 00 00 00 00 00 00 00 00 00 00
9DB0H: 00 00 00 00 00 00 00 00 00 00 00 00 00 00 00 00
9DC0H: 00 00 00 00 00 00 00 00 00 00 00 00 00 00 00 00
9DD0H: 00 00 00 00 00 00 00 00 00 00 00 00 00 00 00 00
9DE0H: 00 00 00 00 00 00 00 00 00 00 00 00 00 00 00 00
9DF0H: 00 00 00 00 00 00 00 00 00 00 00 00 00 00 00 00
9E00H: 00 00 00 00 00 00 00 00 00 00 00 00 00 00 00 00
9E10H: 00 00 00 00 00 00 00 00 00 00 00 00 00 00 00 00
9E20H: 00 00 00 00 00 00 00 00 00 00 00 00 00 00 00 00
9E30H: 00 00 00 00 00 00 00 00 00 00 00 00 00 00 00 00
9E40H: 00 00 00 00 00 00 00 00 00 00 00 00 00 00 00 00
9E50H: 00 00 00 00 00 00 00 00 00 00 00 00 00 00 00 00
9E60H: 00 00 00 00 00 00 00 00 00 00 00 00 00 00 00 00
9E70H: 00 00 00 00 00 00 00 00 00 00 00 00 00 00 00 00
9E80H: 00 00 00 00 00 00 00 00 00 00 00 00 00 00 00 00
9E90H: 00 00 00 00 00 00 00 00 00 00 00 00 00 00 00 00
9EA0H: 00 00 00 00 00 00 00 00 00 00 00 00 00 00 00 00
9EB0H: 00 00 00 00 00 00 00 00 00 00 00 00 00 00 00 00
9EC0H: 00 00 00 00 00 00 00 00 00 00 00 00 00 00 00 00
9ED0H: 00 00 00 00 00 00 00 00 00 00 00 00 00 00 00 00
9EE0H: 00 00 00 00 00 00 00 00 00 00 00 00 00 00 00 00
9EF0H: 00 00 00 00 00 00 00 00 00 00 00 00 00 00 00 00
9F00H: 00 00 00 00 00 00 00 00 00 00 00 00 00 00 00 00
9F10H: 00 00 00 00 00 00 00 00 00 00 00 00 00 00 00 00
9F20H: 00 00 00 00 00 00 00 00 00 00 00 00 00 00 00 00
9F30H: 00 00 00 00 00 00 00 00 00 00 00 00 00 00 00 00
9F40H: 00 00 00 00 00 00 00 00 00 00 00 00 00 00 00 00
9F50H: 00 00 00 00 00 00 00 00 00 00 00 00 00 00 00 00
9F60H: 00 00 00 00 00 00 00 00 00 00 00 00 00 00 00 00
9F70H: 00 00 00 00 00 00 00 00 00 00 00 00 00 00 00 00
9F80H: 00 00 00 00 00 00 00 00 00 00 00 00 00 00 00 00
9F90H: 00 00 00 00 00 00 00 00 00 00 00 00 00 00 00 00
9FA0H: 00 00 00 00 00 00 00 00 00 00 00 00 00 00 00 00
9FB0H: 00 00 00 00 00 00 00 00 00 00 00 00 00 00 00 00
9FC0H: 00 00 00 00 00 00 00 00 00 00 00 00 00 00 00 00
9FD0H: 00 00 00 00 00 00 00 00 00 00 00 00 00 00 00 00
9FE0H: 00 00 00 00 00 00 00 00 00 00 00 00 00 00 00 00
9FF0H: 00 00 00 00 00 00 00 00 00 00 00 00 00 00 00 00
A000H: 00 00 00 00 00 00 00 00 00 00 00 00 00 00 00 00
A010H: 00 00 00 00 00 00 00 00 00 00 00 00 00 00 00 00
A020H: 00 00 00 00 00 00 00 00 00 00 00 00 00 00 00 00
A030H: 00 00 00 00 00 00 00 00 00 00 00 00 00 00 00 00
A040H: 00 00 00 00 00 00 00 00 00 00 00 00 00 00 00 00
A050H: 00 00 00 00 00 00 00 00 00 00 00 00 00 00 00 00
A060H: 00 00 00 00 00 00 00 00 00 00 00 00 00 00 00 00
A070H: 00 00 00 00 00 00 00 00 00 00 00 00 00 00 00 00
A080H: 00 00 00 00 00 00 00 00 00 00 00 00 00 00 00 00
A090H: 00 00 00 00 00 00 00 00 00 00 00 00 00 00 00 00
A0A0H: 00 00 00 00 00 00 00 00 00 00 00 00 00 00 00 00
A0B0H: 00 00 00 00 00 00 00 00 00 00 00 00 00 00 00 00
A0C0H: 00 00 00 00 00 00 00 00 00 00 00 00 00 00 00 00
A0D0H: 00 00 00 00 00 00 00 00 00 00 00 00 00 00 00 00
A0E0H: 00 00 00 00 00 00 00 00 00 00 00 00 00 00 00 00
A0F0H: 00 00 00 00 00 00 00 00 00 00 00 00 00 00 00 00
A100H: 00 00 00 00 00 00 00 00 00 00 00 00 00 00 00 00
A110H: 00 00 00 00 00 00 00 00 00 00 00 00 00 00 00 00
A120H: 00 00 00 00 00 00 00 00 00 00 00 00 00 00 00 00
A130H: 00 00 00 00 00 00 00 00 00 00 00 00 00 00 00 00
A140H: 00 00 00 00 00 00 00 00 00 00 00 00 00 00 00 00
A150H: 00 00 00 00 00 00 00 00 00 00 00 00 00 00 00 00
A160H: 00 00 00 00 00 00 00 00 00 00 00 00 00 00 00 00
A170H: 00 00 00 00 00 00 00 00 00 00 00 00 00 00 00 00
A180H: 00 00 00 00 00 00 00 00 00 00 00 00 00 00 00 00
A190H: 00 00 00 00 00 00 00 00 00 00 00 00 00 00 00 00
A1A0H: 00 00 00 00 00 00 00 00 00 00 00 00 00 00 00 00
A1B0H: 00 00 00 00 00 00 00 00 00 00 00 00 00 00 00 00
A1C0H: 00 00 00 00 00 00 00 00 00 00 00 00 00 00 00 00
A1D0H: 00 00 00 00 00 00 00 00 00 00 00 00 00 00 00 00
A1E0H: 00 00 00 00 00 00 00 00 00 00 00 00 00 00 00 00
A1F0H: 00 00 00 00 00 00 00 00 00 00 00 00 00 00 00 00
A200H: 00 00 00 00 00 00 00 00 00 00 00 00 00 00 00 00
A210H: 00 00 00 00 00 00 00 00 00 00 00 00 00 00 00 00
A220H: 00 00 00 00 00 00 00 00 00 00 00 00 00 00 00 00
A230H: 00 00 00 00 00 00 00 00 00 00 00 00 00 00 00 00
A240H: 00 00 00 00 00 00 00 00 00 00 00 00 00 00 00 00
A250H: 00 00 00 00 00 00 00 00 00 00 00 00 00 00 00 00
A260H: 00 00 00 00 00 00 00 00 00 00 00 00 00 00 00 00
A270H: 00 00 00 00 00 00 00 00 00 00 00 00 00 00 00 00
A280H: 00 00 00 00 00 00 00 00 00 00 00 00 00 00 00 00
A290H: 00 00 00 00 00 00 00 00 00 00 00 00 00 00 00 00
A2A0H: 00 00 00 00 00 00 00 00 00 00 00 00 00 00 00 00
A2B0H: 00 00 00 00 00 00 00 00 00 00 00 00 00 00 00 00
A2C0H: 00 00 00 00 00 00 00 00 00 00 00 00 00 00 00 00
A2D0H: 00 00 00 00 00 00 00 00 00 00 00 00 00 00 00 00
A2E0H: 00 00 00 00 00 00 00 00 00 00 00 00 00 00 00 00
A2F0H: 00 00 00 00 00 00 00 00 00 00 00 00 00 00 00 00
A300H: 00 00 00 00 00 00 00 00 00 00 00 00 00 00 00 00
A310H: 00 00 00 00 00 00 00 00 00 00 00 00 00 00 00 00
A320H: 00 00 00 00 00 00 00 00 00 00 00 00 00 00 00 00
A330H: 00 00 00 00 00 00 00 00 00 00 00 00 00 00 00 00
A340H: 00 00 00 00 00 00 00 00 00 00 00 00 00 00 00 00
A350H: 00 00 00 00 00 00 00 00 00 00 00 00 00 00 00 00
A360H: 00 00 00 00 00 00 00 00 00 00 00 00 00 00 00 00
A370H: 00 00 00 00 00 00 00 00 00 00 00 00 00 00 00 00
A380H: 00 00 00 00 00 00 00 00 00 00 00 00 00 00 00 00
A390H: 00 00 00 00 00 00 00 00 00 00 00 00 00 00 00 00
A3A0H: 00 00 00 00 00 00 00 00 00 00 00 00 00 00 00 00
A3B0H: 00 00 00 00 00 00 00 00 00 00 00 00 00 00 00 00
A3C0H: 00 00 00 00 00 00 00 00 00 00 00 00 00 00 00 00
A3D0H: 00 00 00 00 00 00 00 00 00 00 00 00 00 00 00 00
A3E0H: 00 00 00 00 00 00 00 00 00 00 00 00 00 00 00 00
A3F0H: 00 00 00 00 00 00 00 00 00 00 00 00 00 00 00 00
A400H: 00 00 00 00 00 00 00 00 00 00 00 00 00 00 00 00
A410H: 00 00 00 00 00 00 00 00 00 00 00 00 00 00 00 00
A420H: 00 00 00 00 00 00 00 00 00 00 00 00 00 00 00 00
A430H: 00 00 00 00 00 00 00 00 00 00 00 00 00 00 00 00
A440H: 00 00 00 00 00 00 00 00 00 00 00 00 00 00 00 00
A450H: 00 00 00 00 00 00 00 00 00 00 00 00 00 00 00 00
A460H: 00 00 00 00 00 00 00 00 00 00 00 00 00 00 00 00
A470H: 00 00 00 00 00 00 00 00 00 00 00 00 00 00 00 00
A480H: 00 00 00 00 00 00 00 00 00 00 00 00 00 00 00 00
A490H: 00 00 00 00 00 00 00 00 00 00 00 00 00 00 00 00
A4A0H: 00 00 00 00 00 00 00 00 00 00 00 00 00 00 00 00
A4B0H: 00 00 00 00 00 00 00 00 00 00 00 00 00 00 00 00
A4C0H: 00 00 00 00 00 00 00 00 00 00 00 00 00 00 00 00
A4D0H: 00 00 00 00 00 00 00 00 00 00 00 00 00 00 00 00
A4E0H: 00 00 00 00 00 00 00 00 00 00 00 00 00 00 00 00
A4F0H: 00 00 00 00 00 00 00 00 00 00 00 00 00 00 00 00
A500H: 00 00 00 00 00 00 00 00 00 00 00 00 00 00 00 00
A510H: 00 00 00 00 00 00 00 00 00 00 00 00 00 00 00 00
A520H: 00 00 00 00 00 00 00 00 00 00 00 00 00 00 00 00
A530H: 00 00 00 00 00 00 00 00 00 00 00 00 00 00 00 00
A540H: 00 00 00 00 00 00 00 00 00 00 00 00 00 00 00 00
A550H: 00 00 00 00 00 00 00 00 00 00 00 00 00 00 00 00
A560H: 00 00 00 00 00 00 00 00 00 00 00 00 00 00 00 00
A570H: 00 00 00 00 00 00 00 00 00 00 00 00 00 00 00 00
A580H: 00 00 00 00 00 00 00 00 00 00 00 00 00 00 00 00
A590H: 00 00 00 00 00 00 00 00 00 00 00 00 00 00 00 00
A5A0H: 00 00 00 00 00 00 00 00 00 00 00 00 00 00 00 00
A5B0H: 00 00 00 00 00 00 00 00 00 00 00 00 00 00 00 00
A5C0H: 00 00 00 00 00 00 00 00 00 00 00 00 00 00 00 00
A5D0H: 00 00 00 00 00 00 00 00 00 00 00 00 00 00 00 00
A5E0H: 00 00 00 00 00 00 00 00 00 00 00 00 00 00 00 00
A5F0H: 00 00 00 00 00 00 00 00 00 00 00 00 00 00 00 00
A600H: 00 00 00 00 00 00 00 00 00 00 00 00 00 00 00 00
A610H: 00 00 00 00 00 00 00 00 00 00 00 00 00 00 00 00
A620H: 00 00 00 00 00 00 00 00 00 00 00 00 00 00 00 00
A630H: 00 00 00 00 00 00 00 00 00 00 00 00 00 00 00 00
A640H: 00 00 00 00 00 00 00 00 00 00 00 00 00 00 00 00
A650H: 00 00 00 00 00 00 00 00 00 00 00 00 00 00 00 00
A660H: 00 00 00 00 00 00 00 00 00 00 00 00 00 00 00 00
A670H: 00 00 00 00 00 00 00 00 00 00 00 00 00 00 00 00
A680H: 00 00 00 00 00 00 00 00 00 00 00 00 00 00 00 00
A690H: 00 00 00 00 00 00 00 00 00 00 00 00 00 00 00 00
A6A0H: 00 00 00 00 00 00 00 00 00 00 00 00 00 00 00 00
A6B0H: 00 00 00 00 00 00 00 00 00 00 00 00 00 00 00 00
A6C0H: 00 00 00 00 00 00 00 00 00 00 00 00 00 00 00 00
A6D0H: 00 00 00 00 00 00 00 00 00 00 00 00 00 00 00 00
A6E0H: 00 00 00 00 00 00 00 00 00 00 00 00 00 00 00 00
A6F0H: 00 00 00 00 00 00 00 00 00 00 00 00 00 00 00 00
A700H: 00 00 00 00 00 00 00 00 00 00 00 00 00 00 00 00
A710H: 00 00 00 00 00 00 00 00 00 00 00 00 00 00 00 00
A720H: 00 00 00 00 00 00 00 00 00 00 00 00 00 00 00 00
A730H: 00 00 00 00 00 00 00 00 00 00 00 00 00 00 00 00
A740H: 00 00 00 00 00 00 00 00 00 00 00 00 00 00 00 00
A750H: 00 00 00 00 00 00 00 00 00 00 00 00 00 00 00 00
A760H: 00 00 00 00 00 00 00 00 00 00 00 00 00 00 00 00
A770H: 00 00 00 00 00 00 00 00 00 00 00 00 00 00 00 00
A780H: 00 00 00 00 00 00 00 00 00 00 00 00 00 00 00 00
A790H: 00 00 00 00 00 00 00 00 00 00 00 00 00 00 00 00
A7A0H: 00 00 00 00 00 00 00 00 00 00 00 00 00 00 00 00
A7B0H: 00 00 00 00 00 00 00 00 00 00 00 00 00 00 00 00
A7C0H: 00 00 00 00 00 00 00 00 00 00 00 00 00 00 00 00
A7D0H: 00 00 00 00 00 00 00 00 00 00 00 00 00 00 00 00
A7E0H: 00 00 00 00 00 00 00 00 00 00 00 00 00 00 00 00
A7F0H: 00 00 00 00 00 00 00 00 00 00 00 00 00 00 00 00
A800H: 00 00 00 00 00 00 00 00 00 00 00 00 00 00 00 00
A810H: 00 00 00 00 00 00 00 00 00 00 00 00 00 00 00 00
A820H: 00 00 00 00 00 00 00 00 00 00 00 00 00 00 00 00
A830H: 00 00 00 00 00 00 00 00 00 00 00 00 00 00 00 00
A840H: 00 00 00 00 00 00 00 00 00 00 00 00 00 00 00 00
A850H: 00 00 00 00 00 00 00 00 00 00 00 00 00 00 00 00
A860H: 00 00 00 00 00 00 00 00 00 00 00 00 00 00 00 00
A870H: 00 00 00 00 00 00 00 00 00 00 00 00 00 00 00 00
A880H: 00 00 00 00 00 00 00 00 00 00 00 00 00 00 00 00
A890H: 00 00 00 00 00 00 00 00 00 00 00 00 00 00 00 00
A8A0H: 00 00 00 00 00 00 00 00 00 00 00 00 00 00 00 00
A8B0H: 00 00 00 00 00 00 00 00 00 00 00 00 00 00 00 00
A8C0H: 00 00 00 00 00 00 00 00 00 00 00 00 00 00 00 00
A8D0H: 00 00 00 00 00 00 00 00 00 00 00 00 00 00 00 00
A8E0H: 00 00 00 00 00 00 00 00 00 00 00 00 00 00 00 00
A8F0H: 00 00 00 00 00 00 00 00 00 00 00 00 00 00 00 00
A900H: 00 00 00 00 00 00 00 00 00 00 00 00 00 00 00 00
A910H: 00 00 00 00 00 00 00 00 00 00 00 00 00 00 00 00
A920H: 00 00 00 00 00 00 00 00 00 00 00 00 00 00 00 00
A930H: 00 00 00 00 00 00 00 00 00 00 00 00 00 00 00 00
A940H: 00 00 00 00 00 00 00 00 00 00 00 00 00 00 00 00
A950H: 00 00 00 00 00 00 00 00 00 00 00 00 00 00 00 00
A960H: 00 00 00 00 00 00 00 00 00 00 00 00 00 00 00 00
A970H: 00 00 00 00 00 00 00 00 00 00 00 00 00 00 00 00
A980H: 00 00 00 00 00 00 00 00 00 00 00 00 00 00 00 00
A990H: 00 00 00 00 00 00 00 00 00 00 00 00 00 00 00 00
A9A0H: 00 00 00 00 00 00 00 00 00 00 00 00 00 00 00 00
A9B0H: 00 00 00 00 00 00 00 00 00 00 00 00 00 00 00 00
A9C0H: 00 00 00 00 00 00 00 00 00 00 00 00 00 00 00 00
A9D0H: 00 00 00 00 00 00 00 00 00 00 00 00 00 00 00 00
A9E0H: 00 00 00 00 00 00 00 00 00 00 00 00 00 00 00 00
A9F0H: 00 00 00 00 00 00 00 00 00 00 00 00 00 00 00 00
AA00H: 00 00 00 00 00 00 00 00 00 00 00 00 00 00 00 00
AA10H: 00 00 00 00 00 00 00 00 00 00 00 00 00 00 00 00
AA20H: 00 00 00 00 00 00 00 00 00 00 00 00 00 00 00 00
AA30H: 00 00 00 00 00 00 00 00 00 00 00 00 00 00 00 00
AA40H: 00 00 00 00 00 00 00 00 00 00 00 00 00 00 00 00
AA50H: 00 00 00 00 00 00 00 00 00 00 00 00 00 00 00 00
AA60H: 00 00 00 00 00 00 00 00 00 00 00 00 00 00 00 00
AA70H: 00 00 00 00 00 00 00 00 00 00 00 00 00 00 00 00
AA80H: 00 00 00 00 00 00 00 00 00 00 00 00 00 00 00 00
AA90H: 00 00 00 00 00 00 00 00 00 00 00 00 00 00 00 00
AAA0H: 00 00 00 00 00 00 00 00 00 00 00 00 00 00 00 00
AAB0H: 00 00 00 00 00 00 00 00 00 00 00 00 00 00 00 00
AAC0H: 00 00 00 00 00 00 00 00 00 00 00 00 00 00 00 00
AAD0H: 00 00 00 00 00 00 00 00 00 00 00 00 00 00 00 00
AAE0H: 00 00 00 00 00 00 00 00 00 00 00 00 00 00 00 00
AAF0H: 00 00 00 00 00 00 00 00 00 00 00 00 00 00 00 00
AB00H: 00 00 00 00 00 00 00 00 00 00 00 00 00 00 00 00
AB10H: 00 00 00 00 00 00 00 00 00 00 00 00 00 00 00 00
AB20H: 00 00 00 00 00 00 00 00 00 00 00 00 00 00 00 00
AB30H: 00 00 00 00 00 00 00 00 00 00 00 00 00 00 00 00
AB40H: 00 00 00 00 00 00 00 00 00 00 00 00 00 00 00 00
AB50H: 00 00 00 00 00 00 00 00 00 00 00 00 00 00 00 00
AB60H: 00 00 00 00 00 00 00 00 00 00 00 00 00 00 00 00
AB70H: 00 00 00 00 00 00 00 00 00 00 00 00 00 00 00 00
AB80H: 00 00 00 00 00 00 00 00 00 00 00 00 00 00 00 00
AB90H: 00 00 00 00 00 00 00 00 00 00 00 00 00 00 00 00
ABA0H: 00 00 00 00 00 00 00 00 00 00 00 00 00 00 00 00
ABB0H: 00 00 00 00 00 00 00 00 00 00 00 00 00 00 00 00
ABC0H: 00 00 00 00 00 00 00 00 00 00 00 00 00 00 00 00
ABD0H: 00 00 00 00 00 00 00 00 00 00 00 00 00 00 00 00
ABE0H: 00 00 00 00 00 00 00 00 00 00 00 00 00 00 00 00
ABF0H: 00 00 00 00 00 00 00 00 00 00 00 00 00 00 00 00
AC00H: 00 00 00 00 00 00 00 00 00 00 00 00 00 00 00 00
AC10H: 00 00 00 00 00 00 00 00 00 00 00 00 00 00 00 00
AC20H: 00 00 00 00 00 00 00 00 00 00 00 00 00 00 00 00
AC30H: 00 00 00 00 00 00 00 00 00 00 00 00 00 00 00 00
AC40H: 00 00 00 00 00 00 00 00 00 00 00 00 00 00 00 00
AC50H: 00 00 00 00 00 00 00 00 00 00 00 00 00 00 00 00
AC60H: 00 00 00 00 00 00 00 00 00 00 00 00 00 00 00 00
AC70H: 00 00 00 00 00 00 00 00 00 00 00 00 00 00 00 00
AC80H: 00 00 00 00 00 00 00 00 00 00 00 00 00 00 00 00
AC90H: 00 00 00 00 00 00 00 00 00 00 00 00 00 00 00 00
ACA0H: 00 00 00 00 00 00 00 00 00 00 00 00 00 00 00 00
ACB0H: 00 00 00 00 00 00 00 00 00 00 00 00 00 00 00 00
ACC0H: 00 00 00 00 00 00 00 00 00 00 00 00 00 00 00 00
ACD0H: 00 00 00 00 00 00 00 00 00 00 00 00 00 00 00 00
ACE0H: 00 00 00 00 00 00 00 00 00 00 00 00 00 00 00 00
ACF0H: 00 00 00 00 00 00 00 00 00 00 00 00 00 00 00 00
AD00H: 00 00 00 00 00 00 00 00 00 00 00 00 00 00 00 00
AD10H: 00 00 00 00 00 00 00 00 00 00 00 00 00 00 00 00
AD20H: 00 00 00 00 00 00 00 00 00 00 00 00 00 00 00 00
AD30H: 00 00 00 00 00 00 00 00 00 00 00 00 00 00 00 00
AD40H: 00 00 00 00 00 00 00 00 00 00 00 00 00 00 00 00
AD50H: 00 00 00 00 00 00 00 00 00 00 00 00 00 00 00 00
AD60H: 00 00 00 00 00 00 00 00 00 00 00 00 00 00 00 00
AD70H: 00 00 00 00 00 00 00 00 00 00 00 00 00 00 00 00
AD80H: 00 00 00 00 00 00 00 00 00 00 00 00 00 00 00 00
AD90H: 00 00 00 00 00 00 00 00 00 00 00 00 00 00 00 00
ADA0H: 00 00 00 00 00 00 00 00 00 00 00 00 00 00 00 00
ADB0H: 00 00 00 00 00 00 00 00 00 00 00 00 00 00 00 00
ADC0H: 00 00 00 00 00 00 00 00 00 00 00 00 00 00 00 00
ADD0H: 00 00 00 00 00 00 00 00 00 00 00 00 00 00 00 00
ADE0H: 00 00 00 00 00 00 00 00 00 00 00 00 00 00 00 00
ADF0H: 00 00 00 00 00 00 00 00 00 00 00 00 00 00 00 00
AE00H: 00 00 00 00 00 00 00 00 00 00 00 00 00 00 00 00
AE10H: 00 00 00 00 00 00 00 00 00 00 00 00 00 00 00 00
AE20H: 00 00 00 00 00 00 00 00 00 00 00 00 00 00 00 00
AE30H: 00 00 00 00 00 00 00 00 00 00 00 00 00 00 00 00
AE40H: 00 00 00 00 00 00 00 00 00 00 00 00 00 00 00 00
AE50H: 00 00 00 00 00 00 00 00 00 00 00 00 00 00 00 00
AE60H: 00 00 00 00 00 00 00 00 00 00 00 00 00 00 00 00
AE70H: 00 00 00 00 00 00 00 00 00 00 00 00 00 00 00 00
AE80H: 00 00 00 00 00 00 00 00 00 00 00 00 00 00 00 00
AE90H: 00 00 00 00 00 00 00 00 00 00 00 00 00 00 00 00
AEA0H: 00 00 00 00 00 00 00 00 00 00 00 00 00 00 00 00
AEB0H: 00 00 00 00 00 00 00 00 00 00 00 00 00 00 00 00
AEC0H: 00 00 00 00 00 00 00 00 00 00 00 00 00 00 00 00
AED0H: 00 00 00 00 00 00 00 00 00 00 00 00 00 00 00 00
AEE0H: 00 00 00 00 00 00 00 00 00 00 00 00 00 00 00 00
AEF0H: 00 00 00 00 00 00 00 00 00 00 00 00 00 00 00 00
AF00H: 00 00 00 00 00 00 00 00 00 00 00 00 00 00 00 00
AF10H: 00 00 00 00 00 00 00 00 00 00 00 00 00 00 00 00
AF20H: 00 00 00 00 00 00 00 00 00 00 00 00 00 00 00 00
AF30H: 00 00 00 00 00 00 00 00 00 00 00 00 00 00 00 00
AF40H: 00 00 00 00 00 00 00 00 00 00 00 00 00 00 00 00
AF50H: 00 00 00 00 00 00 00 00 00 00 00 00 00 00 00 00
AF60H: 00 00 00 00 00 00 00 00 00 00 00 00 00 00 00 00
AF70H: 00 00 00 00 00 00 00 00 00 00 00 00 00 00 00 00
AF80H: 00 00 00 00 00 00 00 00 00 00 00 00 00 00 00 00
AF90H: 00 00 00 00 00 00 00 00 00 00 00 00 00 00 00 00
AFA0H: 00 00 00 00 00 00 00 00 00 00 00 00 00 00 00 00
AFB0H: 00 00 00 00 00 00 00 00 00 00 00 00 00 00 00 00
AFC0H: 00 00 00 00 00 00 00 00 00 00 00 00 00 00 00 00
AFD0H: 00 00 00 00 00 00 00 00 00 00 00 00 00 00 00 00
AFE0H: 00 00 00 00 00 00 00 00 00 00 00 00 00 00 00 00
AFF0H: 00 00 00 00 00 00 00 00 00 00 00 00 00 00 00 00
B000H: 00 00 00 00 00 00 00 00 00 00 00 00 00 00 00 00
B010H: 00 00 00 00 00 00 00 00 00 00 00 00 00 00 00 00
B020H: 00 00 00 00 00 00 00 00 00 00 00 00 00 00 00 00
B030H: 00 00 00 00 00 00 00 00 00 00 00 00 00 00 00 00
B040H: 00 00 00 00 00 00 00 00 00 00 00 00 00 00 00 00
B050H: 00 00 00 00 00 00 00 00 00 00 00 00 00 00 00 00
B060H: 00 00 00 00 00 00 00 00 00 00 00 00 00 00 00 00
B070H: 00 00 00 00 00 00 00 00 00 00 00 00 00 00 00 00
B080H: 00 00 00 00 00 00 00 00 00 00 00 00 00 00 00 00
B090H: 00 00 00 00 00 00 00 00 00 00 00 00 00 00 00 00
B0A0H: 00 00 00 00 00 00 00 00 00 00 00 00 00 00 00 00
B0B0H: 00 00 00 00 00 00 00 00 00 00 00 00 00 00 00 00
B0C0H: 00 00 00 00 00 00 00 00 00 00 00 00 00 00 00 00
B0D0H: 00 00 00 00 00 00 00 00 00 00 00 00 00 00 00 00
B0E0H: 00 00 00 00 00 00 00 00 00 00 00 00 00 00 00 00
B0F0H: 00 00 00 00 00 00 00 00 00 00 00 00 00 00 00 00
B100H: 00 00 00 00 00 00 00 00 00 00 00 00 00 00 00 00
B110H: 00 00 00 00 00 00 00 00 00 00 00 00 00 00 00 00
B120H: 00 00 00 00 00 00 00 00 00 00 00 00 00 00 00 00
B130H: 00 00 00 00 00 00 00 00 00 00 00 00 00 00 00 00
B140H: 00 00 00 00 00 00 00 00 00 00 00 00 00 00 00 00
B150H: 00 00 00 00 00 00 00 00 00 00 00 00 00 00 00 00
B160H: 00 00 00 00 00 00 00 00 00 00 00 00 00 00 00 00
B170H: 00 00 00 00 00 00 00 00 00 00 00 00 00 00 00 00
B180H: 00 00 00 00 00 00 00 00 00 00 00 00 00 00 00 00
B190H: 00 00 00 00 00 00 00 00 00 00 00 00 00 00 00 00
B1A0H: 00 00 00 00 00 00 00 00 00 00 00 00 00 00 00 00
B1B0H: 00 00 00 00 00 00 00 00 00 00 00 00 00 00 00 00
B1C0H: 00 00 00 00 00 00 00 00 00 00 00 00 00 00 00 00
B1D0H: 00 00 00 00 00 00 00 00 00 00 00 00 00 00 00 00
B1E0H: 00 00 00 00 00 00 00 00 00 00 00 00 00 00 00 00
B1F0H: 00 00 00 00 00 00 00 00 00 00 00 00 00 00 00 00
B200H: 00 00 00 00 00 00 00 00 00 00 00 00 00 00 00 00
B210H: 00 00 00 00 00 00 00 00 00 00 00 00 00 00 00 00
B220H: 00 00 00 00 00 00 00 00 00 00 00 00 00 00 00 00
B230H: 00 00 00 00 00 00 00 00 00 00 00 00 00 00 00 00
B240H: 00 00 00 00 00 00 00 00 00 00 00 00 00 00 00 00
B250H: 00 00 00 00 00 00 00 00 00 00 00 00 00 00 00 00
B260H: 00 00 00 00 00 00 00 00 00 00 00 00 00 00 00 00
B270H: 00 00 00 00 00 00 00 00 00 00 00 00 00 00 00 00
B280H: 00 00 00 00 00 00 00 00 00 00 00 00 00 00 00 00
B290H: 00 00 00 00 00 00 00 00 00 00 00 00 00 00 00 00
B2A0H: 00 00 00 00 00 00 00 00 00 00 00 00 00 00 00 00
B2B0H: 00 00 00 00 00 00 00 00 00 00 00 00 00 00 00 00
B2C0H: 00 00 00 00 00 00 00 00 00 00 00 00 00 00 00 00
B2D0H: 00 00 00 00 00 00 00 00 00 00 00 00 00 00 00 00
B2E0H: 00 00 00 00 00 00 00 00 00 00 00 00 00 00 00 00
B2F0H: 00 00 00 00 00 00 00 00 00 00 00 00 00 00 00 00
B300H: 00 00 00 00 00 00 00 00 00 00 00 00 00 00 00 00
B310H: 00 00 00 00 00 00 00 00 00 00 00 00 00 00 00 00
B320H: 00 00 00 00 00 00 00 00 00 00 00 00 00 00 00 00
B330H: 00 00 00 00 00 00 00 00 00 00 00 00 00 00 00 00
B340H: 00 00 00 00 00 00 00 00 00 00 00 00 00 00 00 00
B350H: 00 00 00 00 00 00 00 00 00 00 00 00 00 00 00 00
B360H: 00 00 00 00 00 00 00 00 00 00 00 00 00 00 00 00
B370H: 00 00 00 00 00 00 00 00 00 00 00 00 00 00 00 00
B380H: 00 00 00 00 00 00 00 00 00 00 00 00 00 00 00 00
B390H: 00 00 00 00 00 00 00 00 00 00 00 00 00 00 00 00
B3A0H: 00 00 00 00 00 00 00 00 00 00 00 00 00 00 00 00
B3B0H: 00 00 00 00 00 00 00 00 00 00 00 00 00 00 00 00
B3C0H: 00 00 00 00 00 00 00 00 00 00 00 00 00 00 00 00
B3D0H: 00 00 00 00 00 00 00 00 00 00 00 00 00 00 00 00
B3E0H: 00 00 00 00 00 00 00 00 00 00 00 00 00 00 00 00
B3F0H: 00 00 00 00 00 00 00 00 00 00 00 00 00 00 00 00
B400H: 00 00 00 00 00 00 00 00 00 00 00 00 00 00 00 00
B410H: 00 00 00 00 00 00 00 00 00 00 00 00 00 00 00 00
B420H: 00 00 00 00 00 00 00 00 00 00 00 00 00 00 00 00
B430H: 00 00 00 00 00 00 00 00 00 00 00 00 00 00 00 00
B440H: 00 00 00 00 00 00 00 00 00 00 00 00 00 00 00 00
B450H: 00 00 00 00 00 00 00 00 00 00 00 00 00 00 00 00
B460H: 00 00 00 00 00 00 00 00 00 00 00 00 00 00 00 00
B470H: 00 00 00 00 00 00 00 00 00 00 00 00 00 00 00 00
B480H: 00 00 00 00 00 00 00 00 00 00 00 00 00 00 00 00
B490H: 00 00 00 00 00 00 00 00 00 00 00 00 00 00 00 00
B4A0H: 00 00 00 00 00 00 00 00 00 00 00 00 00 00 00 00
B4B0H: 00 00 00 00 00 00 00 00 00 00 00 00 00 00 00 00
B4C0H: 00 00 00 00 00 00 00 00 00 00 00 00 00 00 00 00
B4D0H: 00 00 00 00 00 00 00 00 00 00 00 00 00 00 00 00
B4E0H: 00 00 00 00 00 00 00 00 00 00 00 00 00 00 00 00
B4F0H: 00 00 00 00 00 00 00 00 00 00 00 00 00 00 00 00
B500H: 00 00 00 00 00 00 00 00 00 00 00 00 00 00 00 00
B510H: 00 00 00 00 00 00 00 00 00 00 00 00 00 00 00 00
B520H: 00 00 00 00 00 00 00 00 00 00 00 00 00 00 00 00
B530H: 00 00 00 00 00 00 00 00 00 00 00 00 00 00 00 00
B540H: 00 00 00 00 00 00 00 00 00 00 00 00 00 00 00 00
B550H: 00 00 00 00 00 00 00 00 00 00 00 00 00 00 00 00
B560H: 00 00 00 00 00 00 00 00 00 00 00 00 00 00 00 00
B570H: 00 00 00 00 00 00 00 00 00 00 00 00 00 00 00 00
B580H: 00 00 00 00 00 00 00 00 00 00 00 00 00 00 00 00
B590H: 00 00 00 00 00 00 00 00 00 00 00 00 00 00 00 00
B5A0H: 00 00 00 00 00 00 00 00 00 00 00 00 00 00 00 00
B5B0H: 00 00 00 00 00 00 00 00 00 00 00 00 00 00 00 00
B5C0H: 00 00 00 00 00 00 00 00 00 00 00 00 00 00 00 00
B5D0H: 00 00 00 00 00 00 00 00 00 00 00 00 00 00 00 00
B5E0H: 00 00 00 00 00 00 00 00 00 00 00 00 00 00 00 00
B5F0H: 00 00 00 00 00 00 00 00 00 00 00 00 00 00 00 00
B600H: 00 00 00 00 00 00 00 00 00 00 00 00 00 00 00 00
B610H: 00 00 00 00 00 00 00 00 00 00 00 00 00 00 00 00
B620H: 00 00 00 00 00 00 00 00 00 00 00 00 00 00 00 00
B630H: 00 00 00 00 00 00 00 00 00 00 00 00 00 00 00 00
B640H: 00 00 00 00 00 00 00 00 00 00 00 00 00 00 00 00
B650H: 00 00 00 00 00 00 00 00 00 00 00 00 00 00 00 00
B660H: 00 00 00 00 00 00 00 00 00 00 00 00 00 00 00 00
B670H: 00 00 00 00 00 00 00 00 00 00 00 00 00 00 00 00
B680H: 00 00 00 00 00 00 00 00 00 00 00 00 00 00 00 00
B690H: 00 00 00 00 00 00 00 00 00 00 00 00 00 00 00 00
B6A0H: 00 00 00 00 00 00 00 00 00 00 00 00 00 00 00 00
B6B0H: 00 00 00 00 00 00 00 00 00 00 00 00 00 00 00 00
B6C0H: 00 00 00 00 00 00 00 00 00 00 00 00 00 00 00 00
B6D0H: 00 00 00 00 00 00 00 00 00 00 00 00 00 00 00 00
B6E0H: 00 00 00 00 00 00 00 00 00 00 00 00 00 00 00 00
B6F0H: 00 00 00 00 00 00 00 00 00 00 00 00 00 00 00 00
B700H: 00 00 00 00 00 00 00 00 00 00 00 00 00 00 00 00
B710H: 00 00 00 00 00 00 00 00 00 00 00 00 00 00 00 00
B720H: 00 00 00 00 00 00 00 00 00 00 00 00 00 00 00 00
B730H: 00 00 00 00 00 00 00 00 00 00 00 00 00 00 00 00
B740H: 00 00 00 00 00 00 00 00 00 00 00 00 00 00 00 00
B750H: 00 00 00 00 00 00 00 00 00 00 00 00 00 00 00 00
B760H: 00 00 00 00 00 00 00 00 00 00 00 00 00 00 00 00
B770H: 00 00 00 00 00 00 00 00 00 00 00 00 00 00 00 00
B780H: 00 00 00 00 00 00 00 00 00 00 00 00 00 00 00 00
B790H: 00 00 00 00 00 00 00 00 00 00 00 00 00 00 00 00
B7A0H: 00 00 00 00 00 00 00 00 00 00 00 00 00 00 00 00
B7B0H: 00 00 00 00 00 00 00 00 00 00 00 00 00 00 00 00
B7C0H: 00 00 00 00 00 00 00 00 00 00 00 00 00 00 00 00
B7D0H: 00 00 00 00 00 00 00 00 00 00 00 00 00 00 00 00
B7E0H: 00 00 00 00 00 00 00 00 00 00 00 00 00 00 00 00
B7F0H: 00 00 00 00 00 00 00 00 00 00 00 00 00 00 00 00
B800H: 00 00 00 00 00 00 00 00 00 00 00 00 00 00 00 00
B810H: 00 00 00 00 00 00 00 00 00 00 00 00 00 00 00 00
B820H: 00 00 00 00 00 00 00 00 00 00 00 00 00 00 00 00
B830H: 00 00 00 00 00 00 00 00 00 00 00 00 00 00 00 00
B840H: 00 00 00 00 00 00 00 00 00 00 00 00 00 00 00 00
B850H: 00 00 00 00 00 00 00 00 00 00 00 00 00 00 00 00
B860H: 00 00 00 00 00 00 00 00 00 00 00 00 00 00 00 00
B870H: 00 00 00 00 00 00 00 00 00 00 00 00 00 00 00 00
B880H: 00 00 00 00 00 00 00 00 00 00 00 00 00 00 00 00
B890H: 00 00 00 00 00 00 00 00 00 00 00 00 00 00 00 00
B8A0H: 00 00 00 00 00 00 00 00 00 00 00 00 00 00 00 00
B8B0H: 00 00 00 00 00 00 00 00 00 00 00 00 00 00 00 00
B8C0H: 00 00 00 00 00 00 00 00 00 00 00 00 00 00 00 00
B8D0H: 00 00 00 00 00 00 00 00 00 00 00 00 00 00 00 00
B8E0H: 00 00 00 00 00 00 00 00 00 00 00 00 00 00 00 00
B8F0H: 00 00 00 00 00 00 00 00 00 00 00 00 00 00 00 00
B900H: 00 00 00 00 00 00 00 00 00 00 00 00 00 00 00 00
B910H: 00 00 00 00 00 00 00 00 00 00 00 00 00 00 00 00
B920H: 00 00 00 00 00 00 00 00 00 00 00 00 00 00 00 00
B930H: 00 00 00 00 00 00 00 00 00 00 00 00 00 00 00 00
B940H: 00 00 00 00 00 00 00 00 00 00 00 00 00 00 00 00
B950H: 00 00 00 00 00 00 00 00 00 00 00 00 00 00 00 00
B960H: 00 00 00 00 00 00 00 00 00 00 00 00 00 00 00 00
B970H: 00 00 00 00 00 00 00 00 00 00 00 00 00 00 00 00
B980H: 00 00 00 00 00 00 00 00 00 00 00 00 00 00 00 00
B990H: 00 00 00 00 00 00 00 00 00 00 00 00 00 00 00 00
B9A0H: 00 00 00 00 00 00 00 00 00 00 00 00 00 00 00 00
B9B0H: 00 00 00 00 00 00 00 00 00 00 00 00 00 00 00 00
B9C0H: 00 00 00 00 00 00 00 00 00 00 00 00 00 00 00 00
B9D0H: 00 00 00 00 00 00 00 00 00 00 00 00 00 00 00 00
B9E0H: 00 00 00 00 00 00 00 00 00 00 00 00 00 00 00 00
B9F0H: 00 00 00 00 00 00 00 00 00 00 00 00 00 00 00 00
BA00H: 00 00 00 00 00 00 00 00 00 00 00 00 00 00 00 00
BA10H: 00 00 00 00 00 00 00 00 00 00 00 00 00 00 00 00
BA20H: 00 00 00 00 00 00 00 00 00 00 00 00 00 00 00 00
BA30H: 00 00 00 00 00 00 00 00 00 00 00 00 00 00 00 00
BA40H: 00 00 00 00 00 00 00 00 00 00 00 00 00 00 00 00
BA50H: 00 00 00 00 00 00 00 00 00 00 00 00 00 00 00 00
BA60H: 00 00 00 00 00 00 00 00 00 00 00 00 00 00 00 00
BA70H: 00 00 00 00 00 00 00 00 00 00 00 00 00 00 00 00
BA80H: 00 00 00 00 00 00 00 00 00 00 00 00 00 00 00 00
BA90H: 00 00 00 00 00 00 00 00 00 00 00 00 00 00 00 00
BAA0H: 00 00 00 00 00 00 00 00 00 00 00 00 00 00 00 00
BAB0H: 00 00 00 00 00 00 00 00 00 00 00 00 00 00 00 00
BAC0H: 00 00 00 00 00 00 00 00 00 00 00 00 00 00 00 00
BAD0H: 00 00 00 00 00 00 00 00 00 00 00 00 00 00 00 00
BAE0H: 00 00 00 00 00 00 00 00 00 00 00 00 00 00 00 00
BAF0H: 00 00 00 00 00 00 00 00 00 00 00 00 00 00 00 00
BB00H: 00 00 00 00 00 00 00 00 00 00 00 00 00 00 00 00
BB10H: 00 00 00 00 00 00 00 00 00 00 00 00 00 00 00 00
BB20H: 00 00 00 00 00 00 00 00 00 00 00 00 00 00 00 00
BB30H: 00 00 00 00 00 00 00 00 00 00 00 00 00 00 00 00
BB40H: 00 00 00 00 00 00 00 00 00 00 00 00 00 00 00 00
BB50H: 00 00 00 00 00 00 00 00 00 00 00 00 00 00 00 00
BB60H: 00 00 00 00 00 00 00 00 00 00 00 00 00 00 00 00
BB70H: 00 00 00 00 00 00 00 00 00 00 00 00 00 00 00 00
BB80H: 00 00 00 00 00 00 00 00 00 00 00 00 00 00 00 00
BB90H: 00 00 00 00 00 00 00 00 00 00 00 00 00 00 00 00
BBA0H: 00 00 00 00 00 00 00 00 00 00 00 00 00 00 00 00
BBB0H: 00 00 00 00 00 00 00 00 00 00 00 00 00 00 00 00
BBC0H: 00 00 00 00 00 00 00 00 00 00 00 00 00 00 00 00
BBD0H: 00 00 00 00 00 00 00 00 00 00 00 00 00 00 00 00
BBE0H: 00 00 00 00 00 00 00 00 00 00 00 00 00 00 00 00
BBF0H: 00 00 00 00 00 00 00 00 00 00 00 00 00 00 00 00
BC00H: 00 00 00 00 00 00 00 00 00 00 00 00 00 00 00 00
BC10H: 00 00 00 00 00 00 00 00 00 00 00 00 00 00 00 00
BC20H: 00 00 00 00 00 00 00 00 00 00 00 00 00 00 00 00
BC30H: 00 00 00 00 00 00 00 00 00 00 00 00 00 00 00 00
BC40H: 00 00 00 00 00 00 00 00 00 00 00 00 00 00 00 00
BC50H: 00 00 00 00 00 00 00 00 00 00 00 00 00 00 00 00
BC60H: 00 00 00 00 00 00 00 00 00 00 00 00 00 00 00 00
BC70H: 00 00 00 00 00 00 00 00 00 00 00 00 00 00 00 00
BC80H: 00 00 00 00 00 00 00 00 00 00 00 00 00 00 00 00
BC90H: 00 00 00 00 00 00 00 00 00 00 00 00 00 00 00 00
BCA0H: 00 00 00 00 00 00 00 00 00 00 00 00 00 00 00 00
BCB0H: 00 00 00 00 00 00 00 00 00 00 00 00 00 00 00 00
BCC0H: 00 00 00 00 00 00 00 00 00 00 00 00 00 00 00 00
BCD0H: 00 00 00 00 00 00 00 00 00 00 00 00 00 00 00 00
BCE0H: 00 00 00 00 00 00 00 00 00 00 00 00 00 00 00 00
BCF0H: 00 00 00 00 00 00 00 00 00 00 00 00 00 00 00 00
BD00H: 00 00 00 00 00 00 00 00 00 00 00 00 00 00 00 00
BD10H: 00 00 00 00 00 00 00 00 00 00 00 00 00 00 00 00
BD20H: 00 00 00 00 00 00 00 00 00 00 00 00 00 00 00 00
BD30H: 00 00 00 00 00 00 00 00 00 00 00 00 00 00 00 00
BD40H: 00 00 00 00 00 00 00 00 00 00 00 00 00 00 00 00
BD50H: 00 00 00 00 00 00 00 00 00 00 00 00 00 00 00 00
BD60H: 00 00 00 00 00 00 00 00 00 00 00 00 00 00 00 00
BD70H: 00 00 00 00 00 00 00 00 00 00 00 00 00 00 00 00
BD80H: 00 00 00 00 00 00 00 00 00 00 00 00 00 00 00 00
BD90H: 00 00 00 00 00 00 00 00 00 00 00 00 00 00 00 00
BDA0H: 00 00 00 00 00 00 00 00 00 00 00 00 00 00 00 00
BDB0H: 00 00 00 00 00 00 00 00 00 00 00 00 00 00 00 00
BDC0H: 00 00 00 00 00 00 00 00 00 00 00 00 00 00 00 00
BDD0H: 00 00 00 00 00 00 00 00 00 00 00 00 00 00 00 00
BDE0H: 00 00 00 00 00 00 00 00 00 00 00 00 00 00 00 00
BDF0H: 00 00 00 00 00 00 00 00 00 00 00 00 00 00 00 00
BE00H: 00 00 00 00 00 00 00 00 00 00 00 00 00 00 00 00
BE10H: 00 00 00 00 00 00 00 00 00 00 00 00 00 00 00 00
BE20H: 00 00 00 00 00 00 00 00 00 00 00 00 00 00 00 00
BE30H: 00 00 00 00 00 00 00 00 00 00 00 00 00 00 00 00
BE40H: 00 00 00 00 00 00 00 00 00 00 00 00 00 00 00 00
BE50H: 00 00 00 00 00 00 00 00 00 00 00 00 00 00 00 00
BE60H: 00 00 00 00 00 00 00 00 00 00 00 00 00 00 00 00
BE70H: 00 00 00 00 00 00 00 00 00 00 00 00 00 00 00 00
BE80H: 00 00 00 00 00 00 00 00 00 00 00 00 00 00 00 00
BE90H: 00 00 00 00 00 00 00 00 00 00 00 00 00 00 00 00
BEA0H: 00 00 00 00 00 00 00 00 00 00 00 00 00 00 00 00
BEB0H: 00 00 00 00 00 00 00 00 00 00 00 00 00 00 00 00
BEC0H: 00 00 00 00 00 00 00 00 00 00 00 00 00 00 00 00
BED0H: 00 00 00 00 00 00 00 00 00 00 00 00 00 00 00 00
BEE0H: 00 00 00 00 00 00 00 00 00 00 00 00 00 00 00 00
BEF0H: 00 00 00 00 00 00 00 00 00 00 00 00 00 00 00 00
BF00H: 00 00 00 00 00 00 00 00 00 00 00 00 00 00 00 00
BF10H: 00 00 00 00 00 00 00 00 00 00 00 00 00 00 00 00
BF20H: 00 00 00 00 00 00 00 00 00 00 00 00 00 00 00 00
BF30H: 00 00 00 00 00 00 00 00 00 00 00 00 00 00 00 00
BF40H: 00 00 00 00 00 00 00 00 00 00 00 00 00 00 00 00
BF50H: 00 00 00 00 00 00 00 00 00 00 00 00 00 00 00 00
BF60H: 00 00 00 00 00 00 00 00 00 00 00 00 00 00 00 00
BF70H: 00 00 00 00 00 00 00 00 00 00 00 00 00 00 00 00
BF80H: 00 00 00 00 00 00 00 00 00 00 00 00 00 00 00 00
BF90H: 00 00 00 00 00 00 00 00 00 00 00 00 00 00 00 00
BFA0H: 00 00 00 00 00 00 00 00 00 00 00 00 00 00 00 00
BFB0H: 00 00 00 00 00 00 00 00 00 00 00 00 00 00 00 00
BFC0H: 00 00 00 00 00 00 00 00 00 00 00 00 00 00 00 00
BFD0H: 00 00 00 00 00 00 00 00 00 00 00 00 00 00 00 00
BFE0H: 00 00 00 00 00 00 00 00 00 00 00 00 00 00 00 00
BFF0H: 00 00 00 00 00 00 00 00 00 00 00 00 00 00 00 00
C000H: 00 00 00 00 00 00 00 00 00 00 00 00 00 00 00 00
C010H: 00 00 00 00 00 00 00 00 00 00 00 00 00 00 00 00
C020H: 00 00 00 00 00 00 00 00 00 00 00 00 00 00 00 00
C030H: 00 00 00 00 00 00 00 00 00 00 00 00 00 00 00 00
C040H: 00 00 00 00 00 00 00 00 00 00 00 00 00 00 00 00
C050H: 00 00 00 00 00 00 00 00 00 00 00 00 00 00 00 00
C060H: 00 00 00 00 00 00 00 00 00 00 00 00 00 00 00 00
C070H: 00 00 00 00 00 00 00 00 00 00 00 00 00 00 00 00
C080H: 00 00 00 00 00 00 00 00 00 00 00 00 00 00 00 00
C090H: 00 00 00 00 00 00 00 00 00 00 00 00 00 00 00 00
C0A0H: 00 00 00 00 00 00 00 00 00 00 00 00 00 00 00 00
C0B0H: 00 00 00 00 00 00 00 00 00 00 00 00 00 00 00 00
C0C0H: 00 00 00 00 00 00 00 00 00 00 00 00 00 00 00 00
C0D0H: 00 00 00 00 00 00 00 00 00 00 00 00 00 00 00 00
C0E0H: 00 00 00 00 00 00 00 00 00 00 00 00 00 00 00 00
C0F0H: 00 00 00 00 00 00 00 00 00 00 00 00 00 00 00 00
C100H: 00 00 00 00 00 00 00 00 00 00 00 00 00 00 00 00
C110H: 00 00 00 00 00 00 00 00 00 00 00 00 00 00 00 00
C120H: 00 00 00 00 00 00 00 00 00 00 00 00 00 00 00 00
C130H: 00 00 00 00 00 00 00 00 00 00 00 00 00 00 00 00
C140H: 00 00 00 00 00 00 00 00 00 00 00 00 00 00 00 00
C150H: 00 00 00 00 00 00 00 00 00 00 00 00 00 00 00 00
C160H: 00 00 00 00 00 00 00 00 00 00 00 00 00 00 00 00
C170H: 00 00 00 00 00 00 00 00 00 00 00 00 00 00 00 00
C180H: 00 00 00 00 00 00 00 00 00 00 00 00 00 00 00 00
C190H: 00 00 00 00 00 00 00 00 00 00 00 00 00 00 00 00
C1A0H: 00 00 00 00 00 00 00 00 00 00 00 00 00 00 00 00
C1B0H: 00 00 00 00 00 00 00 00 00 00 00 00 00 00 00 00
C1C0H: 00 00 00 00 00 00 00 00 00 00 00 00 00 00 00 00
C1D0H: 00 00 00 00 00 00 00 00 00 00 00 00 00 00 00 00
C1E0H: 00 00 00 00 00 00 00 00 00 00 00 00 00 00 00 00
C1F0H: 00 00 00 00 00 00 00 00 00 00 00 00 00 00 00 00
C200H: 00 00 00 00 00 00 00 00 00 00 00 00 00 00 00 00
C210H: 00 00 00 00 00 00 00 00 00 00 00 00 00 00 00 00
C220H: 00 00 00 00 00 00 00 00 00 00 00 00 00 00 00 00
C230H: 00 00 00 00 00 00 00 00 00 00 00 00 00 00 00 00
C240H: 00 00 00 00 00 00 00 00 00 00 00 00 00 00 00 00
C250H: 00 00 00 00 00 00 00 00 00 00 00 00 00 00 00 00
C260H: 00 00 00 00 00 00 00 00 00 00 00 00 00 00 00 00
C270H: 00 00 00 00 00 00 00 00 00 00 00 00 00 00 00 00
C280H: 00 00 00 00 00 00 00 00 00 00 00 00 00 00 00 00
C290H: 00 00 00 00 00 00 00 00 00 00 00 00 00 00 00 00
C2A0H: 00 00 00 00 00 00 00 00 00 00 00 00 00 00 00 00
C2B0H: 00 00 00 00 00 00 00 00 00 00 00 00 00 00 00 00
C2C0H: 00 00 00 00 00 00 00 00 00 00 00 00 00 00 00 00
C2D0H: 00 00 00 00 00 00 00 00 00 00 00 00 00 00 00 00
C2E0H: 00 00 00 00 00 00 00 00 00 00 00 00 00 00 00 00
C2F0H: 00 00 00 00 00 00 00 00 00 00 00 00 00 00 00 00
C300H: 00 00 00 00 00 00 00 00 00 00 00 00 00 00 00 00
C310H: 00 00 00 00 00 00 00 00 00 00 00 00 00 00 00 00
C320H: 00 00 00 00 00 00 00 00 00 00 00 00 00 00 00 00
C330H: 00 00 00 00 00 00 00 00 00 00 00 00 00 00 00 00
C340H: 00 00 00 00 00 00 00 00 00 00 00 00 00 00 00 00
C350H: 00 00 00 00 00 00 00 00 00 00 00 00 00 00 00 00
C360H: 00 00 00 00 00 00 00 00 00 00 00 00 00 00 00 00
C370H: 00 00 00 00 00 00 00 00 00 00 00 00 00 00 00 00
C380H: 00 00 00 00 00 00 00 00 00 00 00 00 00 00 00 00
C390H: 00 00 00 00 00 00 00 00 00 00 00 00 00 00 00 00
C3A0H: 00 00 00 00 00 00 00 00 00 00 00 00 00 00 00 00
C3B0H: 00 00 00 00 00 00 00 00 00 00 00 00 00 00 00 00
C3C0H: 00 00 00 00 00 00 00 00 00 00 00 00 00 00 00 00
C3D0H: 00 00 00 00 00 00 00 00 00 00 00 00 00 00 00 00
C3E0H: 00 00 00 00 00 00 00 00 00 00 00 00 00 00 00 00
C3F0H: 00 00 00 00 00 00 00 00 00 00 00 00 00 00 00 00
C400H: 00 00 00 00 00 00 00 00 00 00 00 00 00 00 00 00
C410H: 00 00 00 00 00 00 00 00 00 00 00 00 00 00 00 00
C420H: 00 00 00 00 00 00 00 00 00 00 00 00 00 00 00 00
C430H: 00 00 00 00 00 00 00 00 00 00 00 00 00 00 00 00
C440H: 00 00 00 00 00 00 00 00 00 00 00 00 00 00 00 00
C450H: 00 00 00 00 00 00 00 00 00 00 00 00 00 00 00 00
C460H: 00 00 00 00 00 00 00 00 00 00 00 00 00 00 00 00
C470H: 00 00 00 00 00 00 00 00 00 00 00 00 00 00 00 00
C480H: 00 00 00 00 00 00 00 00 00 00 00 00 00 00 00 00
C490H: 00 00 00 00 00 00 00 00 00 00 00 00 00 00 00 00
C4A0H: 00 00 00 00 00 00 00 00 00 00 00 00 00 00 00 00
C4B0H: 00 00 00 00 00 00 00 00 00 00 00 00 00 00 00 00
C4C0H: 00 00 00 00 00 00 00 00 00 00 00 00 00 00 00 00
C4D0H: 00 00 00 00 00 00 00 00 00 00 00 00 00 00 00 00
C4E0H: 00 00 00 00 00 00 00 00 00 00 00 00 00 00 00 00
C4F0H: 00 00 00 00 00 00 00 00 00 00 00 00 00 00 00 00
C500H: 00 00 00 00 00 00 00 00 00 00 00 00 00 00 00 00
C510H: 00 00 00 00 00 00 00 00 00 00 00 00 00 00 00 00
C520H: 00 00 00 00 00 00 00 00 00 00 00 00 00 00 00 00
C530H: 00 00 00 00 00 00 00 00 00 00 00 00 00 00 00 00
C540H: 00 00 00 00 00 00 00 00 00 00 00 00 00 00 00 00
C550H: 00 00 00 00 00 00 00 00 00 00 00 00 00 00 00 00
C560H: 00 00 00 00 00 00 00 00 00 00 00 00 00 00 00 00
C570H: 00 00 00 00 00 00 00 00 00 00 00 00 00 00 00 00
C580H: 00 00 00 00 00 00 00 00 00 00 00 00 00 00 00 00
C590H: 00 00 00 00 00 00 00 00 00 00 00 00 00 00 00 00
C5A0H: 00 00 00 00 00 00 00 00 00 00 00 00 00 00 00 00
C5B0H: 00 00 00 00 00 00 00 00 00 00 00 00 00 00 00 00
C5C0H: 00 00 00 00 00 00 00 00 00 00 00 00 00 00 00 00
C5D0H: 00 00 00 00 00 00 00 00 00 00 00 00 00 00 00 00
C5E0H: 00 00 00 00 00 00 00 00 00 00 00 00 00 00 00 00
C5F0H: 00 00 00 00 00 00 00 00 00 00 00 00 00 00 00 00
C600H: 00 00 00 00 00 00 00 00 00 00 00 00 00 00 00 00
C610H: 00 00 00 00 00 00 00 00 00 00 00 00 00 00 00 00
C620H: 00 00 00 00 00 00 00 00 00 00 00 00 00 00 00 00
C630H: 00 00 00 00 00 00 00 00 00 00 00 00 00 00 00 00
C640H: 00 00 00 00 00 00 00 00 00 00 00 00 00 00 00 00
C650H: 00 00 00 00 00 00 00 00 00 00 00 00 00 00 00 00
C660H: 00 00 00 00 00 00 00 00 00 00 00 00 00 00 00 00
C670H: 00 00 00 00 00 00 00 00 00 00 00 00 00 00 00 00
C680H: 00 00 00 00 00 00 00 00 00 00 00 00 00 00 00 00
C690H: 00 00 00 00 00 00 00 00 00 00 00 00 00 00 00 00
C6A0H: 00 00 00 00 00 00 00 00 00 00 00 00 00 00 00 00
C6B0H: 00 00 00 00 00 00 00 00 00 00 00 00 00 00 00 00
C6C0H: 00 00 00 00 00 00 00 00 00 00 00 00 00 00 00 00
C6D0H: 00 00 00 00 00 00 00 00 00 00 00 00 00 00 00 00
C6E0H: 00 00 00 00 00 00 00 00 00 00 00 00 00 00 00 00
C6F0H: 00 00 00 00 00 00 00 00 00 00 00 00 00 00 00 00
C700H: 00 00 00 00 00 00 00 00 00 00 00 00 00 00 00 00
C710H: 00 00 00 00 00 00 00 00 00 00 00 00 00 00 00 00
C720H: 00 00 00 00 00 00 00 00 00 00 00 00 00 00 00 00
C730H: 00 00 00 00 00 00 00 00 00 00 00 00 00 00 00 00
C740H: 00 00 00 00 00 00 00 00 00 00 00 00 00 00 00 00
C750H: 00 00 00 00 00 00 00 00 00 00 00 00 00 00 00 00
C760H: 00 00 00 00 00 00 00 00 00 00 00 00 00 00 00 00
C770H: 00 00 00 00 00 00 00 00 00 00 00 00 00 00 00 00
C780H: 00 00 00 00 00 00 00 00 00 00 00 00 00 00 00 00
C790H: 00 00 00 00 00 00 00 00 00 00 00 00 00 00 00 00
C7A0H: 00 00 00 00 00 00 00 00 00 00 00 00 00 00 00 00
C7B0H: 00 00 00 00 00 00 00 00 00 00 00 00 00 00 00 00
C7C0H: 00 00 00 00 00 00 00 00 00 00 00 00 00 00 00 00
C7D0H: 00 00 00 00 00 00 00 00 00 00 00 00 00 00 00 00
C7E0H: 00 00 00 00 00 00 00 00 00 00 00 00 00 00 00 00
C7F0H: 00 00 00 00 00 00 00 00 00 00 00 00 00 00 00 00
C800H: 00 00 00 00 00 00 00 00 00 00 00 00 00 00 00 00
C810H: 00 00 00 00 00 00 00 00 00 00 00 00 00 00 00 00
C820H: 00 00 00 00 00 00 00 00 00 00 00 00 00 00 00 00
C830H: 00 00 00 00 00 00 00 00 00 00 00 00 00 00 00 00
C840H: 00 00 00 00 00 00 00 00 00 00 00 00 00 00 00 00
C850H: 00 00 00 00 00 00 00 00 00 00 00 00 00 00 00 00
C860H: 00 00 00 00 00 00 00 00 00 00 00 00 00 00 00 00
C870H: 00 00 00 00 00 00 00 00 00 00 00 00 00 00 00 00
C880H: 00 00 00 00 00 00 00 00 00 00 00 00 00 00 00 00
C890H: 00 00 00 00 00 00 00 00 00 00 00 00 00 00 00 00
C8A0H: 00 00 00 00 00 00 00 00 00 00 00 00 00 00 00 00
C8B0H: 00 00 00 00 00 00 00 00 00 00 00 00 00 00 00 00
C8C0H: 00 00 00 00 00 00 00 00 00 00 00 00 00 00 00 00
C8D0H: 00 00 00 00 00 00 00 00 00 00 00 00 00 00 00 00
C8E0H: 00 00 00 00 00 00 00 00 00 00 00 00 00 00 00 00
C8F0H: 00 00 00 00 00 00 00 00 00 00 00 00 00 00 00 00
C900H: 00 00 00 00 00 00 00 00 00 00 00 00 00 00 00 00
C910H: 00 00 00 00 00 00 00 00 00 00 00 00 00 00 00 00
C920H: 00 00 00 00 00 00 00 00 00 00 00 00 00 00 00 00
C930H: 00 00 00 00 00 00 00 00 00 00 00 00 00 00 00 00
C940H: 00 00 00 00 00 00 00 00 00 00 00 00 00 00 00 00
C950H: 00 00 00 00 00 00 00 00 00 00 00 00 00 00 00 00
C960H: 00 00 00 00 00 00 00 00 00 00 00 00 00 00 00 00
C970H: 00 00 00 00 00 00 00 00 00 00 00 00 00 00 00 00
C980H: 00 00 00 00 00 00 00 00 00 00 00 00 00 00 00 00
C990H: 00 00 00 00 00 00 00 00 00 00 00 00 00 00 00 00
C9A0H: 00 00 00 00 00 00 00 00 00 00 00 00 00 00 00 00
C9B0H: 00 00 00 00 00 00 00 00 00 00 00 00 00 00 00 00
C9C0H: 00 00 00 00 00 00 00 00 00 00 00 00 00 00 00 00
C9D0H: 00 00 00 00 00 00 00 00 00 00 00 00 00 00 00 00
C9E0H: 00 00 00 00 00 00 00 00 00 00 00 00 00 00 00 00
C9F0H: 00 00 00 00 00 00 00 00 00 00 00 00 00 00 00 00
CA00H: 00 00 00 00 00 00 00 00 00 00 00 00 00 00 00 00
CA10H: 00 00 00 00 00 00 00 00 00 00 00 00 00 00 00 00
CA20H: 00 00 00 00 00 00 00 00 00 00 00 00 00 00 00 00
CA30H: 00 00 00 00 00 00 00 00 00 00 00 00 00 00 00 00
CA40H: 00 00 00 00 00 00 00 00 00 00 00 00 00 00 00 00
CA50H: 00 00 00 00 00 00 00 00 00 00 00 00 00 00 00 00
CA60H: 00 00 00 00 00 00 00 00 00 00 00 00 00 00 00 00
CA70H: 00 00 00 00 00 00 00 00 00 00 00 00 00 00 00 00
CA80H: 00 00 00 00 00 00 00 00 00 00 00 00 00 00 00 00
CA90H: 00 00 00 00 00 00 00 00 00 00 00 00 00 00 00 00
CAA0H: 00 00 00 00 00 00 00 00 00 00 00 00 00 00 00 00
CAB0H: 00 00 00 00 00 00 00 00 00 00 00 00 00 00 00 00
CAC0H: 00 00 00 00 00 00 00 00 00 00 00 00 00 00 00 00
CAD0H: 00 00 00 00 00 00 00 00 00 00 00 00 00 00 00 00
CAE0H: 00 00 00 00 00 00 00 00 00 00 00 00 00 00 00 00
CAF0H: 00 00 00 00 00 00 00 00 00 00 00 00 00 00 00 00
CB00H: 00 00 00 00 00 00 00 00 00 00 00 00 00 00 00 00
CB10H: 00 00 00 00 00 00 00 00 00 00 00 00 00 00 00 00
CB20H: 00 00 00 00 00 00 00 00 00 00 00 00 00 00 00 00
CB30H: 00 00 00 00 00 00 00 00 00 00 00 00 00 00 00 00
CB40H: 00 00 00 00 00 00 00 00 00 00 00 00 00 00 00 00
CB50H: 00 00 00 00 00 00 00 00 00 00 00 00 00 00 00 00
CB60H: 00 00 00 00 00 00 00 00 00 00 00 00 00 00 00 00
CB70H: 00 00 00 00 00 00 00 00 00 00 00 00 00 00 00 00
CB80H: 00 00 00 00 00 00 00 00 00 00 00 00 00 00 00 00
CB90H: 00 00 00 00 00 00 00 00 00 00 00 00 00 00 00 00
CBA0H: 00 00 00 00 00 00 00 00 00 00 00 00 00 00 00 00
CBB0H: 00 00 00 00 00 00 00 00 00 00 00 00 00 00 00 00
CBC0H: 00 00 00 00 00 00 00 00 00 00 00 00 00 00 00 00
CBD0H: 00 00 00 00 00 00 00 00 00 00 00 00 00 00 00 00
CBE0H: 00 00 00 00 00 00 00 00 00 00 00 00 00 00 00 00
CBF0H: 00 00 00 00 00 00 00 00 00 00 00 00 00 00 00 00
CC00H: 00 00 00 00 00 00 00 00 00 00 00 00 00 00 00 00
CC10H: 00 00 00 00 00 00 00 00 00 00 00 00 00 00 00 00
CC20H: 00 00 00 00 00 00 00 00 00 00 00 00 00 00 00 00
CC30H: 00 00 00 00 00 00 00 00 00 00 00 00 00 00 00 00
CC40H: 00 00 00 00 00 00 00 00 00 00 00 00 00 00 00 00
CC50H: 00 00 00 00 00 00 00 00 00 00 00 00 00 00 00 00
CC60H: 00 00 00 00 00 00 00 00 00 00 00 00 00 00 00 00
CC70H: 00 00 00 00 00 00 00 00 00 00 00 00 00 00 00 00
CC80H: 00 00 00 00 00 00 00 00 00 00 00 00 00 00 00 00
CC90H: 00 00 00 00 00 00 00 00 00 00 00 00 00 00 00 00
CCA0H: 00 00 00 00 00 00 00 00 00 00 00 00 00 00 00 00
CCB0H: 00 00 00 00 00 00 00 00 00 00 00 00 00 00 00 00
CCC0H: 00 00 00 00 00 00 00 00 00 00 00 00 00 00 00 00
CCD0H: 00 00 00 00 00 00 00 00 00 00 00 00 00 00 00 00
CCE0H: 00 00 00 00 00 00 00 00 00 00 00 00 00 00 00 00
CCF0H: 00 00 00 00 00 00 00 00 00 00 00 00 00 00 00 00
CD00H: 00 00 00 00 00 00 00 00 00 00 00 00 00 00 00 00
CD10H: 00 00 00 00 00 00 00 00 00 00 00 00 00 00 00 00
CD20H: 00 00 00 00 00 00 00 00 00 00 00 00 00 00 00 00
CD30H: 00 00 00 00 00 00 00 00 00 00 00 00 00 00 00 00
CD40H: 00 00 00 00 00 00 00 00 00 00 00 00 00 00 00 00
CD50H: 00 00 00 00 00 00 00 00 00 00 00 00 00 00 00 00
CD60H: 00 00 00 00 00 00 00 00 00 00 00 00 00 00 00 00
CD70H: 00 00 00 00 00 00 00 00 00 00 00 00 00 00 00 00
CD80H: 00 00 00 00 00 00 00 00 00 00 00 00 00 00 00 00
CD90H: 00 00 00 00 00 00 00 00 00 00 00 00 00 00 00 00
CDA0H: 00 00 00 00 00 00 00 00 00 00 00 00 00 00 00 00
CDB0H: 00 00 00 00 00 00 00 00 00 00 00 00 00 00 00 00
CDC0H: 00 00 00 00 00 00 00 00 00 00 00 00 00 00 00 00
CDD0H: 00 00 00 00 00 00 00 00 00 00 00 00 00 00 00 00
CDE0H: 00 00 00 00 00 00 00 00 00 00 00 00 00 00 00 00
CDF0H: 00 00 00 00 00 00 00 00 00 00 00 00 00 00 00 00
CE00H: 00 00 00 00 00 00 00 00 00 00 00 00 00 00 00 00
CE10H: 00 00 00 00 00 00 00 00 00 00 00 00 00 00 00 00
CE20H: 00 00 00 00 00 00 00 00 00 00 00 00 00 00 00 00
CE30H: 00 00 00 00 00 00 00 00 00 00 00 00 00 00 00 00
CE40H: 00 00 00 00 00 00 00 00 00 00 00 00 00 00 00 00
CE50H: 00 00 00 00 00 00 00 00 00 00 00 00 00 00 00 00
CE60H: 00 00 00 00 00 00 00 00 00 00 00 00 00 00 00 00
CE70H: 00 00 00 00 00 00 00 00 00 00 00 00 00 00 00 00
CE80H: 00 00 00 00 00 00 00 00 00 00 00 00 00 00 00 00
CE90H: 00 00 00 00 00 00 00 00 00 00 00 00 00 00 00 00
CEA0H: 00 00 00 00 00 00 00 00 00 00 00 00 00 00 00 00
CEB0H: 00 00 00 00 00 00 00 00 00 00 00 00 00 00 00 00
CEC0H: 00 00 00 00 00 00 00 00 00 00 00 00 00 00 00 00
CED0H: 00 00 00 00 00 00 00 00 00 00 00 00 00 00 00 00
CEE0H: 00 00 00 00 00 00 00 00 00 00 00 00 00 00 00 00
CEF0H: 00 00 00 00 00 00 00 00 00 00 00 00 00 00 00 00
CF00H: 00 00 00 00 00 00 00 00 00 00 00 00 00 00 00 00
CF10H: 00 00 00 00 00 00 00 00 00 00 00 00 00 00 00 00
CF20H: 00 00 00 00 00 00 00 00 00 00 00 00 00 00 00 00
CF30H: 00 00 00 00 00 00 00 00 00 00 00 00 00 00 00 00
CF40H: 00 00 00 00 00 00 00 00 00 00 00 00 00 00 00 00
CF50H: 00 00 00 00 00 00 00 00 00 00 00 00 00 00 00 00
CF60H: 00 00 00 00 00 00 00 00 00 00 00 00 00 00 00 00
CF70H: 00 00 00 00 00 00 00 00 00 00 00 00 00 00 00 00
CF80H: 00 00 00 00 00 00 00 00 00 00 00 00 00 00 00 00
CF90H: 00 00 00 00 00 00 00 00 00 00 00 00 00 00 00 00
CFA0H: 00 00 00 00 00 00 00 00 00 00 00 00 00 00 00 00
CFB0H: 00 00 00 00 00 00 00 00 00 00 00 00 00 00 00 00
CFC0H: 00 00 00 00 00 00 00 00 00 00 00 00 00 00 00 00
CFD0H: 00 00 00 00 00 00 00 00 00 00 00 00 00 00 00 00
CFE0H: 00 00 00 00 00 00 00 00 00 00 00 00 00 00 00 00
CFF0H: 00 00 00 00 00 00 00 00 00 00 00 00 00 00 00 00
D000H: 00 00 00 00 00 00 00 00 00 00 00 00 00 00 00 00
D010H: 00 00 00 00 00 00 00 00 00 00 00 00 00 00 00 00
D020H: 00 00 00 00 00 00 00 00 00 00 00 00 00 00 00 00
D030H: 00 00 00 00 00 00 00 00 00 00 00 00 00 00 00 00
D040H: 00 00 00 00 00 00 00 00 00 00 00 00 00 00 00 00
D050H: 00 00 00 00 00 00 00 00 00 00 00 00 00 00 00 00
D060H: 00 00 00 00 00 00 00 00 00 00 00 00 00 00 00 00
D070H: 00 00 00 00 00 00 00 00 00 00 00 00 00 00 00 00
D080H: 00 00 00 00 00 00 00 00 00 00 00 00 00 00 00 00
D090H: 00 00 00 00 00 00 00 00 00 00 00 00 00 00 00 00
D0A0H: 00 00 00 00 00 00 00 00 00 00 00 00 00 00 00 00
D0B0H: 00 00 00 00 00 00 00 00 00 00 00 00 00 00 00 00
D0C0H: 00 00 00 00 00 00 00 00 00 00 00 00 00 00 00 00
D0D0H: 00 00 00 00 00 00 00 00 00 00 00 00 00 00 00 00
D0E0H: 00 00 00 00 00 00 00 00 00 00 00 00 00 00 00 00
D0F0H: 00 00 00 00 00 00 00 00 00 00 00 00 00 00 00 00
D100H: 00 00 00 00 00 00 00 00 00 00 00 00 00 00 00 00
D110H: 00 00 00 00 00 00 00 00 00 00 00 00 00 00 00 00
D120H: 00 00 00 00 00 00 00 00 00 00 00 00 00 00 00 00
D130H: 00 00 00 00 00 00 00 00 00 00 00 00 00 00 00 00
D140H: 00 00 00 00 00 00 00 00 00 00 00 00 00 00 00 00
D150H: 00 00 00 00 00 00 00 00 00 00 00 00 00 00 00 00
D160H: 00 00 00 00 00 00 00 00 00 00 00 00 00 00 00 00
D170H: 00 00 00 00 00 00 00 00 00 00 00 00 00 00 00 00
D180H: 00 00 00 00 00 00 00 00 00 00 00 00 00 00 00 00
D190H: 00 00 00 00 00 00 00 00 00 00 00 00 00 00 00 00
D1A0H: 00 00 00 00 00 00 00 00 00 00 00 00 00 00 00 00
D1B0H: 00 00 00 00 00 00 00 00 00 00 00 00 00 00 00 00
D1C0H: 00 00 00 00 00 00 00 00 00 00 00 00 00 00 00 00
D1D0H: 00 00 00 00 00 00 00 00 00 00 00 00 00 00 00 00
D1E0H: 00 00 00 00 00 00 00 00 00 00 00 00 00 00 00 00
D1F0H: 00 00 00 00 00 00 00 00 00 00 00 00 00 00 00 00
D200H: 00 00 00 00 00 00 00 00 00 00 00 00 00 00 00 00
D210H: 00 00 00 00 00 00 00 00 00 00 00 00 00 00 00 00
D220H: 00 00 00 00 00 00 00 00 00 00 00 00 00 00 00 00
D230H: 00 00 00 00 00 00 00 00 00 00 00 00 00 00 00 00
D240H: 00 00 00 00 00 00 00 00 00 00 00 00 00 00 00 00
D250H: 00 00 00 00 00 00 00 00 00 00 00 00 00 00 00 00
D260H: 00 00 00 00 00 00 00 00 00 00 00 00 00 00 00 00
D270H: 00 00 00 00 00 00 00 00 00 00 00 00 00 00 00 00
D280H: 00 00 00 00 00 00 00 00 00 00 00 00 00 00 00 00
D290H: 00 00 00 00 00 00 00 00 00 00 00 00 00 00 00 00
D2A0H: 00 00 00 00 00 00 00 00 00 00 00 00 00 00 00 00
D2B0H: 00 00 00 00 00 00 00 00 00 00 00 00 00 00 00 00
D2C0H: 00 00 00 00 00 00 00 00 00 00 00 00 00 00 00 00
D2D0H: 00 00 00 00 00 00 00 00 00 00 00 00 00 00 00 00
D2E0H: 00 00 00 00 00 00 00 00 00 00 00 00 00 00 00 00
D2F0H: 00 00 00 00 00 00 00 00 00 00 00 00 00 00 00 00
D300H: 00 00 00 00 00 00 00 00 00 00 00 00 00 00 00 00
D310H: 00 00 00 00 00 00 00 00 00 00 00 00 00 00 00 00
D320H: 00 00 00 00 00 00 00 00 00 00 00 00 00 00 00 00
D330H: 00 00 00 00 00 00 00 00 00 00 00 00 00 00 00 00
D340H: 00 00 00 00 00 00 00 00 00 00 00 00 00 00 00 00
D350H: 00 00 00 00 00 00 00 00 00 00 00 00 00 00 00 00
D360H: 00 00 00 00 00 00 00 00 00 00 00 00 00 00 00 00
D370H: 00 00 00 00 00 00 00 00 00 00 00 00 00 00 00 00
D380H: 00 00 00 00 00 00 00 00 00 00 00 00 00 00 00 00
D390H: 00 00 00 00 00 00 00 00 00 00 00 00 00 00 00 00
D3A0H: 00 00 00 00 00 00 00 00 00 00 00 00 00 00 00 00
D3B0H: 00 00 00 00 00 00 00 00 00 00 00 00 00 00 00 00
D3C0H: 00 00 00 00 00 00 00 00 00 00 00 00 00 00 00 00
D3D0H: 00 00 00 00 00 00 00 00 00 00 00 00 00 00 00 00
D3E0H: 00 00 00 00 00 00 00 00 00 00 00 00 00 00 00 00
D3F0H: 00 00 00 00 00 00 00 00 00 00 00 00 00 00 00 00
D400H: 00 00 00 00 00 00 00 00 00 00 00 00 00 00 00 00
D410H: 00 00 00 00 00 00 00 00 00 00 00 00 00 00 00 00
D420H: 00 00 00 00 00 00 00 00 00 00 00 00 00 00 00 00
D430H: 00 00 00 00 00 00 00 00 00 00 00 00 00 00 00 00
D440H: 00 00 00 00 00 00 00 00 00 00 00 00 00 00 00 00
D450H: 00 00 00 00 00 00 00 00 00 00 00 00 00 00 00 00
D460H: 00 00 00 00 00 00 00 00 00 00 00 00 00 00 00 00
D470H: 00 00 00 00 00 00 00 00 00 00 00 00 00 00 00 00
D480H: 00 00 00 00 00 00 00 00 00 00 00 00 00 00 00 00
D490H: 00 00 00 00 00 00 00 00 00 00 00 00 00 00 00 00
D4A0H: 00 00 00 00 00 00 00 00 00 00 00 00 00 00 00 00
D4B0H: 00 00 00 00 00 00 00 00 00 00 00 00 00 00 00 00
D4C0H: 00 00 00 00 00 00 00 00 00 00 00 00 00 00 00 00
D4D0H: 00 00 00 00 00 00 00 00 00 00 00 00 00 00 00 00
D4E0H: 00 00 00 00 00 00 00 00 00 00 00 00 00 00 00 00
D4F0H: 00 00 00 00 00 00 00 00 00 00 00 00 00 00 00 00
D500H: 00 00 00 00 00 00 00 00 00 00 00 00 00 00 00 00
D510H: 00 00 00 00 00 00 00 00 00 00 00 00 00 00 00 00
D520H: 00 00 00 00 00 00 00 00 00 00 00 00 00 00 00 00
D530H: 00 00 00 00 00 00 00 00 00 00 00 00 00 00 00 00
D540H: 00 00 00 00 00 00 00 00 00 00 00 00 00 00 00 00
D550H: 00 00 00 00 00 00 00 00 00 00 00 00 00 00 00 00
D560H: 00 00 00 00 00 00 00 00 00 00 00 00 00 00 00 00
D570H: 00 00 00 00 00 00 00 00 00 00 00 00 00 00 00 00
D580H: 00 00 00 00 00 00 00 00 00 00 00 00 00 00 00 00
D590H: 00 00 00 00 00 00 00 00 00 00 00 00 00 00 00 00
D5A0H: 00 00 00 00 00 00 00 00 00 00 00 00 00 00 00 00
D5B0H: 00 00 00 00 00 00 00 00 00 00 00 00 00 00 00 00
D5C0H: 00 00 00 00 00 00 00 00 00 00 00 00 00 00 00 00
D5D0H: 00 00 00 00 00 00 00 00 00 00 00 00 00 00 00 00
D5E0H: 00 00 00 00 00 00 00 00 00 00 00 00 00 00 00 00
D5F0H: 00 00 00 00 00 00 00 00 00 00 00 00 00 00 00 00
D600H: 00 00 00 00 00 00 00 00 00 00 00 00 00 00 00 00
D610H: 00 00 00 00 00 00 00 00 00 00 00 00 00 00 00 00
D620H: 00 00 00 00 00 00 00 00 00 00 00 00 00 00 00 00
D630H: 00 00 00 00 00 00 00 00 00 00 00 00 00 00 00 00
D640H: 00 00 00 00 00 00 00 00 00 00 00 00 00 00 00 00
D650H: 00 00 00 00 00 00 00 00 00 00 00 00 00 00 00 00
D660H: 00 00 00 00 00 00 00 00 00 00 00 00 00 00 00 00
D670H: 00 00 00 00 00 00 00 00 00 00 00 00 00 00 00 00
D680H: 00 00 00 00 00 00 00 00 00 00 00 00 00 00 00 00
D690H: 00 00 00 00 00 00 00 00 00 00 00 00 00 00 00 00
D6A0H: 00 00 00 00 00 00 00 00 00 00 00 00 00 00 00 00
D6B0H: 00 00 00 00 00 00 00 00 00 00 00 00 00 00 00 00
D6C0H: 00 00 00 00 00 00 00 00 00 00 00 00 00 00 00 00
D6D0H: 00 00 00 00 00 00 00 00 00 00 00 00 00 00 00 00
D6E0H: 00 00 00 00 00 00 00 00 00 00 00 00 00 00 00 00
D6F0H: 00 00 00 00 00 00 00 00 00 00 00 00 00 00 00 00
D700H: 00 00 00 00 00 00 00 00 00 00 00 00 00 00 00 00
D710H: 00 00 00 00 00 00 00 00 00 00 00 00 00 00 00 00
D720H: 00 00 00 00 00 00 00 00 00 00 00 00 00 00 00 00
D730H: 00 00 00 00 00 00 00 00 00 00 00 00 00 00 00 00
D740H: 00 00 00 00 00 00 00 00 00 00 00 00 00 00 00 00
D750H: 00 00 00 00 00 00 00 00 00 00 00 00 00 00 00 00
D760H: 00 00 00 00 00 00 00 00 00 00 00 00 00 00 00 00
D770H: 00 00 00 00 00 00 00 00 00 00 00 00 00 00 00 00
D780H: 00 00 00 00 00 00 00 00 00 00 00 00 00 00 00 00
D790H: 00 00 00 00 00 00 00 00 00 00 00 00 00 00 00 00
D7A0H: 00 00 00 00 00 00 00 00 00 00 00 00 00 00 00 00
D7B0H: 00 00 00 00 00 00 00 00 00 00 00 00 00 00 00 00
D7C0H: 00 00 00 00 00 00 00 00 00 00 00 00 00 00 00 00
D7D0H: 00 00 00 00 00 00 00 00 00 00 00 00 00 00 00 00
D7E0H: 00 00 00 00 00 00 00 00 00 00 00 00 00 00 00 00
D7F0H: 00 00 00 00 00 00 00 00 00 00 00 00 00 00 00 00
D800H: 00 00 00 00 00 00 00 00 00 00 00 00 00 00 00 00
D810H: 00 00 00 00 00 00 00 00 00 00 00 00 00 00 00 00
D820H: 00 00 00 00 00 00 00 00 00 00 00 00 00 00 00 00
D830H: 00 00 00 00 00 00 00 00 00 00 00 00 00 00 00 00
D840H: 00 00 00 00 00 00 00 00 00 00 00 00 00 00 00 00
D850H: 00 00 00 00 00 00 00 00 00 00 00 00 00 00 00 00
D860H: 00 00 00 00 00 00 00 00 00 00 00 00 00 00 00 00
D870H: 00 00 00 00 00 00 00 00 00 00 00 00 00 00 00 00
D880H: 00 00 00 00 00 00 00 00 00 00 00 00 00 00 00 00
D890H: 00 00 00 00 00 00 00 00 00 00 00 00 00 00 00 00
D8A0H: 00 00 00 00 00 00 00 00 00 00 00 00 00 00 00 00
D8B0H: 00 00 00 00 00 00 00 00 00 00 00 00 00 00 00 00
D8C0H: 00 00 00 00 00 00 00 00 00 00 00 00 00 00 00 00
D8D0H: 00 00 00 00 00 00 00 00 00 00 00 00 00 00 00 00
D8E0H: 00 00 00 00 00 00 00 00 00 00 00 00 00 00 00 00
D8F0H: 00 00 00 00 00 00 00 00 00 00 00 00 00 00 00 00
D900H: 00 00 00 00 00 00 00 00 00 00 00 00 00 00 00 00
D910H: 00 00 00 00 00 00 00 00 00 00 00 00 00 00 00 00
D920H: 00 00 00 00 00 00 00 00 00 00 00 00 00 00 00 00
D930H: 00 00 00 00 00 00 00 00 00 00 00 00 00 00 00 00
D940H: 00 00 00 00 00 00 00 00 00 00 00 00 00 00 00 00
D950H: 00 00 00 00 00 00 00 00 00 00 00 00 00 00 00 00
D960H: 00 00 00 00 00 00 00 00 00 00 00 00 00 00 00 00
D970H: 00 00 00 00 00 00 00 00 00 00 00 00 00 00 00 00
D980H: 00 00 00 00 00 00 00 00 00 00 00 00 00 00 00 00
D990H: 00 00 00 00 00 00 00 00 00 00 00 00 00 00 00 00
D9A0H: 00 00 00 00 00 00 00 00 00 00 00 00 00 00 00 00
D9B0H: 00 00 00 00 00 00 00 00 00 00 00 00 00 00 00 00
D9C0H: 00 00 00 00 00 00 00 00 00 00 00 00 00 00 00 00
D9D0H: 00 00 00 00 00 00 00 00 00 00 00 00 00 00 00 00
D9E0H: 00 00 00 00 00 00 00 00 00 00 00 00 00 00 00 00
D9F0H: 00 00 00 00 00 00 00 00 00 00 00 00 00 00 00 00
DA00H: 00 00 00 00 00 00 00 00 00 00 00 00 00 00 00 00
DA10H: 00 00 00 00 00 00 00 00 00 00 00 00 00 00 00 00
DA20H: 00 00 00 00 00 00 00 00 00 00 00 00 00 00 00 00
DA30H: 00 00 00 00 00 00 00 00 00 00 00 00 00 00 00 00
DA40H: 00 00 00 00 00 00 00 00 00 00 00 00 00 00 00 00
DA50H: 00 00 00 00 00 00 00 00 00 00 00 00 00 00 00 00
DA60H: 00 00 00 00 00 00 00 00 00 00 00 00 00 00 00 00
DA70H: 00 00 00 00 00 00 00 00 00 00 00 00 00 00 00 00
DA80H: 00 00 00 00 00 00 00 00 00 00 00 00 00 00 00 00
DA90H: 00 00 00 00 00 00 00 00 00 00 00 00 00 00 00 00
DAA0H: 00 00 00 00 00 00 00 00 00 00 00 00 00 00 00 00
DAB0H: 00 00 00 00 00 00 00 00 00 00 00 00 00 00 00 00
DAC0H: 00 00 00 00 00 00 00 00 00 00 00 00 00 00 00 00
DAD0H: 00 00 00 00 00 00 00 00 00 00 00 00 00 00 00 00
DAE0H: 00 00 00 00 00 00 00 00 00 00 00 00 00 00 00 00
DAF0H: 00 00 00 00 00 00 00 00 00 00 00 00 00 00 00 00
DB00H: 00 00 00 00 00 00 00 00 00 00 00 00 00 00 00 00
DB10H: 00 00 00 00 00 00 00 00 00 00 00 00 00 00 00 00
DB20H: 00 00 00 00 00 00 00 00 00 00 00 00 00 00 00 00
DB30H: 00 00 00 00 00 00 00 00 00 00 00 00 00 00 00 00
DB40H: 00 00 00 00 00 00 00 00 00 00 00 00 00 00 00 00
DB50H: 00 00 00 00 00 00 00 00 00 00 00 00 00 00 00 00
DB60H: 00 00 00 00 00 00 00 00 00 00 00 00 00 00 00 00
DB70H: 00 00 00 00 00 00 00 00 00 00 00 00 00 00 00 00
DB80H: 00 00 00 00 00 00 00 00 00 00 00 00 00 00 00 00
DB90H: 00 00 00 00 00 00 00 00 00 00 00 00 00 00 00 00
DBA0H: 00 00 00 00 00 00 00 00 00 00 00 00 00 00 00 00
DBB0H: 00 00 00 00 00 00 00 00 00 00 00 00 00 00 00 00
DBC0H: 00 00 00 00 00 00 00 00 00 00 00 00 00 00 00 00
DBD0H: 00 00 00 00 00 00 00 00 00 00 00 00 00 00 00 00
DBE0H: 00 00 00 00 00 00 00 00 00 00 00 00 00 00 00 00
DBF0H: 00 00 00 00 00 00 00 00 00 00 00 00 00 00 00 00
DC00H: 00 00 00 00 00 00 00 00 00 00 00 00 00 00 00 00
DC10H: 00 00 00 00 00 00 00 00 00 00 00 00 00 00 00 00
DC20H: 00 00 00 00 00 00 00 00 00 00 00 00 00 00 00 00
DC30H: 00 00 00 00 00 00 00 00 00 00 00 00 00 00 00 00
DC40H: 00 00 00 00 00 00 00 00 00 00 00 00 00 00 00 00
DC50H: 00 00 00 00 00 00 00 00 00 00 00 00 00 00 00 00
DC60H: 00 00 00 00 00 00 00 00 00 00 00 00 00 00 00 00
DC70H: 00 00 00 00 00 00 00 00 00 00 00 00 00 00 00 00
DC80H: 00 00 00 00 00 00 00 00 00 00 00 00 00 00 00 00
DC90H: 00 00 00 00 00 00 00 00 00 00 00 00 00 00 00 00
DCA0H: 00 00 00 00 00 00 00 00 00 00 00 00 00 00 00 00
DCB0H: 00 00 00 00 00 00 00 00 00 00 00 00 00 00 00 00
DCC0H: 00 00 00 00 00 00 00 00 00 00 00 00 00 00 00 00
DCD0H: 00 00 00 00 00 00 00 00 00 00 00 00 00 00 00 00
DCE0H: 00 00 00 00 00 00 00 00 00 00 00 00 00 00 00 00
DCF0H: 00 00 00 00 00 00 00 00 00 00 00 00 00 00 00 00
DD00H: 00 00 00 00 00 00 00 00 00 00 00 00 00 00 00 00
DD10H: 00 00 00 00 00 00 00 00 00 00 00 00 00 00 00 00
DD20H: 00 00 00 00 00 00 00 00 00 00 00 00 00 00 00 00
DD30H: 00 00 00 00 00 00 00 00 00 00 00 00 00 00 00 00
DD40H: 00 00 00 00 00 00 00 00 00 00 00 00 00 00 00 00
DD50H: 00 00 00 00 00 00 00 00 00 00 00 00 00 00 00 00
DD60H: 00 00 00 00 00 00 00 00 00 00 00 00 00 00 00 00
DD70H: 00 00 00 00 00 00 00 00 00 00 00 00 00 00 00 00
DD80H: 00 00 00 00 00 00 00 00 00 00 00 00 00 00 00 00
DD90H: 00 00 00 00 00 00 00 00 00 00 00 00 00 00 00 00
DDA0H: 00 00 00 00 00 00 00 00 00 00 00 00 00 00 00 00
DDB0H: 00 00 00 00 00 00 00 00 00 00 00 00 00 00 00 00
DDC0H: 00 00 00 00 00 00 00 00 00 00 00 00 00 00 00 00
DDD0H: 00 00 00 00 00 00 00 00 00 00 00 00 00 00 00 00
DDE0H: 00 00 00 00 00 00 00 00 00 00 00 00 00 00 00 00
DDF0H: 00 00 00 00 00 00 00 00 00 00 00 00 00 00 00 00
DE00H: 00 00 00 00 00 00 00 00 00 00 00 00 00 00 00 00
DE10H: 00 00 00 00 00 00 00 00 00 00 00 00 00 00 00 00
DE20H: 00 00 00 00 00 00 00 00 00 00 00 00 00 00 00 00
DE30H: 00 00 00 00 00 00 00 00 00 00 00 00 00 00 00 00
DE40H: 00 00 00 00 00 00 00 00 00 00 00 00 00 00 00 00
DE50H: 00 00 00 00 00 00 00 00 00 00 00 00 00 00 00 00
DE60H: 00 00 00 00 00 00 00 00 00 00 00 00 00 00 00 00
DE70H: 00 00 00 00 00 00 00 00 00 00 00 00 00 00 00 00
DE80H: 00 00 00 00 00 00 00 00 00 00 00 00 00 00 00 00
DE90H: 00 00 00 00 00 00 00 00 00 00 00 00 00 00 00 00
DEA0H: 00 00 00 00 00 00 00 00 00 00 00 00 00 00 00 00
DEB0H: 00 00 00 00 00 00 00 00 00 00 00 00 00 00 00 00
DEC0H: 00 00 00 00 00 00 00 00 00 00 00 00 00 00 00 00
DED0H: 00 00 00 00 00 00 00 00 00 00 00 00 00 00 00 00
DEE0H: 00 00 00 00 00 00 00 00 00 00 00 00 00 00 00 00
DEF0H: 00 00 00 00 00 00 00 00 00 00 00 00 00 00 00 00
DF00H: 00 00 00 00 00 00 00 00 00 00 00 00 00 00 00 00
DF10H: 00 00 00 00 00 00 00 00 00 00 00 00 00 00 00 00
DF20H: 00 00 00 00 00 00 00 00 00 00 00 00 00 00 00 00
DF30H: 00 00 00 00 00 00 00 00 00 00 00 00 00 00 00 00
DF40H: 00 00 00 00 00 00 00 00 00 00 00 00 00 00 00 00
DF50H: 00 00 00 00 00 00 00 00 00 00 00 00 00 00 00 00
DF60H: 00 00 00 00 00 00 00 00 00 00 00 00 00 00 00 00
DF70H: 00 00 00 00 00 00 00 00 00 00 00 00 00 00 00 00
DF80H: 00 00 00 00 00 00 00 00 00 00 00 00 00 00 00 00
DF90H: 00 00 00 00 00 00 00 00 00 00 00 00 00 00 00 00
DFA0H: 00 00 00 00 00 00 00 00 00 00 00 00 00 00 00 00
DFB0H: 00 00 00 00 00 00 00 00 00 00 00 00 00 00 00 00
DFC0H: 00 00 00 00 00 00 00 00 00 00 00 00 00 00 00 00
DFD0H: 00 00 00 00 00 00 00 00 00 00 00 00 00 00 00 00
DFE0H: 00 00 00 00 00 00 00 00 00 00 00 00 00 00 00 00
DFF0H: 00 00 00 00 00 00 00 00 00 00 00 00 00 00 00 00
E000H: 00 00 00 00 00 00 00 00 00 00 00 00 00 00 00 00
E010H: 00 00 00 00 00 00 00 00 00 00 00 00 00 00 00 00
E020H: 00 00 00 00 00 00 00 00 00 00 00 00 00 00 00 00
E030H: 00 00 00 00 00 00 00 00 00 00 00 00 00 00 00 00
E040H: 00 00 00 00 00 00 00 00 00 00 00 00 00 00 00 00
E050H: 00 00 00 00 00 00 00 00 00 00 00 00 00 00 00 00
E060H: 00 00 00 00 00 00 00 00 00 00 00 00 00 00 00 00
E070H: 00 00 00 00 00 00 00 00 00 00 00 00 00 00 00 00
E080H: 00 00 00 00 00 00 00 00 00 00 00 00 00 00 00 00
E090H: 00 00 00 00 00 00 00 00 00 00 00 00 00 00 00 00
E0A0H: 00 00 00 00 00 00 00 00 00 00 00 00 00 00 00 00
E0B0H: 00 00 00 00 00 00 00 00 00 00 00 00 00 00 00 00
E0C0H: 00 00 00 00 00 00 00 00 00 00 00 00 00 00 00 00
E0D0H: 00 00 00 00 00 00 00 00 00 00 00 00 00 00 00 00
E0E0H: 00 00 00 00 00 00 00 00 00 00 00 00 00 00 00 00
E0F0H: 00 00 00 00 00 00 00 00 00 00 00 00 00 00 00 00
E100H: 00 00 00 00 00 00 00 00 00 00 00 00 00 00 00 00
E110H: 00 00 00 00 00 00 00 00 00 00 00 00 00 00 00 00
E120H: 00 00 00 00 00 00 00 00 00 00 00 00 00 00 00 00
E130H: 00 00 00 00 00 00 00 00 00 00 00 00 00 00 00 00
E140H: 00 00 00 00 00 00 00 00 00 00 00 00 00 00 00 00
E150H: 00 00 00 00 00 00 00 00 00 00 00 00 00 00 00 00
E160H: 00 00 00 00 00 00 00 00 00 00 00 00 00 00 00 00
E170H: 00 00 00 00 00 00 00 00 00 00 00 00 00 00 00 00
E180H: 00 00 00 00 00 00 00 00 00 00 00 00 00 00 00 00
E190H: 00 00 00 00 00 00 00 00 00 00 00 00 00 00 00 00
E1A0H: 00 00 00 00 00 00 00 00 00 00 00 00 00 00 00 00
E1B0H: 00 00 00 00 00 00 00 00 00 00 00 00 00 00 00 00
E1C0H: 00 00 00 00 00 00 00 00 00 00 00 00 00 00 00 00
E1D0H: 00 00 00 00 00 00 00 00 00 00 00 00 00 00 00 00
E1E0H: 00 00 00 00 00 00 00 00 00 00 00 00 00 00 00 00
E1F0H: 00 00 00 00 00 00 00 00 00 00 00 00 00 00 00 00
E200H: 00 00 00 00 00 00 00 00 00 00 00 00 00 00 00 00
E210H: 00 00 00 00 00 00 00 00 00 00 00 00 00 00 00 00
E220H: 00 00 00 00 00 00 00 00 00 00 00 00 00 00 00 00
E230H: 00 00 00 00 00 00 00 00 00 00 00 00 00 00 00 00
E240H: 00 00 00 00 00 00 00 00 00 00 00 00 00 00 00 00
E250H: 00 00 00 00 00 00 00 00 00 00 00 00 00 00 00 00
E260H: 00 00 00 00 00 00 00 00 00 00 00 00 00 00 00 00
E270H: 00 00 00 00 00 00 00 00 00 00 00 00 00 00 00 00
E280H: 00 00 00 00 00 00 00 00 00 00 00 00 00 00 00 00
E290H: 00 00 00 00 00 00 00 00 00 00 00 00 00 00 00 00
E2A0H: 00 00 00 00 00 00 00 00 00 00 00 00 00 00 00 00
E2B0H: 00 00 00 00 00 00 00 00 00 00 00 00 00 00 00 00
E2C0H: 00 00 00 00 00 00 00 00 00 00 00 00 00 00 00 00
E2D0H: 00 00 00 00 00 00 00 00 00 00 00 00 00 00 00 00
E2E0H: 00 00 00 00 00 00 00 00 00 00 00 00 00 00 00 00
E2F0H: 00 00 00 00 00 00 00 00 00 00 00 00 00 00 00 00
E300H: 00 00 00 00 00 00 00 00 00 00 00 00 00 00 00 00
E310H: 00 00 00 00 00 00 00 00 00 00 00 00 00 00 00 00
E320H: 00 00 00 00 00 00 00 00 00 00 00 00 00 00 00 00
E330H: 00 00 00 00 00 00 00 00 00 00 00 00 00 00 00 00
E340H: 00 00 00 00 00 00 00 00 00 00 00 00 00 00 00 00
E350H: 00 00 00 00 00 00 00 00 00 00 00 00 00 00 00 00
E360H: 00 00 00 00 00 00 00 00 00 00 00 00 00 00 00 00
E370H: 00 00 00 00 00 00 00 00 00 00 00 00 00 00 00 00
E380H: 00 00 00 00 00 00 00 00 00 00 00 00 00 00 00 00
E390H: 00 00 00 00 00 00 00 00 00 00 00 00 00 00 00 00
E3A0H: 00 00 00 00 00 00 00 00 00 00 00 00 00 00 00 00
E3B0H: 00 00 00 00 00 00 00 00 00 00 00 00 00 00 00 00
E3C0H: 00 00 00 00 00 00 00 00 00 00 00 00 00 00 00 00
E3D0H: 00 00 00 00 00 00 00 00 00 00 00 00 00 00 00 00
E3E0H: 00 00 00 00 00 00 00 00 00 00 00 00 00 00 00 00
E3F0H: 00 00 00 00 00 00 00 00 00 00 00 00 00 00 00 00
E400H: 00 00 00 00 00 00 00 00 00 00 00 00 00 00 00 00
E410H: 00 00 00 00 00 00 00 00 00 00 00 00 00 00 00 00
E420H: 00 00 00 00 00 00 00 00 00 00 00 00 00 00 00 00
E430H: 00 00 00 00 00 00 00 00 00 00 00 00 00 00 00 00
E440H: 00 00 00 00 00 00 00 00 00 00 00 00 00 00 00 00
E450H: 00 00 00 00 00 00 00 00 00 00 00 00 00 00 00 00
E460H: 00 00 00 00 00 00 00 00 00 00 00 00 00 00 00 00
E470H: 00 00 00 00 00 00 00 00 00 00 00 00 00 00 00 00
E480H: 00 00 00 00 00 00 00 00 00 00 00 00 00 00 00 00
E490H: 00 00 00 00 00 00 00 00 00 00 00 00 00 00 00 00
E4A0H: 00 00 00 00 00 00 00 00 00 00 00 00 00 00 00 00
E4B0H: 00 00 00 00 00 00 00 00 00 00 00 00 00 00 00 00
E4C0H: 00 00 00 00 00 00 00 00 00 00 00 00 00 00 00 00
E4D0H: 00 00 00 00 00 00 00 00 00 00 00 00 00 00 00 00
E4E0H: 00 00 00 00 00 00 00 00 00 00 00 00 00 00 00 00
E4F0H: 00 00 00 00 00 00 00 00 00 00 00 00 00 00 00 00
E500H: 00 00 00 00 00 00 00 00 00 00 00 00 00 00 00 00
E510H: 00 00 00 00 00 00 00 00 00 00 00 00 00 00 00 00
E520H: 00 00 00 00 00 00 00 00 00 00 00 00 00 00 00 00
E530H: 00 00 00 00 00 00 00 00 00 00 00 00 00 00 00 00
E540H: 00 00 00 00 00 00 00 00 00 00 00 00 00 00 00 00
E550H: 00 00 00 00 00 00 00 00 00 00 00 00 00 00 00 00
E560H: 00 00 00 00 00 00 00 00 00 00 00 00 00 00 00 00
E570H: 00 00 00 00 00 00 00 00 00 00 00 00 00 00 00 00
E580H: 00 00 00 00 00 00 00 00 00 00 00 00 00 00 00 00
E590H: 00 00 00 00 00 00 00 00 00 00 00 00 00 00 00 00
E5A0H: 00 00 00 00 00 00 00 00 00 00 00 00 00 00 00 00
E5B0H: 00 00 00 00 00 00 00 00 00 00 00 00 00 00 00 00
E5C0H: 00 00 00 00 00 00 00 00 00 00 00 00 00 00 00 00
E5D0H: 00 00 00 00 00 00 00 00 00 00 00 00 00 00 00 00
E5E0H: 00 00 00 00 00 00 00 00 00 00 00 00 00 00 00 00
E5F0H: 00 00 00 00 00 00 00 00 00 00 00 00 00 00 00 00
E600H: 00 00 00 00 00 00 00 00 00 00 00 00 00 00 00 00
E610H: 00 00 00 00 00 00 00 00 00 00 00 00 00 00 00 00
E620H: 00 00 00 00 00 00 00 00 00 00 00 00 00 00 00 00
E630H: 00 00 00 00 00 00 00 00 00 00 00 00 00 00 00 00
E640H: 00 00 00 00 00 00 00 00 00 00 00 00 00 00 00 00
E650H: 00 00 00 00 00 00 00 00 00 00 00 00 00 00 00 00
E660H: 00 00 00 00 00 00 00 00 00 00 00 00 00 00 00 00
E670H: 00 00 00 00 00 00 00 00 00 00 00 00 00 00 00 00
E680H: 00 00 00 00 00 00 00 00 00 00 00 00 00 00 00 00
E690H: 00 00 00 00 00 00 00 00 00 00 00 00 00 00 00 00
E6A0H: 00 00 00 00 00 00 00 00 00 00 00 00 00 00 00 00
E6B0H: 00 00 00 00 00 00 00 00 00 00 00 00 00 00 00 00
E6C0H: 00 00 00 00 00 00 00 00 00 00 00 00 00 00 00 00
E6D0H: 00 00 00 00 00 00 00 00 00 00 00 00 00 00 00 00
E6E0H: 00 00 00 00 00 00 00 00 00 00 00 00 00 00 00 00
E6F0H: 00 00 00 00 00 00 00 00 00 00 00 00 00 00 00 00
E700H: 00 00 00 00 00 00 00 00 00 00 00 00 00 00 00 00
E710H: 00 00 00 00 00 00 00 00 00 00 00 00 00 00 00 00
E720H: 00 00 00 00 00 00 00 00 00 00 00 00 00 00 00 00
E730H: 00 00 00 00 00 00 00 00 00 00 00 00 00 00 00 00
E740H: 00 00 00 00 00 00 00 00 00 00 00 00 00 00 00 00
E750H: 00 00 00 00 00 00 00 00 00 00 00 00 00 00 00 00
E760H: 00 00 00 00 00 00 00 00 00 00 00 00 00 00 00 00
E770H: 00 00 00 00 00 00 00 00 00 00 00 00 00 00 00 00
E780H: 00 00 00 00 00 00 00 00 00 00 00 00 00 00 00 00
E790H: 00 00 00 00 00 00 00 00 00 00 00 00 00 00 00 00
E7A0H: 00 00 00 00 00 00 00 00 00 00 00 00 00 00 00 00
E7B0H: 00 00 00 00 00 00 00 00 00 00 00 00 00 00 00 00
E7C0H: 00 00 00 00 00 00 00 00 00 00 00 00 00 00 00 00
E7D0H: 00 00 00 00 00 00 00 00 00 00 00 00 00 00 00 00
E7E0H: 00 00 00 00 00 00 00 00 00 00 00 00 00 00 00 00
E7F0H: 00 00 00 00 00 00 00 00 00 00 00 00 00 00 00 00
E800H: 00 00 00 00 00 00 00 00 00 00 00 00 00 00 00 00
E810H: 00 00 00 00 00 00 00 00 00 00 00 00 00 00 00 00
E820H: 00 00 00 00 00 00 00 00 00 00 00 00 00 00 00 00
E830H: 00 00 00 00 00 00 00 00 00 00 00 00 00 00 00 00
E840H: 00 00 00 00 00 00 00 00 00 00 00 00 00 00 00 00
E850H: 00 00 00 00 00 00 00 00 00 00 00 00 00 00 00 00
E860H: 00 00 00 00 00 00 00 00 00 00 00 00 00 00 00 00
E870H: 00 00 00 00 00 00 00 00 00 00 00 00 00 00 00 00
E880H: 00 00 00 00 00 00 00 00 00 00 00 00 00 00 00 00
E890H: 00 00 00 00 00 00 00 00 00 00 00 00 00 00 00 00
E8A0H: 00 00 00 00 00 00 00 00 00 00 00 00 00 00 00 00
E8B0H: 00 00 00 00 00 00 00 00 00 00 00 00 00 00 00 00
E8C0H: 00 00 00 00 00 00 00 00 00 00 00 00 00 00 00 00
E8D0H: 00 00 00 00 00 00 00 00 00 00 00 00 00 00 00 00
E8E0H: 00 00 00 00 00 00 00 00 00 00 00 00 00 00 00 00
E8F0H: 00 00 00 00 00 00 00 00 00 00 00 00 00 00 00 00
E900H: 00 00 00 00 00 00 00 00 00 00 00 00 00 00 00 00
E910H: 00 00 00 00 00 00 00 00 00 00 00 00 00 00 00 00
E920H: 00 00 00 00 00 00 00 00 00 00 00 00 00 00 00 00
E930H: 00 00 00 00 00 00 00 00 00 00 00 00 00 00 00 00
E940H: 00 00 00 00 00 00 00 00 00 00 00 00 00 00 00 00
E950H: 00 00 00 00 00 00 00 00 00 00 00 00 00 00 00 00
E960H: 00 00 00 00 00 00 00 00 00 00 00 00 00 00 00 00
E970H: 00 00 00 00 00 00 00 00 00 00 00 00 00 00 00 00
E980H: 00 00 00 00 00 00 00 00 00 00 00 00 00 00 00 00
E990H: 00 00 00 00 00 00 00 00 00 00 00 00 00 00 00 00
E9A0H: 00 00 00 00 00 00 00 00 00 00 00 00 00 00 00 00
E9B0H: 00 00 00 00 00 00 00 00 00 00 00 00 00 00 00 00
E9C0H: 00 00 00 00 00 00 00 00 00 00 00 00 00 00 00 00
E9D0H: 00 00 00 00 00 00 00 00 00 00 00 00 00 00 00 00
E9E0H: 00 00 00 00 00 00 00 00 00 00 00 00 00 00 00 00
E9F0H: 00 00 00 00 00 00 00 00 00 00 00 00 00 00 00 00
EA00H: 00 00 00 00 00 00 00 00 00 00 00 00 00 00 00 00
EA10H: 00 00 00 00 00 00 00 00 00 00 00 00 00 00 00 00
EA20H: 00 00 00 00 00 00 00 00 00 00 00 00 00 00 00 00
EA30H: 00 00 00 00 00 00 00 00 00 00 00 00 00 00 00 00
EA40H: 00 00 00 00 00 00 00 00 00 00 00 00 00 00 00 00
EA50H: 00 00 00 00 00 00 00 00 00 00 00 00 00 00 00 00
EA60H: 00 00 00 00 00 00 00 00 00 00 00 00 00 00 00 00
EA70H: 00 00 00 00 00 00 00 00 00 00 00 00 00 00 00 00
EA80H: 00 00 00 00 00 00 00 00 00 00 00 00 00 00 00 00
EA90H: 00 00 00 00 00 00 00 00 00 00 00 00 00 00 00 00
EAA0H: 00 00 00 00 00 00 00 00 00 00 00 00 00 00 00 00
EAB0H: 00 00 00 00 00 00 00 00 00 00 00 00 00 00 00 00
EAC0H: 00 00 00 00 00 00 00 00 00 00 00 00 00 00 00 00
EAD0H: 00 00 00 00 00 00 00 00 00 00 00 00 00 00 00 00
EAE0H: 00 00 00 00 00 00 00 00 00 00 00 00 00 00 00 00
EAF0H: 00 00 00 00 00 00 00 00 00 00 00 00 00 00 00 00
EB00H: 00 00 00 00 00 00 00 00 00 00 00 00 00 00 00 00
EB10H: 00 00 00 00 00 00 00 00 00 00 00 00 00 00 00 00
EB20H: 00 00 00 00 00 00 00 00 00 00 00 00 00 00 00 00
EB30H: 00 00 00 00 00 00 00 00 00 00 00 00 00 00 00 00
EB40H: 00 00 00 00 00 00 00 00 00 00 00 00 00 00 00 00
EB50H: 00 00 00 00 00 00 00 00 00 00 00 00 00 00 00 00
EB60H: 00 00 00 00 00 00 00 00 00 00 00 00 00 00 00 00
EB70H: 00 00 00 00 00 00 00 00 00 00 00 00 00 00 00 00
EB80H: 00 00 00 00 00 00 00 00 00 00 00 00 00 00 00 00
EB90H: 00 00 00 00 00 00 00 00 00 00 00 00 00 00 00 00
EBA0H: 00 00 00 00 00 00 00 00 00 00 00 00 00 00 00 00
EBB0H: 00 00 00 00 00 00 00 00 00 00 00 00 00 00 00 00
EBC0H: 00 00 00 00 00 00 00 00 00 00 00 00 00 00 00 00
EBD0H: 00 00 00 00 00 00 00 00 00 00 00 00 00 00 00 00
EBE0H: 00 00 00 00 00 00 00 00 00 00 00 00 00 00 00 00
EBF0H: 00 00 00 00 00 00 00 00 00 00 00 00 00 00 00 00
EC00H: 00 00 00 00 00 00 00 00 00 00 00 00 00 00 00 00
EC10H: 00 00 00 00 00 00 00 00 00 00 00 00 00 00 00 00
EC20H: 00 00 00 00 00 00 00 00 00 00 00 00 00 00 00 00
EC30H: 00 00 00 00 00 00 00 00 00 00 00 00 00 00 00 00
EC40H: 00 00 00 00 00 00 00 00 00 00 00 00 00 00 00 00
EC50H: 00 00 00 00 00 00 00 00 00 00 00 00 00 00 00 00
EC60H: 00 00 00 00 00 00 00 00 00 00 00 00 00 00 00 00
EC70H: 00 00 00 00 00 00 00 00 00 00 00 00 00 00 00 00
EC80H: 00 00 00 00 00 00 00 00 00 00 00 00 00 00 00 00
EC90H: 00 00 00 00 00 00 00 00 00 00 00 00 00 00 00 00
ECA0H: 00 00 00 00 00 00 00 00 00 00 00 00 00 00 00 00
ECB0H: 00 00 00 00 00 00 00 00 00 00 00 00 00 00 00 00
ECC0H: 00 00 00 00 00 00 00 00 00 00 00 00 00 00 00 00
ECD0H: 00 00 00 00 00 00 00 00 00 00 00 00 00 00 00 00
ECE0H: 00 00 00 00 00 00 00 00 00 00 00 00 00 00 00 00
ECF0H: 00 00 00 00 00 00 00 00 00 00 00 00 00 00 00 00
ED00H: 00 00 00 00 00 00 00 00 00 00 00 00 00 00 00 00
ED10H: 00 00 00 00 00 00 00 00 00 00 00 00 00 00 00 00
ED20H: 00 00 00 00 00 00 00 00 00 00 00 00 00 00 00 00
ED30H: 00 00 00 00 00 00 00 00 00 00 00 00 00 00 00 00
ED40H: 00 00 00 00 00 00 00 00 00 00 00 00 00 00 00 00
ED50H: 00 00 00 00 00 00 00 00 00 00 00 00 00 00 00 00
ED60H: 00 00 00 00 00 00 00 00 00 00 00 00 00 00 00 00
ED70H: 00 00 00 00 00 00 00 00 00 00 00 00 00 00 00 00
ED80H: 00 00 00 00 00 00 00 00 00 00 00 00 00 00 00 00
ED90H: 00 00 00 00 00 00 00 00 00 00 00 00 00 00 00 00
EDA0H: 00 00 00 00 00 00 00 00 00 00 00 00 00 00 00 00
EDB0H: 00 00 00 00 00 00 00 00 00 00 00 00 00 00 00 00
EDC0H: 00 00 00 00 00 00 00 00 00 00 00 00 00 00 00 00
EDD0H: 00 00 00 00 00 00 00 00 00 00 00 00 00 00 00 00
EDE0H: 00 00 00 00 00 00 00 00 00 00 00 00 00 00 00 00
EDF0H: 00 00 00 00 00 00 00 00 00 00 00 00 00 00 00 00
EE00H: 00 00 00 00 00 00 00 00 00 00 00 00 00 00 00 00
EE10H: 00 00 00 00 00 00 00 00 00 00 00 00 00 00 00 00
EE20H: 00 00 00 00 00 00 00 00 00 00 00 00 00 00 00 00
EE30H: 00 00 00 00 00 00 00 00 00 00 00 00 00 00 00 00
EE40H: 00 00 00 00 00 00 00 00 00 00 00 00 00 00 00 00
EE50H: 00 00 00 00 00 00 00 00 00 00 00 00 00 00 00 00
EE60H: 00 00 00 00 00 00 00 00 00 00 00 00 00 00 00 00
EE70H: 00 00 00 00 00 00 00 00 00 00 00 00 00 00 00 00
EE80H: 00 00 00 00 00 00 00 00 00 00 00 00 00 00 00 00
EE90H: 00 00 00 00 00 00 00 00 00 00 00 00 00 00 00 00
EEA0H: 00 00 00 00 00 00 00 00 00 00 00 00 00 00 00 00
EEB0H: 00 00 00 00 00 00 00 00 00 00 00 00 00 00 00 00
EEC0H: 00 00 00 00 00 00 00 00 00 00 00 00 00 00 00 00
EED0H: 00 00 00 00 00 00 00 00 00 00 00 00 00 00 00 00
EEE0H: 00 00 00 00 00 00 00 00 00 00 00 00 00 00 00 00
EEF0H: 00 00 00 00 00 00 00 00 00 00 00 00 00 00 00 00
EF00H: 00 00 00 00 00 00 00 00 00 00 00 00 00 00 00 00
EF10H: 00 00 00 00 00 00 00 00 00 00 00 00 00 00 00 00
EF20H: 00 00 00 00 00 00 00 00 00 00 00 00 00 00 00 00
EF30H: 00 00 00 00 00 00 00 00 00 00 00 00 00 00 00 00
EF40H: 00 00 00 00 00 00 00 00 00 00 00 00 00 00 00 00
EF50H: 00 00 00 00 00 00 00 00 00 00 00 00 00 00 00 00
EF60H: 00 00 00 00 00 00 00 00 00 00 00 00 00 00 00 00
EF70H: 00 00 00 00 00 00 00 00 00 00 00 00 00 00 00 00
EF80H: 00 00 00 00 00 00 00 00 00 00 00 00 00 00 00 00
EF90H: 00 00 00 00 00 00 00 00 00 00 00 00 00 00 00 00
EFA0H: 00 00 00 00 00 00 00 00 00 00 00 00 00 00 00 00
EFB0H: 00 00 00 00 00 00 00 00 00 00 00 00 00 00 00 00
EFC0H: 00 00 00 00 00 00 00 00 00 00 00 00 00 00 00 00
EFD0H: 00 00 00 00 00 00 00 00 00 00 00 00 00 00 00 00
EFE0H: 00 00 00 00 00 00 00 00 00 00 00 00 00 00 00 00
EFF0H: 00 00 00 00 00 00 00 00 00 00 00 00 00 00 00 00
F000H: 00 00 00 00 00 00 00 00 00 00 00 00 00 00 00 00
F010H: 00 00 00 00 00 00 00 00 00 00 00 00 00 00 00 00
F020H: 00 00 00 00 00 00 00 00 00 00 00 00 00 00 00 00
F030H: 00 00 00 00 00 00 00 00 00 00 00 00 00 00 00 00
F040H: 00 00 00 00 00 00 00 00 00 00 00 00 00 00 00 00
F050H: 00 00 00 00 00 00 00 00 00 00 00 00 00 00 00 00
F060H: 00 00 00 00 00 00 00 00 00 00 00 00 00 00 00 00
F070H: 00 00 00 00 00 00 00 00 00 00 00 00 00 00 00 00
F080H: 00 00 00 00 00 00 00 00 00 00 00 00 00 00 00 00
F090H: 00 00 00 00 00 00 00 00 00 00 00 00 00 00 00 00
F0A0H: 00 00 00 00 00 00 00 00 00 00 00 00 00 00 00 00
F0B0H: 00 00 00 00 00 00 00 00 00 00 00 00 00 00 00 00
F0C0H: 00 00 00 00 00 00 00 00 00 00 00 00 00 00 00 00
F0D0H: 00 00 00 00 00 00 00 00 00 00 00 00 00 00 00 00
F0E0H: 00 00 00 00 00 00 00 00 00 00 00 00 00 00 00 00
F0F0H: 00 00 00 00 00 00 00 00 00 00 00 00 00 00 00 00
F100H: 00 00 00 00 00 00 00 00 00 00 00 00 00 00 00 00
F110H: 00 00 00 00 00 00 00 00 00 00 00 00 00 00 00 00
F120H: 00 00 00 00 00 00 00 00 00 00 00 00 00 00 00 00
F130H: 00 00 00 00 00 00 00 00 00 00 00 00 00 00 00 00
F140H: 00 00 00 00 00 00 00 00 00 00 00 00 00 00 00 00
F150H: 00 00 00 00 00 00 00 00 00 00 00 00 00 00 00 00
F160H: 00 00 00 00 00 00 00 00 00 00 00 00 00 00 00 00
F170H: 00 00 00 00 00 00 00 00 00 00 00 00 00 00 00 00
F180H: 00 00 00 00 00 00 00 00 00 00 00 00 00 00 00 00
F190H: 00 00 00 00 00 00 00 00 00 00 00 00 00 00 00 00
F1A0H: 00 00 00 00 00 00 00 00 00 00 00 00 00 00 00 00
F1B0H: 00 00 00 00 00 00 00 00 00 00 00 00 00 00 00 00
F1C0H: 00 00 00 00 00 00 00 00 00 00 00 00 00 00 00 00
F1D0H: 00 00 00 00 00 00 00 00 00 00 00 00 00 00 00 00
F1E0H: 00 00 00 00 00 00 00 00 00 00 00 00 00 00 00 00
F1F0H: 00 00 00 00 00 00 00 00 00 00 00 00 00 00 00 00
F200H: 00 00 00 00 00 00 00 00 00 00 00 00 00 00 00 00
F210H: 00 00 00 00 00 00 00 00 00 00 00 00 00 00 00 00
F220H: 00 00 00 00 00 00 00 00 00 00 00 00 00 00 00 00
F230H: 00 00 00 00 00 00 00 00 00 00 00 00 00 00 00 00
F240H: 00 00 00 00 00 00 00 00 00 00 00 00 00 00 00 00
F250H: 00 00 00 00 00 00 00 00 00 00 00 00 00 00 00 00
F260H: 00 00 00 00 00 00 00 00 00 00 00 00 00 00 00 00
F270H: 00 00 00 00 00 00 00 00 00 00 00 00 00 00 00 00
F280H: 00 00 00 00 00 00 00 00 00 00 00 00 00 00 00 00
F290H: 00 00 00 00 00 00 00 00 00 00 00 00 00 00 00 00
F2A0H: 00 00 00 00 00 00 00 00 00 00 00 00 00 00 00 00
F2B0H: 00 00 00 00 00 00 00 00 00 00 00 00 00 00 00 00
F2C0H: 00 00 00 00 00 00 00 00 00 00 00 00 00 00 00 00
F2D0H: 00 00 00 00 00 00 00 00 00 00 00 00 00 00 00 00
F2E0H: 00 00 00 00 00 00 00 00 00 00 00 00 00 00 00 00
F2F0H: 00 00 00 00 00 00 00 00 00 00 00 00 00 00 00 00
F300H: 00 00 00 00 00 00 00 00 00 00 00 00 00 00 00 00
F310H: 00 00 00 00 00 00 00 00 00 00 00 00 00 00 00 00
F320H: 00 00 00 00 00 00 00 00 00 00 00 00 00 00 00 00
F330H: 00 00 00 00 00 00 00 00 00 00 00 00 00 00 00 00
F340H: 00 00 00 00 00 00 00 00 00 00 00 00 00 00 00 00
F350H: 00 00 00 00 00 00 00 00 00 00 00 00 00 00 00 00
F360H: 00 00 00 00 00 00 00 00 00 00 00 00 00 00 00 00
F370H: 00 00 00 00 00 00 00 00 00 00 00 00 00 00 00 00
F380H: 00 00 00 00 00 00 00 00 00 00 00 00 00 00 00 00
F390H: 00 00 00 00 00 00 00 00 00 00 00 00 00 00 00 00
F3A0H: 00 00 00 00 00 00 00 00 00 00 00 00 00 00 00 00
F3B0H: 00 00 00 00 00 00 00 00 00 00 00 00 00 00 00 00
F3C0H: 00 00 00 00 00 00 00 00 00 00 00 00 00 00 00 00
F3D0H: 00 00 00 00 00 00 00 00 00 00 00 00 00 00 00 00
F3E0H: 00 00 00 00 00 00 00 00 00 00 00 00 00 00 00 00
F3F0H: 00 00 00 00 00 00 00 00 00 00 00 00 00 00 00 00
F400H: 00 00 00 00 00 00 00 00 00 00 00 00 00 00 00 00
F410H: 00 00 00 00 00 00 00 00 00 00 00 00 00 00 00 00
F420H: 00 00 00 00 00 00 00 00 00 00 00 00 00 00 00 00
F430H: 00 00 00 00 00 00 00 00 00 00 00 00 00 00 00 00
F440H: 00 00 00 00 00 00 00 00 00 00 00 00 00 00 00 00
F450H: 00 00 00 00 00 00 00 00 00 00 00 00 00 00 00 00
F460H: 00 00 00 00 00 00 00 00 00 00 00 00 00 00 00 00
F470H: 00 00 00 00 00 00 00 00 00 00 00 00 00 00 00 00
F480H: 00 00 00 00 00 00 00 00 00 00 00 00 00 00 00 00
F490H: 00 00 00 00 00 00 00 00 00 00 00 00 00 00 00 00
F4A0H: 00 00 00 00 00 00 00 00 00 00 00 00 00 00 00 00
F4B0H: 00 00 00 00 00 00 00 00 00 00 00 00 00 00 00 00
F4C0H: 00 00 00 00 00 00 00 00 00 00 00 00 00 00 00 00
F4D0H: 00 00 00 00 00 00 00 00 00 00 00 00 00 00 00 00
F4E0H: 00 00 00 00 00 00 00 00 00 00 00 00 00 00 00 00
F4F0H: 00 00 00 00 00 00 00 00 00 00 00 00 00 00 00 00
F500H: 00 00 00 00 00 00 00 00 00 00 00 00 00 00 00 00
F510H: 00 00 00 00 00 00 00 00 00 00 00 00 00 00 00 00
F520H: 00 00 00 00 00 00 00 00 00 00 00 00 00 00 00 00
F530H: 00 00 00 00 00 00 00 00 00 00 00 00 00 00 00 00
F540H: 00 00 00 00 00 00 00 00 00 00 00 00 00 00 00 00
F550H: 00 00 00 00 00 00 00 00 00 00 00 00 00 00 00 00
F560H: 00 00 00 00 00 00 00 00 00 00 00 00 00 00 00 00
F570H: 00 00 00 00 00 00 00 00 00 00 00 00 00 00 00 00
F580H: 00 00 00 00 00 00 00 00 00 00 00 00 00 00 00 00
F590H: 00 00 00 00 00 00 00 00 00 00 00 00 00 00 00 00
F5A0H: 00 00 00 00 00 00 00 00 00 00 00 00 00 00 00 00
F5B0H: 00 00 00 00 00 00 00 00 00 00 00 00 00 00 00 00
F5C0H: 00 00 00 00 00 00 00 00 00 00 00 00 00 00 00 00
F5D0H: 00 00 00 00 00 00 00 00 00 00 00 00 00 00 00 00
F5E0H: 00 00 00 00 00 00 00 00 00 00 00 00 00 00 00 00
F5F0H: 00 00 00 00 00 00 00 00 00 00 00 00 00 00 00 00
F600H: 00 00 00 00 00 00 00 00 00 00 00 00 00 00 00 00
F610H: 00 00 00 00 00 00 00 00 00 00 00 00 00 00 00 00
F620H: 00 00 00 00 00 00 00 00 00 00 00 00 00 00 00 00
F630H: 00 00 00 00 00 00 00 00 00 00 00 00 00 00 00 00
F640H: 00 00 00 00 00 00 00 00 00 00 00 00 00 00 00 00
F650H: 00 00 00 00 00 00 00 00 00 00 00 00 00 00 00 00
F660H: 00 00 00 00 00 00 00 00 00 00 00 00 00 00 00 00
F670H: 00 00 00 00 00 00 00 00 00 00 00 00 00 00 00 00
F680H: 00 00 00 00 00 00 00 00 00 00 00 00 00 00 00 00
F690H: 00 00 00 00 00 00 00 00 00 00 00 00 00 00 00 00
F6A0H: 00 00 00 00 00 00 00 00 00 00 00 00 00 00 00 00
F6B0H: 00 00 00 00 00 00 00 00 00 00 00 00 00 00 00 00
F6C0H: 00 00 00 00 00 00 00 00 00 00 00 00 00 00 00 00
F6D0H: 00 00 00 00 00 00 00 00 00 00 00 00 00 00 00 00
F6E0H: 00 00 00 00 00 00 00 00 00 00 00 00 00 00 00 00
F6F0H: 00 00 00 00 00 00 00 00 00 00 00 00 00 00 00 00
F700H: 00 00 00 00 00 00 00 00 00 00 00 00 00 00 00 00
F710H: 00 00 00 00 00 00 00 00 00 00 00 00 00 00 00 00
F720H: 00 00 00 00 00 00 00 00 00 00 00 00 00 00 00 00
F730H: 00 00 00 00 00 00 00 00 00 00 00 00 00 00 00 00
F740H: 00 00 00 00 00 00 00 00 00 00 00 00 00 00 00 00
F750H: 00 00 00 00 00 00 00 00 00 00 00 00 00 00 00 00
F760H: 00 00 00 00 00 00 00 00 00 00 00 00 00 00 00 00
F770H: 00 00 00 00 00 00 00 00 00 00 00 00 00 00 00 00
F780H: 00 00 00 00 00 00 00 00 00 00 00 00 00 00 00 00
F790H: 00 00 00 00 00 00 00 00 00 00 00 00 00 00 00 00
F7A0H: 00 00 00 00 00 00 00 00 00 00 00 00 00 00 00 00
F7B0H: 00 00 00 00 00 00 00 00 00 00 00 00 00 00 00 00
F7C0H: 00 00 00 00 00 00 00 00 00 00 00 00 00 00 00 00
F7D0H: 00 00 00 00 00 00 00 00 00 00 00 00 00 00 00 00
F7E0H: 00 00 00 00 00 00 00 00 00 00 00 00 00 00 00 00
F7F0H: 00 00 00 00 00 00 00 00 00 00 00 00 00 00 00 00
F800H: 00 00 00 00 00 00 00 00 00 00 00 00 00 00 00 00
F810H: 00 00 00 00 00 00 00 00 00 00 00 00 00 00 00 00
F820H: 00 00 00 00 00 00 00 00 00 00 00 00 00 00 00 00
F830H: 00 00 00 00 00 00 00 00 00 00 00 00 00 00 00 00
F840H: 00 00 00 00 00 00 00 00 00 00 00 00 00 00 00 00
F850H: 00 00 00 00 00 00 00 00 00 00 00 00 00 00 00 00
F860H: 00 00 00 00 00 00 00 00 00 00 00 00 00 00 00 00
F870H: 00 00 00 00 00 00 00 00 00 00 00 00 00 00 00 00
F880H: 00 00 00 00 00 00 00 00 00 00 00 00 00 00 00 00
F890H: 00 00 00 00 00 00 00 00 00 00 00 00 00 00 00 00
F8A0H: 00 00 00 00 00 00 00 00 00 00 00 00 00 00 00 00
F8B0H: 00 00 00 00 00 00 00 00 00 00 00 00 00 00 00 00
F8C0H: 00 00 00 00 00 00 00 00 00 00 00 00 00 00 00 00
F8D0H: 00 00 00 00 00 00 00 00 00 00 00 00 00 00 00 00
F8E0H: 00 00 00 00 00 00 00 00 00 00 00 00 00 00 00 00
F8F0H: 00 00 00 00 00 00 00 00 00 00 00 00 00 00 00 00
F900H: 00 00 00 00 00 00 00 00 00 00 00 00 00 00 00 00
F910H: 00 00 00 00 00 00 00 00 00 00 00 00 00 00 00 00
F920H: 00 00 00 00 00 00 00 00 00 00 00 00 00 00 00 00
F930H: 00 00 00 00 00 00 00 00 00 00 00 00 00 00 00 00
F940H: 00 00 00 00 00 00 00 00 00 00 00 00 00 00 00 00
F950H: 00 00 00 00 00 00 00 00 00 00 00 00 00 00 00 00
F960H: 00 00 00 00 00 00 00 00 00 00 00 00 00 00 00 00
F970H: 00 00 00 00 00 00 00 00 00 00 00 00 00 00 00 00
F980H: 00 00 00 00 00 00 00 00 00 00 00 00 00 00 00 00
F990H: 00 00 00 00 00 00 00 00 00 00 00 00 00 00 00 00
F9A0H: 00 00 00 00 00 00 00 00 00 00 00 00 00 00 00 00
F9B0H: 00 00 00 00 00 00 00 00 00 00 00 00 00 00 00 00
F9C0H: 00 00 00 00 00 00 00 00 00 00 00 00 00 00 00 00
F9D0H: 00 00 00 00 00 00 00 00 00 00 00 00 00 00 00 00
F9E0H: 00 00 00 00 00 00 00 00 00 00 00 00 00 00 00 00
F9F0H: 00 00 00 00 00 00 00 00 00 00 00 00 00 00 00 00
FA00H: 00 00 00 00 00 00 00 00 00 00 00 00 00 00 00 00
FA10H: 00 00 00 00 00 00 00 00 00 00 00 00 00 00 00 00
FA20H: 00 00 00 00 00 00 00 00 00 00 00 00 00 00 00 00
FA30H: 00 00 00 00 00 00 00 00 00 00 00 00 00 00 00 00
FA40H: 00 00 00 00 00 00 00 00 00 00 00 00 00 00 00 00
FA50H: 00 00 00 00 00 00 00 00 00 00 00 00 00 00 00 00
FA60H: 00 00 00 00 00 00 00 00 00 00 00 00 00 00 00 00
FA70H: 00 00 00 00 00 00 00 00 00 00 00 00 00 00 00 00
FA80H: 00 00 00 00 00 00 00 00 00 00 00 00 00 00 00 00
FA90H: 00 00 00 00 00 00 00 00 00 00 00 00 00 00 00 00
FAA0H: 00 00 00 00 00 00 00 00 00 00 00 00 00 00 00 00
FAB0H: 00 00 00 00 00 00 00 00 00 00 00 00 00 00 00 00
FAC0H: 00 00 00 00 00 00 00 00 00 00 00 00 00 00 00 00
FAD0H: 00 00 00 00 00 00 00 00 00 00 00 00 00 00 00 00
FAE0H: 00 00 00 00 00 00 00 00 00 00 00 00 00 00 00 00
FAF0H: 00 00 00 00 00 00 00 00 00 00 00 00 00 00 00 00
FB00H: 00 00 00 00 00 00 00 00 00 00 00 00 00 00 00 00
FB10H: 00 00 00 00 00 00 00 00 00 00 00 00 00 00 00 00
FB20H: 00 00 00 00 00 00 00 00 00 00 00 00 00 00 00 00
FB30H: 00 00 00 00 00 00 00 00 00 00 00 00 00 00 00 00
FB40H: 00 00 00 00 00 00 00 00 00 00 00 00 00 00 00 00
FB50H: 00 00 00 00 00 00 00 00 00 00 00 00 00 00 00 00
FB60H: 00 00 00 00 00 00 00 00 00 00 00 00 00 00 00 00
FB70H: 00 00 00 00 00 00 00 00 00 00 00 00 00 00 00 00
FB80H: 00 00 00 00 00 00 00 00 00 00 00 00 00 00 00 00
FB90H: 00 00 00 00 00 00 00 00 00 00 00 00 00 00 00 00
FBA0H: 00 00 00 00 00 00 00 00 00 00 00 00 00 00 00 00
FBB0H: 00 00 00 00 00 00 00 00 00 00 00 00 00 00 00 00
FBC0H: 00 00 00 00 00 00 00 00 00 00 00 00 00 00 00 00
FBD0H: 00 00 00 00 00 00 00 00 00 00 00 00 00 00 00 00
FBE0H: 00 00 00 00 00 00 00 00 00 00 00 00 00 00 00 00
FBF0H: 00 00 00 00 00 00 00 00 00 00 00 00 00 00 00 00
FC00H: 00 00 00 00 00 00 00 00 00 00 00 00 00 00 00 00
FC10H: 00 00 00 00 00 00 00 00 00 00 00 00 00 00 00 00
FC20H: 00 00 00 00 00 00 00 00 00 00 00 00 00 00 00 00
FC30H: 00 00 00 00 00 00 00 00 00 00 00 00 00 00 00 00
FC40H: 00 00 00 00 00 00 00 00 00 00 00 00 00 00 00 00
FC50H: 00 00 00 00 00 00 00 00 00 00 00 00 00 00 00 00
FC60H: 00 00 00 00 00 00 00 00 00 00 00 00 00 00 00 00
FC70H: 00 00 00 00 00 00 00 00 00 00 00 00 00 00 00 00
FC80H: 00 00 00 00 00 00 00 00 00 00 00 00 00 00 00 00
FC90H: 00 00 00 00 00 00 00 00 00 00 00 00 00 00 00 00
FCA0H: 00 00 00 00 00 00 00 00 00 00 00 00 00 00 00 00
FCB0H: 00 00 00 00 00 00 00 00 00 00 00 00 00 00 00 00
FCC0H: 00 00 00 00 00 00 00 00 00 00 00 00 00 00 00 00
FCD0H: 00 00 00 00 00 00 00 00 00 00 00 00 00 00 00 00
FCE0H: 00 00 00 00 00 00 00 00 00 00 00 00 00 00 00 00
FCF0H: 00 00 00 00 00 00 00 00 00 00 00 00 00 00 00 00
FD00H: 00 00 00 00 00 00 00 00 00 00 00 00 00 00 00 00
FD10H: 00 00 00 00 00 00 00 00 00 00 00 00 00 00 00 00
FD20H: 00 00 00 00 00 00 00 00 00 00 00 00 00 00 00 00
FD30H: 00 00 00 00 00 00 00 00 00 00 00 00 00 00 00 00
FD40H: 00 00 00 00 00 00 00 00 00 00 00 00 00 00 00 00
FD50H: 00 00 00 00 00 00 00 00 00 00 00 00 00 00 00 00
FD60H: 00 00 00 00 00 00 00 00 00 00 00 00 00 00 00 00
FD70H: 00 00 00 00 00 00 00 00 00 00 00 00 00 00 00 00
FD80H: 00 00 00 00 00 00 00 00 00 00 00 00 00 00 00 00
FD90H: 00 00 00 00 00 00 00 00 00 00 00 00 00 00 00 00
FDA0H: 00 00 00 00 00 00 00 00 00 00 00 00 00 00 00 00
FDB0H: 00 00 00 00 00 00 00 00 00 00 00 00 00 00 00 00
FDC0H: 00 00 00 00 00 00 00 00 00 00 00 00 00 00 00 00
FDD0H: 00 00 00 00 00 00 00 00 00 00 00 00 00 00 00 00
FDE0H: 00 00 00 00 00 00 00 00 00 00 00 00 00 00 00 00
FDF0H: 00 00 00 00 00 00 00 00 00 00 00 00 00 00 00 00
FE00H: 00 00 00 00 00 00 00 00 00 00 00 00 00 00 00 00
FE10H: 00 00 00 00 00 00 00 00 00 00 00 00 00 00 00 00
FE20H: 00 00 00 00 00 00 00 00 00 00 00 00 00 00 00 00
FE30H: 00 00 00 00 00 00 00 00 00 00 00 00 00 00 00 00
FE40H: 00 00 00 00 00 00 00 00 00 00 00 00 00 00 00 00
FE50H: 00 00 00 00 00 00 00 00 00 00 00 00 00 00 00 00
FE60H: 00 00 00 00 00 00 00 00 00 00 00 00 00 00 00 00
FE70H: 00 00 00 00 00 00 00 00 00 00 00 00 00 00 00 00
FE80H: 00 00 00 00 00 00 00 00 00 00 00 00 00 00 00 00
FE90H: 00 00 00 00 00 00 00 00 00 00 00 00 00 00 00 00
FEA0H: 00 00 00 00 00 00 00 00 00 00 00 00 00 00 00 00
FEB0H: 00 00 00 00 00 00 00 00 00 00 00 00 00 00 00 00
FEC0H: 00 00 00 00 00 00 00 00 00 00 00 00 00 00 00 00
FED0H: 00 00 00 00 00 00 00 00 00 00 00 00 00 00 00 00
FEE0H: 00 00 00 00 00 00 00 00 00 00 00 00 00 00 00 00
FEF0H: 00 00 00 00 00 00 00 00 00 00 00 00 00 00 00 00
FF00H: 00 00 00 00 00 00 00 00 00 00 00 00 00 00 00 00
FF10H: 00 00 00 00 00 00 00 00 00 00 00 00 00 00 00 00
FF20H: 00 00 00 00 00 00 00 00 00 00 00 00 00 00 00 00
FF30H: 00 00 00 00 00 00 00 00 00 00 00 00 00 00 00 00
FF40H: 00 00 00 00 00 00 00 00 00 00 00 00 00 00 00 00
FF50H: 00 00 00 00 00 00 00 00 00 00 00 00 00 00 00 00
FF60H: 00 00 00 00 00 00 00 00 00 00 00 00 00 00 00 00
FF70H: 00 00 00 00 00 00 00 00 00 00 00 00 00 00 00 00
FF80H: 00 00 00 00 00 00 00 00 00 00 00 00 00 00 00 00
FF90H: 00 00 00 00 00 00 00 00 00 00 00 00 00 00 00 00
FFA0H: 00 00 00 00 00 00 00 00 00 00 00 00 00 00 00 00
FFB0H: 00 00 00 00 00 00 00 00 00 00 00 00 00 00 00 00
FFC0H: 00 00 00 00 00 00 00 00 00 00 00 00 00 00 00 00
FFD0H: 00 00 00 00 00 00 00 00 00 00 00 00 00 00 00 00
FFE0H: 00 00 00 00 00 00 00 00 00 00 00 00 00 00 00 00
FFF0H: 00 00 00 00 00 00 00 00 00 00 00 00 00 00 00 00>